match_date,season,home_team,away_team,home_score,away_score,goles_favor,xg_favor,xg_contra,tiros_totales,tiros_a_puerta,posesion_pct,pases_intentados,pases_completados,presiones,recuperaciones,intercepciones,faltas_cometidas,match_id,kick_off,competition,match_status,match_status_360,last_updated,last_updated_360,match_week,competition_stage,stadium,referee,home_managers,away_managers,data_version,shot_fidelity_version,xy_fidelity_version
2004-12-04,2004/2005,Barcelona,Málaga,4,0,4,1.91,0.07,17,9,71.15,656,559,59,62,7,15,68314,20:00:00.000,Spain - La Liga,available,scheduled,2020-07-29T05:00,2021-06-13T16:17:31.694,14,Regular Season,Spotify Camp Nou,José Omar Losantos,Frank Rijkaard,Gregorio Manzano Ballesteros,1.1.0,2,2.0
2004-10-24,2004/2005,Barcelona,Osasuna,3,0,3,1.9,0.33,19,5,59.79,507,391,91,67,4,20,68313,21:00:00.000,Spain - La Liga,available,scheduled,2020-07-29T05:00,2021-06-13T16:17:31.694,8,Regular Season,Spotify Camp Nou,Vicente José Lizondo Cortés,Frank Rijkaard,Javier Aguirre Onaindía,1.1.0,2,2.0
2005-05-01,2004/2005,Barcelona,Albacete,2,0,2,1.07,0.13,22,8,72.01,692,595,94,66,13,13,68316,19:00:00.000,Spain - La Liga,available,scheduled,2020-07-29T05:00,2021-06-13T16:17:31.694,34,Regular Season,Spotify Camp Nou,Carlos Velasco Carballo,Frank Rijkaard,Martín Monteagudo Monteagudo,1.1.0,2,2.0
2004-12-21,2004/2005,Barcelona,Levante UD,2,1,2,1.4,0.85,16,6,63.67,552,449,105,74,6,17,68315,20:00:00.000,Spain - La Liga,available,scheduled,2020-07-29T05:00,2021-06-13T16:17:31.694,17,Regular Season,Spotify Camp Nou,David Fernández Borbalan,Frank Rijkaard,Bernd Schuster,1.1.0,2,2.0
2004-12-11,2004/2005,Albacete,Barcelona,1,2,2,0.69,1.17,10,6,52.48,455,332,86,57,4,20,69153,20:00:00.000,Spain - La Liga,available,scheduled,2020-07-29T05:00,2021-06-13T16:17:31.694,15,Regular Season,Estadio Carlos Belmonte,Alfonso Perez Burrull,José Manuel González López,Frank Rijkaard,1.1.0,2,2.0
2005-04-17,2004/2005,Barcelona,Getafe,2,0,2,1.47,0.23,18,6,60.98,611,517,101,55,9,19,68352,21:00:00.000,Spain - La Liga,available,scheduled,2020-07-29T05:00,2021-06-13T16:17:31.694,32,Regular Season,Spotify Camp Nou,Puentes Leira,Frank Rijkaard,Enrique Sánchez Flores,1.1.0,2,2.0
2004-10-16,2004/2005,Espanyol,Barcelona,0,1,1,1.27,0.86,15,4,60.69,477,354,70,57,3,22,68353,22:00:00.000,Spain - La Liga,available,scheduled,2020-07-29T05:00,2021-06-13T16:17:31.694,7,Regular Season,Estadi Olímpic Lluís Companys,Carlos Megía Dávila,Miguel Ángel Lotina Oruecheberría,Frank Rijkaard,1.1.0,2,2.0
2005-10-26,2005/2006,Barcelona,Málaga,2,0,2,3.27,0.4,36,18,70.19,605,489,92,69,6,6,69164,20:30:00.000,Spain - La Liga,available,scheduled,2022-07-03T12:34:31.749038,2021-06-13T16:17:31.694,11,Regular Season,Spotify Camp Nou,Puentes Leira,Frank Rijkaard,Antonio Tapia Flores,1.1.0,2,2.0
2006-01-22,2005/2006,Barcelona,Deportivo Alavés,2,0,2,4.78,0.43,27,7,63.25,580,474,136,63,15,26,68324,19:00:00.000,Spain - La Liga,available,scheduled,2020-07-29T05:00,2021-06-13T16:17:31.694,20,Regular Season,Spotify Camp Nou,Turienzo,,,1.1.0,2,2.0
2005-12-04,2005/2006,Villarreal,Barcelona,0,2,1,0.37,0.39,11,4,49.03,429,319,209,74,6,26,68320,19:00:00.000,Spain - La Liga,available,scheduled,2020-07-29T05:00,2021-06-13T16:17:31.694,14,Regular Season,Estadio de la Cerámica,César Muñiz,Manuel Luis Pellegrini Ripamonti,Frank Rijkaard,1.1.0,2,2.0
2005-12-20,2005/2006,Barcelona,Celta Vigo,2,0,2,1.23,0.36,14,7,55.23,554,435,140,52,11,24,68323,21:00:00.000,Spain - La Liga,available,scheduled,2020-07-29T05:00,2021-06-13T16:17:31.694,17,Regular Season,Spotify Camp Nou,Miguel Pérez,Frank Rijkaard,Fernando Vázquez Pena,1.1.0,2,2.0
2006-02-18,2005/2006,Barcelona,Real Betis,5,1,3,2.72,1.01,17,7,57.21,480,376,127,57,4,21,69172,22:00:00.000,Spain - La Liga,available,scheduled,2020-07-29T05:00,2021-06-13T16:17:31.694,24,Regular Season,Spotify Camp Nou,Eduardo Iturralde Gonzalez,,,1.1.0,2,2.0
2005-11-06,2005/2006,Getafe,Barcelona,1,3,3,1.58,0.37,10,7,58.26,617,506,118,44,14,10,68339,21:00:00.000,Spain - La Liga,available,scheduled,2020-07-29T05:00,2021-06-13T16:17:31.694,10,Regular Season,Coliseum Alfonso Pérez,Arturo Daudén Ibáñez,Bernd Schuster,Frank Rijkaard,1.1.0,2,2.0
2006-01-07,2005/2006,Espanyol,Barcelona,1,2,2,1.91,0.75,18,6,63.53,493,375,111,54,10,20,68348,22:00:00.000,Spain - La Liga,available,scheduled,2020-07-29T05:00,2021-06-13T16:17:31.694,18,Regular Season,Estadi Olímpic Lluís Companys,Bernardino Gonzalez,Miguel Ángel Lotina Oruecheberría,Frank Rijkaard,1.1.0,2,2.0
2005-11-27,2005/2006,Barcelona,Racing Santander,4,1,4,3.21,0.79,25,7,72.27,662,580,177,83,5,19,68354,21:00:00.000,Spain - La Liga,available,scheduled,2020-07-29T05:00,2021-06-13T16:17:31.694,13,Regular Season,Spotify Camp Nou,Rafael Ramírez Domínguez,Frank Rijkaard,Manuel Preciado Rebolledo,1.1.0,2,2.0
2006-02-25,2005/2006,Real Zaragoza,Barcelona,0,2,2,1.2,0.19,9,2,58.97,575,469,110,71,5,16,68351,22:00:00.000,Spain - La Liga,available,scheduled,2020-07-29T05:00,2021-06-13T16:17:31.694,25,Regular Season,Estadio de la Romareda,Victor José Esquinas Torres,Víctor Muñoz Manrique,Frank Rijkaard,1.1.0,2,2.0
2005-10-01,2005/2006,Barcelona,Real Zaragoza,2,2,2,3.27,1.22,21,7,57.39,505,393,124,61,7,18,68317,20:00:00.000,Spain - La Liga,available,scheduled,2020-07-29T05:00,2021-06-13T16:17:31.694,6,Regular Season,Spotify Camp Nou,Carlos Megía Dávila,Frank Rijkaard,Víctor Muñoz Manrique,1.1.0,2,2.0
2006-02-05,2005/2006,Barcelona,Atlético Madrid,1,3,1,1.43,1.81,15,6,61.41,522,390,134,66,5,19,68350,19:00:00.000,Spain - La Liga,available,scheduled,2020-07-29T05:00,2021-06-13T16:17:31.694,22,Regular Season,Spotify Camp Nou,Vicente José Lizondo Cortés,,,1.1.0,2,2.0
2006-01-29,2005/2006,Mallorca,Barcelona,0,3,3,2.01,0.22,12,5,58.12,551,440,89,61,5,13,68325,19:00:00.000,Spain - La Liga,available,scheduled,2020-07-29T05:00,2021-06-13T16:17:31.694,21,Regular Season,Estadi Mallorca Son Moix,Carlos Megía Dávila,Héctor Raúl Cúper,Frank Rijkaard,1.1.0,2,2.0
2005-12-11,2005/2006,Barcelona,Sevilla,2,1,2,2.3,1.36,17,3,61.38,615,509,263,70,6,27,68321,21:00:00.000,Spain - La Liga,available,scheduled,2020-07-29T05:00,2021-06-13T16:17:31.694,15,Regular Season,Spotify Camp Nou,Julian Rodriguez Santiago,Frank Rijkaard,Juan de la Cruz Ramos Cano,1.1.0,2,2.0
2005-11-19,2005/2006,Real Madrid,Barcelona,0,3,3,1.98,0.39,21,7,49.79,464,355,184,73,11,21,68319,20:00:00.000,Spain - La Liga,available,scheduled,2020-07-29T05:00,2021-06-13T16:17:31.694,12,Regular Season,Estadio Santiago Bernabéu,Eduardo Iturralde Gonzalez,Vanderlei Luxemburgo da Silva,Frank Rijkaard,1.1.0,2,2.0
2006-01-15,2005/2006,Barcelona,Athletic Club,2,1,2,2.01,0.96,17,8,71.07,602,486,97,59,4,18,68342,19:00:00.000,Spain - La Liga,available,scheduled,2021-11-28T23:00:27.747396,2021-06-13T16:17:31.694,19,Regular Season,Spotify Camp Nou,Fernando Teixeira,Frank Rijkaard,Javier Clemente Lazaro,1.1.0,2,2.0
2005-12-17,2005/2006,Cádiz,Barcelona,1,3,3,3.08,1.34,21,9,53.49,460,322,86,77,7,25,68322,22:00:00.000,Spain - La Liga,available,scheduled,2020-07-29T05:00,2021-06-13T16:17:31.694,16,Regular Season,Estadio Nuevo Mirandilla,Miguel Ayza,Víctor Rodolfo Espárrago Videla,Frank Rijkaard,1.1.0,2,2.0
2005-10-22,2005/2006,Barcelona,Osasuna,3,0,3,2.78,0.62,25,10,67.3,640,551,115,50,9,17,68318,22:00:00.000,Spain - La Liga,available,scheduled,2020-07-29T05:00,2021-06-13T16:17:31.694,8,Regular Season,Spotify Camp Nou,César Muñiz,Frank Rijkaard,Javier Aguirre Onaindía,1.1.0,2,2.0
2007-05-20,2006/2007,Atlético Madrid,Barcelona,0,6,6,3.14,0.55,19,9,61.53,587,506,111,58,6,11,69176,21:00:00.000,Spain - La Liga,available,scheduled,2020-07-29T05:00,2021-06-13T16:17:31.694,35,Regular Season,Estadio Vicente Calderón,César Muñiz,Javier Aguirre Onaindía,Frank Rijkaard,1.1.0,2,2.0
2007-04-07,2006/2007,Real Zaragoza,Barcelona,1,0,0,0.94,1.03,8,4,56.33,587,470,243,58,11,25,69179,20:00:00.000,Spain - La Liga,available,scheduled,2020-07-29T05:00,2021-06-13T16:17:31.694,29,Regular Season,Estadio de la Romareda,Luis Medina Cantalejo,Victor Fernández Braulio,Frank Rijkaard,1.1.0,2,2.0
2007-03-03,2006/2007,Sevilla,Barcelona,2,1,1,1.08,1.83,9,5,60.47,586,509,120,42,8,20,68334,22:00:00.000,Spain - La Liga,available,scheduled,2020-07-29T05:00,2021-06-13T16:17:31.694,25,Regular Season,Estadio Ramón Sánchez Pizjuán,Bernardino Gonzalez,Juan de la Cruz Ramos Cano,Frank Rijkaard,1.1.0,2,2.0
2007-02-25,2006/2007,Barcelona,Athletic Club,3,0,2,1.42,0.3,15,7,70.45,739,637,120,55,13,14,68333,21:00:00.000,Spain - La Liga,available,scheduled,2020-07-29T05:00,2021-06-13T16:17:31.694,24,Regular Season,Spotify Camp Nou,Vicente José Lizondo Cortés,,,1.1.0,2,2.0
2007-06-17,2006/2007,Gimnàstic Tarragona,Barcelona,1,5,5,3.5,0.84,23,11,68.78,674,598,78,43,2,8,68336,21:00:00.000,Spain - La Liga,available,scheduled,2020-07-29T05:00,2021-06-13T16:17:31.694,38,Regular Season,Nou Estadi Costa Daurada,Alberto Undiano Mallenco,Francisco Flores Lajusticia,Frank Rijkaard,1.1.0,2,2.0
2006-08-28,2006/2007,Celta Vigo,Barcelona,2,3,3,0.9,1.07,11,6,64.88,667,571,107,60,3,16,68326,21:00:00.000,Spain - La Liga,available,scheduled,2020-07-29T05:00,2021-06-13T16:17:31.694,1,Regular Season,Abanca-Balaídos,Miguel Pérez,Fernando Vázquez Pena,Frank Rijkaard,1.1.0,2,2.0
2007-05-13,2006/2007,Barcelona,Real Betis,1,1,1,2.34,0.48,18,3,61.86,553,465,107,63,9,21,69162,19:00:00.000,Spain - La Liga,available,scheduled,2020-07-29T05:00,2021-06-13T16:17:31.694,34,Regular Season,Spotify Camp Nou,Eduardo Iturralde Gonzalez,,,1.1.0,2,2.0
2007-03-10,2006/2007,Barcelona,Real Madrid,3,3,3,2.51,1.86,19,9,59.15,585,492,138,56,15,22,68335,22:00:00.000,Spain - La Liga,available,scheduled,2020-07-29T05:00,2021-06-13T16:17:31.694,26,Regular Season,Spotify Camp Nou,Alberto Undiano Mallenco,Frank Rijkaard,Fabio Capello,1.1.0,2,2.0
2007-02-18,2006/2007,Valencia,Barcelona,2,1,1,0.81,1.38,13,3,69.77,741,647,133,59,6,11,68332,19:00:00.000,Spain - La Liga,available,scheduled,2020-07-29T05:00,2021-06-13T16:17:31.694,23,Regular Season,Estadio de Mestalla,Eduardo Iturralde Gonzalez,Enrique Sánchez Flores,Frank Rijkaard,1.1.0,2,2.0
2006-10-22,2006/2007,Real Madrid,Barcelona,2,0,0,1.18,1.32,14,3,64.82,562,475,102,55,7,11,68330,21:00:00.000,Spain - La Liga,available,scheduled,2020-07-29T05:00,2021-06-13T16:17:31.694,7,Regular Season,Estadio Santiago Bernabéu,Alfonso Perez Burrull,Fabio Capello,Frank Rijkaard,1.1.0,2,2.0
2006-10-15,2006/2007,Barcelona,Sevilla,3,1,3,1.45,0.56,11,5,55.63,578,488,197,50,14,18,68329,19:00:00.000,Spain - La Liga,available,scheduled,2020-07-29T05:00,2021-06-13T16:17:31.694,6,Regular Season,Spotify Camp Nou,César Muñiz,Frank Rijkaard,Juan de la Cruz Ramos Cano,1.1.0,2,2.0
2007-03-17,2006/2007,Recreativo Huelva,Barcelona,0,4,4,0.98,0.79,11,6,70.78,877,789,97,54,3,10,68341,20:00:00.000,Spain - La Liga,available,scheduled,2022-11-24T21:22:50.350065,2021-06-13T16:17:31.694,27,Regular Season,Estadio Nuevo Colombino,Turienzo,Marcelino García Toral,Frank Rijkaard,1.1.0,2,2.0
2007-06-09,2006/2007,Barcelona,Espanyol,2,2,2,2.5,1.13,26,6,71.0,634,539,113,66,7,24,69165,21:00:00.000,Spain - La Liga,available,scheduled,2020-07-29T05:00,2021-06-13T16:17:31.694,37,Regular Season,Spotify Camp Nou,Julian Rodriguez Santiago,Frank Rijkaard,Ernesto Valverde Tejedor,1.1.0,2,2.0
2007-04-22,2006/2007,Villarreal,Barcelona,2,0,0,1.41,0.6,16,6,58.83,573,480,159,64,16,15,69155,21:00:00.000,Spain - La Liga,available,scheduled,2022-11-15T17:14:12.987983,2021-06-13T16:17:31.694,31,Regular Season,Estadio de la Cerámica,Alfonso Perez Burrull,Manuel Luis Pellegrini Ripamonti,Frank Rijkaard,1.1.0,2,2.0
2007-02-11,2006/2007,Barcelona,Racing Santander,2,0,2,2.46,0.91,16,7,67.0,607,527,94,51,3,17,69154,19:00:00.000,Spain - La Liga,available,scheduled,2020-07-29T05:00,2021-06-13T16:17:31.694,22,Regular Season,Spotify Camp Nou,Manuel Enrique Mejuto Gonzalez,Frank Rijkaard,Miguel Ángel Portugal Vicario,1.1.0,2,2.0
2007-04-29,2006/2007,Barcelona,Levante UD,1,0,1,2.34,0.66,15,7,68.69,610,497,73,54,7,18,69156,19:00:00.000,Spain - La Liga,available,scheduled,2022-11-15T17:15:04.774759,2021-06-13T16:17:31.694,32,Regular Season,Spotify Camp Nou,Carlos Clos Gómez,Frank Rijkaard,Abel Resino Gómez,1.1.0,2,2.0
2007-04-15,2006/2007,Barcelona,Mallorca,1,0,0,1.91,0.86,24,4,67.81,672,570,99,72,7,18,69159,19:00:00.000,Spain - La Liga,available,scheduled,2020-07-29T05:00,2021-06-13T16:17:31.694,30,Regular Season,Spotify Camp Nou,Rafael Ramírez Domínguez,Frank Rijkaard,Gregorio Manzano Ballesteros,1.1.0,2,2.0
2007-03-31,2006/2007,Barcelona,RC Deportivo La Coruña,2,1,2,1.86,0.68,19,6,66.01,602,508,191,62,6,21,69175,22:00:00.000,Spain - La Liga,available,scheduled,2020-07-29T05:00,2021-06-13T16:17:31.694,28,Regular Season,Spotify Camp Nou,Miguel Ayza,Frank Rijkaard,Joaquín de Jesús Caparrós Camino,1.1.0,2,2.0
2007-05-05,2006/2007,Real Sociedad,Barcelona,0,2,2,2.03,0.35,13,6,58.04,527,418,137,53,3,14,69160,20:00:00.000,Spain - La Liga,available,scheduled,2020-07-29T05:00,2021-06-13T16:17:31.694,33,Regular Season,Reale Arena,Fernando Teixeira,Miguel Ángel Lotina Oruecheberría,Frank Rijkaard,1.1.0,2,2.0
2006-11-12,2006/2007,Barcelona,Real Zaragoza,3,1,3,1.31,1.02,13,5,64.47,577,493,133,58,9,27,68331,21:00:00.000,Spain - La Liga,available,scheduled,2020-07-29T05:00,2021-06-13T16:17:31.694,10,Regular Season,Spotify Camp Nou,Eduardo Iturralde Gonzalez,Frank Rijkaard,Victor Fernández Braulio,1.1.0,2,2.0
2006-09-24,2006/2007,Barcelona,Valencia,1,1,1,1.24,0.34,23,6,67.72,726,623,82,55,2,12,68328,21:00:00.000,Spain - La Liga,available,scheduled,2020-07-29T05:00,2021-06-13T16:17:31.694,4,Regular Season,Spotify Camp Nou,Arturo Daudén Ibáñez,Frank Rijkaard,Enrique Sánchez Flores,1.1.0,2,2.0
2006-09-17,2006/2007,Racing Santander,Barcelona,0,3,3,2.2,0.46,17,8,71.24,659,587,84,40,8,17,68340,20:00:00.000,Spain - La Liga,available,scheduled,2023-03-26T23:19:39.125951,2021-06-13T16:17:31.694,3,Regular Season,Campos de Sport de El Sardinero,Carlos Velasco Carballo,Miguel Ángel Portugal Vicario,Frank Rijkaard,1.1.0,2,2.0
2006-11-04,2006/2007,RC Deportivo La Coruña,Barcelona,1,1,1,1.24,2.01,11,1,59.28,527,433,140,63,4,31,69174,22:00:00.000,Spain - La Liga,available,scheduled,2020-07-29T05:00,2021-06-13T16:17:31.694,9,Regular Season,Estadio Abanca-Riazor,Luis Medina Cantalejo,Joaquín de Jesús Caparrós Camino,Frank Rijkaard,1.1.0,2,2.0
2006-09-30,2006/2007,Athletic Club,Barcelona,1,3,3,2.16,0.39,18,5,70.6,682,600,115,39,4,9,68347,22:00:00.000,Spain - La Liga,available,scheduled,2020-07-29T05:00,2021-06-13T16:17:31.694,5,Regular Season,Estadio San Mamés,David Fernández Borbalan,Félix Ángel Sarriugarte Montoya,Frank Rijkaard,1.1.0,2,2.0
2006-09-09,2006/2007,Barcelona,Osasuna,3,0,3,2.6,0.41,16,6,63.13,685,589,131,55,10,10,68327,20:00:00.000,Spain - La Liga,available,scheduled,2020-07-29T05:00,2021-06-13T16:17:31.694,2,Regular Season,Spotify Camp Nou,Julian Rodriguez Santiago,Frank Rijkaard,José Ángel Ziganda Lacunza,1.1.0,2,2.0
2007-05-26,2006/2007,Barcelona,Getafe,1,0,1,1.73,0.72,12,4,47.83,374,293,231,55,8,15,69157,22:00:00.000,Spain - La Liga,available,scheduled,2020-07-29T05:00,2021-06-13T16:17:31.694,36,Regular Season,Spotify Camp Nou,Alfonso Perez Burrull,Frank Rijkaard,Bernd Schuster,1.1.0,2,2.0
2007-09-29,2007/2008,Levante UD,Barcelona,1,4,4,2.11,1.06,12,8,61.85,595,517,152,48,20,13,69151,22:00:00.000,Spain - La Liga,available,scheduled,2021-10-26T13:06:13.517786,2021-06-13T16:17:31.694,6,Regular Season,Estadio Ciudad de Valencia,Carlos Clos Gómez,Abel Resino Gómez,Frank Rijkaard,1.1.0,2,2.0
2007-10-07,2007/2008,Barcelona,Atlético Madrid,3,0,3,2.48,0.2,16,10,58.43,603,513,129,55,8,13,69144,17:00:00.000,Spain - La Liga,available,scheduled,2021-10-26T13:13:56.180589,2021-06-13T16:17:31.694,7,Regular Season,Spotify Camp Nou,Eduardo Iturralde Gonzalez,Frank Rijkaard,Javier Aguirre Onaindía,1.1.0,2,2.0
2007-09-02,2007/2008,Barcelona,Athletic Club,3,1,3,1.8,0.58,16,6,68.13,714,647,130,44,7,21,69169,19:00:00.000,Spain - La Liga,available,scheduled,2020-07-29T05:00,2021-06-13T16:17:31.694,2,Regular Season,Spotify Camp Nou,Carlos Megía Dávila,Frank Rijkaard,Joaquín de Jesús Caparrós Camino,1.1.0,2,2.0
2008-02-24,2007/2008,Barcelona,Levante UD,5,1,5,2.67,1.16,18,8,74.45,813,722,102,50,7,11,68360,19:00:00.000,Spain - La Liga,available,scheduled,2023-04-19T10:39:13.739317,2021-06-13T16:17:31.694,25,Regular Season,Spotify Camp Nou,Carlos Velasco Carballo,Frank Rijkaard,Giovanni De Biasi,1.1.0,2,2.0
2008-05-17,2007/2008,Real Murcia CF,Barcelona,3,5,5,3.49,2.08,16,9,62.46,624,543,115,56,4,12,69186,22:00:00.000,Spain - La Liga,available,scheduled,2023-04-19T10:42:35.284291,2021-06-13T16:17:31.694,38,Regular Season,	Estadio Enrique Roca de Murcia,Rafael Ramírez Domínguez,Javier Clemente Lazaro,Frank Rijkaard,1.1.0,2,2.0
2007-08-26,2007/2008,Racing Santander,Barcelona,0,0,0,0.74,0.85,14,2,73.45,758,657,90,48,5,14,69180,19:00:00.000,Spain - La Liga,available,scheduled,2020-07-29T05:00,2021-06-13T16:17:31.694,1,Regular Season,Campos de Sport de El Sardinero,César Muñiz,Marcelino García Toral,Frank Rijkaard,1.1.0,2,2.0
2007-09-26,2007/2008,Barcelona,Real Zaragoza,4,1,4,3.61,0.38,24,12,67.23,712,614,137,64,15,7,69143,22:00:00.000,Spain - La Liga,available,scheduled,2020-07-29T05:00,2021-06-13T16:17:31.694,5,Regular Season,Spotify Camp Nou,Carlos Velasco Carballo,Frank Rijkaard,Victor Fernández Braulio,1.1.0,2,2.0
2008-01-27,2007/2008,Athletic Club,Barcelona,1,1,1,0.46,1.08,8,2,57.45,586,485,126,67,4,14,69181,19:00:00.000,Spain - La Liga,available,scheduled,2020-07-29T05:00,2021-06-13T16:17:31.694,21,Regular Season,Estadio San Mamés,Alberto Undiano Mallenco,Joaquín de Jesús Caparrós Camino,Frank Rijkaard,1.1.0,2,2.0
2008-03-01,2007/2008,Atlético Madrid,Barcelona,4,2,2,1.01,1.4,17,4,65.01,600,496,117,59,13,18,68365,20:00:00.000,Spain - La Liga,available,scheduled,2020-07-29T05:00,2021-06-13T16:17:31.694,26,Regular Season,Estadio Vicente Calderón,David Fernández Borbalan,Javier Aguirre Onaindía,Frank Rijkaard,1.1.0,2,2.0
2007-11-10,2007/2008,Getafe,Barcelona,2,0,0,0.59,1.13,10,2,62.3,547,454,129,52,10,13,69178,20:00:00.000,Spain - La Liga,available,scheduled,2020-07-29T05:00,2021-06-13T16:17:31.694,12,Regular Season,Coliseum Alfonso Pérez,Arturo Daudén Ibáñez,Michael Laudrup,Frank Rijkaard,1.1.0,2,2.0
2007-10-20,2007/2008,Villarreal,Barcelona,3,1,1,1.47,2.01,13,6,54.81,547,458,269,58,18,29,68364,20:00:00.000,Spain - La Liga,available,scheduled,2020-07-29T05:00,2021-06-13T16:17:31.694,8,Regular Season,Estadio de la Cerámica,Manuel Enrique Mejuto Gonzalez,Manuel Luis Pellegrini Ripamonti,Frank Rijkaard,1.1.0,2,2.0
2007-12-09,2007/2008,Barcelona,RC Deportivo La Coruña,2,1,2,2.76,0.7,19,10,66.16,700,602,111,66,9,21,69170,21:00:00.000,Spain - La Liga,available,scheduled,2023-04-19T10:40:50.146810,2021-06-13T16:17:31.694,15,Regular Season,Spotify Camp Nou,David Fernández Borbalan,Frank Rijkaard,Miguel Ángel Lotina Oruecheberría,1.1.0,2,2.0
2008-04-19,2007/2008,Barcelona,Espanyol,0,0,0,1.18,0.25,19,6,68.48,641,552,76,66,9,16,68359,20:00:00.000,Spain - La Liga,available,scheduled,2020-07-29T05:00,2021-06-13T16:17:31.694,33,Regular Season,Spotify Camp Nou,Miguel Pérez,Frank Rijkaard,Ernesto Valverde Tejedor,1.1.0,2,2.0
2007-12-01,2007/2008,Espanyol,Barcelona,1,1,1,1.76,0.59,16,7,57.03,491,382,117,62,13,18,68356,22:00:00.000,Spain - La Liga,available,scheduled,2020-07-29T05:00,2021-06-13T16:17:31.694,14,Regular Season,Estadi Olímpic Lluís Companys,Alfonso Perez Burrull,Ernesto Valverde Tejedor,Frank Rijkaard,1.1.0,2,2.0
2007-10-28,2007/2008,Barcelona,Almería,2,0,2,2.57,0.37,18,8,60.62,568,468,115,67,6,17,69158,19:00:00.000,Spain - La Liga,available,scheduled,2020-07-29T05:00,2021-06-13T16:17:31.694,9,Regular Season,Spotify Camp Nou,Miguel Ayza,Frank Rijkaard,Unai Emery Etxegoien,1.1.0,2,2.0
2008-02-03,2007/2008,Barcelona,Osasuna,1,0,1,1.2,0.5,17,6,66.79,563,462,121,66,8,21,69187,19:00:00.000,Spain - La Liga,available,scheduled,2020-07-29T05:00,2021-06-13T16:17:31.694,22,Regular Season,Spotify Camp Nou,Turienzo,Frank Rijkaard,José Ángel Ziganda Lacunza,1.1.0,2,2.0
2007-11-01,2007/2008,Real Valladolid,Barcelona,1,1,1,0.74,1.69,12,2,59.22,591,482,166,51,7,12,68363,22:00:00.000,Spain - La Liga,available,scheduled,2020-07-29T05:00,2021-06-13T16:17:31.694,10,Regular Season,Estadio Municipal José Zorrilla,Carlos Velasco Carballo,José Luis Mendilibar Etxebarria,Frank Rijkaard,1.1.0,2,2.0
2007-11-04,2007/2008,Barcelona,Real Betis,3,0,3,1.64,0.14,20,7,65.11,640,550,99,51,7,7,69166,19:00:00.000,Spain - La Liga,available,scheduled,2023-04-19T10:39:58.900299,2021-06-13T16:17:31.694,11,Regular Season,Spotify Camp Nou,Fernando Teixeira,Frank Rijkaard,Héctor Raúl Cúper,1.1.0,2,2.0
2008-05-11,2007/2008,Barcelona,Mallorca,2,3,2,1.29,0.81,12,4,54.55,528,441,162,39,7,19,68366,21:00:00.000,Spain - La Liga,available,scheduled,2020-07-29T05:00,2021-06-13T16:17:31.694,37,Regular Season,Spotify Camp Nou,Antonio Rubinos Perez,Frank Rijkaard,Gregorio Manzano Ballesteros,1.1.0,2,2.0
2007-09-22,2007/2008,Barcelona,Sevilla,2,1,2,1.42,0.73,13,5,59.85,547,449,123,56,8,24,69148,22:00:00.000,Spain - La Liga,available,scheduled,2020-07-29T05:00,2021-06-13T16:17:31.694,4,Regular Season,Spotify Camp Nou,Alberto Undiano Mallenco,Frank Rijkaard,Juan de la Cruz Ramos Cano,1.1.0,2,2.0
2007-11-24,2007/2008,Barcelona,Recreativo Huelva,3,0,3,2.68,0.28,19,7,71.93,679,592,127,67,15,16,69184,20:00:00.000,Spain - La Liga,available,scheduled,2023-04-19T10:41:44.229549,2021-06-13T16:17:31.694,13,Regular Season,Spotify Camp Nou,Antonio Rubinos Perez,Frank Rijkaard,Víctor Muñoz Manrique,1.1.0,2,2.0
2008-01-20,2007/2008,Barcelona,Racing Santander,1,0,1,1.42,0.35,12,2,63.48,631,526,131,65,8,10,69173,21:00:00.000,Spain - La Liga,available,scheduled,2020-07-29T05:00,2021-06-13T16:17:31.694,20,Regular Season,Spotify Camp Nou,Luis Medina Cantalejo,Frank Rijkaard,Marcelino García Toral,1.1.0,2,2.0
2008-02-09,2007/2008,Sevilla,Barcelona,1,1,1,0.78,1.5,15,6,58.49,534,450,153,57,8,14,69146,22:00:00.000,Spain - La Liga,available,scheduled,2020-07-29T05:00,2021-06-13T16:17:31.694,23,Regular Season,Estadio Ramón Sánchez Pizjuán,Fernando Teixeira,Manuel Enrique Jiménez Jiménez,Frank Rijkaard,1.1.0,2,2.0
2008-02-16,2007/2008,Real Zaragoza,Barcelona,1,2,2,1.7,1.78,11,5,59.26,547,456,138,54,10,22,69182,22:00:00.000,Spain - La Liga,available,scheduled,2020-07-29T05:00,2021-06-13T16:17:31.694,24,Regular Season,Estadio de la Romareda,Bernardino Gonzalez,Javier Iruretagoyena Amiano,Frank Rijkaard,1.1.0,2,2.0
2008-04-12,2007/2008,Recreativo Huelva,Barcelona,2,2,2,0.98,1.5,11,3,56.56,526,418,103,57,11,16,68358,22:00:00.000,Spain - La Liga,available,scheduled,2023-04-19T10:38:27.207180,2021-06-13T16:17:31.694,32,Regular Season,Estadio Nuevo Colombino,Carlos Clos Gómez,Manuel Zambrano Díaz,Frank Rijkaard,1.1.0,2,2.0
2008-05-07,2007/2008,Real Madrid,Barcelona,4,1,1,0.99,2.46,15,5,45.93,440,365,116,46,8,24,68361,22:00:00.000,Spain - La Liga,available,scheduled,2020-07-29T05:00,2021-06-13T16:17:31.694,36,Regular Season,Estadio Santiago Bernabéu,Alfonso Perez Burrull,Bernd Schuster,Frank Rijkaard,1.1.0,2,2.0
2008-05-04,2007/2008,Barcelona,Valencia,6,0,6,3.12,0.32,17,12,58.88,670,582,116,39,8,20,69141,19:00:00.000,Spain - La Liga,available,scheduled,2020-07-29T05:00,2021-06-13T16:17:31.694,35,Regular Season,Spotify Camp Nou,Alberto Undiano Mallenco,Frank Rijkaard,Salvador González Marco,1.1.0,2,2.0
2007-12-15,2007/2008,Valencia,Barcelona,0,3,3,2.31,0.36,15,9,63.75,691,600,111,48,11,17,69145,22:00:00.000,Spain - La Liga,available,scheduled,2020-07-29T05:00,2021-06-13T16:17:31.694,16,Regular Season,Estadio de Mestalla,Eduardo Iturralde Gonzalez,Ronald Koeman,Frank Rijkaard,1.1.0,2,2.0
2008-12-13,2008/2009,Barcelona,Real Madrid,2,0,2,2.67,0.47,21,9,65.36,585,478,157,61,10,17,69225,22:00:00.000,Spain - La Liga,available,scheduled,2020-07-29T05:00,2021-06-13T16:17:31.694,15,Regular Season,Spotify Camp Nou,Luis Medina Cantalejo,Josep Guardiola i Sala,Juan de la Cruz Ramos Cano,1.1.0,2,2.0
2008-10-04,2008/2009,Barcelona,Atlético Madrid,6,1,6,3.26,0.22,18,8,58.24,594,509,130,54,15,12,69212,22:00:00.000,Spain - La Liga,available,scheduled,2020-07-29T05:00,2021-06-13T16:17:31.694,6,Regular Season,Spotify Camp Nou,Eduardo Iturralde Gonzalez,Josep Guardiola i Sala,Javier Aguirre Onaindía,1.1.0,2,2.0
2008-11-01,2008/2009,Málaga,Barcelona,1,4,3,0.64,0.62,13,4,55.77,377,203,139,72,9,25,69235,20:00:00.000,Spain - La Liga,available,scheduled,2020-07-29T05:00,2021-06-13T16:17:31.694,9,Regular Season,Estadio La Rosaleda,Carlos Velasco Carballo,Antonio Tapia Flores,Josep Guardiola i Sala,1.1.0,2,2.0
2008-10-25,2008/2009,Barcelona,Almería,5,0,5,2.71,0.29,13,9,66.36,649,575,121,46,12,14,69232,22:00:00.000,Spain - La Liga,available,scheduled,2020-07-29T05:00,2021-06-13T16:17:31.694,8,Regular Season,Spotify Camp Nou,Alfonso Perez Burrull,,,1.1.0,2,2.0
2009-03-07,2008/2009,Barcelona,Athletic Club,2,0,2,4.12,0.77,28,7,66.13,619,521,102,60,8,17,69216,20:00:00.000,Spain - La Liga,available,scheduled,2020-07-29T05:00,2021-06-13T16:17:31.694,26,Regular Season,Spotify Camp Nou,Alberto Undiano Mallenco,Josep Guardiola i Sala,Joaquín de Jesús Caparrós Camino,1.1.0,2,2.0
2009-02-01,2008/2009,Racing Santander,Barcelona,1,2,2,0.68,1.26,8,2,69.38,691,592,112,50,7,13,69209,17:00:00.000,Spain - La Liga,available,scheduled,2023-04-19T10:45:41.486531,2021-06-13T16:17:31.694,21,Regular Season,Campos de Sport de El Sardinero,David Fernández Borbalan,Juan Ramón López Muñiz,Josep Guardiola i Sala,1.1.0,2,2.0
2009-02-08,2008/2009,Barcelona,Sporting Gijón,3,1,3,2.6,0.19,18,7,72.84,743,648,76,72,2,14,69231,19:00:00.000,Spain - La Liga,available,scheduled,2020-07-29T05:00,2021-06-13T16:17:31.694,22,Regular Season,Spotify Camp Nou,Antonio Rubinos Perez,Josep Guardiola i Sala,Manuel Preciado Rebolledo,1.1.0,2,2.0
2009-05-10,2008/2009,Barcelona,Villarreal,3,3,3,1.68,1.95,16,4,57.47,573,483,160,55,12,17,69217,19:03:00.000,Spain - La Liga,available,scheduled,2020-07-29T05:00,2021-06-13T16:17:31.694,35,Regular Season,Spotify Camp Nou,Fernando Teixeira,Josep Guardiola i Sala,Manuel Luis Pellegrini Ripamonti,1.1.0,2,2.0
2009-04-04,2008/2009,Real Valladolid,Barcelona,0,1,1,1.8,0.37,13,5,64.22,603,486,99,68,5,11,69273,20:00:00.000,Spain - La Liga,available,scheduled,2020-07-29T05:00,2021-06-13T16:17:31.694,29,Regular Season,Estadio Municipal José Zorrilla,Miguel Pérez,José Luis Mendilibar Etxebarria,Josep Guardiola i Sala,1.1.0,2,2.0
2009-04-11,2008/2009,Barcelona,Recreativo Huelva,2,0,1,2.27,0.88,16,5,64.12,613,510,120,49,4,13,69222,20:00:00.000,Spain - La Liga,available,scheduled,2020-07-29T05:00,2021-06-13T16:17:31.694,30,Regular Season,Spotify Camp Nou,Eduardo Iturralde Gonzalez,Josep Guardiola i Sala,Luis Lucas Alcaraz González,1.1.0,2,2.0
2009-04-18,2008/2009,Getafe,Barcelona,0,1,1,2.61,0.21,19,8,67.34,699,597,125,68,4,10,69223,20:00:00.000,Spain - La Liga,available,scheduled,2020-07-29T05:00,2021-06-13T16:17:31.694,31,Regular Season,Coliseum Alfonso Pérez,Turienzo,Víctor Muñoz Manrique,Josep Guardiola i Sala,1.1.0,2,2.0
2009-02-14,2008/2009,Real Betis,Barcelona,2,2,2,2.77,0.8,23,12,73.27,647,522,90,74,3,14,69195,20:00:00.000,Spain - La Liga,available,scheduled,2023-04-19T10:44:09.332962,2021-06-13T16:17:31.694,23,Regular Season,Estadio Benito Villamarín,Eduardo Iturralde Gonzalez,Francisco Chaparro Jara,Josep Guardiola i Sala,1.1.0,2,2.0
2009-04-25,2008/2009,Valencia,Barcelona,2,2,2,0.82,1.21,13,6,64.08,537,411,119,47,10,11,69251,22:00:00.000,Spain - La Liga,available,scheduled,2020-07-29T05:00,2021-06-13T16:17:31.694,33,Regular Season,Estadio de Mestalla,César Muñiz,Unai Emery Etxegoien,Josep Guardiola i Sala,1.1.0,2,2.0
2009-03-01,2008/2009,Atlético Madrid,Barcelona,4,3,3,2.3,2.81,14,6,55.56,500,397,143,55,10,17,69185,19:00:00.000,Spain - La Liga,available,scheduled,2020-07-29T05:00,2021-06-13T16:17:31.694,25,Regular Season,Estadio Vicente Calderón,Bernardino Gonzalez,Abel Resino Gómez,Josep Guardiola i Sala,1.1.0,2,2.0
2009-03-22,2008/2009,Barcelona,Málaga,6,0,6,3.5,0.53,25,14,66.23,700,608,82,51,7,16,69142,19:00:00.000,Spain - La Liga,available,scheduled,2023-04-19T10:43:23.794420,2021-06-13T16:17:31.694,28,Regular Season,Spotify Camp Nou,César Muñiz,Josep Guardiola i Sala,Antonio Tapia Flores,1.1.0,2,2.0
2009-02-21,2008/2009,Barcelona,Espanyol,1,2,1,1.37,0.52,16,2,61.34,511,405,87,61,8,16,69139,20:00:00.000,Spain - La Liga,available,scheduled,2020-07-29T05:00,2021-06-13T16:17:31.694,24,Regular Season,Spotify Camp Nou,Carlos Delgado,Josep Guardiola i Sala,Mauricio Roberto Pochettino Trossero,1.1.0,2,2.0
2009-01-24,2008/2009,Barcelona,CD Numancia de Soria,4,1,4,3.65,0.16,21,7,72.22,663,571,118,54,7,18,69189,22:00:00.000,Spain - La Liga,available,scheduled,2020-07-29T05:00,2021-06-13T16:17:31.694,20,Regular Season,Spotify Camp Nou,Miguel Pérez,Josep Guardiola i Sala,Sergije Krešić Juric,1.1.0,2,2.0
2008-11-29,2008/2009,Sevilla,Barcelona,0,3,3,1.06,0.95,21,9,63.46,613,513,121,50,7,16,69171,22:00:00.000,Spain - La Liga,available,scheduled,2020-07-29T05:00,2021-06-13T16:17:31.694,13,Regular Season,Estadio Ramón Sánchez Pizjuán,Alberto Undiano Mallenco,Manuel Enrique Jiménez Jiménez,Josep Guardiola i Sala,1.1.0,2,2.0
2009-05-02,2008/2009,Real Madrid,Barcelona,2,6,6,2.27,0.67,17,13,60.33,619,522,115,57,7,13,69249,20:00:00.000,Spain - La Liga,available,scheduled,2020-07-29T05:00,2021-06-13T16:17:31.694,34,Regular Season,Estadio Santiago Bernabéu,Alberto Undiano Mallenco,Juan de la Cruz Ramos Cano,Josep Guardiola i Sala,1.1.0,2,2.0
2008-09-13,2008/2009,Barcelona,Racing Santander,1,1,1,1.93,0.25,16,6,74.78,756,636,100,50,3,12,69215,20:00:00.000,Spain - La Liga,available,scheduled,2020-07-29T05:00,2021-06-13T16:17:31.694,2,Regular Season,Spotify Camp Nou,Rafael Ramírez Domínguez,Josep Guardiola i Sala,Juan Ramón López Muñiz,1.1.0,2,2.0
2008-09-21,2008/2009,Sporting Gijón,Barcelona,1,6,5,2.95,0.37,22,7,68.89,660,564,121,56,7,9,69138,21:00:00.000,Spain - La Liga,available,scheduled,2020-07-29T05:00,2021-06-13T16:17:31.694,3,Regular Season,Estadio Municipal El Molinón,Carlos Megía Dávila,Manuel Preciado Rebolledo,Josep Guardiola i Sala,1.1.0,2,2.0
2008-08-31,2008/2009,CD Numancia de Soria,Barcelona,1,0,0,1.77,0.31,24,5,70.87,657,551,82,71,6,8,69147,19:00:00.000,Spain - La Liga,available,scheduled,2020-07-29T05:00,2021-06-13T16:17:31.694,1,Regular Season,Los Pajaritos,David Fernández Borbalan,Sergije Krešić Juric,Josep Guardiola i Sala,1.1.0,2,2.0
2009-03-15,2008/2009,Almería,Barcelona,0,2,2,1.29,0.32,17,7,71.69,775,665,67,48,5,9,69177,21:03:00.000,Spain - La Liga,available,scheduled,2020-07-29T05:00,2021-06-13T16:17:31.694,27,Regular Season,Power Horse Stadium – Estadio de los Juegos Mediterráneos,Manuel Enrique Mejuto Gonzalez,,,1.1.0,2,2.0
2008-09-24,2008/2009,Barcelona,Real Betis,3,2,3,2.18,0.51,20,8,62.85,599,502,136,55,2,13,69207,20:00:00.000,Spain - La Liga,available,scheduled,2023-04-19T10:44:55.907154,2021-06-13T16:17:31.694,4,Regular Season,Spotify Camp Nou,Arturo Daudén Ibáñez,Josep Guardiola i Sala,Francisco Chaparro Jara,1.1.0,2,2.0
2008-12-21,2008/2009,Villarreal,Barcelona,1,2,2,1.23,0.91,16,6,56.85,577,458,186,67,17,22,69228,19:00:00.000,Spain - La Liga,available,scheduled,2020-07-29T05:00,2021-06-13T16:17:31.694,16,Regular Season,Estadio de la Cerámica,Carlos Clos Gómez,Manuel Luis Pellegrini Ripamonti,Josep Guardiola i Sala,1.1.0,2,2.0
2009-01-17,2008/2009,Barcelona,RC Deportivo La Coruña,5,0,5,4.11,0.06,21,10,62.32,564,468,159,51,8,8,69183,20:00:00.000,Spain - La Liga,available,scheduled,2020-07-29T05:00,2021-06-13T16:17:31.694,19,Regular Season,Spotify Camp Nou,Julian Rodriguez Santiago,Josep Guardiola i Sala,Miguel Ángel Lotina Oruecheberría,1.1.0,2,2.0
2008-11-08,2008/2009,Barcelona,Real Valladolid,6,0,6,4.16,0.04,21,13,56.12,527,430,105,56,7,9,69279,22:00:00.000,Spain - La Liga,available,scheduled,2020-07-29T05:00,2021-06-13T16:17:31.694,10,Regular Season,Spotify Camp Nou,Fernando Teixeira,Josep Guardiola i Sala,José Luis Mendilibar Etxebarria,1.1.0,2,2.0
2008-11-16,2008/2009,Recreativo Huelva,Barcelona,0,2,2,2.7,0.45,21,7,64.99,581,483,138,50,8,14,69285,21:00:00.000,Spain - La Liga,available,scheduled,2023-04-19T10:46:29.203565,2021-06-13T16:17:31.694,11,Regular Season,Estadio Nuevo Colombino,Miguel Pérez,Luis Lucas Alcaraz González,Josep Guardiola i Sala,1.1.0,2,2.0
2008-09-27,2008/2009,Espanyol,Barcelona,1,2,2,3.73,0.33,31,8,66.09,495,409,108,61,7,16,69211,22:00:00.000,Spain - La Liga,available,scheduled,2020-07-29T05:00,2021-06-13T16:17:31.694,5,Regular Season,Estadi Olímpic Lluís Companys,Luis Medina Cantalejo,Bartolomé Márquez López,Josep Guardiola i Sala,1.1.0,2,2.0
2009-01-11,2008/2009,Osasuna,Barcelona,2,3,3,1.22,0.39,17,9,65.72,671,556,160,63,11,10,69230,21:00:00.000,Spain - La Liga,available,scheduled,2020-07-29T05:00,2021-06-13T16:17:31.694,18,Regular Season,Estadio El Sadar,Fernando Teixeira,José Antonio Camacho Alfaro,Josep Guardiola i Sala,1.1.0,2,2.0
2008-12-06,2008/2009,Barcelona,Valencia,4,0,4,2.4,0.32,17,8,55.06,550,474,186,48,6,18,69149,22:00:00.000,Spain - La Liga,available,scheduled,2020-07-29T05:00,2021-06-13T16:17:31.694,14,Regular Season,Spotify Camp Nou,David Fernández Borbalan,Josep Guardiola i Sala,Unai Emery Etxegoien,1.1.0,2,2.0
2010-01-16,2009/2010,Barcelona,Sevilla,4,0,3,2.9,0.29,26,12,71.06,717,608,145,77,1,13,69243,22:00:00.000,Spain - La Liga,available,scheduled,2020-07-29T05:00,2021-06-13T16:17:31.694,18,Regular Season,Spotify Camp Nou,Carlos Delgado,Josep Guardiola i Sala,Manuel Enrique Jiménez Jiménez,1.1.0,2,2.0
2010-05-04,2009/2010,Barcelona,Tenerife,4,1,4,2.69,0.54,20,8,79.34,883,788,93,49,7,7,69241,20:00:00.000,Spain - La Liga,available,scheduled,2020-07-29T05:00,2021-06-13T16:17:31.694,36,Regular Season,Spotify Camp Nou,Carlos Delgado,Josep Guardiola i Sala,José Luis Oltra Castañer,1.1.0,2,2.0
2010-05-08,2009/2010,Sevilla,Barcelona,2,3,3,2.61,1.08,18,7,65.29,662,584,74,40,4,16,69239,21:00:00.000,Spain - La Liga,available,scheduled,2020-07-29T05:00,2021-06-13T16:17:31.694,37,Regular Season,Estadio Ramón Sánchez Pizjuán,Alberto Undiano Mallenco,Antonio Álvarez,Josep Guardiola i Sala,1.1.0,2,2.0
2010-03-24,2009/2010,Barcelona,Osasuna,2,0,2,1.76,0.37,15,5,67.43,679,562,135,48,16,13,69257,20:00:00.000,Spain - La Liga,available,scheduled,2020-07-29T05:00,2021-06-13T16:17:31.694,28,Regular Season,Spotify Camp Nou,Carlos Velasco Carballo,Josep Guardiola i Sala,José Antonio Camacho Alfaro,1.1.0,2,2.0
2009-10-25,2009/2010,Barcelona,Real Zaragoza,6,1,6,2.94,1.0,17,13,75.82,897,829,126,34,5,10,69253,21:00:00.000,Spain - La Liga,available,scheduled,2020-07-29T05:00,2021-06-13T16:17:31.694,8,Regular Season,Spotify Camp Nou,José Paradas,Josep Guardiola i Sala,Marcelino García Toral,1.1.0,2,2.0
2010-05-01,2009/2010,Villarreal,Barcelona,1,4,4,1.49,0.84,13,6,63.07,714,599,144,60,10,12,69244,22:00:00.000,Spain - La Liga,available,scheduled,2020-07-29T05:00,2021-06-13T16:17:31.694,35,Regular Season,Estadio de la Cerámica,Fernando Teixeira,Juan Carlos Garrido Fernández,Josep Guardiola i Sala,1.1.0,2,2.0
2009-10-31,2009/2010,Osasuna,Barcelona,1,1,1,1.64,0.71,15,7,69.29,668,549,69,43,4,11,69277,20:00:00.000,Spain - La Liga,available,scheduled,2020-07-29T05:00,2021-06-13T16:17:31.694,9,Regular Season,Estadio El Sadar,Antonio Rubinos Perez,José Antonio Camacho Alfaro,Josep Guardiola i Sala,1.1.0,2,2.0
2009-09-12,2009/2010,Getafe,Barcelona,0,2,2,1.97,0.71,14,9,56.43,575,487,114,46,6,21,69229,18:00:00.000,Spain - La Liga,available,scheduled,2020-07-29T05:00,2021-06-13T16:17:31.694,2,Regular Season,Coliseum Alfonso Pérez,Eduardo Iturralde Gonzalez,José Miguel González Martín del Campo,Josep Guardiola i Sala,1.1.0,2,2.0
2010-01-10,2009/2010,Tenerife,Barcelona,0,5,4,2.92,1.21,17,5,64.47,606,505,119,44,5,13,69219,21:00:00.000,Spain - La Liga,available,scheduled,2020-07-29T05:00,2021-06-13T16:17:31.694,17,Regular Season,Estadio Heliodoro Rodríguez Lopéz,Miguel Pérez,José Luis Oltra Castañer,Josep Guardiola i Sala,1.1.0,2,2.0
2009-12-05,2009/2010,RC Deportivo La Coruña,Barcelona,1,3,3,1.48,0.33,19,10,70.54,723,616,136,66,3,13,69218,22:00:00.000,Spain - La Liga,available,scheduled,2020-07-29T05:00,2021-06-13T16:17:31.694,13,Regular Season,Estadio Abanca-Riazor,David Fernández Borbalan,Miguel Ángel Lotina Oruecheberría,Josep Guardiola i Sala,1.1.0,2,2.0
2009-11-07,2009/2010,Barcelona,Mallorca,4,2,4,3.17,1.31,16,9,67.65,621,508,68,50,4,17,69250,20:00:00.000,Spain - La Liga,available,scheduled,2023-04-19T10:48:01.770383,2021-06-13T16:17:31.694,10,Regular Season,Spotify Camp Nou,Turienzo,Josep Guardiola i Sala,Gregorio Manzano Ballesteros,1.1.0,2,2.0
2010-05-16,2009/2010,Barcelona,Real Valladolid,4,0,3,2.01,0.79,14,7,69.05,658,582,93,51,3,17,69242,19:00:00.000,Spain - La Liga,available,scheduled,2023-04-19T10:47:17.536343,2021-06-13T16:17:31.694,38,Regular Season,Spotify Camp Nou,Miguel Pérez,Josep Guardiola i Sala,Javier Clemente Lazaro,1.1.0,2,2.0
2009-10-03,2009/2010,Barcelona,Almería,1,0,1,1.23,0.07,16,7,70.77,736,637,152,62,11,18,69256,20:00:00.000,Spain - La Liga,available,scheduled,2020-07-29T05:00,2021-06-13T16:17:31.694,6,Regular Season,Spotify Camp Nou,Carlos Velasco Carballo,,,1.1.0,2,2.0
2010-03-27,2009/2010,Mallorca,Barcelona,0,1,1,1.19,0.6,7,5,66.43,651,559,130,47,7,20,69298,20:00:00.000,Spain - La Liga,available,scheduled,2020-07-29T05:00,2021-06-13T16:17:31.694,29,Regular Season,Estadi Mallorca Son Moix,David Fernández Borbalan,Gregorio Manzano Ballesteros,Josep Guardiola i Sala,1.1.0,2,2.0
2010-04-10,2009/2010,Real Madrid,Barcelona,0,2,2,0.66,1.53,7,4,55.46,554,456,127,49,8,21,69259,22:00:00.000,Spain - La Liga,available,scheduled,2020-07-29T05:00,2021-06-13T16:17:31.694,31,Regular Season,Estadio Santiago Bernabéu,Manuel Enrique Mejuto Gonzalez,Manuel Luis Pellegrini Ripamonti,Josep Guardiola i Sala,1.1.0,2,2.0
2010-03-14,2009/2010,Barcelona,Valencia,3,0,3,2.15,0.73,21,9,58.98,578,478,152,56,5,13,69224,19:00:00.000,Spain - La Liga,available,scheduled,2020-07-29T05:00,2021-06-13T16:17:31.694,26,Regular Season,Spotify Camp Nou,César Muñiz,Josep Guardiola i Sala,Unai Emery Etxegoien,1.1.0,2,2.0
2010-01-23,2009/2010,Real Valladolid,Barcelona,0,3,3,1.08,0.7,14,8,65.53,694,590,110,53,10,17,69210,20:00:00.000,Spain - La Liga,available,scheduled,2020-07-29T05:00,2021-06-13T16:17:31.694,19,Regular Season,Estadio Municipal José Zorrilla,Rafael Ramírez Domínguez,José Luis Mendilibar Etxebarria,Josep Guardiola i Sala,1.1.0,2,2.0
2010-01-30,2009/2010,Sporting Gijón,Barcelona,0,1,1,1.85,0.42,21,4,71.69,757,659,114,71,16,11,69220,20:00:00.000,Spain - La Liga,available,scheduled,2020-07-29T05:00,2021-06-13T16:17:31.694,20,Regular Season,Estadio Municipal El Molinón,José Paradas,Manuel Preciado Rebolledo,Josep Guardiola i Sala,1.1.0,2,2.0
2010-02-14,2009/2010,Atlético Madrid,Barcelona,2,1,1,1.03,0.92,13,7,63.61,624,528,147,59,10,18,69237,21:00:00.000,Spain - La Liga,available,scheduled,2020-07-29T05:00,2021-06-13T16:17:31.694,22,Regular Season,Estadio Vicente Calderón,Eduardo Iturralde Gonzalez,Enrique Sánchez Flores,Josep Guardiola i Sala,1.1.0,2,2.0
2010-03-06,2009/2010,Almería,Barcelona,2,2,2,2.08,0.35,22,8,69.79,707,622,128,53,14,14,69226,20:00:00.000,Spain - La Liga,available,scheduled,2020-07-29T05:00,2021-06-13T16:17:31.694,25,Regular Season,Power Horse Stadium – Estadio de los Juegos Mediterráneos,Carlos Clos Gómez,Juan Manuel Lillo Díez,Josep Guardiola i Sala,1.1.0,2,2.0
2009-10-17,2009/2010,Valencia,Barcelona,0,0,0,0.75,1.24,13,3,59.38,598,481,162,52,6,12,69252,22:00:00.000,Spain - La Liga,available,scheduled,2020-07-29T05:00,2021-06-13T16:17:31.694,7,Regular Season,Estadio de Mestalla,Alfonso Perez Burrull,Unai Emery Etxegoien,Josep Guardiola i Sala,1.1.0,2,2.0
2009-09-26,2009/2010,Málaga,Barcelona,0,2,2,1.73,0.05,11,6,69.0,632,543,165,53,3,19,69255,20:00:00.000,Spain - La Liga,available,scheduled,2020-07-29T05:00,2021-06-13T16:17:31.694,5,Regular Season,Estadio La Rosaleda,Carlos Delgado,Juan Ramón López Muñiz,Josep Guardiola i Sala,1.1.0,2,2.0
2010-04-24,2009/2010,Barcelona,Xerez,3,1,3,1.86,0.8,13,8,71.47,684,590,66,50,2,19,69214,18:00:00.000,Spain - La Liga,available,scheduled,2021-10-26T13:56:40.989214,2021-06-13T16:17:31.694,34,Regular Season,Spotify Camp Nou,César Muñiz,Josep Guardiola i Sala,Néstor Raúl Gorosito,1.1.0,2,2.0
2009-11-29,2009/2010,Barcelona,Real Madrid,1,0,1,0.71,1.29,8,3,61.03,628,518,122,49,14,17,69262,19:00:00.000,Spain - La Liga,available,scheduled,2020-07-29T05:00,2021-06-13T16:17:31.694,12,Regular Season,Spotify Camp Nou,Alberto Undiano Mallenco,Josep Guardiola i Sala,Manuel Luis Pellegrini Ripamonti,1.1.0,2,2.0
2010-02-06,2009/2010,Barcelona,Getafe,2,1,2,1.62,1.8,16,6,48.78,499,417,122,41,12,15,69240,20:00:00.000,Spain - La Liga,available,scheduled,2020-07-29T05:00,2021-06-13T16:17:31.694,21,Regular Season,Spotify Camp Nou,Fernando Teixeira,Josep Guardiola i Sala,José Miguel González Martín del Campo,1.1.0,2,2.0
2010-02-20,2009/2010,Barcelona,Racing Santander,4,0,4,0.91,0.69,16,9,65.42,681,596,88,56,10,15,69233,20:00:00.000,Spain - La Liga,available,scheduled,2020-07-29T05:00,2021-06-13T16:17:31.694,23,Regular Season,Spotify Camp Nou,David Fernández Borbalan,Josep Guardiola i Sala,Miguel Ángel Portugal Vicario,1.1.0,2,2.0
2010-04-17,2009/2010,Espanyol,Barcelona,0,0,0,0.15,0.75,4,1,65.24,595,476,60,53,8,18,69213,20:00:00.000,Spain - La Liga,available,scheduled,2020-07-29T05:00,2021-06-13T16:17:31.694,33,Regular Season,RCDE Stadium,Alberto Undiano Mallenco,Mauricio Roberto Pochettino Trossero,Josep Guardiola i Sala,1.1.0,2,2.0
2010-02-27,2009/2010,Barcelona,Málaga,2,1,2,2.87,0.32,22,7,72.58,736,647,124,50,9,12,69238,22:00:00.000,Spain - La Liga,available,scheduled,2021-10-26T13:49:38.983866,2021-06-13T16:17:31.694,24,Regular Season,Spotify Camp Nou,Antonio Rubinos Perez,Josep Guardiola i Sala,Juan Ramón López Muñiz,1.1.0,2,2.0
2009-12-02,2009/2010,Xerez,Barcelona,0,2,2,1.9,0.35,12,3,69.59,659,543,126,43,5,18,69267,22:00:00.000,Spain - La Liga,available,scheduled,2020-07-29T05:00,2021-06-13T16:17:31.694,15,Regular Season,Estadio Municipal de Chapín,Carlos Velasco Carballo,José Ángel Ziganda Lacunza,Josep Guardiola i Sala,1.1.0,2,2.0
2009-11-21,2009/2010,Athletic Club,Barcelona,1,1,1,1.47,0.54,13,4,63.88,596,496,111,49,13,16,69288,22:00:00.000,Spain - La Liga,available,scheduled,2020-07-29T05:00,2021-06-13T16:17:31.694,11,Regular Season,Estadio San Mamés,Fernando Teixeira,Joaquín de Jesús Caparrós Camino,Josep Guardiola i Sala,1.1.0,2,2.0
2009-09-22,2009/2010,Racing Santander,Barcelona,1,4,4,1.42,0.27,21,6,73.35,820,729,73,57,8,10,69254,22:00:00.000,Spain - La Liga,available,scheduled,2020-07-29T05:00,2021-06-13T16:17:31.694,4,Regular Season,Campos de Sport de El Sardinero,Antonio Miguel Mateu Lahoz,Juan Carlos Mandiá Lorenzo,Josep Guardiola i Sala,1.1.0,2,2.0
2009-09-19,2009/2010,Barcelona,Atlético Madrid,5,2,5,1.48,1.23,8,6,56.71,604,518,169,41,13,11,69292,22:00:00.000,Spain - La Liga,available,scheduled,2020-07-29T05:00,2021-06-13T16:17:31.694,3,Regular Season,Spotify Camp Nou,Manuel Enrique Mejuto Gonzalez,Josep Guardiola i Sala,Abel Resino Gómez,1.1.0,2,2.0
2010-03-21,2009/2010,Real Zaragoza,Barcelona,2,4,4,2.79,0.89,17,6,59.01,534,442,137,54,8,20,69227,21:00:00.000,Spain - La Liga,available,scheduled,2020-07-29T05:00,2021-06-13T16:17:31.694,27,Regular Season,Estadio de la Romareda,Carlos Delgado,José Aurelio Gay López,Josep Guardiola i Sala,1.1.0,2,2.0
2010-04-03,2009/2010,Barcelona,Athletic Club,4,1,4,2.62,1.92,16,7,64.89,682,580,143,50,15,5,69247,20:00:00.000,Spain - La Liga,available,scheduled,2020-07-29T05:00,2021-06-13T16:17:31.694,30,Regular Season,Spotify Camp Nou,Antonio Miguel Mateu Lahoz,Josep Guardiola i Sala,Joaquín de Jesús Caparrós Camino,1.1.0,2,2.0
2010-04-14,2009/2010,Barcelona,RC Deportivo La Coruña,3,0,3,2.51,0.12,22,10,73.82,843,746,113,67,2,12,69221,22:00:00.000,Spain - La Liga,available,scheduled,2020-07-29T05:00,2021-06-13T16:17:31.694,32,Regular Season,Spotify Camp Nou,José Paradas,Josep Guardiola i Sala,Miguel Ángel Lotina Oruecheberría,1.1.0,2,2.0
2011-02-05,2010/2011,Barcelona,Atlético Madrid,3,0,3,2.22,0.99,16,8,69.82,835,751,216,57,6,10,69276,22:00:00.000,Spain - La Liga,available,scheduled,2022-11-30T15:34:10.047942,2021-06-13T16:17:31.694,22,Regular Season,Spotify Camp Nou,Turienzo,Josep Guardiola i Sala,Enrique Sánchez Flores,1.1.0,2,2.0
2011-04-02,2010/2011,Villarreal,Barcelona,0,1,1,0.85,0.67,10,6,68.96,813,726,79,65,5,16,69304,22:00:00.000,Spain - La Liga,available,scheduled,2020-07-29T05:00,2021-06-13T16:17:31.694,30,Regular Season,Estadio de la Cerámica,Rafael Ramírez Domínguez,Juan Carlos Garrido Fernández,Josep Guardiola i Sala,1.1.0,2,2.0
2010-12-04,2010/2011,Osasuna,Barcelona,0,3,3,2.65,0.17,14,9,72.56,809,682,118,71,7,8,69307,20:45:00.000,Spain - La Liga,available,scheduled,2022-11-30T15:32:00.298936,2021-06-13T16:17:31.694,14,Regular Season,Estadio El Sadar,Fernando Teixeira,José Antonio Camacho Alfaro,Josep Guardiola i Sala,1.1.0,2,2.0
2011-04-23,2010/2011,Barcelona,Osasuna,2,0,2,0.77,1.03,11,2,69.28,708,602,112,50,6,11,69271,20:00:00.000,Spain - La Liga,available,scheduled,2020-07-29T05:00,2021-06-13T16:17:31.694,33,Regular Season,Spotify Camp Nou,Carlos Delgado,Josep Guardiola i Sala,José Luis Mendilibar Etxebarria,1.1.0,2,2.0
2011-04-09,2010/2011,Barcelona,Almería,3,1,3,2.42,0.39,19,7,72.27,774,674,90,57,6,11,69305,20:00:00.000,Spain - La Liga,available,scheduled,2020-07-29T05:00,2021-06-13T16:17:31.694,31,Regular Season,Spotify Camp Nou,Miguel Ayza,,,1.1.0,2,2.0
2011-01-16,2010/2011,Barcelona,Málaga,4,1,4,2.03,0.21,12,9,70.64,835,749,165,57,9,13,69278,21:00:00.000,Spain - La Liga,available,scheduled,2022-11-30T15:33:05.021926,2021-06-13T16:17:31.694,19,Regular Season,Spotify Camp Nou,José Luis González González,Josep Guardiola i Sala,Manuel Luis Pellegrini Ripamonti,1.1.0,2,2.0
2010-12-18,2010/2011,Espanyol,Barcelona,1,5,5,2.9,0.59,21,11,56.75,563,478,198,58,7,17,69275,20:00:00.000,Spain - La Liga,available,scheduled,2021-11-11T22:57:42.361902,2021-06-13T16:17:31.694,16,Regular Season,RCDE Stadium,Alberto Undiano Mallenco,Mauricio Roberto Pochettino Trossero,Josep Guardiola i Sala,1.1.0,2,2.0
2011-01-22,2010/2011,Barcelona,Racing Santander,3,0,3,3.4,0.37,13,9,72.56,920,832,167,56,10,5,69295,20:00:00.000,Spain - La Liga,available,scheduled,2020-07-29T05:00,2021-06-13T16:17:31.694,20,Regular Season,Spotify Camp Nou,Ignacio Iglesias Villanueva,Josep Guardiola i Sala,Miguel Ángel Portugal Vicario,1.1.0,2,2.0
2010-11-07,2010/2011,Getafe,Barcelona,1,3,3,2.84,1.65,15,8,65.83,709,620,143,39,9,12,69270,19:00:00.000,Spain - La Liga,available,scheduled,2020-07-29T05:00,2021-06-13T16:17:31.694,10,Regular Season,Coliseum Alfonso Pérez,Miguel Ayza,José Miguel González Martín del Campo,Josep Guardiola i Sala,1.1.0,2,2.0
2011-03-19,2010/2011,Barcelona,Getafe,2,1,2,0.99,0.61,14,5,67.95,774,672,132,48,7,15,69303,20:00:00.000,Spain - La Liga,available,scheduled,2020-07-29T05:00,2021-06-13T16:17:31.694,29,Regular Season,Spotify Camp Nou,César Muñiz,Josep Guardiola i Sala,José Miguel González Martín del Campo,1.1.0,2,2.0
2011-04-16,2010/2011,Real Madrid,Barcelona,1,1,1,1.48,1.71,10,5,75.86,814,738,74,38,4,17,69245,22:00:00.000,Spain - La Liga,available,scheduled,2020-07-29T05:00,2021-06-13T16:17:31.694,32,Regular Season,Estadio Santiago Bernabéu,César Muñiz,José Mario Felix dos Santos Mourinho,Josep Guardiola i Sala,1.1.0,2,2.0
2010-09-11,2010/2011,Barcelona,Hércules,0,2,0,1.58,1.77,16,8,74.7,797,678,100,70,9,7,69287,18:00:00.000,Spain - La Liga,available,scheduled,2022-11-30T15:29:05.326379,2021-06-13T16:17:31.694,2,Regular Season,Spotify Camp Nou,Carlos Velasco Carballo,Josep Guardiola i Sala,Esteban Vigo Benítez,1.1.0,2,2.0
2011-01-29,2010/2011,Hércules,Barcelona,0,3,3,2.11,0.37,19,8,72.36,869,776,218,56,10,12,69296,20:00:00.000,Spain - La Liga,available,scheduled,2020-07-29T05:00,2021-06-13T16:17:31.694,21,Regular Season,Estadio José Rico Pérez,David Fernández Borbalan,Esteban Vigo Benítez,Josep Guardiola i Sala,1.1.0,2,2.0
2010-10-16,2010/2011,Barcelona,Valencia,2,1,2,1.8,0.5,13,7,54.15,542,443,148,56,8,9,69260,20:00:00.000,Spain - La Liga,available,scheduled,2020-07-29T05:00,2021-06-13T16:17:31.694,7,Regular Season,Spotify Camp Nou,Fernando Teixeira,Josep Guardiola i Sala,Unai Emery Etxegoien,1.1.0,2,2.0
2010-09-19,2010/2011,Atlético Madrid,Barcelona,1,2,2,1.92,0.43,17,9,66.47,662,561,80,58,5,16,69269,19:00:00.000,Spain - La Liga,available,scheduled,2020-07-29T05:00,2021-06-13T16:17:31.694,3,Regular Season,Estadio Vicente Calderón,David Fernández Borbalan,Enrique Sánchez Flores,Josep Guardiola i Sala,1.1.0,2,2.0
2011-04-30,2010/2011,Real Sociedad,Barcelona,2,1,1,1.13,1.71,11,7,79.37,827,756,57,44,2,12,69246,20:00:00.000,Spain - La Liga,available,scheduled,2020-07-29T05:00,2021-06-13T16:17:31.694,34,Regular Season,Reale Arena,Fernando Teixeira,Martín Lasarte Arrospide,Josep Guardiola i Sala,1.1.0,2,2.0
2010-12-12,2010/2011,Barcelona,Real Sociedad,5,0,5,2.28,0.07,22,8,75.65,988,893,68,56,7,12,69302,21:00:00.000,Spain - La Liga,available,scheduled,2020-07-29T05:00,2021-06-13T16:17:31.694,15,Regular Season,Spotify Camp Nou,David Fernández Borbalan,Josep Guardiola i Sala,Martín Lasarte Arrospide,1.1.0,2,2.0
2011-02-20,2010/2011,Barcelona,Athletic Club,2,1,2,1.91,1.13,21,5,77.12,883,773,102,68,4,15,69282,21:00:00.000,Spain - La Liga,available,scheduled,2022-11-30T15:36:10.380295,2021-06-13T16:17:31.694,24,Regular Season,Spotify Camp Nou,Rafael Ramírez Domínguez,Josep Guardiola i Sala,Joaquín de Jesús Caparrós Camino,1.1.0,2,2.0
2011-03-02,2010/2011,Valencia,Barcelona,0,1,1,2.26,0.2,18,7,55.82,580,458,153,66,8,10,69274,22:00:00.000,Spain - La Liga,available,scheduled,2020-07-29T05:00,2021-06-13T16:17:31.694,26,Regular Season,Estadio de Mestalla,Eduardo Iturralde Gonzalez,Unai Emery Etxegoien,Josep Guardiola i Sala,1.1.0,2,2.0
2011-02-26,2010/2011,Mallorca,Barcelona,0,3,3,1.83,0.42,8,4,74.46,892,808,90,50,5,11,69283,20:00:00.000,Spain - La Liga,available,scheduled,2022-11-30T15:37:07.874009,2021-06-13T16:17:31.694,25,Regular Season,Estadi Mallorca Son Moix,Carlos Velasco Carballo,Michael Laudrup,Josep Guardiola i Sala,1.1.0,2,2.0
2011-01-08,2010/2011,RC Deportivo La Coruña,Barcelona,0,4,4,0.93,0.74,7,5,72.13,854,763,197,50,12,7,69280,22:00:00.000,Spain - La Liga,available,scheduled,2020-07-29T05:00,2021-06-13T16:17:31.694,18,Regular Season,Estadio Abanca-Riazor,Carlos Delgado,Miguel Ángel Lotina Oruecheberría,Josep Guardiola i Sala,1.1.0,2,2.0
2010-08-29,2010/2011,Racing Santander,Barcelona,0,3,3,0.81,1.11,9,5,61.59,672,591,104,39,9,16,69286,19:00:00.000,Spain - La Liga,available,scheduled,2020-07-29T05:00,2021-06-13T16:17:31.694,1,Regular Season,Campos de Sport de El Sardinero,Carlos Delgado,Miguel Ángel Portugal Vicario,Josep Guardiola i Sala,1.1.0,2,2.0
2011-03-13,2010/2011,Sevilla,Barcelona,1,1,1,1.92,1.27,13,5,73.51,852,761,96,48,6,14,69291,21:00:00.000,Spain - La Liga,available,scheduled,2020-07-29T05:00,2021-06-13T16:17:31.694,28,Regular Season,Estadio Ramón Sánchez Pizjuán,Miguel Pérez,Gregorio Manzano Ballesteros,Josep Guardiola i Sala,1.1.0,2,2.0
2010-10-03,2010/2011,Barcelona,Mallorca,1,1,1,1.57,0.49,25,10,73.14,670,581,90,60,3,7,69236,19:00:00.000,Spain - La Liga,available,scheduled,2022-11-30T15:40:53.042701,2021-06-13T16:17:31.694,6,Regular Season,Spotify Camp Nou,Alberto Undiano Mallenco,Josep Guardiola i Sala,Michael Laudrup,1.1.0,2,2.0
2011-05-08,2010/2011,Barcelona,Espanyol,2,0,2,1.17,0.59,14,6,69.0,819,715,98,56,4,15,69234,19:00:00.000,Spain - La Liga,available,scheduled,2020-07-29T05:00,2021-06-13T16:17:31.694,35,Regular Season,Spotify Camp Nou,David Fernández Borbalan,Josep Guardiola i Sala,Mauricio Roberto Pochettino Trossero,1.1.0,2,2.0
2011-05-11,2010/2011,Levante UD,Barcelona,1,1,1,0.86,1.04,10,2,81.65,1090,1015,120,40,3,6,69272,20:00:00.000,Spain - La Liga,available,scheduled,2020-07-29T05:00,2021-06-13T16:17:31.694,36,Regular Season,Estadio Ciudad de Valencia,José Paradas,Luis García Plaza,Josep Guardiola i Sala,1.1.0,2,2.0
2010-11-13,2010/2011,Barcelona,Villarreal,3,1,3,1.91,1.02,14,4,64.33,689,601,167,63,11,26,69308,22:00:00.000,Spain - La Liga,available,scheduled,2020-07-29T05:00,2021-06-13T16:17:31.694,11,Regular Season,Spotify Camp Nou,Carlos Delgado,Josep Guardiola i Sala,Juan Carlos Garrido Fernández,1.1.0,2,2.0
2010-11-29,2010/2011,Barcelona,Real Madrid,5,0,5,2.77,0.13,14,6,66.09,723,637,95,63,8,13,69299,21:00:00.000,Spain - La Liga,available,scheduled,2020-07-29T05:00,2021-06-13T16:17:31.694,13,Regular Season,Spotify Camp Nou,Eduardo Iturralde Gonzalez,Josep Guardiola i Sala,José Mario Felix dos Santos Mourinho,1.1.0,2,2.0
2011-03-05,2010/2011,Barcelona,Real Zaragoza,1,0,1,1.93,0.49,25,12,81.05,954,846,83,70,8,9,69300,20:00:00.000,Spain - La Liga,available,scheduled,2022-11-30T15:38:10.426222,2021-06-13T16:17:31.694,27,Regular Season,Spotify Camp Nou,Fernando Teixeira,Josep Guardiola i Sala,Javier Aguirre Onaindía,1.1.0,2,2.0
2010-10-30,2010/2011,Barcelona,Sevilla,5,0,5,1.33,0.13,17,8,70.27,695,611,96,53,6,13,69289,22:00:00.000,Spain - La Liga,available,scheduled,2023-04-19T10:48:44.079830,2021-06-13T16:17:31.694,9,Regular Season,Spotify Camp Nou,Turienzo,Josep Guardiola i Sala,Gregorio Manzano Ballesteros,1.1.0,2,2.0
2010-10-23,2010/2011,Real Zaragoza,Barcelona,0,2,2,2.15,0.39,18,9,74.2,762,679,81,52,2,11,69263,18:00:00.000,Spain - La Liga,available,scheduled,2020-07-29T05:00,2021-06-13T16:17:31.694,8,Regular Season,Estadio de la Romareda,Miguel Pérez,José Aurelio Gay López,Josep Guardiola i Sala,1.1.0,2,2.0
2010-11-20,2010/2011,Almería,Barcelona,0,8,7,3.62,0.29,20,13,74.81,873,806,124,38,4,7,69306,20:00:00.000,Spain - La Liga,available,scheduled,2022-11-30T15:30:59.059759,2021-06-13T16:17:31.694,12,Regular Season,Power Horse Stadium – Estadio de los Juegos Mediterráneos,César Muñiz,Juan Manuel Lillo Díez,Josep Guardiola i Sala,1.1.0,2,2.0
2011-02-12,2010/2011,Sporting Gijón,Barcelona,1,1,1,1.19,0.29,15,6,79.19,818,715,72,48,2,10,69248,20:00:00.000,Spain - La Liga,available,scheduled,2022-11-30T15:35:07.375975,2021-06-13T16:17:31.694,23,Regular Season,Estadio Municipal El Molinón,Miguel Pérez,Manuel Preciado Rebolledo,Josep Guardiola i Sala,1.1.0,2,2.0
2012-02-19,2011/2012,Barcelona,Valencia,5,1,5,4.19,0.31,30,14,61.94,669,558,138,67,7,7,69328,21:30:00.000,Spain - La Liga,available,scheduled,2020-07-29T05:00,2021-06-13T16:17:31.694,24,Regular Season,Spotify Camp Nou,Turienzo,Josep Guardiola i Sala,Unai Emery Etxegoien,1.1.0,2,2.0
2011-10-22,2011/2012,Barcelona,Sevilla,0,0,0,1.85,0.18,20,6,73.0,838,729,78,69,5,9,69329,22:00:00.000,Spain - La Liga,available,scheduled,2020-07-29T05:00,2021-06-13T16:17:31.694,9,Regular Season,Spotify Camp Nou,Eduardo Iturralde Gonzalez,Josep Guardiola i Sala,Marcelino García Toral,1.1.0,2,2.0
2012-04-07,2011/2012,Real Zaragoza,Barcelona,1,4,4,3.06,1.71,15,8,75.17,675,585,98,52,5,14,70219,20:00:00.000,Spain - La Liga,available,scheduled,2020-07-29T05:00,2021-06-13T16:17:31.694,32,Regular Season,Estadio de la Romareda,Turienzo,Manuel Enrique Jiménez Jiménez,Josep Guardiola i Sala,1.1.0,2,2.0
2011-11-19,2011/2012,Barcelona,Real Zaragoza,4,0,4,4.06,0.15,27,11,67.86,682,590,133,51,5,20,69331,20:00:00.000,Spain - La Liga,available,scheduled,2020-07-29T05:00,2021-06-13T16:17:31.694,13,Regular Season,Spotify Camp Nou,Alberto Undiano Mallenco,Josep Guardiola i Sala,Javier Aguirre Onaindía,1.1.0,2,2.0
2012-02-26,2011/2012,Atlético Madrid,Barcelona,1,2,2,0.92,1.24,8,3,72.04,760,665,136,51,11,13,69337,21:30:00.000,Spain - La Liga,available,scheduled,2020-07-29T05:00,2021-06-13T16:17:31.694,25,Regular Season,Estadio Vicente Calderón,Miguel Pérez,Diego Pablo Simeone,Josep Guardiola i Sala,1.1.0,2,2.0
2012-03-11,2011/2012,Racing Santander,Barcelona,0,2,2,3.19,0.07,22,8,72.57,828,736,100,46,11,15,69322,18:00:00.000,Spain - La Liga,available,scheduled,2020-07-29T05:00,2021-06-13T16:17:31.694,27,Regular Season,Campos de Sport de El Sardinero,,Álvaro Cervera Díaz,Josep Guardiola i Sala,1.1.0,2,2.0
2012-02-04,2011/2012,Barcelona,Real Sociedad,2,1,2,2.47,1.07,19,8,69.52,805,704,158,70,16,12,69316,22:00:00.000,Spain - La Liga,available,scheduled,2020-07-29T05:00,2021-06-13T16:17:31.694,22,Regular Season,Spotify Camp Nou,Carlos Clos Gómez,Josep Guardiola i Sala,Philippe Jacques William Montanier,1.1.0,2,2.0
2011-11-29,2011/2012,Barcelona,Rayo Vallecano,4,0,4,1.47,0.61,13,6,60.34,560,452,116,68,10,9,69332,21:00:00.000,Spain - La Liga,available,scheduled,2020-07-29T05:00,2021-06-13T16:17:31.694,17,Regular Season,Spotify Camp Nou,Miguel Pérez,Josep Guardiola i Sala,José Ramón Sandoval Huertas,1.1.0,2,2.0
2012-01-22,2011/2012,Málaga,Barcelona,1,4,4,2.17,1.12,15,10,73.09,918,837,161,62,13,14,69335,18:00:00.000,Spain - La Liga,available,scheduled,2020-07-29T05:00,2021-06-13T16:17:31.694,1,Regular Season,Estadio La Rosaleda,Alberto Undiano Mallenco,Manuel Luis Pellegrini Ripamonti,Josep Guardiola i Sala,1.1.0,2,2.0
2011-11-06,2011/2012,Athletic Club,Barcelona,2,2,2,1.24,0.41,16,9,62.72,619,508,125,65,6,14,69330,20:00:00.000,Spain - La Liga,available,scheduled,2020-07-29T05:00,2021-06-13T16:17:31.694,12,Regular Season,Estadio San Mamés,José Paradas,Marcelo Alberto Bielsa Caldera,Josep Guardiola i Sala,1.1.0,2,2.0
2011-09-24,2011/2012,Barcelona,Atlético Madrid,5,0,4,2.42,0.6,17,8,67.92,868,788,147,45,8,22,69297,22:00:00.000,Spain - La Liga,available,scheduled,2020-07-29T05:00,2021-06-13T16:17:31.694,6,Regular Season,Spotify Camp Nou,Carlos Delgado,Josep Guardiola i Sala,Gregorio Manzano Ballesteros,1.1.0,2,2.0
2012-03-24,2011/2012,Mallorca,Barcelona,0,2,2,1.27,0.72,16,5,61.51,628,531,106,55,7,7,69325,18:00:00.000,Spain - La Liga,available,scheduled,2020-07-29T05:00,2021-06-13T16:17:31.694,30,Regular Season,Estadi Mallorca Son Moix,Miguel Ayza,Joaquín de Jesús Caparrós Camino,Josep Guardiola i Sala,1.1.0,2,2.0
2012-04-21,2011/2012,Barcelona,Real Madrid,1,2,1,2.11,1.61,14,4,71.52,688,597,96,59,9,11,69324,20:00:00.000,Spain - La Liga,available,scheduled,2020-07-29T05:00,2021-06-13T16:17:31.694,35,Regular Season,Spotify Camp Nou,Alberto Undiano Mallenco,Josep Guardiola i Sala,José Mario Felix dos Santos Mourinho,1.1.0,2,2.0
2012-03-20,2011/2012,Barcelona,Granada,5,3,5,1.3,1.84,18,7,73.6,831,744,65,48,5,10,70225,21:00:00.000,Spain - La Liga,available,scheduled,2020-07-29T05:00,2021-06-13T16:17:31.694,29,Regular Season,Spotify Camp Nou,José Teixeira,Josep Guardiola i Sala,Abel Resino Gómez,1.1.0,2,2.0
2011-10-15,2011/2012,Barcelona,Racing Santander,3,0,3,2.36,0.13,18,6,81.9,1027,948,97,42,12,5,69293,20:00:00.000,Spain - La Liga,available,scheduled,2020-07-29T05:00,2021-06-13T16:17:31.694,8,Regular Season,Spotify Camp Nou,Miguel Ayza,Josep Guardiola i Sala,Héctor Raúl Cúper,1.1.0,2,2.0
2011-09-21,2011/2012,Valencia,Barcelona,2,2,2,0.89,1.35,10,7,62.2,663,559,177,49,12,8,70223,22:00:00.000,Spain - La Liga,available,scheduled,2020-07-29T05:00,2021-06-13T16:17:31.694,5,Regular Season,Estadio de Mestalla,Carlos Velasco Carballo,Unai Emery Etxegoien,Josep Guardiola i Sala,1.1.0,2,2.0
2011-12-03,2011/2012,Barcelona,Levante UD,5,0,5,3.02,0.38,18,9,72.88,790,701,101,49,3,12,69333,20:00:00.000,Spain - La Liga,available,scheduled,2020-07-29T05:00,2021-06-13T16:17:31.694,15,Regular Season,Spotify Camp Nou,José Teixeira,Josep Guardiola i Sala,Juan Ignacio Martínez Jiménez,1.1.0,2,2.0
2011-09-10,2011/2012,Real Sociedad,Barcelona,2,2,2,2.31,1.68,13,6,73.44,882,783,104,47,5,17,69264,18:00:00.000,Spain - La Liga,available,scheduled,2020-07-29T05:00,2021-06-13T16:17:31.694,3,Regular Season,Reale Arena,Antonio Miguel Mateu Lahoz,Philippe Jacques William Montanier,Josep Guardiola i Sala,1.1.0,2,2.0
2012-04-10,2011/2012,Barcelona,Getafe,4,0,4,2.9,0.07,15,6,75.41,834,732,86,46,8,10,69343,21:00:00.000,Spain - La Liga,available,scheduled,2020-07-29T05:00,2021-06-13T16:17:31.694,33,Regular Season,Spotify Camp Nou,José Luis González González,Josep Guardiola i Sala,Luis García Plaza,1.1.0,2,2.0
2012-05-02,2011/2012,Barcelona,Málaga,4,1,4,3.04,0.86,11,6,65.51,752,666,121,45,11,19,69340,20:00:00.000,Spain - La Liga,available,scheduled,2020-07-29T05:00,2021-06-13T16:17:31.694,20,Regular Season,Spotify Camp Nou,Turienzo,Josep Guardiola i Sala,Manuel Luis Pellegrini Ripamonti,1.1.0,2,2.0
2011-10-02,2011/2012,Sporting Gijón,Barcelona,0,1,1,0.73,0.23,13,5,76.87,914,823,114,48,6,7,69265,20:00:00.000,Spain - La Liga,available,scheduled,2020-07-29T05:00,2021-06-13T16:17:31.694,7,Regular Season,Estadio Municipal El Molinón,Carlos Clos Gómez,Manuel Preciado Rebolledo,Josep Guardiola i Sala,1.1.0,2,2.0
2012-05-12,2011/2012,Real Betis,Barcelona,2,2,2,0.58,0.81,11,6,59.5,673,587,92,51,3,15,69319,22:00:00.000,Spain - La Liga,available,scheduled,2020-07-29T05:00,2021-06-13T16:17:31.694,38,Regular Season,Estadio Benito Villamarín,Miguel Ayza,José Mel Pérez,Josep Guardiola i Sala,1.1.0,2,2.0
2011-12-10,2011/2012,Real Madrid,Barcelona,1,3,3,0.92,1.32,11,7,60.97,653,555,108,59,9,17,69334,22:00:00.000,Spain - La Liga,available,scheduled,2020-07-29T05:00,2021-06-13T16:17:31.694,16,Regular Season,Estadio Santiago Bernabéu,David Fernández Borbalan,José Mario Felix dos Santos Mourinho,Josep Guardiola i Sala,1.1.0,2,2.0
2012-01-15,2011/2012,Barcelona,Real Betis,4,2,4,3.12,1.37,15,8,66.81,765,676,151,60,7,15,69327,21:30:00.000,Spain - La Liga,available,scheduled,2020-07-29T05:00,2021-06-13T16:17:31.694,19,Regular Season,Spotify Camp Nou,Ignacio Iglesias Villanueva,Josep Guardiola i Sala,José Mel Pérez,1.1.0,2,2.0
2011-11-26,2011/2012,Getafe,Barcelona,1,0,0,1.46,0.38,20,6,72.26,753,643,156,60,5,6,69315,22:00:00.000,Spain - La Liga,available,scheduled,2020-07-29T05:00,2021-06-13T16:17:31.694,14,Regular Season,Coliseum Alfonso Pérez,Fernando Teixeira,Luis García Plaza,Josep Guardiola i Sala,1.1.0,2,2.0
2012-02-11,2011/2012,Osasuna,Barcelona,3,2,2,1.68,1.1,19,8,68.18,660,497,84,96,10,7,69336,20:00:00.000,Spain - La Liga,available,scheduled,2020-07-29T05:00,2021-06-13T16:17:31.694,23,Regular Season,Estadio El Sadar,José Paradas,José Luis Mendilibar Etxebarria,Josep Guardiola i Sala,1.1.0,2,2.0
2012-03-17,2011/2012,Sevilla,Barcelona,0,2,2,2.68,1.26,17,9,59.0,685,575,85,55,5,12,69326,20:00:00.000,Spain - La Liga,available,scheduled,2020-07-29T05:00,2021-06-13T16:17:31.694,28,Regular Season,Estadio Ramón Sánchez Pizjuán,José Luis González González,José Miguel González Martín del Campo,Josep Guardiola i Sala,1.1.0,2,2.0
2011-08-29,2011/2012,Barcelona,Villarreal,5,0,5,3.11,0.09,18,10,74.91,878,797,77,38,7,16,69268,21:00:00.000,Spain - La Liga,available,scheduled,2020-07-29T05:00,2021-06-13T16:17:31.694,2,Regular Season,Spotify Camp Nou,Turienzo,Josep Guardiola i Sala,Juan Carlos Garrido Fernández,1.1.0,2,2.0
2012-05-05,2011/2012,Barcelona,Espanyol,4,0,4,2.42,0.28,14,6,63.73,687,596,143,47,8,14,69320,21:00:00.000,Spain - La Liga,available,scheduled,2020-07-29T05:00,2021-06-13T16:17:31.694,37,Regular Season,Spotify Camp Nou,Fernando Teixeira,Josep Guardiola i Sala,Mauricio Roberto Pochettino Trossero,1.1.0,2,2.0
2012-01-08,2011/2012,Espanyol,Barcelona,1,1,1,0.86,1.68,10,3,61.5,671,556,198,68,8,10,69312,21:30:00.000,Spain - La Liga,available,scheduled,2020-07-29T05:00,2021-06-13T16:17:31.694,18,Regular Season,RCDE Stadium,Turienzo,Mauricio Roberto Pochettino Trossero,Josep Guardiola i Sala,1.1.0,2,2.0
2011-10-29,2011/2012,Barcelona,Mallorca,5,0,5,3.26,0.32,20,8,69.01,766,683,95,38,5,15,69314,20:00:00.000,Spain - La Liga,available,scheduled,2020-07-29T05:00,2021-06-13T16:17:31.694,11,Regular Season,Spotify Camp Nou,Pedro Jesús Pérez Montero,Josep Guardiola i Sala,Joaquín de Jesús Caparrós Camino,1.1.0,2,2.0
2011-10-25,2011/2012,Granada,Barcelona,0,1,1,1.35,0.04,17,6,73.12,854,762,132,49,6,11,69318,20:00:00.000,Spain - La Liga,available,scheduled,2020-07-29T05:00,2021-06-13T16:17:31.694,10,Regular Season,Estadio Nuevo Los Cármenes,César Muñiz,Fabriciano González Penelas,Josep Guardiola i Sala,1.1.0,2,2.0
2012-01-28,2011/2012,Villarreal,Barcelona,0,0,0,1.41,0.3,11,5,65.9,684,558,141,62,6,14,69338,22:00:00.000,Spain - La Liga,available,scheduled,2020-07-29T05:00,2021-06-13T16:17:31.694,21,Regular Season,Estadio de la Cerámica,José Teixeira,José Francisco Molina Jiménez ,Josep Guardiola i Sala,1.1.0,2,2.0
2011-09-17,2011/2012,Barcelona,Osasuna,8,0,7,3.96,0.28,18,14,80.53,889,810,64,45,7,9,70220,20:00:00.000,Spain - La Liga,available,scheduled,2020-07-29T05:00,2021-06-13T16:17:31.694,4,Regular Season,Spotify Camp Nou,César Muñiz,Josep Guardiola i Sala,José Luis Mendilibar Etxebarria,1.1.0,2,2.0
2012-04-29,2011/2012,Rayo Vallecano,Barcelona,0,7,6,2.84,0.77,18,8,74.03,690,589,75,61,8,8,70224,21:30:00.000,Spain - La Liga,available,scheduled,2022-12-01T14:10:17.791769,2021-06-13T16:17:31.694,36,Regular Season,Estadio de Vallecas,Carlos Delgado,José Ramón Sandoval Huertas,Josep Guardiola i Sala,1.1.0,2,2.0
2012-04-14,2011/2012,Levante UD,Barcelona,1,2,2,2.55,1.05,17,8,72.2,779,681,143,46,10,12,70221,22:00:00.000,Spain - La Liga,available,scheduled,2020-07-29T05:00,2021-06-13T16:17:31.694,34,Regular Season,Estadio Ciudad de Valencia,José Teixeira,Juan Ignacio Martínez Jiménez,Josep Guardiola i Sala,1.1.0,2,2.0
2012-03-31,2011/2012,Barcelona,Athletic Club,2,0,2,2.29,0.36,20,13,54.41,605,502,153,72,8,12,69323,22:00:00.000,Spain - La Liga,available,scheduled,2020-07-29T05:00,2021-06-13T16:17:31.694,31,Regular Season,Spotify Camp Nou,Antonio Miguel Mateu Lahoz,Josep Guardiola i Sala,Marcelo Alberto Bielsa Caldera,1.1.0,2,2.0
2012-12-22,2012/2013,Real Valladolid,Barcelona,1,3,3,1.72,1.0,11,5,66.0,819,714,116,60,5,4,266015,18:00:00.000,Spain - La Liga,available,scheduled,2020-07-29T05:00,2021-06-13T16:17:31.694,17,Regular Season,Estadio Municipal José Zorrilla,Carlos Clos Gómez,,,1.1.0,2,2.0
2012-09-22,2012/2013,Barcelona,Granada,2,0,1,2.4,0.77,19,11,74.08,803,696,139,71,5,10,70270,22:00:00.000,Spain - La Liga,available,scheduled,2020-07-29T05:00,2021-06-13T16:17:31.694,5,Regular Season,Spotify Camp Nou,,,,1.1.0,2,2.0
2013-05-05,2012/2013,Barcelona,Real Betis,4,2,4,3.09,0.57,18,11,69.35,801,696,161,65,7,14,70281,21:00:00.000,Spain - La Liga,available,scheduled,2020-07-29T05:00,2021-06-13T16:17:31.694,34,Regular Season,Spotify Camp Nou,Carlos Clos Gómez,,,1.1.0,2,2.0
2012-11-03,2012/2013,Barcelona,Celta Vigo,3,1,3,2.07,1.28,12,6,69.54,929,857,114,40,8,9,70308,18:00:00.000,Spain - La Liga,available,scheduled,2020-07-29T05:00,2021-06-13T16:17:31.694,10,Regular Season,Spotify Camp Nou,David Fernández Borbalan,,,1.1.0,2,2.0
2013-02-03,2012/2013,Valencia,Barcelona,1,1,1,1.42,1.11,10,2,65.15,761,660,163,41,8,14,70282,19:00:00.000,Spain - La Liga,available,scheduled,2020-07-29T05:00,2021-06-13T16:17:31.694,22,Regular Season,Estadio de Mestalla,José Luis González González,,,1.1.0,2,2.0
2012-11-11,2012/2013,Mallorca,Barcelona,2,4,4,0.6,1.61,12,5,75.62,915,815,152,70,8,7,266724,17:50:00.000,Spain - La Liga,available,scheduled,2020-07-29T05:00,2021-06-13T16:17:31.694,11,Regular Season,Estadi Mallorca Son Moix,Ignacio Iglesias Villanueva,,,1.1.0,2,2.0
2013-03-02,2012/2013,Real Madrid,Barcelona,2,1,1,0.34,1.31,5,2,72.45,773,688,125,42,5,24,70272,16:00:00.000,Spain - La Liga,available,scheduled,2020-07-29T05:00,2021-06-13T16:17:31.694,26,Regular Season,Estadio Santiago Bernabéu,Miguel Pérez,,,1.1.0,2,2.0
2012-10-20,2012/2013,RC Deportivo La Coruña,Barcelona,4,5,5,1.42,1.4,10,6,67.11,800,731,113,48,6,16,70304,22:00:00.000,Spain - La Liga,available,scheduled,2020-07-29T05:00,2021-06-13T16:17:31.694,8,Regular Season,Estadio Abanca-Riazor,José Paradas,,,1.1.0,2,2.0
2012-11-25,2012/2013,Levante UD,Barcelona,0,4,4,1.2,2.59,13,7,81.89,1085,987,96,48,7,7,70280,21:00:00.000,Spain - La Liga,available,scheduled,2020-07-29T05:00,2021-06-13T16:17:31.694,13,Regular Season,Estadio Ciudad de Valencia,Pedro Jesús Pérez Montero,,,1.1.0,2,2.0
2012-12-16,2012/2013,Barcelona,Atlético Madrid,4,1,4,0.9,0.77,9,5,74.75,897,813,107,61,4,16,70296,21:00:00.000,Spain - La Liga,available,scheduled,2020-07-29T05:00,2021-06-13T16:17:31.694,16,Regular Season,Spotify Camp Nou,Miguel Pérez,,,1.1.0,2,2.0
2013-02-10,2012/2013,Barcelona,Getafe,6,1,6,4.18,0.46,16,8,73.99,913,818,122,74,4,13,70297,12:00:00.000,Spain - La Liga,available,scheduled,2021-10-27T15:44:43.940862,2021-06-13T16:17:31.694,23,Regular Season,Spotify Camp Nou,Ignacio Iglesias Villanueva,,,1.1.0,2,2.0
2013-01-06,2012/2013,Barcelona,Espanyol,4,0,4,3.18,0.8,19,8,77.0,974,884,121,58,11,4,266433,19:00:00.000,Spain - La Liga,available,scheduled,2020-07-29T05:00,2021-06-13T16:17:31.694,18,Regular Season,Spotify Camp Nou,Jesús Gil Manzano,,,1.1.0,2,2.0
2013-03-30,2012/2013,Celta Vigo,Barcelona,2,2,2,0.39,1.09,6,3,69.66,691,572,152,64,4,12,70256,18:00:00.000,Spain - La Liga,available,scheduled,2020-07-29T05:00,2021-06-13T16:17:31.694,29,Regular Season,Abanca-Balaídos,Antonio Miguel Mateu Lahoz,,,1.1.0,2,2.0
2012-08-19,2012/2013,Barcelona,Real Sociedad,5,1,5,1.53,0.62,18,10,71.7,826,756,104,48,10,12,70259,21:00:00.000,Spain - La Liga,available,scheduled,2020-07-29T05:00,2021-06-13T16:17:31.694,1,Regular Season,Spotify Camp Nou,José Luis González González,,,1.1.0,2,2.0
2013-01-27,2012/2013,Barcelona,Osasuna,5,1,5,3.28,0.23,19,9,76.05,886,786,81,50,1,10,70260,19:00:00.000,Spain - La Liga,available,scheduled,2020-07-29T05:00,2021-06-13T16:17:31.694,21,Regular Season,Spotify Camp Nou,Fernando Teixeira,,,1.1.0,2,2.0
2012-12-01,2012/2013,Barcelona,Athletic Club,5,1,5,2.56,0.6,16,10,55.89,707,612,180,72,10,8,70263,20:00:00.000,Spain - La Liga,available,scheduled,2020-07-29T05:00,2021-06-13T16:17:31.694,14,Regular Season,Spotify Camp Nou,Antonio Miguel Mateu Lahoz,,,1.1.0,2,2.0
2012-10-27,2012/2013,Rayo Vallecano,Barcelona,0,5,5,2.51,0.68,16,10,57.51,563,451,149,55,8,15,70276,22:00:00.000,Spain - La Liga,available,scheduled,2022-09-25T20:44:56.266162,2021-06-13T16:17:31.694,9,Regular Season,Estadio de Vallecas,Miguel Pérez,Francisco Jémez Martín,Francesc Vilanova i Bayo,1.1.0,2,2.0
2013-01-19,2012/2013,Real Sociedad,Barcelona,3,2,2,1.15,0.99,8,3,68.7,753,659,70,45,5,15,70287,18:00:00.000,Spain - La Liga,available,scheduled,2020-07-29T05:00,2021-06-13T16:17:31.694,20,Regular Season,Reale Arena,Alberto Undiano Mallenco,,,1.1.0,2,2.0
2013-05-12,2012/2013,Atlético Madrid,Barcelona,1,2,1,0.62,0.98,11,2,58.11,684,604,187,39,27,12,70284,19:00:00.000,Spain - La Liga,available,scheduled,2020-07-29T05:00,2021-06-13T16:17:31.694,35,Regular Season,Estadio Vicente Calderón,Pedro Jesús Pérez Montero,,,1.1.0,2,2.0
2012-09-29,2012/2013,Sevilla,Barcelona,2,3,3,1.39,0.63,15,6,70.84,736,629,120,65,4,4,70275,22:00:00.000,Spain - La Liga,available,scheduled,2020-07-29T05:00,2021-06-13T16:17:31.694,6,Regular Season,Estadio Ramón Sánchez Pizjuán,Antonio Miguel Mateu Lahoz,,,1.1.0,2,2.0
2012-09-02,2012/2013,Barcelona,Valencia,1,0,1,1.19,0.46,17,6,66.5,782,698,110,49,7,10,70286,21:30:00.000,Spain - La Liga,available,scheduled,2020-07-29T05:00,2021-06-13T16:17:31.694,3,Regular Season,Spotify Camp Nou,Miguel Pérez,,,1.1.0,2,2.0
2012-11-17,2012/2013,Barcelona,Real Zaragoza,3,1,3,0.7,0.77,8,3,65.09,826,732,163,41,8,6,70309,20:00:00.000,Spain - La Liga,available,scheduled,2020-07-29T05:00,2021-06-13T16:17:31.694,12,Regular Season,Spotify Camp Nou,Miguel Ayza,,,1.1.0,2,2.0
2012-10-07,2012/2013,Barcelona,Real Madrid,2,2,2,1.08,0.93,10,2,68.84,729,636,68,46,2,24,70300,19:50:00.000,Spain - La Liga,available,scheduled,2020-07-29T05:00,2021-06-13T16:17:31.694,7,Regular Season,Spotify Camp Nou,Carlos Delgado,,,1.1.0,2,2.0
2012-12-09,2012/2013,Real Betis,Barcelona,1,2,2,1.5,0.87,13,8,64.08,703,613,120,42,8,12,70295,21:00:00.000,Spain - La Liga,available,scheduled,2020-07-29T05:00,2021-06-13T16:17:31.694,15,Regular Season,Estadio Benito Villamarín,Carlos Velasco Carballo,,,1.1.0,2,2.0
2013-03-17,2012/2013,Barcelona,Rayo Vallecano,3,1,3,2.58,1.21,19,7,52.65,566,466,160,67,18,10,70307,21:00:00.000,Spain - La Liga,available,scheduled,2020-07-29T05:00,2021-06-13T16:17:31.694,28,Regular Season,Spotify Camp Nou,José Luis González González,,,1.1.0,2,2.0
2013-03-09,2012/2013,Barcelona,RC Deportivo La Coruña,2,0,2,1.41,0.07,12,7,71.32,925,832,124,61,9,17,70305,20:00:00.000,Spain - La Liga,available,scheduled,2020-07-29T05:00,2021-06-13T16:17:31.694,27,Regular Season,Spotify Camp Nou,Pedro Jesús Pérez Montero,,,1.1.0,2,2.0
2013-01-13,2012/2013,Málaga,Barcelona,1,3,3,1.54,0.33,12,4,63.02,813,732,161,59,9,15,266827,21:00:00.000,Spain - La Liga,available,scheduled,2020-07-29T05:00,2021-06-13T16:17:31.694,19,Regular Season,Estadio La Rosaleda,Carlos Delgado,,,1.1.0,2,2.0
2013-04-27,2012/2013,Athletic Club,Barcelona,2,2,2,1.14,1.39,15,6,57.27,634,498,170,61,16,11,267502,18:00:00.000,Spain - La Liga,available,scheduled,2022-09-25T20:52:24.444609,2021-06-13T16:17:31.694,33,Regular Season,Estadio San Mamés,Ignacio Iglesias Villanueva,Marcelo Alberto Bielsa Caldera,Francesc Vilanova i Bayo,1.1.0,2,2.0
2013-02-23,2012/2013,Barcelona,Sevilla,2,1,2,1.15,0.6,17,4,66.5,814,712,160,52,8,12,70271,22:00:00.000,Spain - La Liga,available,scheduled,2020-07-29T05:00,2021-06-13T16:17:31.694,25,Regular Season,Spotify Camp Nou,Carlos Velasco Carballo,,,1.1.0,2,2.0
2013-02-16,2012/2013,Granada,Barcelona,1,2,2,2.09,1.44,18,6,72.45,794,712,125,42,8,14,70294,20:00:00.000,Spain - La Liga,available,scheduled,2020-07-29T05:00,2021-06-13T16:17:31.694,24,Regular Season,Estadio Nuevo Los Cármenes,,,,1.1.0,2,2.0
2012-08-26,2012/2013,Osasuna,Barcelona,1,2,2,1.73,1.33,15,10,67.41,635,509,91,69,4,11,70262,19:00:00.000,Spain - La Liga,available,scheduled,2020-07-29T05:00,2021-06-13T16:17:31.694,2,Regular Season,Estadio El Sadar,César Muñiz,,,1.1.0,2,2.0
2012-09-15,2012/2013,Getafe,Barcelona,1,4,4,2.93,0.26,14,9,66.88,719,623,60,51,3,11,70292,20:00:00.000,Spain - La Liga,available,scheduled,2020-07-29T05:00,2021-06-13T16:17:31.694,4,Regular Season,Coliseum Alfonso Pérez,Fernando Teixeira,,,1.1.0,2,2.0
2014-04-05,2013/2014,Barcelona,Real Betis,3,1,2,2.88,0.46,12,4,63.62,654,544,161,49,15,12,267368,18:00:00.000,Spain - La Liga,available,scheduled,2020-07-29T05:00,2021-06-13T16:17:31.694,32,Regular Season,Spotify Camp Nou,Eduardo Prieto Iglesias,,,1.1.0,2,2.0
2013-09-14,2013/2014,Barcelona,Sevilla,3,2,3,1.44,0.49,18,9,65.77,711,621,116,58,4,15,70301,20:00:00.000,Spain - La Liga,available,scheduled,2020-07-29T05:00,2021-06-13T16:17:31.694,4,Regular Season,Spotify Camp Nou,César Muñiz,Gerardo Daniel Martino,Unai Emery Etxegoien,1.1.0,2,2.0
2013-09-01,2013/2014,Valencia,Barcelona,2,3,3,3.12,1.09,19,9,63.54,692,595,140,53,9,13,70298,21:00:00.000,Spain - La Liga,available,scheduled,2020-07-29T05:00,2021-06-13T16:17:31.694,3,Regular Season,Estadio de Mestalla,José Teixeira,Miroslav Đukić,Gerardo Daniel Martino,1.1.0,2,2.0
2013-09-21,2013/2014,Rayo Vallecano,Barcelona,0,4,4,2.27,1.91,13,7,45.31,415,303,168,54,5,17,70302,20:00:00.000,Spain - La Liga,available,scheduled,2022-07-23T12:11:58.073987,2021-06-13T16:17:31.694,5,Regular Season,Estadio de Vallecas,Carlos Clos Gómez,Francisco Jémez Martín,Gerardo Daniel Martino,1.1.0,2,2.0
2014-01-26,2013/2014,Barcelona,Málaga,3,0,3,2.72,0.2,23,9,70.41,759,670,135,54,14,13,70291,21:00:00.000,Spain - La Liga,available,scheduled,2020-07-29T05:00,2021-06-13T16:17:31.694,21,Regular Season,Spotify Camp Nou,Carlos Clos Gómez,Gerardo Daniel Martino,Bernd Schuster,1.1.0,2,2.0
2014-04-12,2013/2014,Granada,Barcelona,1,0,0,2.13,0.66,27,8,79.61,738,626,112,52,1,6,267138,20:00:00.000,Spain - La Liga,available,scheduled,2020-07-29T05:00,2021-06-13T16:17:31.694,33,Regular Season,Estadio Nuevo Los Cármenes,Carlos Delgado,Luis Lucas Alcaraz González,Gerardo Daniel Martino,1.1.0,2,2.0
2013-09-24,2013/2014,Barcelona,Real Sociedad,4,1,4,4.35,1.26,24,10,70.95,840,767,157,52,9,7,267520,20:00:00.000,Spain - La Liga,available,scheduled,2020-07-29T05:00,2021-06-13T16:17:31.694,6,Regular Season,Spotify Camp Nou,Jesús Gil Manzano,Gerardo Daniel Martino,Jagoba Arrasate Elustondo,1.1.0,2,2.0
2014-04-27,2013/2014,Villarreal,Barcelona,2,3,1,1.25,0.93,19,7,73.02,774,671,94,51,8,9,70289,21:00:00.000,Spain - La Liga,available,scheduled,2020-07-29T05:00,2021-06-13T16:17:31.694,35,Regular Season,Estadio de la Cerámica,David Fernández Borbalan,Marcelino García Toral,Gerardo Daniel Martino,1.1.0,2,2.0
2014-03-02,2013/2014,Barcelona,Almería,4,1,4,2.76,0.21,29,12,73.96,801,720,112,68,6,9,266066,21:00:00.000,Spain - La Liga,available,scheduled,2020-07-29T05:00,2021-06-13T16:17:31.694,26,Regular Season,Spotify Camp Nou,,Gerardo Daniel Martino,Francisco Javier Rodríguez Vílchez,1.1.0,2,2.0
2014-02-09,2013/2014,Sevilla,Barcelona,1,4,4,1.2,1.42,8,5,62.31,681,595,136,60,4,11,267675,21:00:00.000,Spain - La Liga,available,scheduled,2020-07-29T05:00,2021-06-13T16:17:31.694,23,Regular Season,Estadio Ramón Sánchez Pizjuán,José Teixeira,Unai Emery Etxegoien,Gerardo Daniel Martino,1.1.0,2,2.0
2014-01-19,2013/2014,Levante UD,Barcelona,1,1,1,1.07,0.31,16,5,72.91,740,631,74,50,6,11,70288,19:00:00.000,Spain - La Liga,available,scheduled,2022-07-23T12:18:49.547396,2021-06-13T16:17:31.694,20,Regular Season,Estadio Ciudad de Valencia,,Joaquín de Jesús Caparrós Camino,Gerardo Daniel Martino,1.1.0,2,2.0
2014-03-16,2013/2014,Barcelona,Osasuna,7,0,7,3.0,0.79,20,11,69.03,778,700,105,42,5,10,266074,17:00:00.000,Spain - La Liga,available,scheduled,2020-07-29T05:00,2021-06-13T16:17:31.694,28,Regular Season,Spotify Camp Nou,José Teixeira,Gerardo Daniel Martino,Javier Gracia Carlos,1.1.0,2,2.0
2014-04-20,2013/2014,Barcelona,Athletic Club,2,1,2,2.33,0.92,18,7,56.92,572,454,124,53,8,18,267567,21:00:00.000,Spain - La Liga,available,scheduled,2020-07-29T05:00,2021-06-13T16:17:31.694,34,Regular Season,Spotify Camp Nou,,Gerardo Daniel Martino,Ernesto Valverde Tejedor,1.1.0,2,2.0
2014-05-11,2013/2014,Elche,Barcelona,0,0,0,1.44,0.49,23,7,68.56,615,528,75,44,4,16,266201,19:00:00.000,Spain - La Liga,available,scheduled,2020-07-29T05:00,2021-06-13T16:17:31.694,37,Regular Season,Estadio Manuel Martínez Valero,Fernando Teixeira,Francisco Escriba Segura,Gerardo Daniel Martino,1.1.0,2,2.0
2014-03-26,2013/2014,Barcelona,Celta Vigo,3,0,3,2.78,0.83,14,6,66.81,755,673,150,42,5,11,266274,20:00:00.000,Spain - La Liga,available,scheduled,2020-07-29T05:00,2021-06-13T16:17:31.694,30,Regular Season,Spotify Camp Nou,Miguel Ayza,Gerardo Daniel Martino,Luis Enrique Martínez García,1.1.0,2,2.0
2013-10-26,2013/2014,Barcelona,Real Madrid,2,1,2,0.71,1.18,13,5,54.8,554,453,117,49,9,25,70293,18:00:00.000,Spain - La Liga,available,scheduled,2020-07-29T05:00,2021-06-13T16:17:31.694,10,Regular Season,Spotify Camp Nou,Alberto Undiano Mallenco,Gerardo Daniel Martino,Carlo Ancelotti,1.1.0,2,2.0
2014-02-15,2013/2014,Barcelona,Rayo Vallecano,6,0,6,2.26,0.47,20,8,58.02,651,559,118,55,7,9,265918,20:00:00.000,Spain - La Liga,available,scheduled,2020-07-29T05:00,2021-06-13T16:17:31.694,24,Regular Season,Spotify Camp Nou,,Gerardo Daniel Martino,Francisco Jémez Martín,1.1.0,2,2.0
2013-08-18,2013/2014,Barcelona,Levante UD,7,0,7,4.79,0.23,23,14,77.41,778,709,80,62,1,15,70277,19:00:00.000,Spain - La Liga,available,scheduled,2020-07-29T05:00,2021-06-13T16:17:31.694,1,Regular Season,Spotify Camp Nou,,Gerardo Daniel Martino,Joaquín de Jesús Caparrós Camino,1.1.0,2,2.0
2013-11-01,2013/2014,Barcelona,Espanyol,1,0,1,2.0,0.56,19,5,72.71,762,669,147,53,6,8,70283,21:00:00.000,Spain - La Liga,available,scheduled,2020-07-29T05:00,2021-06-13T16:17:31.694,12,Regular Season,Spotify Camp Nou,Carlos Velasco Carballo,Gerardo Daniel Martino,Javier Aguirre Onaindía,1.1.0,2,2.0
2014-03-29,2013/2014,Espanyol,Barcelona,0,1,1,3.74,0.58,22,10,71.38,768,646,99,64,13,8,70306,16:00:00.000,Spain - La Liga,available,scheduled,2020-07-29T05:00,2021-06-13T16:17:31.694,31,Regular Season,RCDE Stadium,Carlos Clos Gómez,Javier Aguirre Onaindía,Gerardo Daniel Martino,1.1.0,2,2.0
2014-05-17,2013/2014,Barcelona,Atlético Madrid,1,1,1,0.49,0.5,10,4,62.45,597,490,140,63,12,12,266256,18:00:00.000,Spain - La Liga,available,scheduled,2020-07-29T05:00,2021-06-13T16:17:31.694,38,Regular Season,Spotify Camp Nou,Antonio Miguel Mateu Lahoz,Gerardo Daniel Martino,Diego Pablo Simeone,1.1.0,2,2.0
2014-02-01,2013/2014,Barcelona,Valencia,2,3,2,2.26,1.48,20,5,64.95,732,654,148,50,7,17,266613,16:00:00.000,Spain - La Liga,available,scheduled,2020-07-29T05:00,2021-06-13T16:17:31.694,22,Regular Season,Spotify Camp Nou,Pedro Jesús Pérez Montero,Gerardo Daniel Martino,Juan Antonio Pizzi Torroja,1.1.0,2,2.0
2014-05-03,2013/2014,Barcelona,Getafe,2,2,2,1.55,0.57,19,8,75.41,785,691,101,66,9,17,266491,16:00:00.000,Spain - La Liga,available,scheduled,2020-07-29T05:00,2021-06-13T16:17:31.694,36,Regular Season,Spotify Camp Nou,José Teixeira,Gerardo Daniel Martino,Cosmin Marius Contra,1.1.0,2,2.0
2014-01-11,2013/2014,Atlético Madrid,Barcelona,0,0,0,0.52,0.75,8,3,68.7,766,645,164,49,3,11,265830,20:00:00.000,Spain - La Liga,available,scheduled,2020-07-29T05:00,2021-06-13T16:17:31.694,19,Regular Season,Estadio Vicente Calderón,Antonio Miguel Mateu Lahoz,Diego Pablo Simeone,Gerardo Daniel Martino,1.1.0,2,2.0
2014-03-23,2013/2014,Real Madrid,Barcelona,3,4,4,2.53,2.2,18,6,68.29,702,629,112,46,11,14,265857,21:00:00.000,Spain - La Liga,available,scheduled,2020-07-29T05:00,2021-06-13T16:17:31.694,29,Regular Season,Estadio Santiago Bernabéu,Alberto Undiano Mallenco,Carlo Ancelotti,Gerardo Daniel Martino,1.1.0,2,2.0
2013-11-10,2013/2014,Real Betis,Barcelona,1,4,4,2.58,2.05,11,8,56.1,575,459,185,62,7,13,266883,21:00:00.000,Spain - La Liga,available,scheduled,2020-07-29T05:00,2021-06-13T16:17:31.694,13,Regular Season,Estadio Benito Villamarín,José Luis González González,José Mel Pérez,Gerardo Daniel Martino,1.1.0,2,2.0
2014-03-08,2013/2014,Real Valladolid,Barcelona,1,0,0,0.8,0.74,12,6,73.01,752,646,144,56,8,14,266603,16:00:00.000,Spain - La Liga,available,scheduled,2020-07-29T05:00,2021-06-13T16:17:31.694,27,Regular Season,Estadio Municipal José Zorrilla,,Juan Ignacio Martínez Jiménez,Gerardo Daniel Martino,1.1.0,2,2.0
2014-02-22,2013/2014,Real Sociedad,Barcelona,3,1,1,0.75,1.35,10,3,64.65,629,535,109,50,5,17,265837,20:00:00.000,Spain - La Liga,available,scheduled,2020-07-29T05:00,2021-06-13T16:17:31.694,25,Regular Season,Reale Arena,David Fernández Borbalan,Jagoba Arrasate Elustondo,Gerardo Daniel Martino,1.1.0,2,2.0
2013-10-19,2013/2014,Osasuna,Barcelona,0,0,0,0.93,0.09,12,3,74.76,850,758,105,53,11,9,266462,20:00:00.000,Spain - La Liga,available,scheduled,2020-07-29T05:00,2021-06-13T16:17:31.694,9,Regular Season,Estadio El Sadar,Pedro Jesús Pérez Montero,Javier Gracia Carlos,Gerardo Daniel Martino,1.1.0,2,2.0
2013-10-29,2013/2014,Celta Vigo,Barcelona,0,3,2,1.94,0.56,21,9,59.43,652,554,173,66,13,13,267192,22:00:00.000,Spain - La Liga,available,scheduled,2020-07-29T05:00,2021-06-13T16:17:31.694,11,Regular Season,Abanca-Balaídos,David Fernández Borbalan,Luis Enrique Martínez García,Gerardo Daniel Martino,1.1.0,2,2.0
2013-09-28,2013/2014,Almería,Barcelona,0,2,2,1.47,0.15,16,4,70.32,789,699,140,57,6,16,266420,18:00:00.000,Spain - La Liga,available,scheduled,2020-07-29T05:00,2021-06-13T16:17:31.694,7,Regular Season,Power Horse Stadium – Estadio de los Juegos Mediterráneos,Miguel Ayza,Francisco Javier Rodríguez Vílchez,Gerardo Daniel Martino,1.1.0,2,2.0
2015-03-22,2014/2015,Barcelona,Real Madrid,2,1,2,2.35,0.98,17,5,52.11,532,455,190,54,10,11,267183,21:00:00.000,Spain - La Liga,available,scheduled,2022-08-14T18:11:16.045589,2021-06-13T16:17:31.694,28,Regular Season,Spotify Camp Nou,Antonio Miguel Mateu Lahoz,Luis Enrique Martínez García,Carlo Ancelotti,1.1.0,2,2.0
2014-11-22,2014/2015,Barcelona,Sevilla,5,1,5,2.21,0.1,15,9,68.98,765,684,144,50,11,8,265835,20:00:00.000,Spain - La Liga,available,scheduled,2020-07-29T05:00,2021-06-13T16:17:31.694,12,Regular Season,Spotify Camp Nou,,Luis Enrique Martínez García,Unai Emery Etxegoien,1.1.0,2,2.0
2014-09-24,2014/2015,Málaga,Barcelona,0,0,0,0.78,0.26,10,0,68.91,634,535,135,44,7,13,266838,22:00:00.000,Spain - La Liga,available,scheduled,2020-07-29T05:00,2021-06-13T16:17:31.694,5,Regular Season,Estadio La Rosaleda,,Javier Gracia Carlos,Luis Enrique Martínez García,1.1.0,2,2.0
2015-04-28,2014/2015,Barcelona,Getafe,6,0,6,2.15,0.48,20,12,71.52,791,721,92,58,5,11,265963,20:00:00.000,Spain - La Liga,available,scheduled,2022-08-14T18:34:52.948014,2021-06-13T16:17:31.694,34,Regular Season,Spotify Camp Nou,David Fernández Borbalan,Luis Enrique Martínez García,Pablo Franco Martín,1.1.0,2,2.0
2014-09-27,2014/2015,Barcelona,Granada,6,0,6,3.11,0.68,19,12,68.52,729,634,125,51,10,12,266117,18:00:00.000,Spain - La Liga,available,scheduled,2020-07-29T05:00,2021-06-13T16:17:31.694,6,Regular Season,Spotify Camp Nou,,Luis Enrique Martínez García,Joaquín de Jesús Caparrós Camino,1.1.0,2,2.0
2015-03-08,2014/2015,Barcelona,Rayo Vallecano,6,1,6,4.09,1.18,19,13,57.3,557,459,120,52,5,13,266916,12:00:00.000,Spain - La Liga,available,scheduled,2022-08-14T18:04:02.007235,2021-06-13T16:17:31.694,26,Regular Season,Spotify Camp Nou,Jesús Gil Manzano,Luis Enrique Martínez García,Francisco Jémez Martín,1.1.0,2,2.0
2015-05-23,2014/2015,Barcelona,RC Deportivo La Coruña,2,2,2,1.94,0.47,16,7,77.21,945,858,99,56,5,7,267197,18:30:00.000,Spain - La Liga,available,scheduled,2023-07-24T21:47:10.091170,2021-06-13T16:17:31.694,38,Regular Season,Spotify Camp Nou,Carlos Clos Gómez,Luis Enrique Martínez García,Víctor Sánchez del Amo,1.1.0,2,2.0
2014-12-13,2014/2015,Getafe,Barcelona,0,0,0,1.69,0.08,23,3,75.4,806,703,79,64,7,9,70264,16:00:00.000,Spain - La Liga,available,scheduled,2020-07-29T05:00,2021-06-13T16:17:31.694,15,Regular Season,Coliseum Alfonso Pérez,,Cosmin Marius Contra,Luis Enrique Martínez García,1.1.0,2,2.0
2014-09-13,2014/2015,Barcelona,Athletic Club,2,0,2,2.15,0.27,15,8,60.99,727,598,138,57,7,13,70273,16:00:00.000,Spain - La Liga,available,scheduled,2020-07-29T05:00,2021-06-13T16:17:31.694,3,Regular Season,Spotify Camp Nou,David Fernández Borbalan,Luis Enrique Martínez García,Ernesto Valverde Tejedor,1.1.0,2,2.0
2014-11-01,2014/2015,Barcelona,Celta Vigo,0,1,0,1.85,1.37,19,8,66.24,616,500,146,69,6,11,267301,20:00:00.000,Spain - La Liga,available,scheduled,2020-07-29T05:00,2021-06-13T16:17:31.694,10,Regular Season,Spotify Camp Nou,,Luis Enrique Martínez García,Manuel Eduardo Berizzo,1.1.0,2,2.0
2014-10-18,2014/2015,Barcelona,Eibar,3,0,3,2.77,0.71,28,12,74.03,781,694,85,47,8,11,265896,20:00:00.000,Spain - La Liga,available,scheduled,2022-08-14T17:20:55.698253,2021-06-13T16:17:31.694,8,Regular Season,Spotify Camp Nou,José Teixeira,Luis Enrique Martínez García,Gaizka Garitano Aguirre,1.1.0,2,2.0
2015-05-02,2014/2015,Córdoba CF,Barcelona,0,8,8,4.79,0.52,27,11,73.43,785,709,125,49,8,4,265866,16:00:00.000,Spain - La Liga,available,scheduled,2022-08-14T18:42:42.974719,2021-06-13T16:17:31.694,35,Regular Season,Estadio Nuevo Arcángel,Carlos Clos Gómez,José Antonio Romero Morilla,Luis Enrique Martínez García,1.1.0,2,2.0
2015-04-08,2014/2015,Barcelona,Almería,4,0,4,1.84,0.37,17,12,70.37,691,613,94,59,3,10,267400,20:00:00.000,Spain - La Liga,available,scheduled,2023-07-24T21:48:59.157523,2021-06-13T16:17:31.694,30,Regular Season,Spotify Camp Nou,,,,1.1.0,2,2.0
2014-08-31,2014/2015,Villarreal,Barcelona,0,1,1,3.22,0.76,22,6,73.02,774,676,105,61,7,10,266406,19:00:00.000,Spain - La Liga,available,scheduled,2020-07-29T05:00,2021-06-13T16:17:31.694,2,Regular Season,Estadio de la Cerámica,Carlos Velasco Carballo,Marcelino García Toral,Luis Enrique Martínez García,1.1.0,2,2.0
2014-10-25,2014/2015,Real Madrid,Barcelona,3,1,1,1.22,2.06,14,4,57.32,634,550,135,43,8,14,267085,18:00:00.000,Spain - La Liga,available,scheduled,2022-08-14T17:28:42.264843,2021-06-13T16:17:31.694,9,Regular Season,Estadio Santiago Bernabéu,Jesús Gil Manzano,Carlo Ancelotti,Luis Enrique Martínez García,1.1.0,2,2.0
2014-10-04,2014/2015,Rayo Vallecano,Barcelona,0,2,2,2.03,0.73,17,6,59.29,533,430,166,46,7,9,267561,18:00:00.000,Spain - La Liga,available,scheduled,2020-07-29T05:00,2021-06-13T16:17:31.694,7,Regular Season,Estadio de Vallecas,Antonio Miguel Mateu Lahoz,Francisco Jémez Martín,Luis Enrique Martínez García,1.1.0,2,2.0
2015-02-21,2014/2015,Barcelona,Málaga,0,1,0,0.76,1.42,10,3,72.26,706,588,119,59,8,10,266148,16:00:00.000,Spain - La Liga,available,scheduled,2023-07-24T21:47:01.097628,2021-06-13T16:17:31.694,24,Regular Season,Spotify Camp Nou,,Luis Enrique Martínez García,Javier Gracia Carlos,1.1.0,2,2.0
2015-05-09,2014/2015,Barcelona,Real Sociedad,2,0,2,2.01,0.46,15,8,63.27,615,506,172,65,6,11,266045,18:00:00.000,Spain - La Liga,available,scheduled,2022-08-14T18:49:03.341489,2021-06-13T16:17:31.694,36,Regular Season,Spotify Camp Nou,Ignacio Iglesias Villanueva,Luis Enrique Martínez García,David Moyes,1.1.0,2,2.0
2015-01-11,2014/2015,Barcelona,Atlético Madrid,3,1,3,2.56,0.99,17,7,68.19,641,545,161,41,4,17,70303,21:00:00.000,Spain - La Liga,available,scheduled,2023-07-24T21:45:07.990490,2021-06-13T16:17:31.694,18,Regular Season,Spotify Camp Nou,Alberto Undiano Mallenco,Luis Enrique Martínez García,Diego Pablo Simeone,1.1.0,2,2.0
2015-01-04,2014/2015,Real Sociedad,Barcelona,1,0,0,0.85,0.47,16,4,72.36,733,619,109,64,2,15,266240,21:00:00.000,Spain - La Liga,available,scheduled,2023-07-24T21:49:55.914753,2021-06-13T16:17:31.694,17,Regular Season,Reale Arena,,David Moyes,Luis Enrique Martínez García,1.1.0,2,2.0
2015-02-01,2014/2015,Barcelona,Villarreal,3,2,3,2.94,1.01,18,5,68.61,743,643,116,62,8,9,267597,21:00:00.000,Spain - La Liga,available,scheduled,2022-08-14T17:57:09.908690,2021-06-13T16:17:31.694,21,Regular Season,Spotify Camp Nou,,Luis Enrique Martínez García,Marcelino García Toral,1.1.0,2,2.0
2015-01-24,2014/2015,Elche,Barcelona,0,6,6,2.74,0.22,11,8,70.45,720,646,128,36,11,11,266794,18:00:00.000,Spain - La Liga,available,scheduled,2022-08-14T17:49:59.873306,2021-06-13T16:17:31.694,20,Regular Season,Estadio Manuel Martínez Valero,Carlos Clos Gómez,Francisco Escriba Segura,Luis Enrique Martínez García,1.1.0,2,2.0
2015-02-28,2014/2015,Granada,Barcelona,1,3,3,3.18,1.24,16,8,64.85,511,416,117,43,6,13,267343,16:00:00.000,Spain - La Liga,available,scheduled,2023-07-24T21:50:15.215072,2021-06-13T16:17:31.694,25,Regular Season,Estadio Nuevo Los Cármenes,,Abel Resino Gómez,Luis Enrique Martínez García,1.1.0,2,2.0
2015-05-17,2014/2015,Atlético Madrid,Barcelona,0,1,1,1.09,0.56,14,5,74.82,746,661,102,36,1,9,266631,19:00:00.000,Spain - La Liga,available,scheduled,2023-07-24T21:49:33.046670,2021-06-13T16:17:31.694,37,Regular Season,Estadio Vicente Calderón,Alberto Undiano Mallenco,Diego Pablo Simeone,Luis Enrique Martínez García,1.1.0,2,2.0
2014-12-07,2014/2015,Barcelona,Espanyol,5,1,5,1.5,0.21,15,7,77.52,907,822,101,60,4,6,266320,17:00:00.000,Spain - La Liga,available,scheduled,2020-07-29T05:00,2021-06-13T16:17:31.694,14,Regular Season,Spotify Camp Nou,Ignacio Iglesias Villanueva,Luis Enrique Martínez García,Sergio González Soriano,1.1.0,2,2.0
2015-01-18,2014/2015,RC Deportivo La Coruña,Barcelona,0,4,3,1.84,0.56,15,7,67.27,738,638,162,63,14,9,266230,19:00:00.000,Spain - La Liga,available,scheduled,2022-08-14T17:43:47.980754,2021-06-13T16:17:31.694,19,Regular Season,Estadio Abanca-Riazor,,Victor Fernández Braulio,Luis Enrique Martínez García,1.1.0,2,2.0
2015-04-18,2014/2015,Barcelona,Valencia,2,0,2,2.17,1.83,11,5,67.34,703,616,138,38,4,18,266525,16:00:00.000,Spain - La Liga,available,scheduled,2023-07-24T21:43:55.012811,2021-06-13T16:17:31.694,32,Regular Season,Spotify Camp Nou,José Luis González González,Luis Enrique Martínez García,Nuno Herlander Simões Espírito Santo,1.1.0,2,2.0
2014-11-30,2014/2015,Valencia,Barcelona,0,1,1,1.48,0.87,14,3,70.79,756,651,146,53,8,11,266560,21:00:00.000,Spain - La Liga,available,scheduled,2020-07-29T05:00,2021-06-13T16:17:31.694,13,Regular Season,Estadio de Mestalla,David Fernández Borbalan,Nuno Herlander Simões Espírito Santo,Luis Enrique Martínez García,1.1.0,2,2.0
2014-12-20,2014/2015,Barcelona,Córdoba CF,5,0,5,1.88,0.11,16,9,73.32,838,735,105,50,4,13,266846,16:00:00.000,Spain - La Liga,available,scheduled,2020-07-29T05:00,2021-06-13T16:17:31.694,16,Regular Season,Spotify Camp Nou,Antonio Miguel Mateu Lahoz,Luis Enrique Martínez García,Miroslav Đukić,1.1.0,2,2.0
2015-04-25,2014/2015,Espanyol,Barcelona,0,2,2,1.93,0.52,13,5,71.18,751,657,113,41,2,13,266531,16:00:00.000,Spain - La Liga,available,scheduled,2023-07-24T21:48:36.369414,2021-06-13T16:17:31.694,33,Regular Season,RCDE Stadium,Antonio Miguel Mateu Lahoz,Sergio González Soriano,Luis Enrique Martínez García,1.1.0,2,2.0
2014-08-24,2014/2015,Barcelona,Elche,3,0,3,1.47,0.07,12,6,70.09,832,761,77,42,8,10,266921,21:00:00.000,Spain - La Liga,available,scheduled,2020-07-29T05:00,2021-06-13T16:17:31.694,1,Regular Season,Spotify Camp Nou,Fernando Teixeira,Luis Enrique Martínez García,Francisco Escriba Segura,1.1.0,2,2.0
2014-11-08,2014/2015,Almería,Barcelona,1,2,2,3.2,0.57,19,7,69.82,620,534,136,40,11,11,267499,16:00:00.000,Spain - La Liga,available,scheduled,2022-08-14T17:35:46.658152,2021-06-13T16:17:31.694,11,Regular Season,Power Horse Stadium – Estadio de los Juegos Mediterráneos,Alberto Undiano Mallenco,Francisco Javier Rodríguez Vílchez,Luis Enrique Martínez García,1.1.0,2,2.0
2015-02-15,2014/2015,Barcelona,Levante UD,5,0,5,3.31,0.34,19,10,75.0,798,714,60,47,10,8,266741,17:00:00.000,Spain - La Liga,available,scheduled,2023-07-24T21:44:55.278824,2021-06-13T16:17:31.694,23,Regular Season,Spotify Camp Nou,,Luis Enrique Martínez García,Luis Lucas Alcaraz González,1.1.0,2,2.0
2015-02-08,2014/2015,Athletic Club,Barcelona,2,5,4,3.36,2.02,20,9,72.3,830,730,59,41,11,9,266871,21:00:00.000,Spain - La Liga,available,scheduled,2023-07-24T21:46:02.129374,2021-06-13T16:17:31.694,22,Regular Season,San Mamés Barria,Antonio Miguel Mateu Lahoz,Ernesto Valverde Tejedor,Luis Enrique Martínez García,1.1.0,2,2.0
2015-03-14,2014/2015,Eibar,Barcelona,0,2,2,1.66,0.45,11,4,68.59,760,663,84,56,8,4,266967,18:00:00.000,Spain - La Liga,available,scheduled,2023-07-24T21:48:04.558640,2021-06-13T16:17:31.694,27,Regular Season,Estadio Municipal de Ipurúa,,Gaizka Garitano Aguirre,Luis Enrique Martínez García,1.1.0,2,2.0
2015-04-05,2014/2015,Celta Vigo,Barcelona,0,1,1,1.2,0.4,11,3,61.41,603,496,186,51,14,13,266929,21:00:00.000,Spain - La Liga,available,scheduled,2022-08-14T18:17:43.021648,2021-06-13T16:17:31.694,29,Regular Season,Abanca-Balaídos,,Manuel Eduardo Berizzo,Luis Enrique Martínez García,1.1.0,2,2.0
2014-09-21,2014/2015,Levante UD,Barcelona,0,5,5,3.47,0.37,17,8,74.22,855,768,103,45,7,11,266770,21:00:00.000,Spain - La Liga,available,scheduled,2020-07-29T05:00,2021-06-13T16:17:31.694,4,Regular Season,Estadio Ciudad de Valencia,José Luis González González,José Luis Mendilibar Etxebarria,Luis Enrique Martínez García,1.1.0,2,2.0
2015-04-11,2014/2015,Sevilla,Barcelona,2,2,2,1.3,0.97,17,6,69.39,764,679,120,46,6,11,266142,20:00:00.000,Spain - La Liga,available,scheduled,2022-08-14T18:25:25.446317,2021-06-13T16:17:31.694,31,Regular Season,Estadio Ramón Sánchez Pizjuán,,Unai Emery Etxegoien,Luis Enrique Martínez García,1.1.0,2,2.0
2015-11-08,2015/2016,Barcelona,Villarreal,3,0,3,2.87,0.33,20,9,63.14,687,585,121,43,23,15,3825660,17:00:00.000,Spain - La Liga,available,unscheduled,2022-02-28T16:58:10.853647,,11,Regular Season,Spotify Camp Nou,Carlos Clos Gómez,Luis Enrique Martínez García,Marcelino García Toral,1.1.0,2,2.0
2015-10-25,2015/2016,Barcelona,Eibar,3,1,3,1.71,0.78,14,5,66.6,626,530,109,53,28,14,3825637,19:15:00.000,Spain - La Liga,available,unscheduled,2022-02-14T14:44:25.324498,,9,Regular Season,Spotify Camp Nou,Carlos del Cerro Grande,Luis Enrique Martínez García,José Luis Mendilibar Etxebarria,1.1.0,2,2.0
2015-10-31,2015/2016,Getafe,Barcelona,0,2,2,1.98,0.24,15,6,69.38,775,663,133,52,14,3,3825645,21:30:00.000,Spain - La Liga,available,unscheduled,2022-02-14T14:53:16.243302,,10,Regular Season,Coliseum Alfonso Pérez,Juan Martínez Munuera,Francisco Escriba Segura,Luis Enrique Martínez García,1.1.0,2,2.0
2015-10-17,2015/2016,Barcelona,Rayo Vallecano,5,2,5,4.68,2.47,14,9,44.68,462,376,172,47,33,9,3825627,20:30:00.000,Spain - La Liga,available,unscheduled,2022-02-14T14:33:42.685284,,8,Regular Season,Spotify Camp Nou,Pedro Jesús Pérez Montero,Luis Enrique Martínez García,Francisco Jémez Martín,1.1.0,2,2.0
2015-10-03,2015/2016,Sevilla,Barcelona,2,1,1,3.41,1.3,28,8,62.87,579,479,90,36,13,17,3825617,16:00:00.000,Spain - La Liga,available,unscheduled,2022-02-14T14:22:14.714154,,7,Regular Season,Estadio Ramón Sánchez Pizjuán,Jesús Gil Manzano,Unai Emery Etxegoien,Luis Enrique Martínez García,1.1.0,2,2.0
2016-03-12,2015/2016,Barcelona,Getafe,6,0,5,2.93,0.26,15,9,68.76,711,638,139,42,10,7,266498,17:00:00.000,Spain - La Liga,available,scheduled,2023-07-24T21:49:59.471748,2021-06-13T16:17:31.694,29,Regular Season,Spotify Camp Nou,Pedro Jesús Pérez Montero,Luis Enrique Martínez García,Francisco Escriba Segura,1.1.0,2,2.0
2016-04-30,2015/2016,Real Betis,Barcelona,0,2,2,2.13,0.09,12,4,73.65,777,688,135,50,8,13,266986,20:30:00.000,Spain - La Liga,available,scheduled,2022-08-30T12:52:34.036721,2021-06-13T16:17:31.694,36,Regular Season,Estadio Benito Villamarín,Antonio Miguel Mateu Lahoz,Juan Merino Ruíz,Luis Enrique Martínez García,1.1.0,2,2.0
2016-04-02,2015/2016,Barcelona,Real Madrid,1,2,1,0.73,1.32,14,3,67.04,712,645,81,47,5,21,267533,20:30:00.000,Spain - La Liga,available,scheduled,2023-07-24T21:51:48.410526,2021-06-13T16:17:31.694,31,Regular Season,Spotify Camp Nou,,Luis Enrique Martínez García,Zinédine Zidane,1.1.0,2,2.0
2016-04-20,2015/2016,RC Deportivo La Coruña,Barcelona,0,8,8,4.03,1.63,17,9,64.99,748,692,167,19,16,9,266310,20:00:00.000,Spain - La Liga,available,scheduled,2023-07-24T21:52:42.890908,2021-06-13T16:17:31.694,34,Regular Season,Estadio Abanca-Riazor,,Víctor Sánchez del Amo,Luis Enrique Martínez García,1.1.0,2,2.0
2016-01-30,2015/2016,Barcelona,Atlético Madrid,2,1,2,0.57,0.68,10,4,70.01,719,642,124,50,2,8,267576,17:00:00.000,Spain - La Liga,available,scheduled,2022-08-30T11:31:07.816757,2021-06-13T16:17:31.694,22,Regular Season,Spotify Camp Nou,Alberto Undiano Mallenco,Luis Enrique Martínez García,Diego Pablo Simeone,1.1.0,2,2.0
2016-03-03,2015/2016,Rayo Vallecano,Barcelona,1,5,5,3.61,1.3,21,8,62.1,549,460,120,49,6,10,266653,22:00:00.000,Spain - La Liga,available,scheduled,2023-07-24T21:44:55.075875,2021-06-13T16:17:31.694,27,Regular Season,Estadio de Vallecas,,Francisco Jémez Martín,Luis Enrique Martínez García,1.1.0,2,2.0
2016-04-23,2015/2016,Barcelona,Sporting Gijón,6,0,6,4.72,0.41,23,8,71.88,744,648,106,42,6,11,265944,20:30:00.000,Spain - La Liga,available,scheduled,2023-07-24T17:54:12.421030,2021-06-13T16:17:31.694,35,Regular Season,Spotify Camp Nou,Carlos Clos Gómez,Luis Enrique Martínez García,Abelardo Fernández Antuña,1.1.0,2,2.0
2016-01-23,2015/2016,Málaga,Barcelona,1,2,2,2.13,1.09,11,5,65.53,597,504,85,46,1,10,265894,17:00:00.000,Spain - La Liga,available,scheduled,2022-08-30T11:24:51.437349,2021-06-13T16:17:31.694,21,Regular Season,Estadio La Rosaleda,Carlos Clos Gómez,Javier Gracia Carlos,Luis Enrique Martínez García,1.1.0,2,2.0
2016-05-08,2015/2016,Barcelona,Espanyol,5,0,5,2.93,0.49,14,7,66.99,625,542,107,51,4,15,265958,17:00:00.000,Spain - La Liga,available,scheduled,2023-07-24T21:48:06.008416,2021-06-13T16:17:31.694,37,Regular Season,Spotify Camp Nou,Jesús Gil Manzano,Luis Enrique Martínez García,Constantin Gâlcă,1.1.0,2,2.0
2015-09-26,2015/2016,Barcelona,Las Palmas,2,1,2,2.09,0.69,16,6,65.73,658,567,137,58,12,12,267611,16:00:00.000,Spain - La Liga,available,scheduled,2023-07-24T21:51:58.861743,2021-06-13T16:17:31.694,6,Regular Season,Spotify Camp Nou,,Luis Enrique Martínez García,Francisco Herrera Lorenzo,1.1.0,2,2.0
2015-08-29,2015/2016,Barcelona,Málaga,1,0,1,1.83,0.43,23,13,72.91,697,599,64,55,10,4,267422,20:30:00.000,Spain - La Liga,available,scheduled,2023-07-24T21:43:56.490047,2021-06-13T16:17:31.694,2,Regular Season,Spotify Camp Nou,,Luis Enrique Martínez García,Javier Gracia Carlos,1.1.0,2,2.0
2015-08-23,2015/2016,Athletic Club,Barcelona,0,1,1,1.74,0.3,10,4,67.58,736,596,67,50,6,11,266236,18:30:00.000,Spain - La Liga,available,scheduled,2023-07-24T21:45:51.010993,2021-06-13T16:17:31.694,1,Regular Season,San Mamés Barria,,Ernesto Valverde Tejedor,Luis Enrique Martínez García,1.1.0,2,2.0
2015-12-05,2015/2016,Valencia,Barcelona,1,1,1,1.33,0.48,16,5,69.99,758,660,116,59,9,18,267274,20:30:00.000,Spain - La Liga,available,scheduled,2023-07-24T21:46:03.786687,2021-06-13T16:17:31.694,14,Regular Season,Estadio de Mestalla,,Salvador González Marco,Luis Enrique Martínez García,1.1.0,2,2.0
2015-12-12,2015/2016,Barcelona,RC Deportivo La Coruña,2,2,2,1.04,0.99,19,8,67.82,727,635,147,47,9,6,266961,16:00:00.000,Spain - La Liga,available,scheduled,2020-07-29T05:00,2021-06-13T16:17:31.694,15,Regular Season,Spotify Camp Nou,,Luis Enrique Martínez García,Víctor Sánchez del Amo,1.1.0,2,2.0
2015-11-28,2015/2016,Barcelona,Real Sociedad,4,0,4,2.49,0.61,12,7,55.87,571,468,81,56,11,13,266885,16:00:00.000,Spain - La Liga,available,scheduled,2023-07-24T21:46:45.620687,2021-06-13T16:17:31.694,13,Regular Season,Spotify Camp Nou,Ignacio Iglesias Villanueva,Luis Enrique Martínez García,Eusebio Sacristán Mena,1.1.0,2,2.0
2016-02-17,2015/2016,Sporting Gijón,Barcelona,1,3,3,2.36,0.57,17,9,77.59,810,728,69,48,5,11,266815,18:30:00.000,Spain - La Liga,available,scheduled,2023-07-24T21:51:07.293520,2021-06-13T16:17:31.694,16,Regular Season,Estadio Municipal El Molinón,,Abelardo Fernández Antuña,Luis Enrique Martínez García,1.1.0,2,2.0
2016-05-14,2015/2016,Granada,Barcelona,0,3,3,2.42,0.51,12,10,65.31,595,514,136,42,5,10,267506,17:00:00.000,Spain - La Liga,available,scheduled,2022-08-30T13:00:21.018790,2021-06-13T16:17:31.694,38,Regular Season,Estadio Nuevo Los Cármenes,,José Manuel González López,Luis Enrique Martínez García,1.1.0,2,2.0
2016-04-09,2015/2016,Real Sociedad,Barcelona,1,0,0,1.17,0.43,13,6,72.75,726,613,128,60,7,16,266664,20:30:00.000,Spain - La Liga,available,scheduled,2022-08-30T12:06:30.681236,2021-06-13T16:17:31.694,32,Regular Season,Reale Arena,Ignacio Iglesias Villanueva,Eusebio Sacristán Mena,Luis Enrique Martínez García,1.1.0,2,2.0
2016-03-20,2015/2016,Villarreal,Barcelona,2,2,2,1.78,1.27,15,6,67.51,719,629,86,45,6,11,266106,17:00:00.000,Spain - La Liga,available,scheduled,2020-07-29T05:00,2021-06-13T16:17:31.694,30,Regular Season,Estadio de la Cerámica,,Marcelino García Toral,Luis Enrique Martínez García,1.1.0,2,2.0
2016-01-02,2015/2016,Espanyol,Barcelona,0,0,0,1.01,0.23,10,2,70.74,643,539,147,55,7,11,266670,16:00:00.000,Spain - La Liga,available,scheduled,2022-08-30T11:07:03.376857,2021-06-13T16:17:31.694,18,Regular Season,RCDE Stadium,José Luis González González,Constantin Gâlcă,Luis Enrique Martínez García,1.1.0,2,2.0
2016-01-17,2015/2016,Barcelona,Athletic Club,6,0,6,2.82,1.09,20,8,76.05,775,676,70,57,5,7,266149,20:30:00.000,Spain - La Liga,available,scheduled,2023-07-24T21:47:37.819590,2021-06-13T16:17:31.694,20,Regular Season,Spotify Camp Nou,Antonio Miguel Mateu Lahoz,Luis Enrique Martínez García,Ernesto Valverde Tejedor,1.1.0,2,2.0
2016-01-09,2015/2016,Barcelona,Granada,4,0,4,3.21,0.37,17,8,65.87,691,595,192,50,7,15,266620,16:00:00.000,Spain - La Liga,available,scheduled,2022-08-30T11:16:19.049611,2021-06-13T16:17:31.694,19,Regular Season,Spotify Camp Nou,Carlos Velasco Carballo,Luis Enrique Martínez García,José Ramón Sandoval Huertas,1.1.0,2,2.0
2016-03-06,2015/2016,Eibar,Barcelona,0,4,4,2.33,0.54,10,7,67.39,773,670,73,53,13,11,266056,17:00:00.000,Spain - La Liga,available,scheduled,2023-07-24T21:45:04.556843,2021-06-13T16:17:31.694,28,Regular Season,Estadio Municipal de Ipurúa,Alberto Undiano Mallenco,José Luis Mendilibar Etxebarria,Luis Enrique Martínez García,1.1.0,2,2.0
2015-12-30,2015/2016,Barcelona,Real Betis,4,0,3,3.46,1.2,16,7,62.76,610,509,130,41,5,17,267327,20:30:00.000,Spain - La Liga,available,scheduled,2023-07-24T17:59:40.159198,2021-06-13T16:17:31.694,17,Regular Season,Spotify Camp Nou,,Luis Enrique Martínez García,José Mel Pérez,1.1.0,2,2.0
2015-09-12,2015/2016,Atlético Madrid,Barcelona,1,2,2,1.73,0.71,14,4,68.14,755,657,126,44,5,5,266166,20:30:00.000,Spain - La Liga,available,scheduled,2023-07-24T21:46:36.538236,2021-06-13T16:17:31.694,3,Regular Season,Estadio Vicente Calderón,Antonio Miguel Mateu Lahoz,Diego Pablo Simeone,Luis Enrique Martínez García,1.1.0,2,2.0
2016-02-07,2015/2016,Levante UD,Barcelona,0,2,1,1.08,0.85,11,4,67.98,658,565,167,44,7,10,266160,13:00:00.000,Spain - La Liga,available,scheduled,2023-07-24T21:45:46.207168,2021-06-13T16:17:31.694,23,Regular Season,Estadio Ciudad de Valencia,Pedro Jesús Pérez Montero,Joan Francesc Ferrer Sicilia,Luis Enrique Martínez García,1.1.0,2,2.0
2016-02-28,2015/2016,Barcelona,Sevilla,2,1,2,2.06,1.5,15,8,67.99,720,610,127,52,5,13,265839,21:30:00.000,Spain - La Liga,available,scheduled,2022-08-30T11:54:13.382802,2021-06-13T16:17:31.694,26,Regular Season,Spotify Camp Nou,,Luis Enrique Martínez García,Unai Emery Etxegoien,1.1.0,2,2.0
2015-11-21,2015/2016,Real Madrid,Barcelona,0,4,4,2.48,1.34,18,6,57.99,671,591,113,46,5,12,266424,18:15:00.000,Spain - La Liga,available,scheduled,2022-08-30T11:00:31.902311,2021-06-13T16:17:31.694,12,Regular Season,Estadio Santiago Bernabéu,David Fernández Borbalan,Rafael Benítez Maudes,Luis Enrique Martínez García,1.1.0,2,2.0
2015-09-23,2015/2016,Celta Vigo,Barcelona,4,1,1,1.94,2.11,18,7,55.53,517,412,138,50,5,4,266467,20:00:00.000,Spain - La Liga,available,scheduled,2020-07-29T05:00,2021-06-13T16:17:31.694,5,Regular Season,Abanca-Balaídos,Alberto Undiano Mallenco,Manuel Eduardo Berizzo,Luis Enrique Martínez García,1.1.0,2,2.0
2016-02-20,2015/2016,Las Palmas,Barcelona,1,2,2,2.66,1.35,12,8,53.51,609,525,205,48,6,16,267273,17:00:00.000,Spain - La Liga,available,scheduled,2020-07-29T05:00,2021-06-13T16:17:31.694,25,Regular Season,Estadio de Gran Canaria,,Enrique Setién Solar,Luis Enrique Martínez García,1.1.0,2,2.0
2015-09-20,2015/2016,Barcelona,Levante UD,4,1,4,3.53,0.72,20,7,68.46,712,623,111,45,5,7,266490,20:30:00.000,Spain - La Liga,available,scheduled,2022-08-30T10:30:18.594970,2021-06-13T16:17:31.694,4,Regular Season,Spotify Camp Nou,David Fernández Borbalan,Luis Enrique Martínez García,Luis Lucas Alcaraz González,1.1.0,2,2.0
2016-02-14,2015/2016,Barcelona,Celta Vigo,6,1,6,4.18,1.34,20,10,63.35,579,477,194,57,18,12,266254,21:30:00.000,Spain - La Liga,available,scheduled,2023-07-24T17:56:08.111843,2021-06-13T16:17:31.694,24,Regular Season,Spotify Camp Nou,,Luis Enrique Martínez García,Manuel Eduardo Berizzo,1.1.0,2,2.0
2016-04-17,2015/2016,Barcelona,Valencia,1,2,1,2.26,0.68,22,7,69.57,686,582,146,54,4,12,266557,20:30:00.000,Spain - La Liga,available,scheduled,2023-07-24T18:00:30.746407,2021-06-13T16:17:31.694,33,Regular Season,Spotify Camp Nou,David Fernández Borbalan,Luis Enrique Martínez García,Francisco Martín Ayestarán Barandiarán,1.1.0,2,2.0
2016-11-06,2016/2017,Sevilla,Barcelona,1,2,2,1.85,1.41,14,7,52.11,519,444,196,43,10,13,266989,20:45:00.000,Spain - La Liga,available,scheduled,2023-07-24T21:50:55.698179,2021-06-13T16:17:31.694,11,Regular Season,Estadio Ramón Sánchez Pizjuán,,Jorge Luis Sampaoli Moya,Luis Enrique Martínez García,1.1.0,2,2.0
2016-12-10,2016/2017,Osasuna,Barcelona,0,3,3,3.29,0.09,17,6,79.47,906,819,104,43,4,6,266357,13:00:00.000,Spain - La Liga,available,scheduled,2023-07-24T21:41:37.118536,2021-06-13T16:17:31.694,15,Regular Season,Estadio El Sadar,,Joaquín de Jesús Caparrós Camino,Luis Enrique Martínez García,1.1.0,2,2.0
2017-04-23,2016/2017,Real Madrid,Barcelona,2,3,3,1.78,2.68,16,9,56.68,581,509,125,37,5,9,267569,20:45:00.000,Spain - La Liga,available,scheduled,2023-07-24T21:43:33.680670,2021-06-13T16:17:31.694,33,Regular Season,Estadio Santiago Bernabéu,,Zinédine Zidane,Luis Enrique Martínez García,1.1.0,2,2.0
2016-09-17,2016/2017,Leganés,Barcelona,1,5,5,3.35,1.09,10,7,61.05,536,455,154,57,8,8,267212,13:00:00.000,Spain - La Liga,available,scheduled,2022-11-19T16:09:54.565019,2021-06-13T16:17:31.694,4,Regular Season,Estadio Municipal de Butarque,,Asier Garitano Aguirrezábal,Luis Enrique Martínez García,1.1.0,2,2.0
2016-09-10,2016/2017,Barcelona,Deportivo Alavés,1,2,1,1.65,0.4,17,2,74.3,746,651,111,42,8,13,266669,20:30:00.000,Spain - La Liga,available,scheduled,2023-05-11T08:12:51.955151,2021-06-13T16:17:31.694,3,Regular Season,Spotify Camp Nou,,Luis Enrique Martínez García,Mauricio Pellegrino,1.1.0,2,2.0
2016-08-28,2016/2017,Athletic Club,Barcelona,0,1,1,1.81,0.55,11,2,63.28,648,540,86,45,7,13,266892,20:15:00.000,Spain - La Liga,available,scheduled,2022-11-19T16:05:59.289907,2021-06-13T16:17:31.694,2,Regular Season,San Mamés Barria,Antonio Miguel Mateu Lahoz,Ernesto Valverde Tejedor,Luis Enrique Martínez García,1.1.0,2,2.0
2016-09-21,2016/2017,Barcelona,Atlético Madrid,1,1,1,1.03,0.58,19,7,70.39,775,690,120,41,14,15,267220,22:00:00.000,Spain - La Liga,available,scheduled,2023-07-24T21:42:13.386289,2021-06-13T16:17:31.694,5,Regular Season,Spotify Camp Nou,David Fernández Borbalan,Luis Enrique Martínez García,Diego Pablo Simeone,1.1.0,2,2.0
2016-08-20,2016/2017,Barcelona,Real Betis,6,2,6,3.53,0.23,29,12,72.23,723,631,92,50,12,17,267670,18:15:00.000,Spain - La Liga,available,scheduled,2022-11-19T16:01:22.382731,2021-06-13T16:17:31.694,1,Regular Season,Spotify Camp Nou,Alberto Undiano Mallenco,Luis Enrique Martínez García,Gustavo Augusto Poyet Domínguez,1.1.0,2,2.0
2017-01-29,2016/2017,Real Betis,Barcelona,1,1,1,0.92,1.29,10,4,66.4,587,489,100,54,2,15,266516,12:00:00.000,Spain - La Liga,available,scheduled,2023-07-24T21:45:34.371938,2021-06-13T16:17:31.694,20,Regular Season,Estadio Benito Villamarín,,Víctor Sánchez del Amo,Luis Enrique Martínez García,1.1.0,2,2.0
2017-05-14,2016/2017,Las Palmas,Barcelona,1,4,4,1.87,0.72,11,5,60.94,671,592,134,41,7,17,267039,20:00:00.000,Spain - La Liga,available,scheduled,2023-07-24T21:43:11.033141,2021-06-13T16:17:31.694,37,Regular Season,Estadio de Gran Canaria,José Luis González González,Enrique Setién Solar,Luis Enrique Martínez García,1.1.0,2,2.0
2017-01-08,2016/2017,Villarreal,Barcelona,1,1,1,1.38,0.32,20,8,68.83,720,632,118,59,3,15,266477,20:45:00.000,Spain - La Liga,available,scheduled,2023-07-24T17:55:12.814918,2021-06-13T16:17:31.694,17,Regular Season,Estadio de la Cerámica,Ignacio Iglesias Villanueva,Francisco Escriba Segura,Luis Enrique Martínez García,1.1.0,2,2.0
2017-04-26,2016/2017,Barcelona,Osasuna,7,1,7,3.66,0.08,19,10,76.08,846,749,135,46,2,3,267101,19:30:00.000,Spain - La Liga,available,scheduled,2023-07-24T21:48:41.471109,2021-06-13T16:17:31.694,34,Regular Season,Spotify Camp Nou,,Luis Enrique Martínez García,Petar Vasiljević,1.1.0,2,2.0
2017-03-19,2016/2017,Barcelona,Valencia,4,2,4,3.72,0.98,28,11,71.97,670,588,100,51,7,4,266440,20:45:00.000,Spain - La Liga,available,scheduled,2023-07-24T21:40:36.642214,2021-06-13T16:17:31.694,28,Regular Season,Spotify Camp Nou,,Luis Enrique Martínez García,Salvador González Marco,1.1.0,2,2.0
2016-10-22,2016/2017,Valencia,Barcelona,2,3,3,1.97,1.04,15,8,69.03,682,593,152,55,3,15,266033,16:15:00.000,Spain - La Liga,available,scheduled,2023-07-24T21:49:01.733896,2021-06-13T16:17:31.694,9,Regular Season,Estadio de Mestalla,Alberto Undiano Mallenco,Claudio Cesare Prandelli,Luis Enrique Martínez García,1.1.0,2,2.0
2017-03-12,2016/2017,RC Deportivo La Coruña,Barcelona,2,1,1,1.34,1.57,15,5,70.41,747,635,101,54,4,9,267660,16:15:00.000,Spain - La Liga,available,scheduled,2022-11-30T17:50:11.505639,2021-06-13T16:17:31.694,27,Regular Season,Estadio Abanca-Riazor,David Fernández Borbalan,José Mel Pérez,Luis Enrique Martínez García,1.1.0,2,2.0
2017-02-11,2016/2017,Deportivo Alavés,Barcelona,0,6,5,2.88,1.42,22,9,69.9,734,648,77,48,8,10,266273,16:15:00.000,Spain - La Liga,available,scheduled,2023-07-24T21:49:40.233242,2021-06-13T16:17:31.694,22,Regular Season,Estadio de Mendizorroza,Carlos Clos Gómez,Mauricio Pellegrino,Luis Enrique Martínez García,1.1.0,2,2.0
2017-01-14,2016/2017,Barcelona,Las Palmas,5,0,5,3.38,0.57,23,10,59.98,595,524,181,39,11,14,267395,16:15:00.000,Spain - La Liga,available,scheduled,2023-05-11T08:13:40.117646,2021-06-13T16:17:31.694,18,Regular Season,Spotify Camp Nou,Alberto Undiano Mallenco,Luis Enrique Martínez García,Enrique Setién Solar,1.1.0,2,2.0
2017-02-04,2016/2017,Barcelona,Athletic Club,3,0,3,0.97,0.82,16,6,54.12,539,443,93,46,4,13,266874,16:15:00.000,Spain - La Liga,available,scheduled,2023-07-24T17:57:56.516416,2021-06-13T16:17:31.694,21,Regular Season,Spotify Camp Nou,José Luis González González,Luis Enrique Martínez García,Ernesto Valverde Tejedor,1.1.0,2,2.0
2017-01-22,2016/2017,Eibar,Barcelona,0,4,4,1.84,0.61,14,7,60.61,617,499,119,59,8,5,266731,20:45:00.000,Spain - La Liga,available,scheduled,2023-07-24T17:57:06.130288,2021-06-13T16:17:31.694,19,Regular Season,Estadio Municipal de Ipurúa,,José Luis Mendilibar Etxebarria,Luis Enrique Martínez García,1.1.0,2,2.0
2016-12-18,2016/2017,Barcelona,Espanyol,4,1,4,2.02,0.25,14,7,66.43,645,567,154,44,9,11,266528,20:45:00.000,Spain - La Liga,available,scheduled,2023-07-24T21:42:34.637040,2021-06-13T16:17:31.694,16,Regular Season,Spotify Camp Nou,Antonio Miguel Mateu Lahoz,Luis Enrique Martínez García,Enrique Sánchez Flores,1.1.0,2,2.0
2017-04-05,2016/2017,Barcelona,Sevilla,3,0,3,1.17,0.61,13,7,56.78,628,547,159,41,9,17,266280,19:30:00.000,Spain - La Liga,available,scheduled,2023-07-24T21:46:34.060601,2021-06-13T16:17:31.694,30,Regular Season,Spotify Camp Nou,Carlos Clos Gómez,Luis Enrique Martínez García,Jorge Luis Sampaoli Moya,1.1.0,2,2.0
2017-05-21,2016/2017,Barcelona,Eibar,4,2,3,5.02,1.08,17,10,71.89,642,552,102,55,6,5,267432,20:00:00.000,Spain - La Liga,available,scheduled,2022-11-30T18:34:51.329429,2021-06-13T16:17:31.694,38,Regular Season,Spotify Camp Nou,,Luis Enrique Martínez García,José Luis Mendilibar Etxebarria,1.1.0,2,2.0
2016-12-03,2016/2017,Barcelona,Real Madrid,1,1,1,1.22,1.11,12,2,55.51,594,506,259,44,11,20,267076,16:15:00.000,Spain - La Liga,available,scheduled,2022-11-19T16:45:15.008713,2021-06-13T16:17:31.694,14,Regular Season,Spotify Camp Nou,Carlos Clos Gómez,Luis Enrique Martínez García,Zinédine Zidane,1.1.0,2,2.0
2017-04-08,2016/2017,Málaga,Barcelona,2,0,0,1.32,0.87,12,3,67.64,669,569,118,38,16,21,267590,20:45:00.000,Spain - La Liga,available,scheduled,2023-07-24T21:41:12.651789,2021-06-13T16:17:31.694,31,Regular Season,Estadio La Rosaleda,Jesús Gil Manzano,José Miguel González Martín del Campo,Luis Enrique Martínez García,1.1.0,2,2.0
2017-04-15,2016/2017,Barcelona,Real Sociedad,3,2,3,2.54,0.76,15,9,52.71,545,463,240,40,10,17,267373,20:45:00.000,Spain - La Liga,available,scheduled,2023-07-24T21:47:36.081731,2021-06-13T16:17:31.694,32,Regular Season,Spotify Camp Nou,,Luis Enrique Martínez García,Eusebio Sacristán Mena,1.1.0,2,2.0
2017-04-29,2016/2017,Espanyol,Barcelona,0,3,3,1.67,0.41,16,10,65.21,671,560,80,57,3,20,267077,20:45:00.000,Spain - La Liga,available,scheduled,2022-11-30T18:20:38.178231,2021-06-13T16:17:31.694,35,Regular Season,RCDE Stadium,Alberto Undiano Mallenco,Enrique Sánchez Flores,Luis Enrique Martínez García,1.1.0,2,2.0
2017-05-06,2016/2017,Barcelona,Villarreal,4,1,4,2.54,0.76,20,8,66.08,746,669,120,47,4,11,266952,18:30:00.000,Spain - La Liga,available,scheduled,2023-07-24T21:44:41.005181,2021-06-13T16:17:31.694,36,Regular Season,Spotify Camp Nou,,Luis Enrique Martínez García,Francisco Escriba Segura,1.1.0,2,2.0
2017-02-26,2016/2017,Atlético Madrid,Barcelona,1,2,2,1.83,1.02,15,6,62.41,528,407,53,59,3,16,267464,16:15:00.000,Spain - La Liga,available,scheduled,2023-07-24T17:58:47.723079,2021-06-13T16:17:31.694,24,Regular Season,Estadio Vicente Calderón,Antonio Miguel Mateu Lahoz,Diego Pablo Simeone,Luis Enrique Martínez García,1.1.0,2,2.0
2017-03-04,2016/2017,Barcelona,Celta Vigo,5,0,5,2.63,0.49,19,9,63.33,670,572,106,51,3,10,266299,20:45:00.000,Spain - La Liga,available,scheduled,2022-11-30T17:46:36.271147,2021-06-13T16:17:31.694,26,Regular Season,Spotify Camp Nou,Jesús Gil Manzano,Luis Enrique Martínez García,Manuel Eduardo Berizzo,1.1.0,2,2.0
2016-11-27,2016/2017,Real Sociedad,Barcelona,1,1,1,0.57,1.77,10,2,48.92,476,358,270,42,9,15,266191,20:45:00.000,Spain - La Liga,available,scheduled,2022-11-19T16:42:06.063453,2021-06-13T16:17:31.694,13,Regular Season,Reale Arena,Jesús Gil Manzano,Eusebio Sacristán Mena,Luis Enrique Martínez García,1.1.0,2,2.0
2017-03-01,2016/2017,Barcelona,Sporting Gijón,6,1,6,1.79,1.26,22,10,74.43,748,663,126,46,3,13,265952,19:30:00.000,Spain - La Liga,available,scheduled,2022-11-30T17:41:12.856741,2021-06-13T16:17:31.694,25,Regular Season,Spotify Camp Nou,,Luis Enrique Martínez García,Joan Francesc Ferrer Sicilia,1.1.0,2,2.0
2016-10-15,2016/2017,Barcelona,RC Deportivo La Coruña,4,0,4,3.75,0.28,25,8,70.01,698,614,91,66,4,6,267492,16:15:00.000,Spain - La Liga,available,scheduled,2023-07-24T21:44:15.323363,2021-06-13T16:17:31.694,8,Regular Season,Spotify Camp Nou,,Luis Enrique Martínez García,Gaizka Garitano Aguirre,1.1.0,2,2.0
2017-02-19,2016/2017,Barcelona,Leganés,2,1,2,2.14,1.1,13,6,70.4,780,688,117,56,6,10,267596,20:45:00.000,Spain - La Liga,available,scheduled,2022-11-30T17:34:55.935989,2021-06-13T16:17:31.694,23,Regular Season,Spotify Camp Nou,Ignacio Iglesias Villanueva,Luis Enrique Martínez García,Asier Garitano Aguirrezábal,1.1.0,2,2.0
2016-10-29,2016/2017,Barcelona,Granada,1,0,1,1.66,0.01,15,5,71.03,733,651,158,38,7,8,267058,20:45:00.000,Spain - La Liga,available,scheduled,2022-11-19T16:31:49.005726,2021-06-13T16:17:31.694,10,Regular Season,Spotify Camp Nou,,Luis Enrique Martínez García,Luis Lucas Alcaraz González,1.1.0,2,2.0
2018-04-14,2017/2018,Barcelona,Valencia,2,1,2,1.63,2.22,12,7,62.13,722,637,122,41,6,9,9880,16:15:00.000,Spain - La Liga,available,scheduled,2023-02-08T17:23:53.901920,2021-06-13T16:17:31.694,32,Regular Season,Spotify Camp Nou,Carlos del Cerro Grande,Ernesto Valverde Tejedor,Marcelino García Toral,1.1.0,2,2.0
2018-04-29,2017/2018,RC Deportivo La Coruña,Barcelona,2,4,4,3.2,2.24,21,9,62.01,736,651,96,44,11,9,9912,20:45:00.000,Spain - La Liga,available,scheduled,2022-12-05T14:42:44.641092,2021-06-13T16:17:31.694,35,Regular Season,Estadio Abanca-Riazor,Ricardo De Burgos Bengoetxea,Clarence Seedorf,Ernesto Valverde Tejedor,1.1.0,2,2.0
2018-05-06,2017/2018,Barcelona,Real Madrid,2,2,2,1.01,1.77,11,4,50.04,581,503,90,40,5,9,9924,20:45:00.000,Spain - La Liga,available,scheduled,2022-12-01T03:25:12.063586,2021-06-13T16:17:31.694,36,Regular Season,Spotify Camp Nou,Alejandro José Hernández Hernández,Ernesto Valverde Tejedor,Zinédine Zidane,1.1.0,2,2.0
2018-03-18,2017/2018,Barcelona,Athletic Club,2,0,2,1.53,0.63,17,9,58.51,629,536,101,66,18,8,9855,16:15:00.000,Spain - La Liga,available,scheduled,2022-12-01T02:33:31.178193,2021-06-13T16:17:31.694,29,Regular Season,Spotify Camp Nou,Santiago Jaime Latre,Ernesto Valverde Tejedor,José Ángel Ziganda Lacunza,1.1.0,2,2.0
2018-03-01,2017/2018,Las Palmas,Barcelona,1,1,1,1.05,1.24,10,4,63.71,590,505,110,42,10,14,9827,21:00:00.000,Spain - La Liga,available,scheduled,2022-08-04T17:18:06.540844,2021-06-13T16:17:31.694,26,Regular Season,Estadio de Gran Canaria,Antonio Miguel Mateu Lahoz,Francisco Jémez Martín,Ernesto Valverde Tejedor,1.1.0,2,2.0
2018-02-17,2017/2018,Eibar,Barcelona,0,2,2,2.81,0.68,10,6,53.3,581,476,152,47,23,10,9799,16:15:00.000,Spain - La Liga,available,scheduled,2022-12-01T01:41:38.350571,2021-06-13T16:17:31.694,24,Regular Season,Estadio Municipal de Ipurúa,Alejandro José Hernández Hernández,José Luis Mendilibar Etxebarria,Ernesto Valverde Tejedor,1.1.0,2,2.0
2017-10-01,2017/2018,Barcelona,Las Palmas,3,0,3,3.1,0.57,22,10,47.78,538,464,160,49,18,13,9636,16:15:00.000,Spain - La Liga,available,scheduled,2022-02-04T22:31:59.619211,2021-06-13T16:17:31.694,7,Regular Season,Spotify Camp Nou,José Luis Munuera Montero,Ernesto Valverde Tejedor,Francisco Martín Ayestarán Barandiarán,1.1.0,2,2.0
2017-09-19,2017/2018,Barcelona,Eibar,6,1,6,2.0,1.03,11,10,60.11,639,552,137,35,18,5,9609,22:00:00.000,Spain - La Liga,available,scheduled,2022-02-04T14:40:31.817331,2021-06-13T16:17:31.694,5,Regular Season,Spotify Camp Nou,Alejandro José Hernández Hernández,Ernesto Valverde Tejedor,José Luis Mendilibar Etxebarria,1.1.0,2,2.0
2017-08-20,2017/2018,Barcelona,Real Betis,2,0,1,1.16,0.19,15,2,60.35,685,600,159,48,15,17,9575,20:15:00.000,Spain - La Liga,available,scheduled,2020-07-29T05:00,2021-06-13T16:17:31.694,1,Regular Season,Spotify Camp Nou,Daniel Jesús Trujillo Suárez,Ernesto Valverde Tejedor,Enrique Setién Solar,1.1.0,2,
2018-05-09,2017/2018,Barcelona,Villarreal,5,1,5,2.91,1.25,13,6,56.44,666,587,157,43,7,8,9928,20:00:00.000,Spain - La Liga,available,scheduled,2020-07-29T05:00,2021-06-13T16:17:31.694,34,Regular Season,Spotify Camp Nou,,Ernesto Valverde Tejedor,Javier Calleja Revilla,1.1.0,2,
2017-12-23,2017/2018,Real Madrid,Barcelona,0,3,3,3.34,0.91,18,11,54.67,597,525,224,35,16,12,9736,13:00:00.000,Spain - La Liga,available,scheduled,2020-07-29T05:00,2021-06-13T16:17:31.694,17,Regular Season,Estadio Santiago Bernabéu,,Zinédine Zidane,Ernesto Valverde Tejedor,1.1.0,2,
2018-01-07,2017/2018,Barcelona,Levante UD,3,0,3,2.37,0.68,16,8,70.47,723,658,150,38,18,11,9742,16:15:00.000,Spain - La Liga,available,scheduled,2022-06-18T19:26:24.300460,2021-06-13T16:17:31.694,18,Regular Season,Spotify Camp Nou,,Ernesto Valverde Tejedor,Juan Ramón López Muñiz,1.1.0,2,2.0
2018-01-21,2017/2018,Real Betis,Barcelona,0,5,5,2.22,0.35,14,9,52.48,571,478,157,49,7,11,9765,20:45:00.000,Spain - La Liga,available,scheduled,2020-07-29T05:00,2021-06-13T16:17:31.694,20,Regular Season,Estadio Benito Villamarín,,"Eder Sarabia Armesto, Enrique Setién Solar",Ernesto Valverde Tejedor,1.1.0,2,
2017-10-28,2017/2018,Athletic Club,Barcelona,0,2,2,2.66,1.31,17,5,60.24,600,488,129,37,7,15,9661,20:45:00.000,Spain - La Liga,available,scheduled,2022-02-10T21:47:49.678101,2021-06-13T16:17:31.694,10,Regular Season,San Mamés Barria,Juan Martínez Munuera,José Ángel Ziganda Lacunza,Ernesto Valverde Tejedor,1.1.0,2,2.0
2017-09-09,2017/2018,Barcelona,Espanyol,5,0,5,3.09,0.47,20,9,75.17,766,681,149,39,5,11,9592,20:45:00.000,Spain - La Liga,available,scheduled,2020-07-29T05:00,2021-06-13T16:17:31.694,3,Regular Season,Spotify Camp Nou,Jesús Gil Manzano,Ernesto Valverde Tejedor,Enrique Sánchez Flores,1.1.0,2,
2018-04-07,2017/2018,Barcelona,Leganés,3,1,3,2.24,0.66,12,6,68.48,743,647,108,53,10,19,9870,20:45:00.000,Spain - La Liga,available,scheduled,2023-02-28T07:25:15.903248,2021-06-13T16:17:31.694,31,Regular Season,Spotify Camp Nou,Ricardo De Burgos Bengoetxea,Ernesto Valverde Tejedor,Asier Garitano Aguirrezábal,1.1.0,2,2.0
2018-02-04,2017/2018,Espanyol,Barcelona,1,1,1,0.83,0.57,13,3,72.0,653,540,115,48,12,12,9783,16:15:00.000,Spain - La Liga,available,scheduled,2022-12-01T01:27:40.607637,2021-06-13T16:17:31.694,22,Regular Season,RCDE Stadium,Jesús Gil Manzano,Enrique Sánchez Flores,Ernesto Valverde Tejedor,1.1.0,2,2.0
2017-12-02,2017/2018,Barcelona,Celta Vigo,2,2,2,3.3,1.67,22,7,64.58,775,671,128,66,16,11,9700,13:00:00.000,Spain - La Liga,available,scheduled,2022-12-01T00:56:01.522299,2021-06-13T16:17:31.694,14,Regular Season,Spotify Camp Nou,,Ernesto Valverde Tejedor,Juan Carlos Unzué Labiano,1.1.0,2,2.0
2018-03-31,2017/2018,Sevilla,Barcelona,2,2,2,2.05,2.61,20,9,59.34,648,558,139,43,19,7,9860,20:45:00.000,Spain - La Liga,available,scheduled,2022-12-01T02:37:52.910806,2021-06-13T16:17:31.694,30,Regular Season,Estadio Ramón Sánchez Pizjuán,José Luis González González,Vincenzo Montella,Ernesto Valverde Tejedor,1.1.0,2,2.0
2017-11-26,2017/2018,Valencia,Barcelona,1,1,1,0.91,1.1,12,8,69.15,798,684,125,55,16,14,9695,20:45:00.000,Spain - La Liga,available,scheduled,2022-02-10T22:24:55.514083,2021-06-13T16:17:31.694,13,Regular Season,Estadio de Mestalla,Ignacio Iglesias Villanueva,"Juan Rubén Uría Corral, Marcelino García Toral",Ernesto Valverde Tejedor,1.1.0,2,2.0
2018-02-11,2017/2018,Barcelona,Getafe,0,0,0,0.95,0.39,13,6,78.24,827,711,69,46,15,7,9794,16:15:00.000,Spain - La Liga,available,scheduled,2022-12-01T01:37:21.292561,2021-06-13T16:17:31.694,23,Regular Season,Spotify Camp Nou,David Fernández Borbalan,Ernesto Valverde Tejedor,José Bordalás Jiménez,1.1.0,2,2.0
2017-12-10,2017/2018,Villarreal,Barcelona,0,2,2,3.22,0.57,16,6,67.93,809,719,215,41,15,13,9717,20:45:00.000,Spain - La Liga,available,scheduled,2022-03-30T23:12:28.894213,2021-06-13T16:17:31.694,15,Regular Season,Estadio de la Cerámica,,Javier Calleja Revilla,Ernesto Valverde Tejedor,1.1.0,2,2.0
2017-11-04,2017/2018,Barcelona,Sevilla,2,1,2,1.87,0.48,18,5,51.94,615,522,111,61,17,11,9673,20:45:00.000,Spain - La Liga,available,scheduled,2022-05-08T17:33:48.241122,2021-06-13T16:17:31.694,11,Regular Season,Spotify Camp Nou,José Luis González González,Ernesto Valverde Tejedor,Manuel Eduardo Berizzo,1.1.0,2,2.0
2017-10-21,2017/2018,Barcelona,Málaga,2,0,2,1.82,0.72,12,4,64.09,746,665,179,30,19,10,9650,20:45:00.000,Spain - La Liga,available,scheduled,2022-02-10T20:56:01.885373,2021-06-13T16:17:31.694,9,Regular Season,Spotify Camp Nou,,Ernesto Valverde Tejedor,José Miguel González Martín del Campo,1.1.0,2,2.0
2017-09-23,2017/2018,Girona,Barcelona,0,3,1,0.98,1.09,10,5,60.39,593,496,139,36,19,7,9620,20:45:00.000,Spain - La Liga,available,scheduled,2022-03-30T20:28:12.616241,2021-06-13T16:17:31.694,6,Regular Season,Estadi Municipal de Montilivi,José María Sánchez Martínez,Pablo Javier Machín Díez,Ernesto Valverde Tejedor,1.1.0,2,2.0
2018-03-04,2017/2018,Barcelona,Atlético Madrid,1,0,1,1.09,0.19,17,5,57.45,640,539,124,55,14,16,9837,16:15:00.000,Spain - La Liga,available,scheduled,2022-12-01T02:14:30.480502,2021-06-13T16:17:31.694,27,Regular Season,Spotify Camp Nou,Jesús Gil Manzano,Ernesto Valverde Tejedor,Diego Pablo Simeone,1.1.0,2,2.0
2018-02-24,2017/2018,Barcelona,Girona,6,1,6,2.64,0.77,21,13,62.52,634,551,140,47,11,14,9811,20:45:00.000,Spain - La Liga,available,scheduled,2022-12-01T01:52:10.346111,2021-06-13T16:17:31.694,25,Regular Season,Spotify Camp Nou,,Ernesto Valverde Tejedor,Pablo Javier Machín Díez,1.1.0,2,2.0
2017-10-14,2017/2018,Atlético Madrid,Barcelona,1,1,1,1.31,0.4,15,7,68.05,773,673,93,52,17,18,9642,20:45:00.000,Spain - La Liga,available,scheduled,2022-02-04T22:48:33.627118,2021-06-13T16:17:31.694,8,Regular Season,	Estádio Cívitas Metropolitano,Antonio Miguel Mateu Lahoz,Diego Pablo Simeone,Ernesto Valverde Tejedor,1.1.0,2,2.0
2018-01-28,2017/2018,Barcelona,Deportivo Alavés,2,1,2,2.24,0.78,18,12,75.94,767,662,58,57,13,6,9774,20:45:00.000,Spain - La Liga,available,scheduled,2022-12-01T01:18:40.194063,2021-06-13T16:17:31.694,21,Regular Season,Spotify Camp Nou,Ignacio Iglesias Villanueva,Ernesto Valverde Tejedor,Abelardo Fernández Antuña,1.1.0,2,2.0
2017-09-16,2017/2018,Getafe,Barcelona,1,2,2,0.56,0.65,7,5,69.65,709,627,101,46,18,15,9602,16:15:00.000,Spain - La Liga,available,scheduled,2022-02-04T13:57:30.602817,2021-06-13T16:17:31.694,4,Regular Season,Coliseum Alfonso Pérez,David Fernández Borbalan,José Bordalás Jiménez,Ernesto Valverde Tejedor,1.1.0,2,2.0
2018-05-20,2017/2018,Barcelona,Real Sociedad,1,0,1,1.27,0.69,12,4,61.49,642,571,91,51,5,14,9948,20:45:00.000,Spain - La Liga,available,scheduled,2022-12-05T14:51:46.221392,2021-06-13T16:17:31.694,38,Regular Season,Spotify Camp Nou,José Luis Munuera Montero,Ernesto Valverde Tejedor,Imanol Alguacil Barrenetxea,1.1.0,2,2.0
2017-11-18,2017/2018,Leganés,Barcelona,0,3,3,1.76,1.28,11,6,67.18,653,555,120,50,12,13,9682,16:15:00.000,Spain - La Liga,available,scheduled,2022-08-13T21:30:13.962297,2021-06-13T16:17:31.694,12,Regular Season,Estadio Municipal de Butarque,Alberto Undiano Mallenco,Asier Garitano Aguirrezábal,Ernesto Valverde Tejedor,1.1.0,2,2.0
2017-08-26,2017/2018,Deportivo Alavés,Barcelona,0,2,2,2.21,0.66,23,12,72.96,785,701,107,39,5,10,9581,18:15:00.000,Spain - La Liga,available,scheduled,2022-02-04T12:35:34.095010,2021-06-13T16:17:31.694,2,Regular Season,Estadio de Mendizorroza,Carlos del Cerro Grande,Luis Francisco Zubeldía,Ernesto Valverde Tejedor,1.1.0,2,2.0
2017-12-17,2017/2018,Barcelona,RC Deportivo La Coruña,4,0,4,6.15,0.31,23,11,60.37,687,607,114,57,17,15,9726,20:45:00.000,Spain - La Liga,available,scheduled,2022-05-08T19:11:07.806019,2021-06-13T16:17:31.694,16,Regular Season,Spotify Camp Nou,Antonio Miguel Mateu Lahoz,Ernesto Valverde Tejedor,Cristóbal Parralo Aguilera,1.1.0,2,2.0
2018-01-14,2017/2018,Real Sociedad,Barcelona,2,4,4,1.16,0.86,11,5,49.95,500,424,233,34,6,16,9754,20:45:00.000,Spain - La Liga,available,scheduled,2020-07-29T05:00,2021-06-13T16:17:31.694,19,Regular Season,Reale Arena,José Luis González González,Eusebio Sacristán Mena,Ernesto Valverde Tejedor,1.1.0,2,
2018-04-17,2017/2018,Celta Vigo,Barcelona,2,2,2,2.13,2.41,14,6,52.09,537,429,204,44,10,9,9889,21:00:00.000,Spain - La Liga,available,scheduled,2020-07-29T05:00,2021-06-13T16:17:31.694,33,Regular Season,Abanca-Balaídos,David Fernández Borbalan,Juan Carlos Unzué Labiano,Ernesto Valverde Tejedor,1.1.0,2,
2018-09-15,2018/2019,Real Sociedad,Barcelona,1,2,2,1.4,0.91,12,6,68.21,783,681,112,70,10,8,15978,16:15:00.000,Spain - La Liga,available,scheduled,2022-12-05T14:46:11.299820,2021-06-13T16:17:31.694,4,Regular Season,Reale Arena,Carlos del Cerro Grande,Asier Garitano Aguirrezábal,Ernesto Valverde Tejedor,1.1.0,2,2.0
2018-09-26,2018/2019,Leganés,Barcelona,2,1,1,0.55,1.07,9,5,76.2,855,758,105,38,5,10,15998,20:00:00.000,Spain - La Liga,available,scheduled,2020-07-29T05:00,2021-06-13T16:17:31.694,6,Regular Season,Estadio Municipal de Butarque,Alberto Undiano Mallenco,Mauricio Pellegrino,Ernesto Valverde Tejedor,1.1.0,2,
2018-10-20,2018/2019,Barcelona,Sevilla,4,2,4,2.4,1.69,23,9,53.28,520,448,151,29,9,11,16029,20:45:00.000,Spain - La Liga,available,scheduled,2020-07-29T05:00,2021-06-13T16:17:31.694,9,Regular Season,Spotify Camp Nou,,Ernesto Valverde Tejedor,Pablo Javier Machín Díez,1.1.0,2,
2018-11-24,2018/2019,Atlético Madrid,Barcelona,1,1,1,0.3,0.14,7,2,68.17,758,680,184,42,7,13,16073,20:45:00.000,Spain - La Liga,available,scheduled,2020-07-29T05:00,2021-06-13T16:17:31.694,13,Regular Season,	Estádio Cívitas Metropolitano,Jesús Gil Manzano,Diego Pablo Simeone,Ernesto Valverde Tejedor,1.1.0,2,
2018-12-08,2018/2019,Espanyol,Barcelona,0,4,4,2.31,1.22,17,9,55.09,617,535,143,41,6,12,16086,20:45:00.000,Spain - La Liga,available,scheduled,2020-07-29T05:00,2021-06-13T16:17:31.694,15,Regular Season,RCDE Stadium,,Joan Francesc Ferrer Sicilia,Ernesto Valverde Tejedor,1.1.0,2,
2019-02-23,2018/2019,Sevilla,Barcelona,2,4,4,1.6,1.12,17,7,60.02,602,508,154,48,9,16,16190,16:15:00.000,Spain - La Liga,available,scheduled,2020-07-29T05:00,2021-06-13T16:17:31.694,25,Regular Season,Estadio Ramón Sánchez Pizjuán,Antonio Miguel Mateu Lahoz,Pablo Javier Machín Díez,Ernesto Valverde Tejedor,1.1.0,2,
2018-12-22,2018/2019,Barcelona,Celta Vigo,2,0,2,1.13,0.9,9,4,52.14,584,504,148,43,14,18,16109,18:30:00.000,Spain - La Liga,available,scheduled,2022-12-13T02:37:05.311336,2021-06-13T16:17:31.694,17,Regular Season,Spotify Camp Nou,Eduardo Prieto Iglesias,Ernesto Valverde Tejedor,José Miguel Azevedo Cardoso,1.1.0,2,2.0
2019-01-06,2018/2019,Getafe,Barcelona,1,2,2,1.75,1.59,13,8,75.82,765,693,105,37,2,12,16120,20:45:00.000,Spain - La Liga,available,scheduled,2020-07-29T05:00,2021-06-13T16:17:31.694,18,Regular Season,Coliseum Alfonso Pérez,,José Bordalás Jiménez,Ernesto Valverde Tejedor,1.1.0,2,
2019-02-16,2018/2019,Barcelona,Real Valladolid,1,0,1,3.66,0.44,20,8,60.52,742,662,207,58,12,18,16182,20:45:00.000,Spain - La Liga,available,scheduled,2020-07-29T05:00,2021-06-13T16:17:31.694,24,Regular Season,Spotify Camp Nou,,Ernesto Valverde Tejedor,Sergio González Soriano,1.1.0,2,
2019-03-17,2018/2019,Real Betis,Barcelona,1,4,4,2.05,1.01,16,9,43.99,487,424,287,28,11,11,16215,20:45:00.000,Spain - La Liga,available,scheduled,2023-05-11T08:22:01.941875,2021-06-13T16:17:31.694,28,Regular Season,Estadio Benito Villamarín,,Enrique Setién Solar,Ernesto Valverde Tejedor,1.1.0,2,
2019-02-10,2018/2019,Athletic Club,Barcelona,0,0,0,0.49,1.36,10,2,65.85,727,635,107,41,4,10,16173,20:45:00.000,Spain - La Liga,available,scheduled,2022-12-23T21:14:41.328965,2021-06-13T16:17:31.694,23,Regular Season,San Mamés Barria,Carlos del Cerro Grande,Gaizka Garitano Aguirre,Ernesto Valverde Tejedor,1.1.0,2,2.0
2019-04-20,2018/2019,Barcelona,Real Sociedad,2,1,2,1.25,0.88,11,4,50.53,567,468,211,39,14,14,16265,20:45:00.000,Spain - La Liga,available,scheduled,2020-07-29T05:00,2021-06-13T16:17:31.694,33,Regular Season,Spotify Camp Nou,,Ernesto Valverde Tejedor,Imanol Alguacil Barrenetxea,1.1.0,2,
2018-08-18,2018/2019,Barcelona,Deportivo Alavés,3,0,3,2.66,0.29,25,9,78.85,917,820,70,54,6,7,15946,22:15:00.000,Spain - La Liga,available,scheduled,2022-12-05T14:32:32.223676,2021-06-13T16:17:31.694,1,Regular Season,Spotify Camp Nou,José María Sánchez Martínez,Ernesto Valverde Tejedor,Abelardo Fernández Antuña,1.1.0,2,2.0
2019-02-02,2018/2019,Barcelona,Valencia,2,2,2,1.69,2.44,20,8,67.53,807,721,196,50,7,9,16157,18:30:00.000,Spain - La Liga,available,scheduled,2020-07-29T05:00,2021-06-13T16:17:31.694,22,Regular Season,Spotify Camp Nou,Alberto Undiano Mallenco,Ernesto Valverde Tejedor,Marcelino García Toral,1.1.0,2,
2019-01-20,2018/2019,Barcelona,Leganés,3,1,3,1.75,0.67,15,7,72.51,831,723,97,36,7,14,16136,20:45:00.000,Spain - La Liga,available,scheduled,2022-12-13T02:40:13.071475,2021-06-13T16:17:31.694,20,Regular Season,Spotify Camp Nou,Ricardo De Burgos Bengoetxea,Ernesto Valverde Tejedor,Mauricio Pellegrino,1.1.0,2,2.0
2019-04-06,2018/2019,Barcelona,Atlético Madrid,2,0,2,1.92,0.52,20,11,63.55,760,686,240,48,7,16,16248,20:45:00.000,Spain - La Liga,available,scheduled,2020-07-29T05:00,2021-06-13T16:17:31.694,31,Regular Season,Spotify Camp Nou,Jesús Gil Manzano,Ernesto Valverde Tejedor,Diego Pablo Simeone,1.1.0,2,
2018-11-11,2018/2019,Barcelona,Real Betis,3,4,3,4.17,2.02,20,5,54.52,537,452,161,38,12,14,16056,16:15:00.000,Spain - La Liga,available,scheduled,2022-12-05T15:56:52.134800,2021-06-13T16:17:31.694,12,Regular Season,Spotify Camp Nou,Antonio Miguel Mateu Lahoz,Ernesto Valverde Tejedor,Enrique Setién Solar,1.1.0,2,2.0
2019-04-27,2018/2019,Barcelona,Levante UD,1,0,1,1.75,0.73,23,12,62.14,650,561,152,44,7,19,16289,20:45:00.000,Spain - La Liga,available,scheduled,2021-04-12T07:10:50.239941,2021-06-13T16:17:31.694,35,Regular Season,Spotify Camp Nou,Ricardo De Burgos Bengoetxea,Ernesto Valverde Tejedor,Francisco José López Fernández,1.1.0,2,
2018-12-02,2018/2019,Barcelona,Villarreal,2,0,2,1.08,0.9,15,7,62.42,721,645,119,41,11,10,16079,18:30:00.000,Spain - La Liga,available,scheduled,2022-12-14T01:23:34.890423,2021-06-13T16:17:31.694,14,Regular Season,Spotify Camp Nou,José Luis Munuera Montero,Ernesto Valverde Tejedor,Javier Calleja Revilla,1.1.0,2,2.0
2019-01-27,2018/2019,Girona,Barcelona,0,2,2,1.91,1.21,15,6,64.35,675,583,102,39,13,14,16149,16:15:00.000,Spain - La Liga,available,scheduled,2023-02-28T15:06:32.588321,2021-06-13T16:17:31.694,21,Regular Season,Estadi Municipal de Montilivi,Pablo González Fuertes,Eusebio Sacristán Mena,Ernesto Valverde Tejedor,1.1.0,2,2.0
2019-04-23,2018/2019,Deportivo Alavés,Barcelona,0,2,2,2.27,0.41,16,6,75.79,811,719,91,51,4,9,16275,21:30:00.000,Spain - La Liga,available,scheduled,2023-07-24T17:52:58.349594,2021-06-13T16:17:31.694,34,Regular Season,Estadio de Mendizorroza,,Abelardo Fernández Antuña,Ernesto Valverde Tejedor,1.1.0,2,
2018-09-02,2018/2019,Barcelona,Huesca,8,2,7,4.51,1.26,30,16,67.6,701,636,80,38,7,7,15973,18:30:00.000,Spain - La Liga,available,scheduled,2023-02-22T05:46:57.699229,2021-06-13T16:17:31.694,3,Regular Season,Spotify Camp Nou,Mario Melero López,Ernesto Valverde Tejedor,Leonardo Neoren Franco,1.1.0,2,2.0
2019-05-19,2018/2019,Eibar,Barcelona,2,2,2,0.76,1.48,8,3,60.24,656,567,133,38,10,6,16317,16:15:00.000,Spain - La Liga,available,scheduled,2023-07-24T17:52:24.271833,2021-06-13T16:17:31.694,38,Regular Season,Estadio Municipal de Ipurúa,,José Luis Mendilibar Etxebarria,Ernesto Valverde Tejedor,1.1.0,2,
2019-01-13,2018/2019,Barcelona,Eibar,3,0,3,1.17,0.97,7,6,58.29,654,551,105,39,15,9,16131,18:30:00.000,Spain - La Liga,available,scheduled,2022-12-13T02:39:09.619019,2021-06-13T16:17:31.694,19,Regular Season,Spotify Camp Nou,Jesús Gil Manzano,Ernesto Valverde Tejedor,José Luis Mendilibar Etxebarria,1.1.0,2,2.0
2019-03-09,2018/2019,Barcelona,Rayo Vallecano,3,1,3,2.62,0.36,12,6,68.28,732,657,229,44,4,13,16205,18:30:00.000,Spain - La Liga,available,scheduled,2021-04-11T22:02:53.541997,2021-06-13T16:17:31.694,27,Regular Season,Spotify Camp Nou,,Ernesto Valverde Tejedor,Miguel Ángel Sánchez Muñoz,1.1.0,2,
2018-12-16,2018/2019,Levante UD,Barcelona,0,5,5,2.98,1.16,16,9,56.62,556,492,133,32,13,10,16095,20:45:00.000,Spain - La Liga,available,scheduled,2022-12-11T08:51:13.107818,2021-06-13T16:17:31.694,16,Regular Season,Estadio Ciudad de Valencia,José Luis González González,Francisco José López Fernández,Ernesto Valverde Tejedor,1.1.0,2,2.0
2019-05-12,2018/2019,Barcelona,Getafe,2,0,1,2.04,1.0,13,8,77.68,929,829,97,50,12,10,16306,18:30:00.000,Spain - La Liga,available,scheduled,2020-07-29T05:00,2021-06-13T16:17:31.694,37,Regular Season,Spotify Camp Nou,José Luis González González,Ernesto Valverde Tejedor,"José Ignacio Fernández García, José Bordalás Jiménez",1.1.0,2,
2018-09-29,2018/2019,Barcelona,Athletic Club,1,1,1,2.75,0.49,20,7,70.11,692,587,113,56,18,9,16010,16:15:00.000,Spain - La Liga,available,scheduled,2022-12-01T12:03:49.759103,2021-06-13T16:17:31.694,7,Regular Season,Spotify Camp Nou,,Ernesto Valverde Tejedor,Manuel Eduardo Berizzo,1.1.0,2,2.0
2018-09-23,2018/2019,Barcelona,Girona,2,2,2,1.5,1.07,21,10,67.05,765,696,114,36,11,13,15986,20:45:00.000,Spain - La Liga,available,scheduled,2023-03-31T15:44:45.788046,2021-06-13T16:17:31.694,5,Regular Season,Spotify Camp Nou,Jesús Gil Manzano,Ernesto Valverde Tejedor,Eusebio Sacristán Mena,1.1.0,2,2.0
2019-04-02,2018/2019,Villarreal,Barcelona,4,4,4,2.3,2.57,15,9,67.2,713,636,145,35,4,12,16240,21:30:00.000,Spain - La Liga,available,scheduled,2023-07-24T17:45:37.697121,2021-06-13T16:17:31.694,30,Regular Season,Estadio de la Cerámica,,Javier Calleja Revilla,Ernesto Valverde Tejedor,1.1.0,2,
2018-10-07,2018/2019,Valencia,Barcelona,1,1,1,0.4,1.38,10,5,74.95,1035,935,87,36,9,6,16023,20:45:00.000,Spain - La Liga,available,scheduled,2022-12-20T18:02:32.291195,2021-06-13T16:17:31.694,8,Regular Season,Estadio de Mestalla,José Luis González González,Marcelino García Toral,Ernesto Valverde Tejedor,1.1.0,2,2.0
2019-03-02,2018/2019,Real Madrid,Barcelona,0,1,1,1.26,1.09,10,4,51.42,543,459,164,51,8,15,16196,20:45:00.000,Spain - La Liga,available,scheduled,2020-07-29T05:00,2021-06-13T16:17:31.694,26,Regular Season,Estadio Santiago Bernabéu,Alberto Undiano Mallenco,Santiago Hernán Solari Poggio,Ernesto Valverde Tejedor,1.1.0,2,
2018-08-25,2018/2019,Real Valladolid,Barcelona,0,1,1,0.76,0.34,11,5,63.05,628,525,88,43,6,12,15956,22:15:00.000,Spain - La Liga,available,scheduled,2022-12-09T22:04:24.608353,2021-06-13T16:17:31.694,2,Regular Season,Estadio Municipal José Zorrilla,Ricardo De Burgos Bengoetxea,Sergio González Soriano,Ernesto Valverde Tejedor,1.1.0,2,2.0
2019-03-30,2018/2019,Barcelona,Espanyol,2,0,2,1.06,0.18,13,3,68.33,725,628,125,49,8,16,16231,16:15:00.000,Spain - La Liga,available,scheduled,2023-07-24T17:49:29.379819,2021-06-13T16:17:31.694,29,Regular Season,Spotify Camp Nou,,Ernesto Valverde Tejedor,Joan Francesc Ferrer Sicilia,1.1.0,2,
2020-02-22,2019/2020,Barcelona,Eibar,5,0,5,3.98,0.67,13,10,69.46,746,638,116,54,10,9,303731,16:00:00.000,Spain - La Liga,available,scheduled,2020-07-29T05:00,2021-06-13T16:17:31.694,25,Regular Season,Spotify Camp Nou,,Enrique Setién Solar,José Luis Mendilibar Etxebarria,1.1.0,2,2.0
2020-06-16,2019/2020,Barcelona,Leganés,2,0,2,1.59,0.76,10,5,74.61,899,819,118,45,8,16,303532,22:00:00.000,Spain - La Liga,available,scheduled,2022-12-01T10:49:24.173853,2021-06-13T16:17:31.694,29,Regular Season,Spotify Camp Nou,,Enrique Setién Solar,Javier Aguirre Onaindía,1.1.0,2,2.0
2020-06-27,2019/2020,Celta Vigo,Barcelona,2,2,2,1.82,2.59,18,2,67.16,685,600,142,47,4,12,303516,17:00:00.000,Spain - La Liga,available,scheduled,2022-12-01T11:01:34.955134,2021-06-13T16:17:31.694,32,Regular Season,Abanca-Balaídos,,Óscar García Junyent,Enrique Setién Solar,1.1.0,2,2.0
2019-12-18,2019/2020,Barcelona,Real Madrid,0,0,0,0.72,0.95,9,1,51.39,609,533,186,46,8,9,303596,20:00:00.000,Spain - La Liga,available,scheduled,2020-07-29T05:00,2021-06-13T16:17:31.694,10,Regular Season,Spotify Camp Nou,,Ernesto Valverde Tejedor,Zinédine Zidane,1.1.0,2,2.0
2019-09-24,2019/2020,Barcelona,Villarreal,2,1,2,0.61,0.54,9,4,56.87,679,597,143,39,5,5,303430,21:00:00.000,Spain - La Liga,available,scheduled,2020-07-29T05:00,2021-06-13T16:17:31.694,6,Regular Season,Spotify Camp Nou,,Ernesto Valverde Tejedor,Javier Calleja Revilla,1.1.0,2,2.0
2020-07-05,2019/2020,Villarreal,Barcelona,1,4,3,2.57,0.91,18,13,67.91,855,785,168,28,8,11,303725,22:00:00.000,Spain - La Liga,available,scheduled,2020-07-29T05:00,2021-06-13T16:17:31.694,34,Regular Season,Estadio de la Cerámica,,Javier Calleja Revilla,Enrique Setién Solar,1.1.0,2,2.0
2019-11-02,2019/2020,Levante UD,Barcelona,3,1,1,2.14,0.85,10,6,64.11,693,613,177,43,3,18,303504,16:00:00.000,Spain - La Liga,available,scheduled,2020-07-29T05:00,2021-06-13T16:17:31.694,12,Regular Season,Estadio Ciudad de Valencia,,Francisco José López Fernández,Ernesto Valverde Tejedor,1.1.0,2,2.0
2019-12-07,2019/2020,Barcelona,Mallorca,5,2,5,3.27,1.05,25,17,65.27,746,674,172,46,11,19,303451,21:00:00.000,Spain - La Liga,available,scheduled,2020-07-29T05:00,2021-06-13T16:17:31.694,16,Regular Season,Spotify Camp Nou,,Ernesto Valverde Tejedor,Vicente Moreno Peris,1.1.0,2,2.0
2019-12-14,2019/2020,Real Sociedad,Barcelona,2,2,2,1.91,2.79,9,4,47.21,541,461,196,26,4,9,303664,16:00:00.000,Spain - La Liga,available,scheduled,2020-07-29T05:00,2021-06-13T16:17:31.694,17,Regular Season,Reale Arena,,Imanol Alguacil Barrenetxea,Ernesto Valverde Tejedor,1.1.0,2,2.0
2020-02-02,2019/2020,Barcelona,Levante UD,2,1,2,2.93,1.42,23,8,67.1,783,705,120,39,9,6,303682,21:00:00.000,Spain - La Liga,available,scheduled,2022-11-12T01:17:24.133378,2021-06-13T16:17:31.694,22,Regular Season,Spotify Camp Nou,,Enrique Setién Solar,Francisco José López Fernández,1.1.0,2,2.0
2020-01-25,2019/2020,Valencia,Barcelona,2,0,0,1.17,1.28,14,5,72.96,877,814,101,43,3,17,303400,16:00:00.000,Spain - La Liga,available,scheduled,2020-07-29T05:00,2021-06-13T16:17:31.694,21,Regular Season,Estadio de Mestalla,Jesús Gil Manzano,Albert Celades López,Enrique Setién Solar,1.1.0,2,2.0
2020-07-16,2019/2020,Barcelona,Osasuna,1,2,1,1.01,0.47,18,2,78.64,869,773,99,40,3,7,303634,21:00:00.000,Spain - La Liga,available,scheduled,2020-09-18T13:16:12.825671,2021-06-13T16:17:31.694,37,Regular Season,Spotify Camp Nou,,Enrique Setién Solar,Jagoba Arrasate Elustondo,1.1.0,2,2.0
2020-07-19,2019/2020,Deportivo Alavés,Barcelona,0,5,5,2.91,0.41,16,8,67.81,792,724,156,33,0,15,303421,17:00:00.000,Spain - La Liga,available,scheduled,2022-12-01T11:29:05.649590,2021-06-13T16:17:31.694,38,Regular Season,Estadio de Mendizorroza,,Juan Ramón López Muñiz,Enrique Setién Solar,1.1.0,2,2.0
2020-06-23,2019/2020,Barcelona,Athletic Club,1,0,1,1.68,0.69,18,5,73.21,828,715,99,43,5,10,303493,22:00:00.000,Spain - La Liga,available,scheduled,2020-07-29T05:00,2021-06-13T16:17:31.694,31,Regular Season,Spotify Camp Nou,Jesús Gil Manzano,Enrique Setién Solar,Gaizka Garitano Aguirre,1.1.0,2,2.0
2020-07-11,2019/2020,Real Valladolid,Barcelona,0,1,1,1.23,0.77,10,6,64.19,753,664,136,40,5,18,303680,19:30:00.000,Spain - La Liga,available,scheduled,2020-12-18T12:10:38.985394,2021-06-13T16:17:31.694,36,Regular Season,Estadio Municipal José Zorrilla,Antonio Miguel Mateu Lahoz,Sergio González Soriano,Enrique Setién Solar,1.1.0,2,2.0
2020-03-07,2019/2020,Barcelona,Real Sociedad,1,0,1,1.93,0.66,13,6,54.13,564,467,150,42,10,13,303479,18:30:00.000,Spain - La Liga,available,scheduled,2020-07-29T05:00,2021-06-13T16:17:31.694,27,Regular Season,Spotify Camp Nou,,Enrique Setién Solar,Imanol Alguacil Barrenetxea,1.1.0,2,2.0
2020-07-08,2019/2020,Barcelona,Espanyol,1,0,1,1.16,0.76,9,2,74.44,859,769,82,29,5,8,303615,22:00:00.000,Spain - La Liga,available,scheduled,2020-09-11T23:12:41.238499,2021-06-13T16:17:31.694,35,Regular Season,Spotify Camp Nou,,Enrique Setién Solar,Francisco Joaquín Pérez Rufete,1.1.0,2,2.0
2020-06-30,2019/2020,Barcelona,Atlético Madrid,2,2,1,1.48,1.99,12,5,72.35,798,731,91,35,4,16,303696,22:00:00.000,Spain - La Liga,available,scheduled,2023-04-19T10:52:22.240135,2021-06-13T16:17:31.694,33,Regular Season,Spotify Camp Nou,,Enrique Setién Solar,Diego Pablo Simeone,1.1.0,2,2.0
2019-11-09,2019/2020,Barcelona,Celta Vigo,4,1,4,1.56,0.27,9,7,60.88,705,634,158,49,6,19,303487,21:00:00.000,Spain - La Liga,available,scheduled,2022-07-15T23:21:08.621548,2021-06-13T16:17:31.694,13,Regular Season,Spotify Camp Nou,,Ernesto Valverde Tejedor,Óscar García Junyent,1.1.0,2,2.0
2019-10-29,2019/2020,Barcelona,Real Valladolid,5,1,5,2.38,0.53,18,9,61.11,671,575,191,43,7,10,303600,21:15:00.000,Spain - La Liga,available,scheduled,2022-07-15T22:48:51.522655,2021-06-13T16:17:31.694,11,Regular Season,Spotify Camp Nou,,Ernesto Valverde Tejedor,Sergio González Soriano,1.1.0,2,2.0
2020-06-13,2019/2020,Mallorca,Barcelona,0,4,4,2.07,0.77,12,7,63.79,738,662,110,46,12,8,303548,22:00:00.000,Spain - La Liga,available,scheduled,2020-07-29T05:00,2021-06-13T16:17:31.694,28,Regular Season,Estadi Mallorca Son Moix,,Vicente Moreno Peris,Enrique Setién Solar,1.1.0,2,2.0
2020-01-04,2019/2020,Espanyol,Barcelona,2,2,2,1.48,0.42,14,7,69.19,750,673,129,41,4,12,303652,21:00:00.000,Spain - La Liga,available,scheduled,2020-07-29T05:00,2021-06-13T16:17:31.694,19,Regular Season,RCDE Stadium,,Abelardo Fernández Antuña,Ernesto Valverde Tejedor,1.1.0,2,2.0
2020-06-19,2019/2020,Sevilla,Barcelona,0,0,0,0.51,0.52,10,3,63.79,770,660,110,34,7,8,303674,22:00:00.000,Spain - La Liga,available,scheduled,2022-12-01T10:51:57.948924,2021-06-13T16:17:31.694,30,Regular Season,Estadio Ramón Sánchez Pizjuán,José Luis González González,Julen Lopetegui Argote,Enrique Setién Solar,1.1.0,2,2.0
2020-03-01,2019/2020,Real Madrid,Barcelona,2,0,0,1.07,0.87,9,4,56.07,684,604,187,43,15,14,303470,21:00:00.000,Spain - La Liga,available,scheduled,2022-12-01T10:40:43.605436,2021-06-13T16:17:31.694,26,Regular Season,Estadio Santiago Bernabéu,Antonio Miguel Mateu Lahoz,Zinédine Zidane,Enrique Setién Solar,1.1.0,2,2.0
2019-10-19,2019/2020,Eibar,Barcelona,0,3,3,1.41,0.33,9,4,56.43,623,529,142,39,6,15,303700,13:00:00.000,Spain - La Liga,available,scheduled,2020-07-29T05:00,2021-06-13T16:17:31.694,9,Regular Season,Estadio Municipal de Ipurúa,,José Luis Mendilibar Etxebarria,Ernesto Valverde Tejedor,1.1.0,2,2.0
2020-02-09,2019/2020,Real Betis,Barcelona,2,3,3,1.43,1.09,10,6,70.78,746,670,82,44,3,17,303707,21:00:00.000,Spain - La Liga,available,scheduled,2022-11-12T01:19:12.101889,2021-06-13T16:17:31.694,23,Regular Season,Estadio Benito Villamarín,,Joan Francesc Ferrer Sicilia,Enrique Setién Solar,1.1.0,2,2.0
2019-09-21,2019/2020,Granada,Barcelona,2,0,0,0.53,1.85,8,1,73.43,691,610,90,39,3,13,303666,21:00:00.000,Spain - La Liga,available,scheduled,2023-02-25T06:54:44.669897,2021-06-13T16:17:31.694,5,Regular Season,Estadio Nuevo Los Cármenes,,Diego Martínez Penas,Ernesto Valverde Tejedor,1.1.0,2,2.0
2019-11-23,2019/2020,Leganés,Barcelona,1,2,2,1.6,0.35,11,6,77.1,798,685,120,41,2,12,303715,13:00:00.000,Spain - La Liga,available,scheduled,2023-07-25T00:15:08.494924,2021-06-13T16:17:31.694,14,Regular Season,Estadio Municipal de Butarque,,Javier Aguirre Onaindía,Ernesto Valverde Tejedor,1.1.0,2,2.0
2020-02-15,2019/2020,Barcelona,Getafe,2,1,2,1.66,0.75,12,5,74.71,718,620,93,42,6,12,303377,16:00:00.000,Spain - La Liga,available,scheduled,2022-11-12T01:08:03.360091,2021-06-13T16:17:31.694,24,Regular Season,Spotify Camp Nou,,Enrique Setién Solar,José Bordalás Jiménez,1.1.0,2,2.0
2019-12-01,2019/2020,Atlético Madrid,Barcelona,0,1,1,0.93,1.21,13,5,65.52,724,634,105,39,7,14,303524,21:00:00.000,Spain - La Liga,available,scheduled,2020-07-29T05:00,2021-06-13T16:17:31.694,15,Regular Season,	Estádio Cívitas Metropolitano,Antonio Miguel Mateu Lahoz,Diego Pablo Simeone,Ernesto Valverde Tejedor,1.1.0,2,2.0
2019-12-21,2019/2020,Barcelona,Deportivo Alavés,4,1,4,1.59,0.55,8,4,69.22,805,721,141,32,9,12,303517,16:00:00.000,Spain - La Liga,available,scheduled,2020-07-29T05:00,2021-06-13T16:17:31.694,18,Regular Season,Spotify Camp Nou,,Ernesto Valverde Tejedor,Asier Garitano Aguirrezábal,1.1.0,2,2.0
2020-01-19,2019/2020,Barcelona,Granada,1,0,1,1.54,0.22,18,6,81.26,1028,943,158,51,6,12,303610,21:00:00.000,Spain - La Liga,available,scheduled,2023-07-25T00:11:42.596169,2021-06-13T16:17:31.694,20,Regular Season,Spotify Camp Nou,,Enrique Setién Solar,Diego Martínez Penas,1.1.0,2,2.0
2019-10-06,2019/2020,Barcelona,Sevilla,4,0,4,1.47,1.73,15,8,56.13,591,533,106,35,13,11,303473,21:00:00.000,Spain - La Liga,available,scheduled,2021-06-11T19:47:11.274,2021-06-13T16:17:31.694,8,Regular Season,Spotify Camp Nou,Antonio Miguel Mateu Lahoz,Ernesto Valverde Tejedor,Julen Lopetegui Argote,1.1.0,2,2.0
2020-10-31,2020/2021,Deportivo Alavés,Barcelona,1,1,1,2.09,1.13,25,8,78.71,880,784,85,55,4,6,3773386,21:00:00.000,Spain - La Liga,available,available,2023-07-25T03:54:59.280826,2023-07-25T04:25:41.348202,8,Regular Season,Estadio de Mendizorroza,,Pablo Javier Machín Díez,Ronald Koeman,1.1.0,2,2.0
2021-01-09,2020/2021,Granada,Barcelona,0,4,4,1.49,0.45,14,4,71.99,830,765,89,34,9,5,3773565,18:30:00.000,Spain - La Liga,available,available,2023-07-25T03:51:37.437064,2023-07-25T04:30:16.058384,18,Regular Season,Estadio Nuevo Los Cármenes,Ricardo De Burgos Bengoetxea,Diego Martínez Penas,Ronald Koeman,1.1.0,2,2.0
2021-05-16,2020/2021,Barcelona,Celta Vigo,1,2,1,2.16,0.73,21,4,63.36,761,688,159,50,14,9,3773457,18:30:00.000,Spain - La Liga,available,available,2022-12-02T09:26:39.496362,2023-04-27T23:03:53.506485,37,Regular Season,Spotify Camp Nou,,Ronald Koeman,Eduardo Germán Coudet,1.1.0,2,2.0
2021-02-07,2020/2021,Real Betis,Barcelona,2,3,2,0.99,1.4,12,3,64.02,758,688,130,34,13,8,3773631,21:00:00.000,Spain - La Liga,available,available,2023-07-25T03:47:44.278651,2023-07-25T03:56:34.733180,22,Regular Season,Estadio Benito Villamarín,,Manuel Luis Pellegrini Ripamonti,Ronald Koeman,1.1.0,2,2.0
2021-03-06,2020/2021,Osasuna,Barcelona,0,2,2,1.06,1.21,13,6,62.83,759,674,159,44,12,14,3773665,21:00:00.000,Spain - La Liga,available,available,2022-12-02T08:46:42.897589,2023-04-28T02:57:03.412841,26,Regular Season,Estadio El Sadar,Guillermo Cuadra Fernández,Jagoba Arrasate Elustondo,Ronald Koeman,1.1.0,2,2.0
2021-04-10,2020/2021,Real Madrid,Barcelona,2,1,1,1.49,1.32,18,4,67.82,748,666,144,48,4,12,3773497,21:00:00.000,Spain - La Liga,available,available,2022-12-02T09:04:21.859831,2023-04-28T01:35:16.051381,30,Regular Season,Estadio Alfredo Di Stéfano,Jesús Gil Manzano,Zinédine Zidane,Ronald Koeman,1.1.0,2,2.0
2020-12-13,2020/2021,Barcelona,Levante UD,1,0,1,2.06,0.74,24,13,63.76,716,636,92,44,8,6,3773660,21:00:00.000,Spain - La Liga,available,available,2022-12-01T14:49:02.748131,2023-04-28T06:01:10.173360,13,Regular Season,Spotify Camp Nou,Ricardo De Burgos Bengoetxea,Ronald Koeman,Francisco José López Fernández,1.1.0,2,2.0
2020-09-27,2020/2021,Barcelona,Villarreal,4,0,3,2.69,0.18,17,9,56.02,735,651,116,35,8,8,3773593,21:00:00.000,Spain - La Liga,available,available,2023-07-25T04:01:57.790373,2023-07-25T04:44:03.367478,3,Regular Season,Spotify Camp Nou,Guillermo Cuadra Fernández,Ronald Koeman,Unai Emery Etxegoien,1.1.0,2,2.0
2020-10-01,2020/2021,Celta Vigo,Barcelona,0,3,2,0.74,0.47,7,4,56.6,600,504,125,42,7,12,3773466,21:30:00.000,Spain - La Liga,available,available,2023-07-25T03:55:25.794505,2023-07-25T04:40:53.635540,4,Regular Season,Abanca-Balaídos,Carlos del Cerro Grande,Óscar García Junyent,Ronald Koeman,1.1.0,2,2.0
2020-10-24,2020/2021,Barcelona,Real Madrid,1,3,1,1.25,2.9,10,4,52.04,626,547,142,41,4,12,3773585,16:00:00.000,Spain - La Liga,available,available,2023-07-25T03:53:35.185506,2023-07-25T04:29:21.140321,7,Regular Season,Spotify Camp Nou,Juan Martínez Munuera,Ronald Koeman,Zinédine Zidane,1.1.0,2,2.0
2021-01-03,2020/2021,Huesca,Barcelona,0,1,1,2.51,0.39,20,6,69.14,840,759,153,39,4,11,3773552,21:00:00.000,Spain - La Liga,available,available,2021-05-09T12:03:31.185940,2022-08-04T12:00,17,Regular Season,Estadio El Alcoraz,Guillermo Cuadra Fernández,Miguel Ángel Sánchez Muñoz,Ronald Koeman,1.1.0,2,2.0
2020-10-04,2020/2021,Barcelona,Sevilla,1,1,1,1.65,0.69,11,5,54.22,681,594,96,45,0,11,3773672,21:00:00.000,Spain - La Liga,available,available,2023-07-25T03:58:44.264327,2023-07-25T04:37:23.452819,5,Regular Season,Spotify Camp Nou,Jesús Gil Manzano,Ronald Koeman,Julen Lopetegui Argote,1.1.0,2,2.0
2020-10-17,2020/2021,Getafe,Barcelona,1,0,0,0.78,1.65,7,1,72.58,659,569,77,48,3,11,3773587,21:00:00.000,Spain - La Liga,available,available,2023-07-25T04:01:45.160583,2023-07-25T04:34:28.413719,6,Regular Season,Coliseum Alfonso Pérez,César Soto Grado,José Bordalás Jiménez,Ronald Koeman,1.1.0,2,2.0
2020-11-21,2020/2021,Atlético Madrid,Barcelona,1,0,0,0.95,0.56,13,4,53.32,651,572,173,39,13,6,3773656,21:00:00.000,Spain - La Liga,available,available,2020-11-24T06:29:13.401420,2022-08-04T12:00,10,Regular Season,	Estádio Cívitas Metropolitano,,Diego Pablo Simeone,Ronald Koeman,1.1.0,2,2.0
2020-12-19,2020/2021,Barcelona,Valencia,2,2,2,2.89,1.64,24,9,71.09,760,667,109,49,9,11,3773377,16:15:00.000,Spain - La Liga,available,available,2023-07-25T03:50:34.381454,2023-07-25T03:51:52.970329,14,Regular Season,Spotify Camp Nou,Alejandro José Hernández Hernández,Ronald Koeman,Javier Gracia Carlos,1.1.0,2,2.0
2021-04-29,2020/2021,Barcelona,Granada,1,2,1,1.23,0.54,16,4,81.22,904,822,106,38,9,11,3773586,19:00:00.000,Spain - La Liga,available,available,2021-07-06T16:43:21.218,2022-08-04T12:00,33,Regular Season,Spotify Camp Nou,Pablo González Fuertes,Ronald Koeman,Diego Martínez Penas,1.1.0,2,2.0
2021-05-08,2020/2021,Barcelona,Atlético Madrid,0,0,0,0.86,0.56,12,6,58.76,634,571,177,25,12,17,3773372,16:15:00.000,Spain - La Liga,available,available,2021-05-10T04:24:10.396826,2022-08-04T12:00,35,Regular Season,Spotify Camp Nou,Antonio Miguel Mateu Lahoz,Ronald Koeman,Diego Pablo Simeone,1.1.0,2,2.0
2021-05-11,2020/2021,Levante UD,Barcelona,3,3,3,2.81,1.02,17,5,61.06,657,577,211,29,13,5,3773387,22:00:00.000,Spain - La Liga,available,available,2021-05-13T00:20:44.739341,2022-08-04T12:00,36,Regular Season,Estadio Ciudad de Valencia,José Luis Munuera Montero,Francisco José López Fernández,Ronald Koeman,1.1.0,2,2.0
2021-05-02,2020/2021,Valencia,Barcelona,2,3,3,3.09,1.3,14,6,67.93,807,725,72,39,13,14,3773695,21:00:00.000,Spain - La Liga,available,available,2021-05-07T13:24:24.423335,2022-08-04T12:00,34,Regular Season,Estadio de Mestalla,José María Sánchez Martínez,Javier Gracia Carlos,Ronald Koeman,1.1.0,2,2.0
2021-03-15,2020/2021,Barcelona,Huesca,4,1,4,0.96,2.1,12,5,69.12,938,871,187,35,8,10,3773369,21:00:00.000,Spain - La Liga,available,available,2022-12-02T08:56:56.809012,2023-04-28T02:22:22.114288,27,Regular Season,Spotify Camp Nou,Adrián Cordero Vega,Ronald Koeman,Juan José Rojo Martín,1.1.0,2,2.0
2021-04-22,2020/2021,Barcelona,Getafe,5,2,4,1.62,1.5,9,6,80.95,973,885,140,35,10,8,3773661,22:00:00.000,Spain - La Liga,available,available,2021-04-23T20:17:32.331635,2022-08-04T12:00,31,Regular Season,Spotify Camp Nou,Jorge Figueroa Vázquez,Ronald Koeman,José Bordalás Jiménez,1.1.0,2,2.0
2021-03-21,2020/2021,Real Sociedad,Barcelona,1,6,6,2.72,0.68,14,10,68.97,778,710,168,44,10,12,3773597,21:00:00.000,Spain - La Liga,available,available,2021-03-22T21:28:32.452567,2022-08-04T12:00,28,Regular Season,Reale Arena,José Luis Munuera Montero,Imanol Alguacil Barrenetxea,Ronald Koeman,1.1.0,2,2.0
2020-12-16,2020/2021,Barcelona,Real Sociedad,2,1,2,2.65,1.93,14,4,52.76,536,447,182,44,2,20,3773523,21:00:00.000,Spain - La Liga,available,available,2023-07-25T03:54:28.731114,2023-07-25T04:40:11.813772,19,Regular Season,Spotify Camp Nou,José María Sánchez Martínez,Ronald Koeman,Imanol Alguacil Barrenetxea,1.1.0,2,2.0
2020-12-22,2020/2021,Real Valladolid,Barcelona,0,3,3,3.56,0.67,21,10,60.4,717,648,148,27,9,11,3773571,22:00:00.000,Spain - La Liga,available,available,2022-12-01T14:54:17.777866,2023-04-28T05:40:41.883197,15,Regular Season,Estadio Municipal José Zorrilla,Mario Melero López,Sergio González Soriano,Ronald Koeman,1.1.0,2,2.0
2020-12-05,2020/2021,Cádiz,Barcelona,2,1,0,1.53,2.29,21,8,82.26,918,801,80,46,9,8,3773428,21:00:00.000,Spain - La Liga,available,available,2023-07-25T03:50:55.226757,2023-07-25T04:44:09.299901,12,Regular Season,Estadio Nuevo Mirandilla,César Soto Grado,Álvaro Cervera Díaz,Ronald Koeman,1.1.0,2,2.0
2021-01-06,2020/2021,Athletic Club,Barcelona,2,3,3,1.47,0.84,13,9,56.94,685,610,140,40,11,6,3764661,21:00:00.000,Spain - La Liga,available,available,2021-05-07T04:07:28.081860,2022-08-04T12:00,2,Regular Season,San Mamés Barria,Carlos del Cerro Grande,Marcelino García Toral,Ronald Koeman,1.1.0,2,2.0
2021-02-13,2020/2021,Barcelona,Deportivo Alavés,5,1,5,2.69,0.61,17,9,73.69,899,822,97,28,9,12,3773526,21:00:00.000,Spain - La Liga,available,available,2023-07-25T03:50:51.336686,2023-07-25T04:23:57.898904,23,Regular Season,Spotify Camp Nou,Jorge Figueroa Vázquez,Ronald Koeman,Abelardo Fernández Antuña,1.1.0,2,2.0
2021-04-05,2020/2021,Barcelona,Real Valladolid,1,0,1,1.82,0.35,25,10,68.2,742,658,187,49,12,13,3773474,21:00:00.000,Spain - La Liga,available,available,2021-04-12T07:10:50.227712,2022-08-04T12:00,29,Regular Season,Spotify Camp Nou,Santiago Jaime Latre,Ronald Koeman,Sergio González Soriano,1.1.0,2,2.0
2021-02-27,2020/2021,Sevilla,Barcelona,0,2,2,1.93,0.09,9,5,54.26,612,538,130,46,12,10,3773625,16:15:00.000,Spain - La Liga,available,available,2021-11-28T09:47:02.505122,2022-08-04T12:00,25,Regular Season,Estadio Ramón Sánchez Pizjuán,Alejandro José Hernández Hernández,Julen Lopetegui Argote,Ronald Koeman,1.1.0,2,2.0
2021-01-31,2020/2021,Barcelona,Athletic Club,2,1,2,1.73,0.23,12,6,58.17,637,559,92,43,4,13,3773403,21:00:00.000,Spain - La Liga,available,available,2022-12-02T08:36:08.592852,2023-04-28T08:16:45.884638,21,Regular Season,Spotify Camp Nou,Antonio Miguel Mateu Lahoz,Ronald Koeman,Marcelino García Toral,1.1.0,2,2.0
2020-11-29,2020/2021,Barcelona,Osasuna,4,0,4,4.18,1.11,20,10,70.82,852,766,88,38,11,8,3773547,14:00:00.000,Spain - La Liga,available,available,2020-11-30T09:14:36.663981,2022-08-04T12:00,11,Regular Season,Spotify Camp Nou,Antonio Miguel Mateu Lahoz,Ronald Koeman,Jagoba Arrasate Elustondo,1.1.0,2,2.0
2021-02-21,2020/2021,Barcelona,Cádiz,1,1,1,2.15,1.08,20,4,81.22,956,857,81,36,13,15,3773415,14:00:00.000,Spain - La Liga,available,available,2023-07-25T03:10:18.051218,2023-07-25T03:17:10.679932,24,Regular Season,Spotify Camp Nou,Juan Martínez Munuera,Ronald Koeman,Álvaro Cervera Díaz,1.1.0,2,2.0
2021-02-24,2020/2021,Barcelona,Elche,3,0,3,2.7,0.67,9,5,64.77,787,723,135,37,14,8,3764440,19:00:00.000,Spain - La Liga,available,available,2023-07-25T03:06:46.373172,2023-07-25T03:12:39.582957,1,Regular Season,Spotify Camp Nou,Isidro Díaz de Mera Escuderos,Ronald Koeman,Francisco Escriba Segura,1.1.0,2,2.0
2021-04-25,2020/2021,Villarreal,Barcelona,1,2,2,3.32,1.37,15,5,56.47,628,556,237,34,18,11,3773689,16:15:00.000,Spain - La Liga,available,available,2022-12-02T09:12:52.250855,2023-04-28T00:44:33.357677,32,Regular Season,Estadio de la Cerámica,Carlos del Cerro Grande,Unai Emery Etxegoien,Ronald Koeman,1.1.0,2,2.0
2020-11-07,2020/2021,Barcelona,Real Betis,5,2,5,4.19,1.01,17,9,59.36,653,573,122,39,5,8,3773477,16:15:00.000,Spain - La Liga,available,available,2023-07-25T03:59:53.393191,2023-07-25T04:21:10.335828,9,Regular Season,Spotify Camp Nou,,Ronald Koeman,Manuel Luis Pellegrini Ripamonti,1.1.0,2,2.0
