ID_Partido,Jugador,Posicion,Titular,Minutos,Goles,Asistencias,Amarillas,Rojas,xG
1000,Ousmane Dembélé,MF,1,81,0,2,0,0,
1000,Ferrán Torres,FW,0,9,0,0,0,0,
1000,Robert Lewandowski,FW,1,90,2,0,0,0,
1000,Raphinha,FW,1,60,0,1,0,0,
1000,Ansu Fati,FW,0,30,0,0,0,0,
1000,Pedri,MF,1,90,1,0,0,0,
1000,Sergio Busquets,MF,1,75,0,0,0,0,
1000,Franck Kessié,MF,0,15,0,0,0,0,
1000,Gavi,MF,1,60,0,0,0,0,
1000,Frenkie de Jong,MF,0,30,0,0,0,0,
1000,Alejandro Balde,DF,1,90,0,0,0,0,
1000,Eric García,DF,1,90,0,0,0,0,
1000,Ronald Araújo,DF,1,60,0,0,0,0,
1000,Sergi Roberto,DF,0,30,1,0,0,0,
1000,Jules Koundé,DF,1,90,0,0,0,0,
1000,Marc-André ter Stegen,GK,1,90,0,0,0,0,
1001,Ousmane Dembélé,MF,1,62,0,0,1,0,
1001,Ferrán Torres,FW,0,28,0,0,0,0,
1001,Robert Lewandowski,FW,1,73,1,0,0,0,
1001,Ansu Fati,FW,0,17,0,0,0,0,
1001,Raphinha,FW,1,90,1,0,0,0,
1001,Pedri,MF,1,62,0,0,0,0,
1001,Frenkie de Jong,MF,0,28,0,0,0,0,
1001,Sergio Busquets,MF,1,90,0,0,0,0,
1001,Gavi,MF,1,90,0,0,0,0,
1001,Alejandro Balde,DF,1,63,0,0,1,0,
1001,Jordi Alba,DF,0,27,0,0,0,0,
1001,Eric García,DF,1,54,1,0,0,0,
1001,Sergi Roberto,DF,0,36,0,0,1,0,
1001,Ronald Araújo,DF,1,90,0,0,1,0,
1001,Jules Koundé,DF,1,90,0,2,0,0,
1001,Marc-André ter Stegen,GK,1,90,0,0,0,0,
1002,Ansu Fati,FW,1,64,0,0,0,0,
1002,Ferrán Torres,FW,0,26,1,1,0,0,
1002,Robert Lewandowski,FW,1,90,3,0,0,0,
1002,Ousmane Dembélé,MF,1,74,0,2,0,0,
1002,Memphis,FW,0,16,0,0,0,0,
1002,Pedri,MF,1,74,0,0,0,0,
1002,Gavi,MF,0,16,0,0,0,0,
1002,Frenkie de Jong,MF,1,90,0,0,0,0,
1002,Franck Kessié,MF,1,80,1,0,0,0,
1002,Pablo Torre,FW,0,10,0,0,0,0,
1002,Jordi Alba,DF,1,90,0,0,0,0,
1002,Jules Koundé,DF,1,90,0,1,0,0,
1002,Andreas Christensen,DF,1,90,0,0,0,0,
1002,Sergi Roberto,DF,1,45,0,1,0,0,
1002,Gerard Piqué,DF,0,45,0,0,0,0,
1002,Marc-André ter Stegen,GK,1,90,0,0,0,0,
1003,Ferrán Torres,FW,1,56,0,0,0,0,
1003,Ousmane Dembélé,MF,0,34,1,0,0,0,
1003,Memphis,FW,1,56,0,0,0,0,
1003,Robert Lewandowski,FW,0,34,1,2,0,0,
1003,Raphinha,FW,1,71,0,0,1,0,
1003,Ansu Fati,FW,0,19,1,0,0,0,
1003,Gavi,MF,1,56,0,0,0,0,
1003,Pedri,MF,0,34,0,0,0,0,
1003,Sergio Busquets,MF,1,90,0,0,1,0,
1003,Frenkie de Jong,MF,1,90,1,0,0,0,
1003,Alejandro Balde,DF,1,77,0,0,0,0,
1003,Marcos Alonso,DF,0,13,0,0,0,0,
1003,Gerard Piqué,DF,1,90,0,0,0,0,
1003,Ronald Araújo,DF,1,90,0,0,0,0,
1003,Héctor Bellerín,DF,1,90,0,0,0,0,
1003,Marc-André ter Stegen,GK,1,90,0,0,0,0,
1004,Ousmane Dembélé,MF,1,79,0,0,0,0,
1004,Ansu Fati,FW,0,11,0,0,0,0,
1004,Robert Lewandowski,FW,1,90,0,0,0,0,
1004,Raphinha,FW,1,60,0,0,0,0,
1004,Ferrán Torres,FW,0,30,0,0,0,0,
1004,Pedri,MF,1,90,0,0,0,0,
1004,Sergio Busquets,MF,1,79,0,0,1,0,
1004,Franck Kessié,MF,0,11,0,0,0,0,
1004,Gavi,MF,1,60,0,0,0,0,
1004,Frenkie de Jong,MF,0,30,0,0,0,0,
1004,Marcos Alonso,DF,1,90,0,0,0,0,
1004,Andreas Christensen,DF,1,69,0,0,0,0,
1004,Eric García,DF,0,21,0,0,0,0,
1004,Ronald Araújo,DF,1,90,0,0,0,0,
1004,Jules Koundé,DF,1,90,0,0,0,0,
1004,Marc-André ter Stegen,GK,1,90,0,0,0,0,
1005,Memphis,FW,1,58,1,0,0,0,
1005,Ansu Fati,FW,0,32,0,0,0,0,
1005,Robert Lewandowski,FW,1,71,2,0,0,0,
1005,Ferrán Torres,FW,0,19,0,0,1,0,
1005,Ousmane Dembélé,MF,1,59,0,0,0,0,
1005,Raphinha,FW,0,31,0,0,0,0,
1005,Pedri,MF,1,90,0,0,0,0,
1005,Frenkie de Jong,MF,1,90,0,0,0,0,
1005,Franck Kessié,MF,1,45,0,0,1,0,
1005,Gavi,MF,0,45,0,0,0,0,
1005,Alejandro Balde,DF,1,90,0,2,0,0,
1005,Eric García,DF,1,58,0,0,0,0,
1005,Héctor Bellerín,DF,0,32,0,0,0,0,
1005,Ronald Araújo,DF,1,90,0,0,0,0,
1005,Jules Koundé,DF,1,90,0,0,0,0,
1005,Marc-André ter Stegen,GK,1,90,0,0,0,0,
1006,Ansu Fati,FW,1,66,0,1,0,0,
1006,Raphinha,FW,0,24,0,0,0,0,
1006,Robert Lewandowski,FW,1,90,1,0,0,0,
1006,Ousmane Dembélé,MF,1,79,0,0,0,0,
1006,Ferrán Torres,FW,0,11,0,0,0,0,
1006,Gavi,MF,1,90,0,0,0,0,
1006,Sergio Busquets,MF,1,90,0,0,1,0,
1006,Franck Kessié,MF,1,66,0,0,1,0,
1006,Pedri,MF,0,24,0,0,0,0,
1006,Jordi Alba,DF,1,79,0,0,0,0,
1006,Sergi Roberto,DF,0,11,0,0,0,0,
1006,Andreas Christensen,DF,1,90,0,0,1,0,
1006,Gerard Piqué,DF,1,90,0,0,1,0,
1006,Alejandro Balde,DF,1,90,0,0,0,0,
1006,Marc-André ter Stegen,GK,1,90,0,0,0,0,
1007,Ousmane Dembélé,MF,1,90,0,0,0,0,
1007,Robert Lewandowski,FW,1,90,0,0,0,0,
1007,Raphinha,FW,1,62,0,0,0,0,
1007,Ansu Fati,FW,0,28,0,0,0,0,
1007,Pedri,MF,1,90,0,0,0,0,
1007,Sergio Busquets,MF,1,90,0,0,1,0,
1007,Gavi,MF,1,82,0,0,1,0,
1007,Franck Kessié,MF,0,8,0,0,0,0,
1007,Marcos Alonso,DF,1,62,0,0,0,0,
1007,Alejandro Balde,DF,0,28,0,0,0,0,
1007,Eric García,DF,1,90,0,0,0,0,
1007,Andreas Christensen,DF,1,57,0,0,0,0,
1007,Gerard Piqué,DF,0,33,0,0,0,0,
1007,Sergi Roberto,DF,1,90,0,0,0,0,
1007,Marc-André ter Stegen,GK,1,90,0,0,0,0,
1008,Ferrán Torres,FW,1,62,0,0,0,0,
1008,Ansu Fati,FW,0,28,0,0,0,0,
1008,Robert Lewandowski,FW,1,90,0,0,0,0,
1008,Raphinha,FW,1,63,0,0,0,0,
1008,Ousmane Dembélé,MF,0,27,0,0,0,0,
1008,Pedri,MF,1,62,1,0,0,0,
1008,Frenkie de Jong,MF,0,28,0,0,0,0,
1008,Sergio Busquets,MF,1,90,0,0,1,0,
1008,Gavi,MF,1,90,0,0,0,0,
1008,Jordi Alba,DF,1,85,0,0,1,0,
1008,Eric García,DF,0,5,0,0,0,0,
1008,Marcos Alonso,DF,1,90,0,0,0,0,
1008,Gerard Piqué,DF,1,90,0,0,0,0,
1008,Alejandro Balde,DF,1,76,0,0,0,0,
1008,Sergi Roberto,DF,0,14,0,0,0,0,
1008,Marc-André ter Stegen,GK,1,90,0,0,0,0,
1009,Raphinha,FW,1,63,0,0,0,0,
1009,Ansu Fati,FW,0,27,0,0,0,0,
1009,Robert Lewandowski,FW,1,90,2,0,0,0,
1009,Ousmane Dembélé,MF,1,90,1,0,1,0,
1009,Pedri,MF,1,90,0,0,0,0,
1009,Sergio Busquets,MF,1,63,0,0,0,0,
1009,Frenkie de Jong,MF,0,27,0,0,0,0,
1009,Gavi,MF,1,81,0,0,0,0,
1009,Ferrán Torres,FW,0,9,0,0,0,0,
1009,Marcos Alonso,DF,1,71,0,0,0,0,
1009,Alejandro Balde,DF,0,19,0,0,0,0,
1009,Eric García,DF,1,90,0,0,0,0,
1009,Gerard Piqué,DF,1,90,0,0,0,0,
1009,Sergi Roberto,DF,1,71,0,1,1,0,
1009,Franck Kessié,MF,0,19,0,0,0,0,
1009,Marc-André ter Stegen,GK,1,90,0,0,0,0,
1010,Ousmane Dembélé,MF,1,72,0,0,0,0,
1010,Ansu Fati,FW,0,18,0,0,0,0,
1010,Robert Lewandowski,FW,1,90,0,1,0,0,
1010,Raphinha,FW,1,59,0,0,0,0,
1010,Ferrán Torres,FW,0,31,1,0,0,0,
1010,Pedri,MF,1,82,0,0,0,0,
1010,Franck Kessié,MF,0,8,0,0,1,0,
1010,Sergio Busquets,MF,1,59,0,0,0,0,
1010,Gavi,MF,0,31,0,0,1,0,
1010,Frenkie de Jong,MF,1,90,0,0,0,0,
1010,Alejandro Balde,DF,1,59,0,0,0,0,
1010,Jordi Alba,DF,0,31,0,0,0,0,
1010,Eric García,DF,1,90,0,0,0,0,
1010,Jules Koundé,DF,1,90,0,0,0,0,
1010,Sergi Roberto,DF,1,90,0,0,0,0,
1010,Marc-André ter Stegen,GK,1,90,0,0,0,0,
1011,Ansu Fati,FW,1,74,1,0,0,0,
1011,Raphinha,FW,0,16,0,0,0,0,
1011,Robert Lewandowski,FW,1,74,2,0,0,0,
1011,Ousmane Dembélé,MF,0,16,0,0,0,0,
1011,Ferrán Torres,FW,1,90,0,0,0,0,
1011,Pedri,MF,1,90,0,0,0,0,
1011,Frenkie de Jong,MF,1,69,0,0,0,0,
1011,Sergio Busquets,MF,0,21,0,0,0,0,
1011,Gavi,MF,1,90,0,1,0,0,
1011,Jordi Alba,DF,1,90,0,1,0,0,
1011,Marcos Alonso,DF,1,90,0,0,0,0,
1011,Jules Koundé,DF,1,77,0,0,0,0,
1011,Gerard Piqué,DF,0,13,0,0,0,0,
1011,Sergi Roberto,DF,1,69,0,0,0,0,
1011,Héctor Bellerín,DF,0,21,0,0,0,0,
1011,Marc-André ter Stegen,GK,1,90,0,0,0,0,
1012,Gavi,MF,1,33,0,0,0,0,
1012,Franck Kessié,MF,0,57,0,0,0,0,
1012,Robert Lewandowski,FW,1,62,1,1,0,0,
1012,Ansu Fati,FW,0,28,0,0,0,0,
1012,Ousmane Dembélé,MF,1,76,1,3,0,0,
1012,Pablo Torre,FW,0,14,0,0,0,0,
1012,Pedri,MF,1,62,0,0,0,0,
1012,Ferrán Torres,FW,0,28,1,0,0,0,
1012,Sergio Busquets,MF,1,90,0,0,1,0,
1012,Frenkie de Jong,MF,1,90,0,0,0,0,
1012,Alejandro Balde,DF,1,90,0,0,0,0,
1012,Eric García,DF,1,90,0,0,1,0,
1012,Jules Koundé,DF,1,62,0,0,0,0,
1012,Marcos Alonso,DF,0,28,0,0,0,0,
1012,Sergi Roberto,DF,1,90,1,0,0,0,
1012,Marc-André ter Stegen,GK,1,90,0,0,0,0,
1013,Pedri,MF,1,57,0,0,0,0,
1013,Raphinha,FW,0,33,0,0,0,0,
1013,Robert Lewandowski,FW,1,81,0,0,0,0,
1013,Pablo Torre,FW,0,9,0,0,0,0,
1013,Ousmane Dembélé,MF,1,66,0,0,0,0,
1013,Ansu Fati,FW,0,24,0,0,0,0,
1013,Frenkie de Jong,MF,1,90,0,0,0,0,
1013,Sergio Busquets,MF,1,57,0,0,1,0,
1013,Ferrán Torres,FW,0,33,0,0,0,0,
1013,Franck Kessié,MF,1,90,0,0,0,0,
1013,Alejandro Balde,DF,1,90,0,0,0,0,
1013,Marcos Alonso,DF,1,90,0,0,0,0,
1013,Jules Koundé,DF,1,66,0,0,0,0,
1013,Eric García,DF,0,24,0,0,0,0,
1013,Héctor Bellerín,DF,1,90,0,0,0,0,
1013,Marc-André ter Stegen,GK,1,90,0,0,0,0,
1014,Ansu Fati,FW,1,56,0,0,0,0,
1014,Raphinha,FW,0,34,0,1,0,0,
1014,Robert Lewandowski,FW,1,90,1,0,0,0,
1014,Ousmane Dembélé,MF,1,55,0,0,0,0,
1014,Ferrán Torres,FW,0,35,0,0,1,0,
1014,Pedri,MF,1,90,0,0,0,0,
1014,Sergio Busquets,MF,1,55,0,0,0,0,
1014,Gavi,MF,0,35,0,0,1,0,
1014,Frenkie de Jong,MF,1,90,0,0,0,0,
1014,Jordi Alba,DF,1,90,0,0,0,0,
1014,Eric García,DF,1,41,0,0,1,0,
1014,Marcos Alonso,DF,0,49,0,0,1,0,
1014,Jules Koundé,DF,1,73,0,0,0,0,
1014,Gerard Piqué,DF,0,17,0,0,1,0,
1014,Alejandro Balde,DF,1,90,0,0,0,0,
1014,Marc-André ter Stegen,GK,1,90,0,0,0,0,
1015,Ferrán Torres,FW,1,90,2,0,1,0,
1015,Ansu Fati,FW,1,90,0,1,0,0,
1015,Raphinha,FW,1,76,0,2,0,0,
1015,Ousmane Dembélé,MF,0,14,0,0,0,0,
1015,Gavi,MF,1,90,0,0,1,0,
1015,Franck Kessié,MF,1,66,0,0,0,0,
1015,Marc Casado,MF,0,24,0,0,0,0,
1015,Pablo Torre,FW,1,76,1,0,1,0,
1015,Alvaro Sanz,MF,0,14,0,0,0,0,
1015,Jordi Alba,DF,1,56,0,1,0,0,
1015,Alejandro Balde,DF,0,34,0,0,0,0,
1015,Marcos Alonso,DF,1,90,1,0,0,0,
1015,Gerard Piqué,DF,1,90,0,0,0,0,
1015,Héctor Bellerín,DF,1,90,0,0,0,0,
1015,Iñaki Peña,GK,1,90,0,0,0,0,
1016,Ferrán Torres,FW,1,60,0,0,1,0,
1016,Ansu Fati,FW,0,30,0,0,0,0,
1016,Robert Lewandowski,FW,1,90,0,0,0,0,
1016,Ousmane Dembélé,MF,1,67,1,0,1,0,
1016,Raphinha,FW,0,23,0,0,0,0,
1016,Frenkie de Jong,MF,1,90,1,0,0,0,
1016,Sergio Busquets,MF,1,67,0,1,0,0,
1016,Gavi,MF,0,23,0,0,0,0,
1016,Pedri,MF,1,90,0,0,0,0,
1016,Jordi Alba,DF,1,90,0,0,0,0,
1016,Marcos Alonso,DF,1,90,0,0,0,0,
1016,Gerard Piqué,DF,1,84,0,0,0,0,
1016,Andreas Christensen,DF,0,6,0,0,0,0,
1016,Alejandro Balde,DF,1,90,0,0,0,0,
1016,Marc-André ter Stegen,GK,1,90,0,0,0,0,
1018,Ansu Fati,FW,1,61,0,0,1,0,
1018,Ferrán Torres,FW,0,29,0,0,1,0,
1018,Robert Lewandowski,FW,1,90,0,0,0,0,
1018,Raphinha,FW,1,61,0,0,1,0,
1018,Ousmane Dembélé,MF,0,29,0,0,0,0,
1018,Pedri,MF,1,90,0,0,1,0,
1018,Frenkie de Jong,MF,1,81,0,0,0,0,
1018,Jules Koundé,DF,0,9,0,0,0,0,
1018,Gavi,MF,1,51,0,0,1,0,
1018,Sergio Busquets,MF,0,39,0,0,0,0,
1018,Jordi Alba,DF,1,77,0,0,2,1,
1018,Marcos Alonso,DF,1,90,1,0,0,0,
1018,Andreas Christensen,DF,1,90,0,1,0,0,
1018,Sergi Roberto,DF,1,81,0,0,0,0,
1018,Alejandro Balde,DF,0,9,0,0,0,0,
1018,Marc-André ter Stegen,GK,1,90,0,0,0,0,
1019,Memphis,FW,1,73,0,0,0,0,
1019,Ansu Fati,FW,0,47,1,0,0,0,
1019,Ferrán Torres,FW,1,60,0,0,0,0,
1019,Raphinha,FW,0,60,1,1,0,0,
1019,Ousmane Dembélé,MF,1,104,1,0,0,0,
1019,Alejandro Balde,DF,0,16,0,0,0,0,
1019,Pablo Torre,FW,1,59,0,1,1,0,
1019,Gavi,MF,0,61,0,1,0,0,
1019,Sergio Busquets,MF,1,120,0,0,0,0,
1019,Franck Kessié,MF,1,120,0,0,0,0,
1019,Jordi Alba,DF,1,120,0,1,0,0,
1019,Jules Koundé,DF,1,120,0,0,0,0,
1019,Ronald Araújo,DF,1,59,1,0,0,0,
1019,Eric García,DF,0,61,0,0,0,0,
1019,Héctor Bellerín,DF,1,82,0,0,0,0,
1019,Marcos Alonso,DF,0,38,0,0,0,0,
1019,Iñaki Peña,GK,1,120,0,0,0,0,
1020,Pedri,MF,1,90,0,0,0,0,
1020,Ansu Fati,FW,1,56,0,0,0,0,
1020,Ferrán Torres,FW,0,33,0,0,0,1,
1020,Ousmane Dembélé,MF,1,90,1,0,0,0,
1020,Frenkie de Jong,MF,1,57,0,0,0,0,
1020,Franck Kessié,MF,0,33,0,0,0,0,
1020,Sergio Busquets,MF,1,80,0,0,0,0,
1020,Sergi Roberto,DF,0,10,0,0,0,0,
1020,Gavi,MF,1,72,0,1,0,0,
1020,Raphinha,FW,0,18,0,0,1,0,
1020,Alejandro Balde,DF,1,80,0,0,0,0,
1020,Marcos Alonso,DF,0,10,0,0,0,0,
1020,Andreas Christensen,DF,1,90,0,0,1,0,
1020,Ronald Araújo,DF,1,90,0,0,1,0,
1020,Jules Koundé,DF,1,90,0,0,0,0,
1020,Marc-André ter Stegen,GK,1,90,0,0,0,0,
1021,Ousmane Dembélé,MF,1,62,0,0,0,0,
1021,Ferrán Torres,FW,0,58,0,0,0,0,
1021,Robert Lewandowski,FW,1,120,1,0,0,0,
1021,Raphinha,FW,1,89,0,0,1,0,
1021,Ansu Fati,FW,0,31,1,0,0,0,
1021,Pedri,MF,1,120,0,0,0,0,
1021,Frenkie de Jong,MF,1,62,0,0,0,0,
1021,Sergio Busquets,MF,0,58,0,0,0,0,
1021,Gavi,MF,1,95,0,0,0,0,
1021,Franck Kessié,MF,0,25,0,0,0,0,
1021,Jordi Alba,DF,1,78,0,0,0,0,
1021,Marcos Alonso,DF,0,42,0,0,0,0,
1021,Jules Koundé,DF,1,120,0,0,0,0,
1021,Ronald Araújo,DF,1,120,0,0,0,0,
1021,Sergi Roberto,DF,1,77,0,0,1,0,
1021,Andreas Christensen,DF,0,43,0,0,0,0,
1021,Marc-André ter Stegen,GK,1,120,0,0,0,0,
1022,Robert Lewandowski,FW,1,90,1,1,0,0,
1022,Gavi,MF,1,89,1,2,0,0,
1022,Ansu Fati,FW,0,1,0,0,0,0,
1022,Pedri,MF,1,89,1,0,0,0,
1022,Sergi Roberto,DF,0,1,0,0,0,0,
1022,Ousmane Dembélé,MF,1,77,0,0,0,0,
1022,Raphinha,FW,0,13,0,0,0,0,
1022,Frenkie de Jong,MF,1,86,0,0,0,0,
1022,Franck Kessié,MF,0,4,0,0,0,0,
1022,Sergio Busquets,MF,1,90,0,0,0,0,
1022,Alejandro Balde,DF,1,90,0,0,0,0,
1022,Andreas Christensen,DF,1,90,0,0,1,0,
1022,Jules Koundé,DF,1,90,0,0,0,0,
1022,Ronald Araújo,DF,1,85,0,0,1,0,
1022,Eric García,DF,0,5,0,0,0,0,
1022,Marc-André ter Stegen,GK,1,90,0,0,0,0,
1023,Ferrán Torres,FW,1,59,0,0,0,0,
1023,Ansu Fati,FW,0,31,1,0,0,0,
1023,Robert Lewandowski,FW,1,90,2,0,0,0,
1023,Raphinha,FW,1,79,1,1,0,0,
1023,Ángel Alarcón,FW,0,11,0,0,0,0,
1023,Pablo Torre,FW,1,45,0,0,0,0,
1023,Gavi,MF,0,45,0,0,0,0,
1023,Sergi Roberto,DF,1,72,0,0,0,0,
1023,Sergio Busquets,MF,0,18,0,0,0,0,
1023,Franck Kessié,MF,1,90,1,2,0,0,
1023,Jordi Alba,DF,1,90,0,1,0,0,
1023,Marcos Alonso,DF,1,72,0,0,0,0,
1023,Andreas Christensen,DF,0,18,0,0,0,0,
1023,Eric García,DF,1,90,0,1,0,0,
1023,Héctor Bellerín,DF,1,90,0,0,0,0,
1023,Iñaki Peña,GK,1,90,0,0,0,0,
1024,Raphinha,FW,1,61,0,1,0,0,
1024,Franck Kessié,MF,0,29,0,0,0,0,
1024,Ansu Fati,FW,1,90,0,0,0,0,
1024,Ousmane Dembélé,MF,1,90,0,0,1,0,
1024,Gavi,MF,1,90,0,0,0,0,
1024,Sergio Busquets,MF,1,90,0,0,0,0,
1024,Pedri,MF,1,90,1,0,0,0,
1024,Alejandro Balde,DF,1,45,0,0,0,0,
1024,Jordi Alba,DF,0,45,0,0,0,0,
1024,Andreas Christensen,DF,1,45,0,0,0,0,
1024,Eric García,DF,0,45,0,0,0,0,
1024,Jules Koundé,DF,1,90,0,0,0,0,
1024,Sergi Roberto,DF,1,76,0,0,0,0,
1024,Marcos Alonso,DF,0,14,0,0,0,0,
1024,Marc-André ter Stegen,GK,1,90,0,0,0,0,
1025,Gavi,MF,1,90,0,0,0,0,
1025,Robert Lewandowski,FW,1,90,0,0,0,0,
1025,Ousmane Dembélé,MF,1,83,1,0,0,0,
1025,Ansu Fati,FW,0,7,0,0,0,0,
1025,Frenkie de Jong,MF,1,90,0,0,0,0,
1025,Sergio Busquets,MF,1,90,0,0,1,0,
1025,Pedri,MF,1,76,0,0,1,0,
1025,Franck Kessié,MF,0,14,0,0,0,0,
1025,Alejandro Balde,DF,1,77,0,0,0,0,
1025,Raphinha,FW,0,13,0,0,0,0,
1025,Andreas Christensen,DF,1,89,0,0,0,0,
1025,Marcos Alonso,DF,0,1,0,0,0,0,
1025,Ronald Araújo,DF,1,90,0,0,0,0,
1025,Jules Koundé,DF,1,90,0,1,0,0,
1025,Marc-André ter Stegen,GK,1,90,0,0,0,0,
1026,Ousmane Dembélé,MF,1,25,0,0,0,0,
1026,Pedri,MF,0,65,1,0,1,0,
1026,Ansu Fati,FW,1,80,0,0,1,0,
1026,Alejandro Balde,DF,0,10,0,0,0,0,
1026,Raphinha,FW,1,87,0,0,0,0,
1026,Franck Kessié,MF,0,3,0,0,0,0,
1026,Frenkie de Jong,MF,1,90,0,0,0,0,
1026,Sergio Busquets,MF,1,90,0,0,0,0,
1026,Gavi,MF,1,90,0,0,1,0,
1026,Marcos Alonso,DF,1,45,0,0,0,0,
1026,Jordi Alba,DF,0,45,0,1,0,0,
1026,Eric García,DF,1,90,0,0,0,0,
1026,Ronald Araújo,DF,1,90,0,0,0,0,
1026,Jules Koundé,DF,1,90,0,0,0,0,
1026,Marc-André ter Stegen,GK,1,90,0,0,0,0,
1027,Gavi,MF,1,83,0,0,0,0,
1027,Ferrán Torres,FW,0,7,0,0,0,0,
1027,Robert Lewandowski,FW,1,90,1,0,0,0,
1027,Raphinha,FW,1,79,1,0,0,0,
1027,Ansu Fati,FW,0,11,0,0,0,0,
1027,Pedri,MF,1,89,0,0,0,0,
1027,Franck Kessié,MF,0,1,0,0,0,0,
1027,Sergio Busquets,MF,1,90,0,0,0,0,
1027,Frenkie de Jong,MF,1,90,0,0,0,0,
1027,Alejandro Balde,DF,1,90,0,1,0,0,
1027,Andreas Christensen,DF,1,90,0,0,0,0,
1027,Ronald Araújo,DF,1,90,0,1,0,0,
1027,Jules Koundé,DF,1,90,0,0,0,0,
1027,Marc-André ter Stegen,GK,1,90,0,0,0,0,
1028,Gavi,MF,1,79,1,0,0,0,
1028,Ansu Fati,FW,0,11,0,0,0,0,
1028,Robert Lewandowski,FW,1,90,0,0,0,0,
1028,Raphinha,FW,1,83,1,1,0,0,
1028,Ferrán Torres,FW,0,7,0,0,0,0,
1028,Frenkie de Jong,MF,1,90,0,0,0,0,
1028,Sergio Busquets,MF,1,7,0,0,0,0,
1028,Franck Kessié,MF,0,83,0,1,0,0,
1028,Pedri,MF,1,90,0,0,0,0,
1028,Jordi Alba,DF,1,82,1,1,0,0,
1028,Alejandro Balde,DF,0,8,0,0,0,0,
1028,Andreas Christensen,DF,1,90,0,0,0,0,
1028,Ronald Araújo,DF,1,79,0,0,0,0,
1028,Marcos Alonso,DF,0,11,0,0,0,0,
1028,Jules Koundé,DF,1,90,0,0,0,0,
1028,Marc-André ter Stegen,GK,1,90,0,0,0,0,
1029,Gavi,MF,1,90,0,0,0,0,
1029,Robert Lewandowski,FW,1,90,0,1,0,0,
1029,Raphinha,FW,1,80,0,0,1,0,
1029,Ferrán Torres,FW,0,10,0,0,0,0,
1029,Franck Kessié,MF,1,88,0,0,0,0,
1029,Jordi Alba,DF,0,2,0,0,0,0,
1029,Frenkie de Jong,MF,1,90,0,0,1,0,
1029,Pedri,MF,1,90,1,0,0,0,
1029,Alejandro Balde,DF,1,90,0,0,0,0,
1029,Andreas Christensen,DF,1,90,0,0,0,0,
1029,Ronald Araújo,DF,1,90,0,0,1,0,
1029,Jules Koundé,DF,1,90,0,0,1,0,
1029,Marc-André ter Stegen,GK,1,90,0,0,0,0,
1030,Gavi,MF,1,90,0,0,1,0,
1030,Robert Lewandowski,FW,1,90,0,0,0,0,
1030,Raphinha,FW,1,82,1,0,0,0,
1030,Ferrán Torres,FW,0,8,0,0,0,0,
1030,Franck Kessié,MF,1,66,0,0,0,0,
1030,Ansu Fati,FW,0,24,0,0,0,0,
1030,Frenkie de Jong,MF,1,90,0,0,0,0,
1030,Pedri,MF,1,40,0,0,0,0,
1030,Sergi Roberto,DF,0,50,0,0,0,0,
1030,Jordi Alba,DF,1,66,0,0,1,0,
1030,Alejandro Balde,DF,0,24,0,0,0,0,
1030,Marcos Alonso,DF,1,66,1,0,0,0,
1030,Andreas Christensen,DF,0,24,0,0,0,0,
1030,Ronald Araújo,DF,1,90,0,0,0,0,
1030,Jules Koundé,DF,1,90,0,1,0,0,
1030,Marc-André ter Stegen,GK,1,90,0,0,0,0,
1031,Ansu Fati,FW,1,85,0,0,0,0,
1031,Ángel Alarcón,FW,0,5,0,0,0,0,
1031,Robert Lewandowski,FW,1,73,1,0,0,0,
1031,Raphinha,FW,0,17,0,0,0,0,
1031,Ferrán Torres,FW,1,90,0,0,0,0,
1031,Sergi Roberto,DF,1,90,1,1,0,0,
1031,Frenkie de Jong,MF,1,68,0,0,1,0,
1031,Franck Kessié,MF,0,22,0,0,1,0,
1031,Gavi,MF,1,90,0,0,0,0,
1031,Alejandro Balde,DF,1,90,0,0,0,0,
1031,Eric García,DF,1,90,0,0,0,0,
1031,Andreas Christensen,DF,1,90,0,0,0,0,
1031,Jules Koundé,DF,1,90,0,0,0,0,
1031,Marc-André ter Stegen,GK,1,90,0,0,0,0,
1032,Sergi Roberto,DF,1,69,0,0,1,0,
1032,Ferrán Torres,FW,0,21,0,0,0,0,
1032,Robert Lewandowski,FW,1,90,1,0,1,0,
1032,Raphinha,FW,1,74,0,0,0,0,
1032,Ansu Fati,FW,0,16,0,0,0,0,
1032,Franck Kessié,MF,1,90,0,0,0,0,
1032,Sergio Busquets,MF,1,90,0,0,1,0,
1032,Frenkie de Jong,MF,1,90,0,0,0,0,
1032,Alejandro Balde,DF,1,90,0,0,0,0,
1032,Andreas Christensen,DF,1,90,0,0,0,0,
1032,Ronald Araújo,DF,1,81,0,0,0,0,
1032,Marcos Alonso,DF,0,9,0,0,0,0,
1032,Jules Koundé,DF,1,90,0,0,0,0,
1032,Marc-André ter Stegen,GK,1,90,0,0,0,0,
1033,Gavi,MF,1,90,0,0,1,0,
1033,Robert Lewandowski,FW,1,90,0,0,0,0,
1033,Ferrán Torres,FW,1,90,0,0,0,0,
1033,Frenkie de Jong,MF,1,90,0,0,0,0,
1033,Sergio Busquets,MF,1,75,0,0,0,0,
1033,Pablo Torre,FW,0,15,0,0,0,0,
1033,Franck Kessié,MF,1,45,0,0,0,0,
1033,Raphinha,FW,0,45,0,0,1,0,
1033,Jordi Alba,DF,1,66,0,0,0,0,
1033,Marcos Alonso,DF,0,24,0,0,0,0,
1033,Eric García,DF,1,66,0,0,1,0,
1033,Ronald Araújo,DF,0,24,0,0,0,0,
1033,Andreas Christensen,DF,1,90,0,0,0,0,
1033,Sergi Roberto,DF,1,75,0,0,0,0,
1033,Ángel Alarcón,FW,0,15,0,0,0,0,
1033,Marc-André ter Stegen,GK,1,90,0,0,0,0,
1034,Gavi,MF,1,90,0,0,1,0,
1034,Ferrán Torres,FW,1,90,0,0,0,0,
1034,Raphinha,FW,1,68,0,0,1,0,
1034,Ansu Fati,FW,0,22,0,0,0,0,
1034,Franck Kessié,MF,1,85,0,0,1,0,
1034,Sergi Roberto,DF,0,5,0,0,0,0,
1034,Sergio Busquets,MF,1,90,0,0,0,0,
1034,Frenkie de Jong,MF,1,90,0,0,0,0,
1034,Alejandro Balde,DF,1,90,0,0,0,0,
1034,Marcos Alonso,DF,1,90,0,0,0,0,
1034,Jules Koundé,DF,1,90,0,0,0,0,
1034,Ronald Araújo,DF,1,90,0,0,0,0,
1034,Marc-André ter Stegen,GK,1,90,0,0,0,0,
1035,Ansu Fati,FW,1,60,0,0,0,0,
1035,Marcos Alonso,DF,0,30,0,0,0,0,
1035,Ferrán Torres,FW,1,90,0,0,0,0,
1035,Raphinha,FW,1,86,1,0,0,0,
1035,Ángel Alarcón,FW,0,4,0,0,0,0,
1035,Frenkie de Jong,MF,1,45,0,0,0,0,
1035,Franck Kessié,MF,0,45,0,0,0,0,
1035,Sergio Busquets,MF,1,90,0,1,0,0,
1035,Sergi Roberto,DF,1,80,0,0,0,0,
1035,Eric García,DF,0,10,0,0,0,0,
1035,Alejandro Balde,DF,1,90,0,0,0,0,
1035,Andreas Christensen,DF,1,90,0,0,0,0,
1035,Ronald Araújo,DF,1,58,0,0,0,1,
1035,Jules Koundé,DF,1,90,0,0,0,0,
1035,Marc-André ter Stegen,GK,1,90,0,0,0,0,
1036,Ferrán Torres,FW,1,67,0,0,0,0,
1036,Franck Kessié,MF,0,23,0,0,0,0,
1036,Robert Lewandowski,FW,1,90,0,0,0,0,
1036,Raphinha,FW,1,82,1,0,0,0,
1036,Marcos Alonso,DF,0,8,0,0,0,0,
1036,Frenkie de Jong,MF,1,90,0,0,0,0,
1036,Sergio Busquets,MF,1,90,0,1,0,0,
1036,Gavi,MF,1,89,0,0,0,0,
1036,Ángel Alarcón,FW,0,1,0,0,0,0,
1036,Alejandro Balde,DF,1,90,0,0,0,0,
1036,Andreas Christensen,DF,1,90,0,0,0,0,
1036,Jules Koundé,DF,1,90,0,0,0,0,
1036,Sergi Roberto,DF,1,82,0,0,1,0,
1036,Ansu Fati,FW,0,8,0,0,0,0,
1036,Marc-André ter Stegen,GK,1,90,0,0,0,0,
1037,Gavi,MF,1,89,0,0,0,0,
1037,Ansu Fati,FW,0,1,0,0,1,0,
1037,Robert Lewandowski,FW,1,90,0,0,0,0,
1037,Raphinha,FW,1,82,0,0,1,0,
1037,Ferrán Torres,FW,0,8,0,0,0,0,
1037,Frenkie de Jong,MF,1,90,0,0,0,0,
1037,Sergio Busquets,MF,1,90,0,0,0,0,
1037,Sergi Roberto,DF,1,76,1,0,1,0,
1037,Franck Kessié,MF,0,14,1,0,0,0,
1037,Alejandro Balde,DF,1,90,0,1,1,0,
1037,Andreas Christensen,DF,1,90,0,0,0,0,
1037,Jules Koundé,DF,1,90,0,0,0,0,
1037,Ronald Araújo,DF,1,90,0,0,0,0,
1037,Marc-André ter Stegen,GK,1,90,0,0,0,0,
1038,Ansu Fati,FW,1,83,1,0,0,0,
1038,Aleix Garrido,MF,0,7,0,0,0,0,
1038,Robert Lewandowski,FW,1,90,2,1,1,0,
1038,Ferrán Torres,FW,1,90,1,1,0,0,
1038,Sergi Roberto,DF,1,90,0,0,0,0,
1038,Eric García,DF,1,90,0,0,0,0,
1038,Gavi,MF,1,67,0,1,1,0,
1038,Franck Kessié,MF,0,23,0,0,0,0,
1038,Jordi Alba,DF,1,90,0,0,0,0,
1038,Marcos Alonso,DF,1,90,0,0,0,0,
1038,Ronald Araújo,DF,1,77,0,1,1,0,
1038,Pablo Torre,FW,0,13,0,0,0,0,
1038,Jules Koundé,DF,1,90,0,0,0,0,
1038,Marc-André ter Stegen,GK,1,90,0,0,0,0,
1039,Gavi,MF,1,90,0,0,1,0,
1039,Robert Lewandowski,FW,1,90,0,0,0,0,
1039,Raphinha,FW,1,65,0,0,0,0,
1039,Ferrán Torres,FW,0,25,0,0,1,0,
1039,Sergi Roberto,DF,1,90,0,0,1,0,
1039,Sergio Busquets,MF,1,90,0,0,0,0,
1039,Franck Kessié,MF,1,58,0,0,0,0,
1039,Ansu Fati,FW,0,32,0,0,1,0,
1039,Alejandro Balde,DF,1,90,0,0,1,0,
1039,Marcos Alonso,DF,1,65,0,0,0,0,
1039,Eric García,DF,0,25,0,0,1,0,
1039,Jules Koundé,DF,1,90,0,0,0,0,
1039,Ronald Araújo,DF,1,90,0,0,1,0,
1039,Marc-André ter Stegen,GK,1,90,0,0,0,0,
1040,Ansu Fati,FW,1,67,0,0,0,0,
1040,Ferrán Torres,FW,0,23,0,0,0,0,
1040,Robert Lewandowski,FW,1,90,0,0,0,0,
1040,Raphinha,FW,1,74,0,0,0,0,
1040,Jordi Alba,DF,0,16,0,0,0,0,
1040,Sergi Roberto,DF,1,45,0,0,0,0,
1040,Franck Kessié,MF,0,45,0,0,0,0,
1040,Sergio Busquets,MF,1,90,0,0,0,0,
1040,Gavi,MF,1,90,0,0,0,0,
1040,Alejandro Balde,DF,1,90,0,0,0,0,
1040,Eric García,DF,1,90,0,0,0,0,
1040,Ronald Araújo,DF,1,90,0,0,0,0,
1040,Jules Koundé,DF,1,90,0,0,0,0,
1040,Marc-André ter Stegen,GK,1,90,0,0,0,0,
1041,Alejandro Balde,DF,1,90,0,0,0,0,
1041,Robert Lewandowski,FW,1,90,0,0,0,0,
1041,Raphinha,FW,1,86,0,0,0,0,
1041,Pablo Torre,FW,0,4,0,0,0,0,
1041,Gavi,MF,1,90,0,0,1,0,
1041,Sergio Busquets,MF,1,90,0,0,0,0,
1041,Franck Kessié,MF,1,67,0,0,0,0,
1041,Ansu Fati,FW,0,23,0,0,0,0,
1041,Jordi Alba,DF,1,67,0,0,0,0,
1041,Ferrán Torres,FW,0,23,0,0,0,0,
1041,Jules Koundé,DF,1,90,0,0,0,0,
1041,Ronald Araújo,DF,1,90,0,0,0,0,
1041,Sergi Roberto,DF,1,17,0,0,0,0,
1041,Eric García,DF,0,73,0,0,0,0,
1041,Marc-André ter Stegen,GK,1,90,0,0,0,0,
1042,Ferrán Torres,FW,1,60,1,0,0,0,
1042,Pedri,MF,0,30,0,0,0,0,
1042,Robert Lewandowski,FW,1,90,0,0,0,0,
1042,Raphinha,FW,1,89,0,1,1,0,
1042,Ansu Fati,FW,0,1,0,0,0,0,
1042,Gavi,MF,1,90,0,0,1,0,
1042,Sergio Busquets,MF,1,90,0,0,1,0,
1042,Frenkie de Jong,MF,1,77,0,0,0,0,
1042,Franck Kessié,MF,0,13,0,0,0,0,
1042,Alejandro Balde,DF,1,90,0,0,0,0,
1042,Marcos Alonso,DF,1,60,0,0,1,0,
1042,Eric García,DF,0,30,0,0,0,0,
1042,Ronald Araújo,DF,1,90,0,0,0,0,
1042,Jules Koundé,DF,1,90,0,0,0,0,
1042,Marc-André ter Stegen,GK,1,90,0,0,0,0,
1043,Ferrán Torres,FW,1,56,0,0,0,0,
1043,Ansu Fati,FW,0,34,0,0,0,0,
1043,Robert Lewandowski,FW,1,90,1,0,0,0,
1043,Raphinha,FW,1,90,0,0,1,0,
1043,Gavi,MF,1,78,0,0,1,0,
1043,Pablo Torre,FW,0,12,0,0,0,0,
1043,Frenkie de Jong,MF,1,78,0,0,0,0,
1043,Eric García,DF,0,12,0,0,0,0,
1043,Pedri,MF,1,67,0,0,0,0,
1043,Franck Kessié,MF,0,23,0,0,0,0,
1043,Alejandro Balde,DF,1,90,0,0,1,0,
1043,Marcos Alonso,DF,1,56,0,0,0,0,
1043,Jordi Alba,DF,0,34,0,0,1,0,
1043,Ronald Araújo,DF,1,90,0,0,0,0,
1043,Jules Koundé,DF,1,90,0,0,0,0,
1043,Marc-André ter Stegen,GK,1,90,0,0,0,0,
1044,Gavi,MF,1,82,0,0,0,0,
1044,Lamine Yamal,FW,0,8,0,0,0,0,
1044,Robert Lewandowski,FW,1,90,1,0,0,0,
1044,Raphinha,FW,1,72,1,1,0,0,
1044,Ousmane Dembélé,MF,0,18,0,0,0,0,
1044,Frenkie de Jong,MF,1,58,0,0,0,0,
1044,Ansu Fati,FW,0,32,0,0,0,0,
1044,Sergio Busquets,MF,1,90,0,1,0,0,
1044,Pedri,MF,1,72,0,0,0,0,
1044,Franck Kessié,MF,0,18,0,0,0,0,
1044,Alejandro Balde,DF,1,90,0,0,0,0,
1044,Andreas Christensen,DF,1,58,1,0,0,0,
1044,Marcos Alonso,DF,0,32,0,0,0,0,
1044,Ronald Araújo,DF,1,90,0,0,0,0,
1044,Jules Koundé,DF,1,90,0,1,0,0,
1044,Marc-André ter Stegen,GK,1,90,0,0,0,0,
1045,Robert Lewandowski,FW,1,90,0,0,0,0,
1045,Gavi,MF,1,35,0,0,0,0,
1045,Ansu Fati,FW,0,55,0,0,0,0,
1045,Pedri,MF,1,90,0,0,0,0,
1045,Raphinha,FW,1,51,0,0,0,0,
1045,Ousmane Dembélé,MF,0,39,0,0,0,0,
1045,Frenkie de Jong,MF,1,90,0,1,0,0,
1045,Sergio Busquets,MF,1,75,0,0,0,0,
1045,Ferrán Torres,FW,0,15,0,0,0,0,
1045,Alejandro Balde,DF,1,75,0,0,0,0,
1045,Jordi Alba,DF,0,15,1,0,0,0,
1045,Andreas Christensen,DF,1,51,0,0,0,0,
1045,Eric García,DF,0,39,0,0,0,0,
1045,Ronald Araújo,DF,1,90,0,0,0,0,
1045,Jules Koundé,DF,1,90,0,0,0,0,
1045,Marc-André ter Stegen,GK,1,90,0,0,0,0,
1046,Gavi,MF,1,73,0,0,1,0,
1046,Ansu Fati,FW,0,17,0,0,0,0,
1046,Robert Lewandowski,FW,1,90,2,0,0,0,
1046,Raphinha,FW,1,61,0,1,0,0,
1046,Ousmane Dembélé,MF,0,29,0,0,0,0,
1046,Frenkie de Jong,MF,1,90,0,1,0,0,
1046,Sergio Busquets,MF,1,90,0,0,0,0,
1046,Pedri,MF,1,88,0,1,0,0,
1046,Franck Kessié,MF,0,2,0,0,0,0,
1046,Alejandro Balde,DF,1,90,1,1,0,0,
1046,Andreas Christensen,DF,1,73,0,0,0,0,
1046,Marcos Alonso,DF,0,17,0,0,0,0,
1046,Ronald Araújo,DF,1,62,0,0,0,0,
1046,Jordi Alba,DF,0,28,0,0,1,0,
1046,Jules Koundé,DF,1,90,1,0,1,0,
1046,Marc-André ter Stegen,GK,1,90,0,0,0,0,
1047,Ousmane Dembélé,MF,1,85,0,0,0,0,
1047,Pablo Torre,FW,0,5,0,0,0,0,
1047,Robert Lewandowski,FW,1,90,1,0,1,0,
1047,Raphinha,FW,1,62,0,0,0,0,
1047,Ansu Fati,FW,0,28,0,0,0,0,
1047,Frenkie de Jong,MF,1,90,0,0,1,0,
1047,Sergio Busquets,MF,1,83,0,0,1,0,
1047,Eric García,DF,0,7,0,0,0,0,
1047,Franck Kessié,MF,1,62,0,0,0,0,
1047,Ferrán Torres,FW,0,28,0,1,0,0,
1047,Jordi Alba,DF,1,90,0,0,0,0,
1047,Andreas Christensen,DF,1,90,0,0,0,0,
1047,Jules Koundé,DF,1,45,0,0,0,0,
1047,Marcos Alonso,DF,0,45,0,0,1,0,
1047,Alejandro Balde,DF,1,90,0,0,0,0,
1047,Marc-André ter Stegen,GK,1,90,0,0,0,0,
1048,Pablo Torre,FW,1,62,0,0,0,0,
1048,Ousmane Dembélé,MF,0,28,0,0,0,0,
1048,Robert Lewandowski,FW,1,90,1,0,0,0,
1048,Raphinha,FW,1,62,0,0,0,0,
1048,Ferrán Torres,FW,0,28,0,0,0,0,
1048,Frenkie de Jong,MF,1,90,0,1,0,0,
1048,Eric García,DF,1,90,0,0,0,0,
1048,Gavi,MF,1,75,0,0,0,0,
1048,Ansu Fati,FW,0,15,0,0,0,0,
1048,Alejandro Balde,DF,1,90,0,0,0,0,
1048,Marcos Alonso,DF,1,90,0,0,0,0,
1048,Andreas Christensen,DF,1,90,0,0,0,0,
1048,Sergi Roberto,DF,1,45,0,0,0,0,
1048,Franck Kessié,MF,0,45,0,0,0,0,
1048,Marc-André ter Stegen,GK,1,45,0,0,0,0,
1048,Iñaki Peña,GK,0,45,0,0,0,0,
1049,Ansu Fati,FW,1,78,2,0,0,0,
1049,Raphinha,FW,0,12,0,0,0,0,
1049,Robert Lewandowski,FW,1,90,0,1,0,0,
1049,Ousmane Dembélé,MF,1,83,0,1,0,0,
1049,Ferrán Torres,FW,0,7,0,0,0,0,
1049,Frenkie de Jong,MF,1,90,0,0,0,0,
1049,Sergio Busquets,MF,1,84,0,0,0,0,
1049,Eric García,DF,0,6,0,0,0,0,
1049,Gavi,MF,1,90,1,1,0,0,
1049,Jordi Alba,DF,1,80,0,0,0,0,
1049,Marcos Alonso,DF,0,10,0,0,0,0,
1049,Andreas Christensen,DF,1,90,0,0,0,0,
1049,Jules Koundé,DF,1,90,0,0,0,0,
1049,Alejandro Balde,DF,1,16,0,0,0,0,
1049,Sergi Roberto,DF,0,74,0,0,0,0,
1049,Marc-André ter Stegen,GK,1,90,0,0,0,0,
1050,Ferrán Torres,FW,1,62,0,0,1,0,
1050,Ansu Fati,FW,0,28,1,0,0,0,
1050,Robert Lewandowski,FW,1,90,0,0,0,0,
1050,Raphinha,FW,1,62,0,0,1,0,
1050,Ousmane Dembélé,MF,0,28,0,1,0,0,
1050,Frenkie de Jong,MF,1,90,0,0,0,0,
1050,Eric García,DF,1,71,0,0,0,0,
1050,Pablo Torre,FW,0,19,0,0,0,0,
1050,Franck Kessié,MF,1,90,0,0,0,0,
1050,Marcos Alonso,DF,1,90,0,0,0,0,
1050,Andreas Christensen,DF,1,45,0,0,0,0,
1050,Gavi,MF,0,45,0,0,0,0,
1050,Jules Koundé,DF,1,90,0,0,0,0,
1050,Sergi Roberto,DF,1,90,0,0,0,0,
1050,Marc-André ter Stegen,GK,1,62,0,0,0,0,
1050,Iñaki Peña,GK,0,28,0,0,0,0,
1051,Robert Lewandowski,FW,1,90,0,0,0,0,
1051,İlkay Gündoğan,MF,1,78,0,0,0,0,
1051,Gavi,MF,0,12,0,0,1,0,
1051,Pedri,MF,1,78,0,0,0,0,
1051,Ansu Fati,FW,0,12,0,0,0,0,
1051,Raphinha,FW,1,41,0,0,1,1,
1051,Frenkie de Jong,MF,1,90,0,0,0,0,
1051,Oriol Romeu,MF,1,75,0,0,0,0,
1051,Lamine Yamal,FW,0,15,0,0,0,0,
1051,Alejandro Balde,DF,1,90,0,0,0,0,
1051,Andreas Christensen,DF,1,45,0,0,0,0,
1051,Abde Ezzalzouli,FW,0,45,0,0,0,0,
1051,Jules Koundé,DF,1,90,0,0,0,0,
1051,Ronald Araújo,DF,1,90,0,0,0,0,
1051,Marc-André ter Stegen,GK,1,90,0,0,0,0,
1052,Robert Lewandowski,FW,1,90,0,1,0,0,
1052,Pedri,MF,1,90,1,0,1,0,
1052,Gavi,MF,1,67,0,0,1,0,
1052,Abde Ezzalzouli,FW,0,23,0,0,0,0,
1052,Alejandro Balde,DF,1,67,0,0,0,0,
1052,Ansu Fati,FW,0,23,0,0,0,0,
1052,İlkay Gündoğan,MF,1,90,0,1,0,0,
1052,Oriol Romeu,MF,1,78,0,0,0,0,
1052,Sergi Roberto,DF,0,12,0,0,0,0,
1052,Lamine Yamal,FW,1,84,0,0,0,0,
1052,Ferrán Torres,FW,0,6,1,0,0,0,
1052,Frenkie de Jong,MF,1,90,0,0,1,0,
1052,Andreas Christensen,DF,1,78,0,0,0,0,
1052,Eric García,DF,0,12,0,0,0,0,
1052,Jules Koundé,DF,1,90,0,0,0,0,
1052,Marc-André ter Stegen,GK,1,90,0,0,1,0,
1053,Gavi,MF,1,90,1,0,0,0,
1053,Robert Lewandowski,FW,1,90,1,0,1,0,
1053,Lamine Yamal,FW,1,75,0,1,1,0,
1053,Ansu Fati,FW,0,15,0,0,0,0,
1053,Frenkie de Jong,MF,1,90,1,0,0,0,
1053,Oriol Romeu,MF,1,62,0,0,0,0,
1053,Ferrán Torres,FW,0,28,1,0,0,0,
1053,İlkay Gündoğan,MF,1,85,0,0,0,0,
1053,Fermin López,MF,0,5,0,0,0,0,
1053,Marcos Alonso,DF,1,90,0,0,0,0,
1053,Andreas Christensen,DF,1,45,0,0,0,0,
1053,Eric García,DF,0,45,0,0,1,0,
1053,Jules Koundé,DF,1,90,0,0,0,0,
1053,Sergi Roberto,DF,1,90,0,0,0,0,
1053,Marc-André ter Stegen,GK,1,90,0,0,0,0,
1054,Gavi,MF,1,90,0,0,0,0,
1054,Robert Lewandowski,FW,1,89,1,0,1,0,
1054,Raphinha,FW,0,1,0,0,0,0,
1054,Lamine Yamal,FW,1,58,0,0,0,0,
1054,Ferrán Torres,FW,0,32,0,0,0,0,
1054,İlkay Gündoğan,MF,1,90,0,1,0,0,
1054,Oriol Romeu,MF,1,79,0,0,0,0,
1054,João Félix,FW,0,11,0,0,0,0,
1054,Frenkie de Jong,MF,1,90,0,0,1,0,
1054,Alejandro Balde,DF,1,90,0,0,1,0,
1054,Andreas Christensen,DF,1,89,0,0,0,0,
1054,Iñigo Martínez,DF,0,1,0,0,0,0,
1054,Jules Koundé,DF,1,90,1,0,0,0,
1054,Sergi Roberto,DF,1,58,0,0,0,0,
1054,João Cancelo,DF,0,32,0,0,0,0,
1054,Marc-André ter Stegen,GK,1,90,0,0,0,0,
1055,João Félix,FW,1,63,1,0,0,0,
1055,Lamine Yamal,FW,0,27,0,0,0,0,
1055,Robert Lewandowski,FW,1,90,1,2,0,0,
1055,Ferrán Torres,FW,1,63,1,0,0,0,
1055,Raphinha,FW,0,27,1,0,0,0,
1055,Frenkie de Jong,MF,1,90,0,0,0,0,
1055,Oriol Romeu,MF,1,63,0,1,0,0,
1055,İlkay Gündoğan,MF,0,27,0,0,0,0,
1055,Gavi,MF,1,90,0,0,0,0,
1055,Alejandro Balde,DF,1,75,0,0,0,0,
1055,Marcos Alonso,DF,0,15,0,0,0,0,
1055,Andreas Christensen,DF,1,75,0,1,0,0,
1055,Iñigo Martínez,DF,0,15,0,0,1,0,
1055,Jules Koundé,DF,1,90,0,0,0,0,
1055,João Cancelo,DF,1,90,1,0,0,0,
1055,Marc-André ter Stegen,GK,1,90,0,0,0,0,
1056,João Félix,FW,1,67,2,1,0,0,
1056,Lamine Yamal,FW,0,23,0,0,0,0,
1056,Robert Lewandowski,FW,1,90,1,1,0,0,
1056,Raphinha,FW,1,67,0,1,0,0,
1056,Ferrán Torres,FW,0,23,0,0,0,0,
1056,Gavi,MF,1,57,1,0,1,0,
1056,Fermin López,MF,0,33,0,0,0,0,
1056,Frenkie de Jong,MF,1,57,0,0,0,0,
1056,Oriol Romeu,MF,0,33,0,0,0,0,
1056,İlkay Gündoğan,MF,1,90,0,1,0,0,
1056,Alejandro Balde,DF,1,90,0,0,0,0,
1056,Andreas Christensen,DF,1,90,0,0,0,0,
1056,Jules Koundé,DF,1,90,0,0,0,0,
1056,João Cancelo,DF,1,75,0,0,0,0,
1056,Sergi Roberto,DF,0,15,0,0,0,0,
1056,Marc-André ter Stegen,GK,1,90,0,0,0,0,
1057,João Félix,FW,1,90,0,1,0,0,
1057,Robert Lewandowski,FW,1,90,2,0,0,0,
1057,Ferrán Torres,FW,1,71,0,0,0,0,
1057,Raphinha,FW,0,19,0,0,0,0,
1057,Frenkie de Jong,MF,1,35,0,0,0,0,
1057,Gavi,MF,0,55,0,1,1,0,
1057,Oriol Romeu,MF,1,45,0,0,0,0,
1057,Ronald Araújo,DF,0,45,0,0,0,0,
1057,İlkay Gündoğan,MF,1,90,0,0,0,0,
1057,Marcos Alonso,DF,1,45,0,0,0,0,
1057,Lamine Yamal,FW,0,45,0,0,0,0,
1057,Andreas Christensen,DF,1,59,0,0,1,0,
1057,Alejandro Balde,DF,0,31,0,0,0,0,
1057,Jules Koundé,DF,1,90,0,0,0,0,
1057,João Cancelo,DF,1,90,1,1,0,0,
1057,Marc-André ter Stegen,GK,1,90,0,0,0,0,
1058,João Félix,FW,1,63,0,0,0,0,
1058,Lamine Yamal,FW,0,27,0,0,0,0,
1058,Ferrán Torres,FW,1,57,0,0,0,0,
1058,Robert Lewandowski,FW,0,33,0,0,0,0,
1058,Raphinha,FW,1,90,1,1,0,0,
1058,Gavi,MF,1,90,0,0,0,0,
1058,Oriol Romeu,MF,1,63,0,0,1,0,
1058,Fermin López,MF,0,27,1,0,0,0,
1058,İlkay Gündoğan,MF,1,90,0,0,0,0,
1058,Alejandro Balde,DF,1,90,0,0,0,0,
1058,Iñigo Martínez,DF,1,77,0,0,0,0,
1058,Jules Koundé,DF,0,13,0,0,0,0,
1058,Ronald Araújo,DF,1,90,0,0,0,0,
1058,João Cancelo,DF,1,90,0,0,0,0,
1058,Marc-André ter Stegen,GK,1,90,0,0,0,0,
1059,João Félix,FW,1,70,0,0,0,0,
1059,Ferrán Torres,FW,0,20,0,0,0,0,
1059,Robert Lewandowski,FW,1,90,0,0,0,0,
1059,Lamine Yamal,FW,1,81,0,0,0,0,
1059,Oriol Romeu,MF,0,9,0,0,0,0,
1059,İlkay Gündoğan,MF,1,90,0,0,1,0,
1059,Gavi,MF,1,90,0,0,0,0,
1059,Raphinha,FW,1,36,0,0,0,0,
1059,Fermin López,MF,0,54,0,0,0,0,
1059,Alejandro Balde,DF,1,90,0,0,0,0,
1059,Andreas Christensen,DF,1,90,0,0,0,0,
1059,Jules Koundé,DF,1,90,0,0,0,0,
1059,João Cancelo,DF,1,90,0,0,1,0,
1059,Marc-André ter Stegen,GK,1,90,0,0,0,0,
1060,João Félix,FW,1,68,0,0,1,0,
1060,Fermin López,MF,0,22,0,0,0,0,
1060,Robert Lewandowski,FW,1,33,0,0,0,0,
1060,Ferrán Torres,FW,0,57,1,0,0,0,
1060,Lamine Yamal,FW,1,79,0,0,0,0,
1060,Marcos Alonso,DF,0,11,0,0,0,0,
1060,Gavi,MF,1,89,0,0,2,1,
1060,Oriol Romeu,MF,1,68,0,0,0,0,
1060,Sergi Roberto,DF,0,22,0,0,1,0,
1060,İlkay Gündoğan,MF,1,90,0,1,0,0,
1060,Alejandro Balde,DF,1,90,0,0,0,0,
1060,Jules Koundé,DF,1,90,0,0,1,0,
1060,Ronald Araújo,DF,1,90,0,0,1,0,
1060,João Cancelo,DF,1,90,0,0,1,0,
1060,Marc-André ter Stegen,GK,1,90,0,0,0,0,
1061,João Félix,FW,1,90,0,0,0,0,
1061,Ferrán Torres,FW,1,90,0,0,0,0,
1061,Lamine Yamal,FW,1,75,1,0,0,0,
1061,Oriol Romeu,MF,0,15,0,0,0,0,
1061,Gavi,MF,1,90,0,0,0,0,
1061,İlkay Gündoğan,MF,1,90,0,0,0,0,
1061,Fermin López,MF,1,60,0,0,0,0,
1061,Sergi Roberto,DF,0,30,1,0,0,0,
1061,Alejandro Balde,DF,1,90,0,1,0,0,
1061,Andreas Christensen,DF,1,90,0,0,0,0,
1061,Jules Koundé,DF,1,43,0,0,0,0,
1061,Ronald Araújo,DF,0,47,0,0,0,0,
1061,João Cancelo,DF,1,90,0,0,1,0,
1061,Marc-André ter Stegen,GK,1,90,0,0,0,0,
1062,Fermin López,MF,1,78,0,0,0,0,
1062,Marc Guiu,FW,0,12,1,0,1,0,
1062,João Félix,FW,1,90,0,1,0,0,
1062,Ferrán Torres,FW,1,90,0,0,0,0,
1062,İlkay Gündoğan,MF,1,90,0,0,0,0,
1062,Oriol Romeu,MF,1,59,0,0,1,0,
1062,Lamine Yamal,FW,0,31,0,0,0,0,
1062,Gavi,MF,1,90,0,0,1,0,
1062,Alejandro Balde,DF,1,78,0,0,0,0,
1062,Marcos Alonso,DF,0,12,0,0,0,0,
1062,Iñigo Martínez,DF,1,90,0,0,0,0,
1062,Andreas Christensen,DF,1,59,0,0,0,0,
1062,Ronald Araújo,DF,0,31,0,0,0,0,
1062,João Cancelo,DF,1,90,0,0,0,0,
1062,Marc-André ter Stegen,GK,1,90,0,0,0,0,
1063,João Félix,FW,1,74,0,0,0,0,
1063,Marc Guiu,FW,0,16,0,0,0,0,
1063,Ferrán Torres,FW,1,90,1,1,1,0,
1063,Lamine Yamal,FW,1,90,0,0,0,0,
1063,İlkay Gündoğan,MF,1,90,0,0,0,0,
1063,Oriol Romeu,MF,1,90,0,0,0,0,
1063,Fermin López,MF,1,81,1,1,0,0,
1063,Marc Casado,MF,0,9,0,0,0,0,
1063,Marcos Alonso,DF,1,69,0,0,0,0,
1063,Alejandro Balde,DF,0,21,0,0,1,0,
1063,Iñigo Martínez,DF,1,81,0,0,0,0,
1063,Andreas Christensen,DF,0,9,0,0,0,0,
1063,Ronald Araújo,DF,1,90,0,0,0,0,
1063,João Cancelo,DF,1,90,0,0,0,0,
1063,Marc-André ter Stegen,GK,1,90,0,0,0,0,
1064,João Félix,FW,1,76,0,0,0,0,
1064,Raphinha,FW,0,14,0,0,0,0,
1064,Ferrán Torres,FW,1,60,0,0,1,0,
1064,Robert Lewandowski,FW,0,30,0,0,0,0,
1064,Fermin López,MF,1,71,0,0,1,0,
1064,Oriol Romeu,MF,0,19,0,0,0,0,
1064,Alejandro Balde,DF,1,90,0,0,0,0,
1064,İlkay Gündoğan,MF,1,90,1,0,0,0,
1064,Gavi,MF,1,90,0,0,0,0,
1064,João Cancelo,DF,1,76,0,0,0,0,
1064,Lamine Yamal,FW,0,14,0,0,0,0,
1064,Iñigo Martínez,DF,1,90,0,0,0,0,
1064,Andreas Christensen,DF,1,90,0,0,0,0,
1064,Ronald Araújo,DF,1,90,0,0,0,0,
1064,Marc-André ter Stegen,GK,1,90,0,0,0,0,
1065,João Félix,FW,1,68,0,0,1,0,
1065,Lamine Yamal,FW,0,22,0,0,0,0,
1065,Robert Lewandowski,FW,1,56,0,0,0,0,
1065,Pedri,MF,0,34,0,0,0,0,
1065,Fermin López,MF,1,56,0,0,0,0,
1065,Ferrán Torres,FW,0,34,0,0,0,0,
1065,Alejandro Balde,DF,1,90,0,0,0,0,
1065,İlkay Gündoğan,MF,1,90,0,1,0,0,
1065,Gavi,MF,1,90,0,0,1,0,
1065,João Cancelo,DF,1,68,0,0,0,0,
1065,Raphinha,FW,0,22,0,0,0,0,
1065,Iñigo Martínez,DF,1,90,0,0,1,0,
1065,Jules Koundé,DF,1,90,0,0,0,0,
1065,Ronald Araújo,DF,1,90,1,0,0,0,
1065,Marc-André ter Stegen,GK,1,90,0,0,0,0,
1066,Ferrán Torres,FW,1,58,0,0,0,0,
1066,João Félix,FW,0,32,0,0,0,0,
1066,Robert Lewandowski,FW,1,90,0,0,0,0,
1066,Raphinha,FW,1,58,0,0,0,0,
1066,Lamine Yamal,FW,0,32,0,0,0,0,
1066,Gavi,MF,1,80,0,0,0,0,
1066,Fermin López,MF,0,10,0,0,0,0,
1066,Oriol Romeu,MF,1,58,0,0,0,0,
1066,Pedri,MF,0,32,0,0,0,0,
1066,İlkay Gündoğan,MF,1,90,0,0,0,0,
1066,Marcos Alonso,DF,1,59,0,0,0,0,
1066,Alejandro Balde,DF,0,31,0,0,0,0,
1066,Andreas Christensen,DF,1,90,0,0,0,0,
1066,Ronald Araújo,DF,1,90,0,0,1,0,
1066,João Cancelo,DF,1,90,0,0,0,0,
1066,Marc-André ter Stegen,GK,1,90,0,0,0,0,
1067,Robert Lewandowski,FW,1,90,2,0,1,0,
1067,João Félix,FW,1,69,0,0,0,0,
1067,Ferrán Torres,FW,0,21,0,0,0,0,
1067,Fermin López,MF,1,62,0,0,0,0,
1067,Raphinha,FW,0,28,0,0,0,0,
1067,Lamine Yamal,FW,1,90,0,0,0,0,
1067,Pedri,MF,1,80,0,0,0,0,
1067,Oriol Romeu,MF,0,10,0,0,0,0,
1067,İlkay Gündoğan,MF,1,90,0,0,1,0,
1067,João Cancelo,DF,1,90,0,0,0,0,
1067,Iñigo Martínez,DF,1,90,0,0,0,0,
1067,Jules Koundé,DF,1,69,0,1,0,0,
1067,Alejandro Balde,DF,0,21,0,0,0,0,
1067,Ronald Araújo,DF,1,90,0,0,0,0,
1067,Marc-André ter Stegen,GK,1,90,0,0,0,0,
1068,Robert Lewandowski,FW,1,90,0,0,0,0,
1068,Ferrán Torres,FW,1,54,0,0,0,0,
1068,João Félix,FW,0,36,0,0,1,0,
1068,Pedri,MF,1,74,0,0,1,0,
1068,Fermin López,MF,0,16,0,0,0,0,
1068,Lamine Yamal,FW,1,74,0,0,0,0,
1068,Raphinha,FW,0,16,0,0,0,0,
1068,Frenkie de Jong,MF,1,90,0,0,1,0,
1068,Oriol Romeu,MF,1,54,0,0,1,0,
1068,İlkay Gündoğan,MF,0,36,0,0,0,0,
1068,Alejandro Balde,DF,1,90,0,0,0,0,
1068,Iñigo Martínez,DF,1,90,0,0,0,0,
1068,Andreas Christensen,DF,1,90,0,0,0,0,
1068,João Cancelo,DF,1,90,0,0,0,0,
1068,Iñaki Peña,GK,1,90,0,0,0,0,
1069,João Félix,FW,1,74,1,0,1,0,
1069,Ferrán Torres,FW,0,16,0,0,0,0,
1069,Robert Lewandowski,FW,1,90,0,0,0,0,
1069,Raphinha,FW,1,89,0,0,0,0,
1069,Lamine Yamal,FW,0,1,0,0,0,0,
1069,Frenkie de Jong,MF,1,90,0,0,1,0,
1069,İlkay Gündoğan,MF,1,90,0,0,0,0,
1069,Pedri,MF,1,90,0,1,0,0,
1069,João Cancelo,DF,1,81,1,1,0,0,
1069,Alejandro Balde,DF,0,9,0,0,0,0,
1069,Iñigo Martínez,DF,1,90,0,0,0,0,
1069,Jules Koundé,DF,1,90,0,0,0,0,
1069,Ronald Araújo,DF,1,90,0,0,0,0,
1069,Iñaki Peña,GK,1,90,0,0,0,0,
1070,João Félix,FW,1,76,1,0,1,0,
1070,Ferrán Torres,FW,0,14,0,0,1,0,
1070,Robert Lewandowski,FW,1,90,0,0,0,0,
1070,Raphinha,FW,1,76,0,1,0,0,
1070,Lamine Yamal,FW,0,14,0,0,0,0,
1070,Pedri,MF,1,88,0,0,0,0,
1070,Fermin López,MF,0,2,0,0,0,0,
1070,İlkay Gündoğan,MF,1,90,0,0,0,0,
1070,Frenkie de Jong,MF,1,90,0,0,1,0,
1070,João Cancelo,DF,1,90,0,0,1,0,
1070,Andreas Christensen,DF,1,90,0,0,0,0,
1070,Ronald Araújo,DF,1,90,0,0,1,0,
1070,Jules Koundé,DF,1,90,0,0,0,0,
1070,Iñaki Peña,GK,1,90,0,0,0,0,
1071,João Félix,FW,1,64,0,0,0,0,
1071,Lamine Yamal,FW,0,26,0,0,0,0,
1071,Robert Lewandowski,FW,1,90,1,0,0,0,
1071,Raphinha,FW,1,64,0,1,0,0,
1071,Ferrán Torres,FW,0,26,0,1,0,0,
1071,Pedri,MF,1,79,0,0,0,0,
1071,Fermin López,MF,0,11,0,0,0,0,
1071,İlkay Gündoğan,MF,1,90,1,0,0,0,
1071,Frenkie de Jong,MF,1,90,0,0,0,0,
1071,João Cancelo,DF,1,90,0,0,0,0,
1071,Andreas Christensen,DF,1,64,0,0,0,0,
1071,Alejandro Balde,DF,0,26,0,0,0,0,
1071,Ronald Araújo,DF,1,90,0,0,1,0,
1071,Jules Koundé,DF,1,90,0,0,0,0,
1071,Iñaki Peña,GK,1,90,0,0,0,0,
1072,Ferrán Torres,FW,1,90,1,0,1,0,
1072,Robert Lewandowski,FW,1,71,0,0,0,0,
1072,Marc Guiu,FW,0,19,1,0,0,0,
1072,Lamine Yamal,FW,1,90,0,1,1,0,
1072,Sergi Roberto,DF,1,75,0,0,1,0,
1072,Marc Casado,MF,0,15,0,0,0,0,
1072,Oriol Romeu,MF,1,59,0,0,0,0,
1072,İlkay Gündoğan,MF,0,31,0,1,0,0,
1072,Fermin López,MF,1,59,0,0,0,0,
1072,Pedri,MF,0,31,0,0,0,0,
1072,Alejandro Balde,DF,1,90,0,0,0,0,
1072,Andreas Christensen,DF,1,90,0,0,0,0,
1072,Jules Koundé,DF,1,90,0,0,0,0,
1072,Héctor Fort,DF,1,59,0,0,0,0,
1072,João Cancelo,DF,0,31,0,0,0,0,
1072,Iñaki Peña,GK,1,90,0,0,0,0,
1073,João Félix,FW,1,71,1,0,0,0,
1073,Ferrán Torres,FW,0,19,0,0,0,0,
1073,Robert Lewandowski,FW,1,90,0,0,0,0,
1073,Raphinha,FW,1,90,0,1,0,0,
1073,Pedri,MF,1,90,0,0,0,0,
1073,Frenkie de Jong,MF,1,90,0,0,1,0,
1073,İlkay Gündoğan,MF,1,80,0,0,0,0,
1073,Lamine Yamal,FW,0,10,0,0,0,0,
1073,Alejandro Balde,DF,1,90,0,0,0,0,
1073,Jules Koundé,DF,1,90,0,0,0,0,
1073,Ronald Araújo,DF,1,90,0,0,0,0,
1073,João Cancelo,DF,1,90,0,0,1,0,
1073,Iñaki Peña,GK,1,90,0,0,0,0,
1074,João Félix,FW,1,45,0,0,0,0,
1074,Ferrán Torres,FW,0,45,0,0,0,0,
1074,Robert Lewandowski,FW,1,90,0,1,0,0,
1074,Raphinha,FW,1,75,1,1,1,0,
1074,Lamine Yamal,FW,0,15,0,0,0,0,
1074,Sergi Roberto,DF,1,90,2,0,0,0,
1074,İlkay Gündoğan,MF,1,90,0,0,0,0,
1074,Fermin López,MF,1,66,0,0,0,0,
1074,Oriol Romeu,MF,0,24,0,0,0,0,
1074,Alejandro Balde,DF,1,90,0,0,0,0,
1074,Andreas Christensen,DF,1,45,0,0,1,0,
1074,Jules Koundé,DF,0,45,0,0,0,0,
1074,Ronald Araújo,DF,1,90,0,0,1,0,
1074,João Cancelo,DF,1,90,0,0,0,0,
1074,Iñaki Peña,GK,1,90,0,0,0,0,
1076,João Félix,FW,1,71,0,0,0,0,
1076,Robert Lewandowski,FW,0,19,1,0,0,0,
1076,Ferrán Torres,FW,1,90,0,0,0,0,
1076,Raphinha,FW,1,63,1,0,0,0,
1076,Vitor Roque,FW,0,27,0,0,0,0,
1076,Frenkie de Jong,MF,1,90,0,0,0,0,
1076,Oriol Romeu,MF,1,71,0,0,0,0,
1076,İlkay Gündoğan,MF,0,19,0,0,0,0,
1076,Fermin López,MF,1,90,1,0,0,0,
1076,Héctor Fort,DF,1,90,0,1,0,0,
1076,Andreas Christensen,DF,1,63,0,0,0,0,
1076,Iñigo Martínez,DF,0,11,0,0,0,0,
1076,Sergi Roberto,DF,0,16,0,0,0,0,
1076,Ronald Araújo,DF,1,90,0,0,0,0,
1076,Jules Koundé,DF,1,90,0,0,0,0,
1076,Iñaki Peña,GK,1,90,0,0,0,0,
1077,Ferrán Torres,FW,1,60,0,0,0,0,
1077,João Félix,FW,0,30,0,1,0,0,
1077,Robert Lewandowski,FW,1,90,1,0,0,0,
1077,Raphinha,FW,1,41,0,0,0,0,
1077,Lamine Yamal,FW,0,49,1,0,0,0,
1077,Frenkie de Jong,MF,1,90,0,0,0,0,
1077,İlkay Gündoğan,MF,1,90,0,1,0,0,
1077,Sergi Roberto,DF,1,60,0,0,0,0,
1077,Pedri,MF,0,30,0,0,0,0,
1077,Alejandro Balde,DF,1,90,0,0,0,0,
1077,Andreas Christensen,DF,1,90,0,0,0,0,
1077,Ronald Araújo,DF,1,90,0,0,0,0,
1077,Jules Koundé,DF,1,90,0,0,0,0,
1077,Iñaki Peña,GK,1,90,0,0,0,0,
1078,Robert Lewandowski,FW,1,90,1,0,0,0,
1078,Sergi Roberto,DF,1,60,0,0,1,0,
1078,Fermin López,MF,0,30,0,0,0,0,
1078,Pedri,MF,1,60,0,0,0,0,
1078,Lamine Yamal,FW,0,30,0,0,0,0,
1078,Ferrán Torres,FW,1,60,0,0,0,0,
1078,João Félix,FW,0,30,0,0,0,0,
1078,Frenkie de Jong,MF,1,90,0,0,0,0,
1078,İlkay Gündoğan,MF,1,90,0,0,0,0,
1078,Alejandro Balde,DF,1,90,0,0,0,0,
1078,Andreas Christensen,DF,1,90,0,0,0,0,
1078,Jules Koundé,DF,1,90,0,0,0,0,
1078,Ronald Araújo,DF,1,70,0,0,2,1,
1078,Iñaki Peña,GK,1,90,0,0,0,0,
1079,João Félix,FW,1,60,0,1,0,0,
1079,İlkay Gündoğan,MF,0,30,0,0,0,0,
1079,Marc Guiu,FW,1,60,0,0,1,0,
1079,Robert Lewandowski,FW,0,30,0,0,0,0,
1079,Ferrán Torres,FW,1,81,1,0,0,0,
1079,Vitor Roque,FW,0,9,0,0,0,0,
1079,Fermin López,MF,1,60,0,0,0,0,
1079,Pedri,MF,0,30,0,0,0,0,
1079,Oriol Romeu,MF,1,90,0,0,0,0,
1079,Frenkie de Jong,MF,1,90,0,0,0,0,
1079,Alejandro Balde,DF,1,90,1,0,0,0,
1079,Andreas Christensen,DF,1,45,0,0,0,0,
1079,Pau Cubarsí,DF,0,45,0,1,1,0,
1079,Jules Koundé,DF,1,90,1,1,0,0,
1079,Sergi Roberto,DF,1,90,0,0,0,0,
1079,Iñaki Peña,GK,1,90,0,0,0,0,
1080,Ferrán Torres,FW,1,90,3,1,0,0,
1080,Robert Lewandowski,FW,1,62,0,0,0,0,
1080,Vitor Roque,FW,0,28,0,0,1,0,
1080,Lamine Yamal,FW,1,90,0,1,0,0,
1080,Pedri,MF,1,70,0,1,0,0,
1080,Fermin López,MF,0,20,0,0,0,0,
1080,İlkay Gündoğan,MF,1,90,0,0,0,0,
1080,Frenkie de Jong,MF,1,90,0,0,1,0,
1080,Alejandro Balde,DF,1,90,0,0,0,0,
1080,Pau Cubarsí,DF,1,80,0,0,0,0,
1080,João Félix,FW,0,10,1,0,0,0,
1080,Ronald Araújo,DF,1,90,0,0,0,0,
1080,Jules Koundé,DF,1,90,0,0,0,0,
1080,Iñaki Peña,GK,1,90,0,0,0,0,
1081,Ferrán Torres,FW,1,120,0,0,1,0,
1081,Robert Lewandowski,FW,1,77,1,0,0,0,
1081,João Félix,FW,0,43,0,0,0,0,
1081,Lamine Yamal,FW,1,104,1,0,1,0,
1081,Marc Guiu,FW,0,16,0,0,0,0,
1081,Pedri,MF,1,98,0,0,0,0,
1081,Sergi Roberto,DF,0,22,0,0,1,0,
1081,Frenkie de Jong,MF,1,120,0,0,1,0,
1081,İlkay Gündoğan,MF,1,120,0,0,0,0,
1081,Alejandro Balde,DF,1,22,0,0,0,0,
1081,Héctor Fort,DF,0,98,0,0,1,0,
1081,Andreas Christensen,DF,1,69,0,0,1,0,
1081,Pau Cubarsí,DF,0,51,0,0,0,0,
1081,Ronald Araújo,DF,1,120,0,0,0,0,
1081,Jules Koundé,DF,1,120,0,1,0,0,
1081,Iñaki Peña,GK,1,120,0,0,0,0,
1082,João Félix,FW,1,57,0,0,0,0,
1082,Ferrán Torres,FW,0,33,0,0,0,0,
1082,Robert Lewandowski,FW,1,76,0,1,1,0,
1082,Vitor Roque,FW,0,14,0,0,0,0,
1082,Lamine Yamal,FW,1,90,0,0,0,0,
1082,Frenkie de Jong,MF,1,90,0,0,0,0,
1082,Oriol Romeu,MF,1,45,0,0,1,0,
1082,Pedri,MF,0,45,1,0,0,0,
1082,İlkay Gündoğan,MF,1,90,1,1,0,0,
1082,Héctor Fort,DF,1,45,0,0,0,0,
1082,João Cancelo,DF,0,45,0,0,0,0,
1082,Andreas Christensen,DF,1,45,0,0,0,0,
1082,Pau Cubarsí,DF,0,45,0,0,0,0,
1082,Ronald Araújo,DF,1,90,0,0,1,0,
1082,Jules Koundé,DF,1,90,0,0,0,0,
1082,Iñaki Peña,GK,1,90,0,0,0,0,
1083,Ferrán Torres,FW,1,6,0,0,0,0,
1083,Fermin López,MF,0,55,0,0,0,0,
1083,Vitor Roque,FW,0,29,1,0,0,0,
1083,Robert Lewandowski,FW,1,90,0,0,0,0,
1083,Lamine Yamal,FW,1,90,0,0,0,0,
1083,Frenkie de Jong,MF,1,90,0,0,0,0,
1083,Pedri,MF,1,76,0,0,1,0,
1083,Oriol Romeu,MF,0,14,0,0,0,0,
1083,İlkay Gündoğan,MF,1,90,0,0,0,0,
1083,João Cancelo,DF,1,90,0,1,0,0,
1083,Pau Cubarsí,DF,1,90,0,0,0,0,
1083,Ronald Araújo,DF,1,90,0,0,0,0,
1083,Jules Koundé,DF,1,90,0,0,0,0,
1083,Iñaki Peña,GK,1,90,0,0,0,0,
1084,Pedri,MF,1,73,0,1,0,0,
1084,Fermin López,MF,0,17,0,0,0,0,
1084,Robert Lewandowski,FW,1,90,1,0,0,0,
1084,Lamine Yamal,FW,1,90,0,0,0,0,
1084,İlkay Gündoğan,MF,1,58,1,1,0,0,
1084,Vitor Roque,FW,0,13,1,0,2,1,
1084,Andreas Christensen,DF,1,81,0,0,0,0,
1084,Iñigo Martínez,DF,0,9,0,0,0,0,
1084,Frenkie de Jong,MF,1,90,0,0,0,0,
1084,João Cancelo,DF,1,45,0,0,0,0,
1084,Héctor Fort,DF,0,45,0,1,0,0,
1084,Pau Cubarsí,DF,1,82,0,0,0,0,
1084,Oriol Romeu,MF,0,8,0,0,0,0,
1084,Ronald Araújo,DF,1,90,0,0,0,0,
1084,Jules Koundé,DF,1,90,0,0,0,0,
1084,Iñaki Peña,GK,1,90,0,0,0,0,
1085,Pedri,MF,1,88,0,0,0,0,
1085,Marc Guiu,FW,0,2,0,0,0,0,
1085,Robert Lewandowski,FW,1,90,1,0,0,0,
1085,Lamine Yamal,FW,1,90,2,0,0,0,
1085,İlkay Gündoğan,MF,1,90,0,1,0,0,
1085,Andreas Christensen,DF,1,66,0,0,0,0,
1085,Fermin López,MF,0,24,0,0,1,0,
1085,Frenkie de Jong,MF,1,90,0,0,0,0,
1085,João Cancelo,DF,1,74,0,1,0,0,
1085,Raphinha,FW,0,16,0,0,0,0,
1085,Iñigo Martínez,DF,1,90,0,0,0,0,
1085,Pau Cubarsí,DF,1,90,0,0,0,0,
1085,Jules Koundé,DF,1,90,0,0,0,0,
1085,Marc-André ter Stegen,GK,1,90,0,0,0,0,
1086,Vitor Roque,FW,1,57,0,0,0,0,
1086,Raphinha,FW,0,33,0,0,0,0,
1086,Robert Lewandowski,FW,1,90,2,0,0,0,
1086,Lamine Yamal,FW,1,89,0,1,0,0,
1086,Oriol Romeu,MF,0,1,0,0,0,0,
1086,Pedri,MF,1,74,0,0,0,0,
1086,Fermin López,MF,0,16,0,0,0,0,
1086,Andreas Christensen,DF,1,57,0,0,1,0,
1086,İlkay Gündoğan,MF,0,33,0,0,0,0,
1086,Frenkie de Jong,MF,1,90,0,0,1,0,
1086,João Cancelo,DF,1,90,0,0,0,0,
1086,Pau Cubarsí,DF,1,90,0,0,0,0,
1086,Ronald Araújo,DF,1,45,0,0,0,0,
1086,Iñigo Martínez,DF,0,45,0,0,1,0,
1086,Jules Koundé,DF,1,90,0,0,0,0,
1086,Marc-André ter Stegen,GK,1,90,0,0,1,0,
1087,Pedri,MF,1,85,0,1,0,0,
1087,João Félix,FW,0,5,0,0,0,0,
1087,Robert Lewandowski,FW,1,90,1,0,0,0,
1087,Lamine Yamal,FW,1,79,0,0,0,0,
1087,Raphinha,FW,0,11,0,0,0,0,
1087,Frenkie de Jong,MF,1,90,0,0,1,0,
1087,Andreas Christensen,DF,1,85,0,0,1,0,
1087,Oriol Romeu,MF,0,5,0,0,0,0,
1087,İlkay Gündoğan,MF,1,90,0,0,0,0,
1087,João Cancelo,DF,1,90,0,0,0,0,
1087,Iñigo Martínez,DF,1,90,0,0,1,0,
1087,Ronald Araújo,DF,1,90,0,0,0,0,
1087,Jules Koundé,DF,1,90,0,0,0,0,
1087,Marc-André ter Stegen,GK,1,90,0,0,0,0,
1088,João Félix,FW,1,62,1,0,0,0,
1088,Fermin López,MF,0,28,1,0,0,0,
1088,Robert Lewandowski,FW,1,90,0,0,0,0,
1088,Raphinha,FW,1,76,1,1,0,0,
1088,Vitor Roque,FW,0,14,0,0,0,0,
1088,İlkay Gündoğan,MF,1,82,0,0,1,0,
1088,Pedri,MF,0,8,0,0,0,0,
1088,Andreas Christensen,DF,1,76,0,1,0,0,
1088,Oriol Romeu,MF,0,14,0,0,0,0,
1088,Frenkie de Jong,MF,1,90,1,0,0,0,
1088,João Cancelo,DF,1,83,0,0,0,0,
1088,Héctor Fort,DF,0,7,0,0,0,0,
1088,Pau Cubarsí,DF,1,90,0,0,0,0,
1088,Ronald Araújo,DF,1,90,0,0,0,0,
1088,Jules Koundé,DF,1,90,0,1,0,0,
1088,Marc-André ter Stegen,GK,1,90,0,0,0,0,
1089,Pedri,MF,1,44,0,0,0,0,
1089,Lamine Yamal,FW,0,46,0,0,0,0,
1089,Robert Lewandowski,FW,1,90,0,0,0,0,
1089,Raphinha,FW,1,75,0,0,0,0,
1089,João Félix,FW,0,15,0,0,0,0,
1089,Frenkie de Jong,MF,1,25,0,0,0,0,
1089,Fermin López,MF,0,65,0,0,0,0,
1089,Andreas Christensen,DF,1,75,0,0,1,0,
1089,Oriol Romeu,MF,0,15,0,0,0,0,
1089,İlkay Gündoğan,MF,1,90,0,0,0,0,
1089,João Cancelo,DF,1,90,0,0,0,0,
1089,Ronald Araújo,DF,1,90,0,0,1,0,
1089,Pau Cubarsí,DF,1,75,0,0,0,0,
1089,Iñigo Martínez,DF,0,15,0,0,0,0,
1089,Jules Koundé,DF,1,90,0,0,1,0,
1089,Marc-André ter Stegen,GK,1,90,0,0,0,0,
1090,João Félix,FW,1,61,0,0,0,0,
1090,Vitor Roque,FW,0,29,0,0,0,0,
1090,Marc Guiu,FW,1,60,0,0,0,0,
1090,Robert Lewandowski,FW,0,30,0,1,0,0,
1090,Lamine Yamal,FW,1,90,1,0,0,0,
1090,İlkay Gündoğan,MF,1,86,0,0,0,0,
1090,Oriol Romeu,MF,0,4,0,0,0,0,
1090,Andreas Christensen,DF,1,90,0,0,0,0,
1090,Raphinha,FW,1,36,0,0,0,0,
1090,Fermin López,MF,0,54,0,0,0,0,
1090,João Cancelo,DF,1,90,0,0,0,0,
1090,Iñigo Martínez,DF,1,90,0,0,1,0,
1090,Pau Cubarsí,DF,1,90,0,0,0,0,
1090,Jules Koundé,DF,1,90,0,0,0,0,
1090,Marc-André ter Stegen,GK,1,90,0,0,0,0,
1091,Raphinha,FW,1,80,0,1,0,0,
1091,João Félix,FW,0,10,0,0,0,0,
1091,Robert Lewandowski,FW,1,90,1,0,0,0,
1091,Lamine Yamal,FW,1,90,0,0,1,0,
1091,İlkay Gündoğan,MF,1,90,0,0,0,0,
1091,Andreas Christensen,DF,1,60,0,0,1,0,
1091,Oriol Romeu,MF,0,30,0,0,0,0,
1091,Fermin López,MF,1,59,1,0,0,0,
1091,Sergi Roberto,DF,0,31,0,1,0,0,
1091,João Cancelo,DF,1,90,1,0,0,0,
1091,Pau Cubarsí,DF,1,90,0,0,0,0,
1091,Ronald Araújo,DF,1,90,0,0,0,0,
1091,Jules Koundé,DF,1,90,0,0,0,0,
1091,Marc-André ter Stegen,GK,1,90,0,0,0,0,
1092,João Félix,FW,1,76,1,0,0,0,
1092,Vitor Roque,FW,0,14,0,0,0,0,
1092,Robert Lewandowski,FW,1,90,1,2,0,0,
1092,Raphinha,FW,1,59,0,1,0,0,
1092,Lamine Yamal,FW,0,31,0,0,0,0,
1092,Sergi Roberto,DF,1,76,0,0,0,0,
1092,Oriol Romeu,MF,0,14,0,0,0,0,
1092,İlkay Gündoğan,MF,1,90,0,0,0,0,
1092,Fermin López,MF,1,81,1,0,0,0,
1092,Iñigo Martínez,DF,0,9,0,0,0,0,
1092,Héctor Fort,DF,1,81,0,0,0,0,
1092,Marc Casado,MF,0,9,0,0,0,0,
1092,Pau Cubarsí,DF,1,90,0,0,0,0,
1092,Ronald Araújo,DF,1,90,0,0,0,0,
1092,Jules Koundé,DF,1,90,0,0,1,0,
1092,Marc-André ter Stegen,GK,1,90,0,0,0,0,
1093,Raphinha,FW,1,90,1,0,0,0,
1093,Robert Lewandowski,FW,1,80,0,0,1,0,
1093,Vitor Roque,FW,0,10,0,0,0,0,
1093,Lamine Yamal,FW,1,70,0,0,0,0,
1093,Ferrán Torres,FW,0,20,0,0,0,0,
1093,Sergi Roberto,DF,1,80,0,0,1,0,
1093,Oriol Romeu,MF,0,10,0,0,0,0,
1093,İlkay Gündoğan,MF,1,90,0,0,1,0,
1093,Fermin López,MF,1,55,0,0,0,0,
1093,João Félix,FW,0,35,0,1,0,0,
1093,João Cancelo,DF,1,90,0,0,1,0,
1093,Iñigo Martínez,DF,1,90,0,0,1,0,
1093,Pau Cubarsí,DF,1,90,0,0,0,0,
1093,Jules Koundé,DF,1,90,0,0,0,0,
1093,Marc-André ter Stegen,GK,1,90,0,0,0,0,
1094,Raphinha,FW,1,75,2,0,0,0,
1094,Ferrán Torres,FW,0,15,0,0,0,0,
1094,Robert Lewandowski,FW,1,90,0,0,0,0,
1094,Lamine Yamal,FW,1,60,0,0,0,0,
1094,João Félix,FW,0,30,0,0,0,0,
1094,Frenkie de Jong,MF,1,75,0,0,0,0,
1094,Andreas Christensen,DF,0,15,1,0,1,0,
1094,Sergi Roberto,DF,1,60,0,0,1,0,
1094,Pedri,MF,0,30,0,1,0,0,
1094,İlkay Gündoğan,MF,1,85,0,1,0,0,
1094,Fermin López,MF,0,5,0,0,1,0,
1094,João Cancelo,DF,1,90,0,0,0,0,
1094,Pau Cubarsí,DF,1,90,0,0,1,0,
1094,Ronald Araújo,DF,1,90,0,0,0,0,
1094,Jules Koundé,DF,1,90,0,0,0,0,
1094,Marc-André ter Stegen,GK,1,90,0,0,0,0,
1095,João Félix,FW,1,84,1,0,0,0,
1095,Marc Casado,MF,0,6,0,0,0,0,
1095,Vitor Roque,FW,1,61,0,0,0,0,
1095,Lamine Yamal,FW,0,29,0,0,0,0,
1095,Ferrán Torres,FW,1,90,0,0,0,0,
1095,Sergi Roberto,DF,1,90,0,0,1,0,
1095,Oriol Romeu,MF,1,90,0,0,0,0,
1095,Fermin López,MF,1,79,0,0,0,0,
1095,Raphinha,FW,0,11,0,0,0,0,
1095,Marcos Alonso,DF,1,90,0,0,0,0,
1095,Andreas Christensen,DF,1,61,0,0,0,0,
1095,Jules Koundé,DF,0,29,0,0,0,0,
1095,Pau Cubarsí,DF,1,90,0,0,1,0,
1095,Héctor Fort,DF,1,61,0,0,0,0,
1095,Pedri,MF,0,29,0,0,0,0,
1095,Marc-André ter Stegen,GK,1,90,0,0,1,0,
1096,Robert Lewandowski,FW,1,90,0,0,1,0,
1096,Raphinha,FW,1,90,1,0,1,0,
1096,İlkay Gündoğan,MF,1,90,0,0,1,0,
1096,Lamine Yamal,FW,1,33,0,1,0,0,
1096,Iñigo Martínez,DF,0,57,0,0,1,0,
1096,Frenkie de Jong,MF,1,81,0,0,0,0,
1096,Fermin López,MF,0,9,0,0,1,0,
1096,Pedri,MF,1,61,0,0,0,0,
1096,Ferrán Torres,FW,0,29,0,0,0,0,
1096,João Cancelo,DF,1,81,0,0,0,0,
1096,João Félix,FW,0,9,0,0,0,0,
1096,Pau Cubarsí,DF,1,90,0,0,0,0,
1096,Ronald Araújo,DF,1,28,0,0,0,1,
1096,Jules Koundé,DF,1,90,0,0,0,0,
1096,Marc-André ter Stegen,GK,1,90,0,0,0,0,
1097,Raphinha,FW,1,64,0,1,0,0,
1097,Ferrán Torres,FW,0,26,0,0,0,0,
1097,Robert Lewandowski,FW,1,63,0,0,0,0,
1097,João Félix,FW,0,27,0,0,0,0,
1097,Lamine Yamal,FW,1,90,0,0,0,0,
1097,Frenkie de Jong,MF,1,44,0,0,0,0,
1097,Pedri,MF,0,46,0,0,0,0,
1097,Andreas Christensen,DF,1,45,1,0,0,0,
1097,Fermin López,MF,0,45,1,0,0,0,
1097,İlkay Gündoğan,MF,1,90,0,0,0,0,
1097,João Cancelo,DF,1,90,0,0,0,0,
1097,Pau Cubarsí,DF,1,90,0,0,1,0,
1097,Ronald Araújo,DF,1,90,0,0,0,0,
1097,Jules Koundé,DF,1,90,0,0,1,0,
1097,Marc-André ter Stegen,GK,1,90,0,0,0,0,
1098,Raphinha,FW,1,65,0,1,0,0,
1098,João Félix,FW,0,25,0,0,0,0,
1098,Robert Lewandowski,FW,1,90,3,0,0,0,
1098,Lamine Yamal,FW,1,90,0,0,0,0,
1098,Fermin López,MF,1,72,1,0,0,0,
1098,Pedri,MF,0,18,0,0,0,0,
1098,Andreas Christensen,DF,1,45,0,0,0,0,
1098,Sergi Roberto,DF,0,45,0,0,0,0,
1098,İlkay Gündoğan,MF,1,90,0,1,0,0,
1098,João Cancelo,DF,1,79,0,0,0,0,
1098,Ferrán Torres,FW,0,11,0,0,0,0,
1098,Pau Cubarsí,DF,1,45,0,0,1,0,
1098,Iñigo Martínez,DF,0,45,0,0,0,0,
1098,Ronald Araújo,DF,1,90,0,1,0,0,
1098,Jules Koundé,DF,1,90,0,0,0,0,
1098,Marc-André ter Stegen,GK,1,90,0,0,0,0,
1099,Fermin López,MF,1,68,0,0,0,0,
1099,Raphinha,FW,0,22,0,0,0,0,
1099,Robert Lewandowski,FW,1,78,1,0,0,0,
1099,Ferrán Torres,FW,0,12,0,0,0,0,
1099,Lamine Yamal,FW,1,83,0,1,0,0,
1099,João Félix,FW,0,7,0,0,0,0,
1099,Sergi Roberto,DF,1,78,0,0,1,0,
1099,Oriol Romeu,MF,0,12,0,0,0,0,
1099,Andreas Christensen,DF,1,68,1,0,0,0,
1099,Pedri,MF,0,22,0,0,0,0,
1099,İlkay Gündoğan,MF,1,90,0,0,0,0,
1099,João Cancelo,DF,1,90,0,0,0,0,
1099,Pau Cubarsí,DF,1,90,0,0,0,0,
1099,Ronald Araújo,DF,1,90,0,0,1,0,
1099,Jules Koundé,DF,1,90,0,0,1,0,
1099,Marc-André ter Stegen,GK,1,90,0,0,0,0,
1100,Raphinha,FW,1,90,1,0,1,0,
1100,Robert Lewandowski,FW,1,75,0,0,0,0,
1100,Ferrán Torres,FW,0,15,0,0,0,0,
1100,Lamine Yamal,FW,1,90,1,0,0,0,
1100,Pedri,MF,1,69,0,0,0,0,
1100,Fermin López,MF,0,21,0,0,0,0,
1100,Andreas Christensen,DF,1,69,0,0,0,0,
1100,Sergi Roberto,DF,0,21,0,0,0,0,
1100,İlkay Gündoğan,MF,1,89,0,1,1,0,
1100,Oriol Romeu,MF,0,1,0,0,0,0,
1100,João Cancelo,DF,1,90,0,0,0,0,
1100,Iñigo Martínez,DF,1,90,0,0,0,0,
1100,Pau Cubarsí,DF,1,90,0,0,0,0,
1100,Jules Koundé,DF,1,90,0,0,0,0,
1100,Marc-André ter Stegen,GK,1,90,0,0,0,0,
1101,Ferrán Torres,FW,1,72,0,0,0,0,
1101,Vitor Roque,FW,0,18,0,0,1,0,
1101,Robert Lewandowski,FW,1,68,0,0,0,0,
1101,João Félix,FW,0,22,0,0,0,0,
1101,Lamine Yamal,FW,1,90,0,0,0,0,
1101,Pedri,MF,1,82,0,0,0,0,
1101,Oriol Romeu,MF,0,8,0,0,0,0,
1101,Sergi Roberto,DF,1,68,0,1,0,0,
1101,Andreas Christensen,DF,0,22,0,0,0,0,
1101,Fermin López,MF,1,90,2,0,0,0,
1101,Héctor Fort,DF,1,72,0,1,0,0,
1101,João Cancelo,DF,0,18,0,0,0,0,
1101,Iñigo Martínez,DF,1,90,0,0,0,0,
1101,Pau Cubarsí,DF,1,90,0,0,0,0,
1101,Jules Koundé,DF,1,90,0,0,0,0,
1101,Marc-André ter Stegen,GK,1,90,0,0,0,0,
1102,Robert Lewandowski,FW,1,78,1,0,0,0,
1102,Vitor Roque,FW,0,12,0,0,0,0,
1102,Raphinha,FW,1,61,0,0,1,0,
1102,João Félix,FW,0,29,0,0,0,0,
1102,Fermin López,MF,1,61,0,0,0,0,
1102,Pedri,MF,0,29,2,0,0,0,
1102,Lamine Yamal,FW,1,90,0,1,1,0,
1102,İlkay Gündoğan,MF,1,90,0,0,0,0,
1102,Sergi Roberto,DF,1,45,0,0,0,0,
1102,Andreas Christensen,DF,0,45,0,0,0,0,
1102,João Cancelo,DF,1,90,0,0,1,0,
1102,Iñigo Martínez,DF,1,90,0,0,0,0,
1102,Pau Cubarsí,DF,1,61,0,0,1,0,
1102,Ronald Araújo,DF,0,29,0,1,0,0,
1102,Jules Koundé,DF,1,90,0,0,0,0,
1102,Marc-André ter Stegen,GK,1,90,0,0,0,0,
1103,Fermin López,MF,1,74,1,0,0,0,
1103,Vitor Roque,FW,0,16,0,0,0,0,
1103,Robert Lewandowski,FW,1,61,1,0,0,0,
1103,Ferrán Torres,FW,0,29,0,0,0,0,
1103,Lamine Yamal,FW,1,61,0,0,0,0,
1103,João Félix,FW,0,29,0,0,0,0,
1103,İlkay Gündoğan,MF,1,90,0,1,0,0,
1103,Andreas Christensen,DF,1,45,0,0,0,0,
1103,Oriol Romeu,MF,0,45,0,0,0,0,
1103,Pedri,MF,1,90,0,0,0,0,
1103,João Cancelo,DF,1,83,0,1,1,0,
1103,Héctor Fort,DF,0,7,0,0,0,0,
1103,Iñigo Martínez,DF,1,90,0,0,0,0,
1103,Pau Cubarsí,DF,1,90,0,0,0,0,
1103,Jules Koundé,DF,1,90,0,0,0,0,
1103,Marc-André ter Stegen,GK,1,90,0,0,0,0,
1104,Robert Lewandowski,FW,1,90,2,0,0,0,
1104,Ferrán Torres,FW,1,63,0,0,0,0,
1104,Pedri,MF,0,27,0,0,0,0,
1104,Raphinha,FW,1,90,0,0,0,0,
1104,Lamine Yamal,FW,1,85,0,1,0,0,
1104,Pau Victor,FW,0,5,0,0,0,0,
1104,Marc Casado,MF,1,90,0,0,0,0,
1104,Marc Bernal,MF,1,70,0,0,0,0,
1104,Eric García,DF,0,20,0,0,0,0,
1104,Alejandro Balde,DF,1,63,0,0,0,0,
1104,Gerard Martín,DF,0,27,0,0,0,0,
1104,Iñigo Martínez,DF,1,90,0,0,0,0,
1104,Pau Cubarsí,DF,1,63,0,0,1,0,
1104,Andreas Christensen,DF,0,27,0,0,1,0,
1104,Jules Koundé,DF,1,90,0,0,1,0,
1104,Marc-André ter Stegen,GK,1,90,0,0,0,0,
1105,Robert Lewandowski,FW,1,90,1,0,1,0,
1105,Ferrán Torres,FW,1,62,0,0,0,0,
1105,Fermin López,MF,0,28,0,0,1,0,
1105,Raphinha,FW,1,90,0,0,0,0,
1105,Lamine Yamal,FW,1,89,1,0,0,0,
1105,Pau Victor,FW,0,1,0,0,0,0,
1105,Pedri,MF,1,90,0,0,0,0,
1105,Marc Bernal,MF,1,82,0,0,1,0,
1105,Eric García,DF,0,8,0,0,0,0,
1105,Alejandro Balde,DF,1,89,0,0,0,0,
1105,Gerard Martín,DF,0,1,0,0,0,0,
1105,Iñigo Martínez,DF,1,90,0,0,0,0,
1105,Pau Cubarsí,DF,1,90,0,0,1,0,
1105,Jules Koundé,DF,1,90,0,0,0,0,
1105,Marc-André ter Stegen,GK,1,90,0,0,0,0,
1106,Robert Lewandowski,FW,1,90,0,0,0,0,
1106,Ferrán Torres,FW,1,45,0,0,0,0,
1106,Dani Olmo,MF,0,45,1,0,0,0,
1106,Raphinha,FW,1,90,0,1,0,0,
1106,Lamine Yamal,FW,1,89,0,1,0,0,
1106,Pau Victor,FW,0,1,0,0,0,0,
1106,Pedri,MF,1,89,1,0,0,0,
1106,Fermin López,MF,0,1,0,0,0,0,
1106,Marc Bernal,MF,1,90,0,0,1,0,
1106,Gerard Martín,DF,1,64,0,0,0,0,
1106,Alejandro Balde,DF,0,26,0,0,0,0,
1106,Iñigo Martínez,DF,1,90,0,0,0,0,
1106,Pau Cubarsí,DF,1,90,0,0,0,0,
1106,Jules Koundé,DF,1,90,0,0,0,0,
1106,Marc-André ter Stegen,GK,1,90,0,0,0,0,
1107,Raphinha,FW,1,90,3,1,0,0,
1107,Robert Lewandowski,FW,1,72,1,1,0,0,
1107,Ferrán Torres,FW,0,18,1,1,0,0,
1107,Lamine Yamal,FW,1,90,0,2,0,0,
1107,Pedri,MF,1,60,0,0,0,0,
1107,Fermin López,MF,0,30,0,0,0,0,
1107,Marc Casado,MF,1,60,0,0,0,0,
1107,Eric García,DF,0,30,0,0,0,0,
1107,Dani Olmo,MF,1,82,1,0,0,0,
1107,Pablo Torre,FW,0,8,0,0,0,0,
1107,Alejandro Balde,DF,1,90,0,0,0,0,
1107,Iñigo Martínez,DF,1,90,0,0,0,0,
1107,Pau Cubarsí,DF,1,60,0,1,0,0,
1107,Sergi Dominguez,DF,0,30,0,0,0,0,
1107,Jules Koundé,DF,1,90,1,0,0,0,
1107,Marc-André ter Stegen,GK,1,90,0,0,0,0,
1108,Robert Lewandowski,FW,1,68,0,1,0,0,
1108,Ferrán Torres,FW,0,17,0,0,0,1,
1108,Raphinha,FW,1,90,0,0,0,0,
1108,Dani Olmo,MF,1,60,1,0,0,0,
1108,Eric García,DF,0,30,0,0,0,0,
1108,Lamine Yamal,FW,1,89,2,0,1,0,
1108,Gerard Martín,DF,0,1,0,0,0,0,
1108,Pedri,MF,1,68,1,0,0,0,
1108,Pau Victor,FW,0,22,0,0,1,0,
1108,Marc Casado,MF,1,90,0,1,0,0,
1108,Alejandro Balde,DF,1,90,0,0,0,0,
1108,Iñigo Martínez,DF,1,90,0,0,0,0,
1108,Pau Cubarsí,DF,1,60,0,0,0,0,
1108,Héctor Fort,DF,0,30,0,0,0,0,
1108,Jules Koundé,DF,1,90,0,1,0,0,
1108,Marc-André ter Stegen,GK,1,90,0,0,0,0,
1109,Robert Lewandowski,FW,1,79,0,0,0,0,
1109,Sergi Dominguez,DF,0,11,0,0,0,0,
1109,Raphinha,FW,1,90,0,0,0,0,
1109,Pedri,MF,1,82,0,0,0,0,
1109,Pablo Torre,FW,0,8,0,0,0,0,
1109,Lamine Yamal,FW,1,79,1,0,0,0,
1109,Gerard Martín,DF,0,11,0,0,0,0,
1109,Eric García,DF,1,9,0,0,0,1,
1109,Marc Casado,MF,1,90,0,1,1,0,
1109,Alejandro Balde,DF,1,87,0,0,1,0,
1109,Ansu Fati,FW,0,3,0,0,0,0,
1109,Iñigo Martínez,DF,1,90,0,0,1,0,
1109,Pau Cubarsí,DF,1,79,0,0,0,0,
1109,Ferrán Torres,FW,0,11,0,0,0,0,
1109,Jules Koundé,DF,1,90,0,0,0,0,
1109,Marc-André ter Stegen,GK,1,90,0,0,0,0,
1110,Raphinha,FW,1,90,2,0,0,0,
1110,Robert Lewandowski,FW,1,90,2,0,0,0,
1110,Lamine Yamal,FW,1,90,0,1,0,0,
1110,Pedri,MF,1,58,0,1,0,0,
1110,Marc Casado,MF,0,32,0,0,0,0,
1110,Eric García,DF,1,90,0,0,0,0,
1110,Pablo Torre,FW,1,58,1,1,0,0,
1110,Pau Victor,FW,0,32,0,1,1,0,
1110,Gerard Martín,DF,1,90,0,0,0,0,
1110,Iñigo Martínez,DF,1,80,0,0,0,0,
1110,Héctor Fort,DF,0,10,0,0,0,0,
1110,Sergi Dominguez,DF,1,58,0,0,0,0,
1110,Pau Cubarsí,DF,0,32,0,0,0,0,
1110,Jules Koundé,DF,1,90,0,0,0,0,
1110,Marc-André ter Stegen,GK,1,44,0,0,0,0,
1110,Iñaki Peña,GK,0,46,0,0,0,0,
1111,Robert Lewandowski,FW,1,76,1,0,0,0,
1111,Pedri,MF,0,14,0,0,0,0,
1111,Raphinha,FW,1,90,0,0,1,0,
1111,Pablo Torre,FW,1,62,0,0,0,0,
1111,Ferrán Torres,FW,0,28,0,0,0,0,
1111,Lamine Yamal,FW,1,90,0,0,0,0,
1111,Marc Casado,MF,1,90,0,0,0,0,
1111,Eric García,DF,1,90,0,0,0,0,
1111,Alejandro Balde,DF,1,87,0,0,0,0,
1111,Gerard Martín,DF,0,3,0,0,0,0,
1111,Iñigo Martínez,DF,1,90,0,0,0,0,
1111,Pau Cubarsí,DF,1,87,0,0,0,0,
1111,Héctor Fort,DF,0,3,0,0,0,0,
1111,Jules Koundé,DF,1,90,0,0,0,0,
1111,Iñaki Peña,GK,1,90,0,0,0,0,
1112,Pau Victor,FW,1,58,1,0,0,0,
1112,Lamine Yamal,FW,0,32,1,0,0,0,
1112,Robert Lewandowski,FW,1,69,0,0,0,0,
1112,Marc Casado,MF,0,21,0,0,0,0,
1112,Ferrán Torres,FW,1,90,0,1,0,0,
1112,Pedri,MF,1,90,0,0,1,0,
1112,Eric García,DF,1,90,0,0,0,0,
1112,Pablo Torre,FW,1,58,0,0,0,0,
1112,Raphinha,FW,0,32,0,0,0,0,
1112,Gerard Martín,DF,1,69,0,1,0,0,
1112,Alejandro Balde,DF,0,21,0,0,0,0,
1112,Pau Cubarsí,DF,1,90,0,0,0,0,
1112,Sergi Dominguez,DF,1,84,0,0,1,0,
1112,Héctor Fort,DF,0,6,0,0,0,0,
1112,Jules Koundé,DF,1,90,0,0,0,0,
1112,Iñaki Peña,GK,1,90,0,0,0,0,
1113,Robert Lewandowski,FW,1,74,2,0,0,0,
1113,Pau Victor,FW,0,16,0,0,0,0,
1113,Ferrán Torres,FW,1,90,0,0,0,0,
1113,Lamine Yamal,FW,1,74,0,0,0,0,
1113,Frenkie de Jong,MF,0,16,0,0,0,0,
1113,Raphinha,FW,1,90,1,1,0,0,
1113,Marc Casado,MF,1,90,0,0,0,0,
1113,Pedri,MF,1,63,0,1,0,0,
1113,Ansu Fati,FW,0,27,0,0,0,0,
1113,Alejandro Balde,DF,1,90,0,0,0,0,
1113,Iñigo Martínez,DF,1,83,1,1,0,0,
1113,Andres Cuenca,DF,0,7,0,0,0,0,
1113,Pau Cubarsí,DF,1,63,0,0,0,0,
1113,Héctor Fort,DF,0,27,0,0,0,0,
1113,Jules Koundé,DF,1,90,0,0,0,0,
1113,Iñaki Peña,GK,1,90,0,0,0,0,
1114,Robert Lewandowski,FW,1,90,3,0,0,0,
1114,Ferrán Torres,FW,1,5,0,0,0,0,
1114,Eric García,DF,0,85,0,1,0,0,
1114,Raphinha,FW,1,90,0,2,0,0,
1114,Lamine Yamal,FW,1,66,0,0,0,0,
1114,Ansu Fati,FW,0,24,0,0,0,0,
1114,Pedri,MF,1,90,0,0,0,0,
1114,Marc Casado,MF,1,90,0,0,0,0,
1114,Alejandro Balde,DF,1,80,0,0,0,0,
1114,Frenkie de Jong,MF,0,10,0,0,0,0,
1114,Iñigo Martínez,DF,1,80,0,0,1,0,
1114,Gerard Martín,DF,0,10,0,0,1,0,
1114,Pau Cubarsí,DF,1,90,0,0,0,0,
1114,Héctor Fort,DF,1,66,0,0,0,0,
1114,Jules Koundé,DF,0,24,0,0,0,0,
1114,Iñaki Peña,GK,1,90,0,0,0,0,
1115,Robert Lewandowski,FW,1,65,2,0,0,0,
1115,Pau Victor,FW,0,25,0,0,0,0,
1115,Ansu Fati,FW,1,75,0,0,1,0,
1115,Gerard Martín,DF,0,15,0,0,0,0,
1115,Raphinha,FW,1,65,0,1,0,0,
1115,Fermin López,MF,0,25,0,0,0,0,
1115,Lamine Yamal,FW,1,75,0,1,0,0,
1115,Pablo Torre,FW,0,15,2,0,0,0,
1115,Pedri,MF,1,82,1,0,0,0,
1115,Gavi,MF,0,8,0,0,0,0,
1115,Marc Casado,MF,1,90,0,0,0,0,
1115,Alejandro Balde,DF,1,90,0,0,0,0,
1115,Iñigo Martínez,DF,1,90,0,0,0,0,
1115,Pau Cubarsí,DF,1,90,0,0,0,0,
1115,Jules Koundé,DF,1,90,0,0,0,0,
1115,Iñaki Peña,GK,1,90,0,0,0,0,
1116,Robert Lewandowski,FW,1,84,1,0,0,0,
1116,Pau Victor,FW,0,6,0,0,0,0,
1116,Raphinha,FW,1,75,3,0,0,0,
1116,Dani Olmo,MF,0,15,0,0,0,0,
1116,Fermin López,MF,1,60,0,2,0,0,
1116,Frenkie de Jong,MF,0,30,0,0,0,0,
1116,Lamine Yamal,FW,1,84,0,1,0,0,
1116,Ansu Fati,FW,0,6,0,0,0,0,
1116,Pedri,MF,1,84,0,0,0,0,
1116,Gavi,MF,0,6,0,0,0,0,
1116,Marc Casado,MF,1,90,0,1,0,0,
1116,Alejandro Balde,DF,1,90,0,0,0,0,
1116,Iñigo Martínez,DF,1,90,0,0,0,0,
1116,Pau Cubarsí,DF,1,90,0,0,0,0,
1116,Jules Koundé,DF,1,90,0,0,0,0,
1116,Iñaki Peña,GK,1,90,0,0,0,0,
1117,Robert Lewandowski,FW,1,90,2,0,0,0,
1117,Raphinha,FW,1,90,1,1,0,0,
1117,Fermin López,MF,1,45,0,0,0,0,
1117,Frenkie de Jong,MF,0,45,0,0,0,0,
1117,Lamine Yamal,FW,1,90,1,0,0,0,
1117,Pedri,MF,1,86,0,0,0,0,
1117,Gavi,MF,0,4,0,0,1,0,
1117,Marc Casado,MF,1,64,0,1,1,0,
1117,Dani Olmo,MF,0,26,0,0,0,0,
1117,Alejandro Balde,DF,1,90,0,1,0,0,
1117,Iñigo Martínez,DF,1,90,0,1,1,0,
1117,Pau Cubarsí,DF,1,90,0,0,0,0,
1117,Jules Koundé,DF,1,90,0,0,1,0,
1117,Iñaki Peña,GK,1,90,0,0,1,0,
1118,Robert Lewandowski,FW,1,90,0,0,0,0,
1118,Raphinha,FW,1,84,1,0,0,0,
1118,Ansu Fati,FW,0,6,0,0,0,0,
1118,Dani Olmo,MF,1,55,2,0,0,0,
1118,Fermin López,MF,0,35,0,0,0,0,
1118,Lamine Yamal,FW,1,90,0,1,0,0,
1118,Pedri,MF,1,84,0,0,0,0,
1118,Gavi,MF,0,6,0,0,0,0,
1118,Marc Casado,MF,1,55,0,1,0,0,
1118,Frenkie de Jong,MF,0,35,0,0,0,0,
1118,Alejandro Balde,DF,1,90,0,1,0,0,
1118,Iñigo Martínez,DF,1,90,0,0,0,0,
1118,Pau Cubarsí,DF,1,90,0,0,0,0,
1118,Héctor Fort,DF,1,77,0,0,0,0,
1118,Jules Koundé,DF,0,13,0,0,0,0,
1118,Iñaki Peña,GK,1,90,0,0,0,0,
1119,Robert Lewandowski,FW,1,77,2,0,0,0,
1119,Pau Victor,FW,0,13,0,0,0,0,
1119,Raphinha,FW,1,57,1,1,0,0,
1119,Fermin López,MF,0,33,1,0,0,0,
1119,Pedri,MF,1,57,0,0,0,0,
1119,Dani Olmo,MF,0,33,0,0,0,0,
1119,Lamine Yamal,FW,1,90,0,0,0,0,
1119,Marc Casado,MF,1,90,0,0,0,0,
1119,Frenkie de Jong,MF,1,67,0,0,0,0,
1119,Gavi,MF,0,23,0,0,0,0,
1119,Gerard Martín,DF,1,90,0,0,0,0,
1119,Iñigo Martínez,DF,1,90,1,0,0,0,
1119,Pau Cubarsí,DF,1,66,0,0,0,0,
1119,Sergi Dominguez,DF,0,24,0,0,0,0,
1119,Jules Koundé,DF,1,90,0,3,0,0,
1119,Iñaki Peña,GK,1,90,0,0,0,0,
1120,Robert Lewandowski,FW,1,90,0,0,0,0,
1120,Raphinha,FW,1,90,0,0,0,0,
1120,Pedri,MF,1,89,0,0,0,0,
1120,Pau Victor,FW,0,1,0,0,0,0,
1120,Fermin López,MF,1,68,0,0,0,0,
1120,Ansu Fati,FW,0,22,0,0,0,0,
1120,Frenkie de Jong,MF,1,45,0,0,0,0,
1120,Dani Olmo,MF,0,45,0,0,0,0,
1120,Marc Casado,MF,1,90,0,0,0,0,
1120,Alejandro Balde,DF,1,90,0,0,0,0,
1120,Iñigo Martínez,DF,1,90,0,0,1,0,
1120,Pau Cubarsí,DF,1,90,0,0,0,0,
1120,Jules Koundé,DF,1,83,0,0,0,0,
1120,Gavi,MF,0,7,0,0,0,0,
1120,Iñaki Peña,GK,1,90,0,0,0,0,
1121,Robert Lewandowski,FW,1,88,1,0,0,0,
1121,Pau Victor,FW,0,2,0,0,0,0,
1121,Dani Olmo,MF,1,88,0,0,0,0,
1121,Pablo Torre,FW,0,2,0,0,0,0,
1121,Gavi,MF,1,74,0,0,0,0,
1121,Frenkie de Jong,MF,0,16,0,0,0,0,
1121,Raphinha,FW,1,90,1,0,0,0,
1121,Marc Casado,MF,1,81,0,0,2,1,
1121,Pedri,MF,1,74,0,0,0,0,
1121,Fermin López,MF,0,16,0,0,1,0,
1121,Gerard Martín,DF,1,45,0,0,1,0,
1121,Héctor Fort,DF,0,45,0,0,1,0,
1121,Iñigo Martínez,DF,1,90,0,0,0,0,
1121,Pau Cubarsí,DF,1,90,0,0,0,0,
1121,Jules Koundé,DF,1,90,0,1,0,0,
1121,Iñaki Peña,GK,1,90,0,0,0,0,
1122,Robert Lewandowski,FW,1,90,2,0,0,0,
1122,Fermin López,MF,1,77,0,0,0,0,
1122,Pablo Torre,FW,0,13,0,0,0,0,
1122,Dani Olmo,MF,1,67,1,0,0,0,
1122,Gavi,MF,0,23,0,0,0,0,
1122,Raphinha,FW,1,90,0,0,0,0,
1122,Pedri,MF,1,87,0,0,0,0,
1122,Frenkie de Jong,MF,0,3,0,0,0,0,
1122,Marc Casado,MF,1,90,0,0,0,0,
1122,Gerard Martín,DF,1,77,0,1,0,0,
1122,Alejandro Balde,DF,0,13,0,1,0,0,
1122,Iñigo Martínez,DF,1,90,0,0,0,0,
1122,Pau Cubarsí,DF,1,90,0,0,0,0,
1122,Jules Koundé,DF,1,90,0,0,0,0,
1122,Iñaki Peña,GK,1,90,0,0,0,0,
1123,Robert Lewandowski,FW,1,90,0,0,0,0,
1123,Pablo Torre,FW,1,45,0,0,0,0,
1123,Lamine Yamal,FW,0,45,0,0,0,0,
1123,Fermin López,MF,1,56,0,0,0,0,
1123,Ferrán Torres,FW,0,34,0,0,0,0,
1123,Raphinha,FW,1,90,1,0,0,0,
1123,Pedri,MF,1,90,0,1,0,0,
1123,Gavi,MF,1,56,0,0,0,0,
1123,Frenkie de Jong,MF,0,34,0,0,0,0,
1123,Alejandro Balde,DF,1,25,0,0,0,0,
1123,Gerard Martín,DF,0,65,0,0,0,0,
1123,Iñigo Martínez,DF,1,90,0,0,0,0,
1123,Pau Cubarsí,DF,1,89,0,0,0,0,
1123,Pau Victor,FW,0,1,0,0,0,0,
1123,Jules Koundé,DF,1,55,0,0,0,0,
1123,Héctor Fort,DF,0,35,0,0,0,0,
1123,Iñaki Peña,GK,1,90,0,0,0,0,
1124,Ferrán Torres,FW,1,72,1,0,0,0,
1124,Pau Victor,FW,0,18,1,0,0,0,
1124,Raphinha,FW,1,86,2,0,0,0,
1124,Fermin López,MF,0,4,0,0,0,0,
1124,Dani Olmo,MF,1,71,0,0,0,0,
1124,Frenkie de Jong,MF,0,19,1,1,0,0,
1124,Lamine Yamal,FW,1,90,0,1,0,0,
1124,Marc Casado,MF,1,81,0,0,1,0,
1124,Eric García,DF,0,9,0,0,0,0,
1124,Pedri,MF,1,81,0,0,1,0,
1124,Gavi,MF,0,9,0,0,0,0,
1124,Alejandro Balde,DF,1,90,0,0,0,0,
1124,Iñigo Martínez,DF,1,90,0,0,0,0,
1124,Pau Cubarsí,DF,1,90,0,0,1,0,
1124,Jules Koundé,DF,1,90,0,0,0,0,
1124,Iñaki Peña,GK,1,90,0,0,0,0,
1125,Raphinha,FW,1,59,0,0,0,0,
1125,Ferrán Torres,FW,0,31,1,0,0,0,
1125,Robert Lewandowski,FW,1,73,1,0,0,0,
1125,Pau Victor,FW,0,17,0,0,0,0,
1125,Lamine Yamal,FW,1,90,0,1,0,0,
1125,Dani Olmo,MF,1,59,0,0,0,0,
1125,Frenkie de Jong,MF,0,31,0,0,1,0,
1125,Marc Casado,MF,1,90,0,0,0,0,
1125,Pedri,MF,1,73,0,0,0,0,
1125,Gavi,MF,0,17,0,0,0,0,
1125,Alejandro Balde,DF,1,87,0,0,0,0,
1125,Héctor Fort,DF,0,3,0,0,1,0,
1125,Iñigo Martínez,DF,1,90,0,0,0,0,
1125,Pau Cubarsí,DF,1,90,0,0,0,0,
1125,Jules Koundé,DF,1,90,0,1,0,0,
1125,Iñaki Peña,GK,1,90,0,0,0,0,
1126,Robert Lewandowski,FW,1,70,0,0,0,0,
1126,Ferrán Torres,FW,0,20,2,0,1,0,
1126,Raphinha,FW,1,70,1,0,0,0,
1126,Frenkie de Jong,MF,0,20,0,0,0,0,
1126,Dani Olmo,MF,1,70,0,1,0,0,
1126,Fermin López,MF,0,20,0,0,0,0,
1126,Lamine Yamal,FW,1,89,0,1,0,0,
1126,Pau Victor,FW,0,1,0,0,0,0,
1126,Pedri,MF,1,89,0,0,0,0,
1126,Eric García,DF,0,1,0,0,0,0,
1126,Marc Casado,MF,1,90,0,0,0,0,
1126,Alejandro Balde,DF,1,90,0,0,0,0,
1126,Iñigo Martínez,DF,1,90,0,0,0,0,
1126,Pau Cubarsí,DF,1,90,0,0,1,0,
1126,Jules Koundé,DF,1,90,0,0,0,0,
1126,Iñaki Peña,GK,1,90,0,0,0,0,
1127,Robert Lewandowski,FW,1,65,0,0,0,0,
1127,Ferrán Torres,FW,0,25,0,0,0,0,
1127,Raphinha,FW,1,90,0,0,0,0,
1127,Dani Olmo,MF,1,65,0,0,0,0,
1127,Fermin López,MF,0,25,0,0,0,0,
1127,Lamine Yamal,FW,1,74,0,0,0,0,
1127,Gavi,MF,0,16,0,0,0,0,
1127,Pedri,MF,1,90,0,0,0,0,
1127,Marc Casado,MF,1,79,0,0,0,0,
1127,Pau Victor,FW,0,11,0,0,0,0,
1127,Alejandro Balde,DF,1,90,0,0,0,0,
1127,Iñigo Martínez,DF,1,90,0,0,0,0,
1127,Eric García,DF,1,73,0,0,0,0,
1127,Pau Cubarsí,DF,0,17,0,0,0,0,
1127,Jules Koundé,DF,1,90,0,0,0,0,
1127,Iñaki Peña,GK,1,90,0,0,0,0,
1128,Robert Lewandowski,FW,1,90,0,0,0,0,
1128,Fermin López,MF,1,63,0,0,0,0,
1128,Dani Olmo,MF,0,27,0,0,0,0,
1128,Gavi,MF,1,63,0,1,0,0,
1128,Ferrán Torres,FW,0,27,0,0,0,0,
1128,Raphinha,FW,1,90,0,0,0,0,
1128,Pedri,MF,1,90,1,0,0,0,
1128,Marc Casado,MF,1,79,0,0,0,0,
1128,Eric García,DF,0,11,0,0,0,0,
1128,Alejandro Balde,DF,1,90,0,0,0,0,
1128,Iñigo Martínez,DF,1,90,0,0,0,0,
1128,Pau Cubarsí,DF,1,90,0,0,0,0,
1128,Jules Koundé,DF,1,90,0,0,0,0,
1128,Iñaki Peña,GK,1,90,0,0,0,0,
1129,Robert Lewandowski,FW,1,61,2,0,1,0,
1129,Ansu Fati,FW,0,29,0,0,0,0,
1129,Fermin López,MF,1,90,0,0,0,0,
1129,Pedri,MF,1,45,0,0,0,0,
1129,Gavi,MF,0,45,0,0,0,0,
1129,Pablo Torre,FW,1,80,1,2,0,0,
1129,Toni Fernández,MF,0,10,0,0,0,0,
1129,Eric García,DF,1,90,1,0,0,0,
1129,Frenkie de Jong,MF,1,90,0,0,0,0,
1129,Gerard Martín,DF,1,90,0,0,0,0,
1129,Iñigo Martínez,DF,1,61,0,0,0,0,
1129,Pau Cubarsí,DF,0,29,0,0,0,0,
1129,Ronald Araújo,DF,1,90,0,1,0,0,
1129,Jules Koundé,DF,1,61,0,0,0,0,
1129,Sergi Dominguez,DF,0,29,0,0,0,0,
1129,Wojciech Szczęsny,GK,1,90,0,0,0,0,
1130,Robert Lewandowski,FW,1,72,0,0,0,0,
1130,Ferrán Torres,FW,0,18,0,0,0,0,
1130,Raphinha,FW,1,90,0,0,0,0,
1130,Gavi,MF,1,72,1,1,0,0,
1130,Frenkie de Jong,MF,0,18,0,0,0,0,
1130,Lamine Yamal,FW,1,62,1,0,0,0,
1130,Fermin López,MF,0,28,0,0,0,0,
1130,Pedri,MF,1,90,0,0,0,0,
1130,Marc Casado,MF,1,82,0,0,0,0,
1130,Eric García,DF,0,8,0,0,0,0,
1130,Alejandro Balde,DF,1,82,0,1,0,0,
1130,Gerard Martín,DF,0,8,0,0,0,0,
1130,Iñigo Martínez,DF,1,90,0,0,0,0,
1130,Pau Cubarsí,DF,1,90,0,0,0,0,
1130,Jules Koundé,DF,1,90,0,0,1,0,
1130,Wojciech Szczęsny,GK,1,90,0,0,0,0,
1131,Robert Lewandowski,FW,1,90,1,1,1,0,
1131,Raphinha,FW,1,78,2,1,1,0,
1131,Ferrán Torres,FW,0,12,0,0,0,0,
1131,Gavi,MF,1,58,0,0,0,0,
1131,Iñaki Peña,GK,0,32,0,0,0,0,
1131,Lamine Yamal,FW,1,58,1,0,0,0,
1131,Dani Olmo,MF,0,32,0,0,0,0,
1131,Pedri,MF,1,90,0,0,0,0,
1131,Marc Casado,MF,1,90,0,1,0,0,
1131,Alejandro Balde,DF,1,90,1,0,0,0,
1131,Iñigo Martínez,DF,1,27,0,0,1,0,
1131,Ronald Araújo,DF,0,63,0,0,1,0,
1131,Pau Cubarsí,DF,1,90,0,0,0,0,
1131,Jules Koundé,DF,1,90,0,1,0,0,
1131,Wojciech Szczęsny,GK,1,55,0,0,0,1,
1132,Raphinha,FW,1,63,1,0,1,0,
1132,Ferrán Torres,FW,0,27,1,0,0,0,
1132,Dani Olmo,MF,1,90,0,2,0,0,
1132,Lamine Yamal,FW,1,76,1,1,0,0,
1132,Pablo Torre,FW,0,14,0,0,0,0,
1132,Pedri,MF,1,71,0,0,0,0,
1132,Pau Victor,FW,0,19,0,0,0,0,
1132,Frenkie de Jong,MF,1,90,0,0,0,0,
1132,Gavi,MF,1,71,1,0,1,0,
1132,Fermin López,MF,0,19,0,1,0,0,
1132,Gerard Martín,DF,1,90,0,0,0,0,
1132,Pau Cubarsí,DF,1,90,0,0,0,0,
1132,Ronald Araújo,DF,1,63,0,0,0,0,
1132,Eric García,DF,0,27,0,0,0,0,
1132,Jules Koundé,DF,1,90,1,0,0,0,
1132,Iñaki Peña,GK,1,90,0,0,0,0,
1133,Robert Lewandowski,FW,1,80,0,0,0,0,
1133,Ferrán Torres,FW,0,10,0,0,0,0,
1133,Raphinha,FW,1,90,0,0,1,0,
1133,Gavi,MF,1,61,0,0,0,0,
1133,Dani Olmo,MF,0,29,0,0,0,0,
1133,Lamine Yamal,FW,1,90,0,0,0,0,
1133,Pedri,MF,1,90,0,0,0,0,
1133,Marc Casado,MF,1,45,0,0,0,0,
1133,Frenkie de Jong,MF,0,45,0,0,0,0,
1133,Alejandro Balde,DF,1,90,0,0,1,0,
1133,Pau Cubarsí,DF,1,90,0,0,0,0,
1133,Ronald Araújo,DF,1,90,0,0,0,0,
1133,Jules Koundé,DF,1,90,1,0,0,0,
1133,Iñaki Peña,GK,1,90,0,0,0,0,
1134,Robert Lewandowski,FW,1,90,2,0,0,0,
1134,Raphinha,FW,1,90,2,0,0,0,
1134,Gavi,MF,1,61,0,0,1,0,
1134,Fermin López,MF,0,29,0,0,1,0,
1134,Lamine Yamal,FW,1,89,0,0,0,0,
1134,Gerard Martín,DF,0,1,0,0,0,0,
1134,Pedri,MF,1,90,0,1,0,0,
1134,Marc Casado,MF,1,61,0,0,0,0,
1134,Frenkie de Jong,MF,0,29,0,0,1,0,
1134,Alejandro Balde,DF,1,73,0,0,0,0,
1134,Ferrán Torres,FW,0,17,0,1,0,0,
1134,Pau Cubarsí,DF,1,90,0,0,0,0,
1134,Ronald Araújo,DF,1,90,0,0,0,0,
1134,Jules Koundé,DF,1,73,0,0,1,0,
1134,Eric García,DF,0,17,1,0,0,0,
1134,Wojciech Szczęsny,GK,1,90,0,0,0,0,
1135,Ferrán Torres,FW,1,90,1,0,0,0,
1135,Raphinha,FW,1,59,1,0,0,0,
1135,Robert Lewandowski,FW,0,31,1,0,0,0,
1135,Fermin López,MF,1,90,2,2,0,0,
1135,Lamine Yamal,FW,1,70,0,1,0,0,
1135,Pau Victor,FW,0,20,0,0,0,0,
1135,Frenkie de Jong,MF,1,77,1,0,0,0,
1135,Pablo Torre,FW,0,13,0,0,0,0,
1135,Marc Casado,MF,1,90,0,0,0,0,
1135,Alejandro Balde,DF,1,59,0,1,0,0,
1135,Gerard Martín,DF,0,31,0,0,0,0,
1135,Pau Cubarsí,DF,1,90,0,1,0,0,
1135,Eric García,DF,1,90,0,0,0,0,
1135,Jules Koundé,DF,1,70,0,0,0,0,
1135,Héctor Fort,DF,0,20,0,0,0,0,
1135,Wojciech Szczęsny,GK,1,90,0,0,0,0,
1136,Robert Lewandowski,FW,1,68,0,0,0,0,
1136,Ferrán Torres,FW,0,22,0,0,0,0,
1136,Raphinha,FW,1,90,0,2,0,0,
1136,Gavi,MF,1,68,0,0,0,0,
1136,Fermin López,MF,0,22,0,0,0,0,
1136,Lamine Yamal,FW,1,89,1,0,0,0,
1136,Pau Victor,FW,0,1,0,0,0,0,
1136,Pedri,MF,1,79,0,0,0,0,
1136,Marc Casado,MF,0,11,0,0,0,0,
1136,Frenkie de Jong,MF,1,90,0,0,0,0,
1136,Alejandro Balde,DF,1,90,0,0,0,0,
1136,Eric García,DF,1,68,0,0,0,0,
1136,Pau Cubarsí,DF,0,22,0,0,0,0,
1136,Ronald Araújo,DF,1,90,1,0,0,0,
1136,Jules Koundé,DF,1,90,0,0,0,0,
1136,Wojciech Szczęsny,GK,1,90,0,0,0,0,
1137,Raphinha,FW,1,66,0,0,1,0,
1137,Ferrán Torres,FW,0,24,0,0,0,0,
1137,Robert Lewandowski,FW,1,89,1,0,0,0,
1137,Pau Victor,FW,0,1,0,0,0,0,
1137,Lamine Yamal,FW,1,90,0,0,1,0,
1137,Pedri,MF,1,90,0,0,0,0,
1137,Marc Casado,MF,1,45,0,0,0,0,
1137,Frenkie de Jong,MF,0,45,0,0,0,0,
1137,Gavi,MF,1,13,0,0,1,0,
1137,Fermin López,MF,0,77,0,0,1,0,
1137,Alejandro Balde,DF,1,82,0,0,0,0,
1137,Gerard Martín,DF,0,8,0,0,0,0,
1137,Pau Cubarsí,DF,1,90,0,0,0,0,
1137,Ronald Araújo,DF,1,45,0,0,1,0,
1137,Eric García,DF,0,45,0,0,0,0,
1137,Jules Koundé,DF,1,90,0,0,0,0,
1137,Wojciech Szczęsny,GK,1,90,0,0,0,0,
1138,Raphinha,FW,1,63,0,2,0,0,
1138,Dani Olmo,MF,0,27,0,0,0,0,
1138,Ferrán Torres,FW,1,90,3,0,0,0,
1138,Lamine Yamal,FW,1,90,1,0,0,0,
1138,Pedri,MF,1,63,0,1,0,0,
1138,Marc Casado,MF,0,27,0,0,0,0,
1138,Frenkie de Jong,MF,1,90,0,0,0,0,
1138,Fermin López,MF,1,90,1,0,0,0,
1138,Alejandro Balde,DF,1,45,0,1,0,0,
1138,Gerard Martín,DF,0,45,0,0,0,0,
1138,Pau Cubarsí,DF,1,45,0,0,0,0,
1138,Iñigo Martínez,DF,0,45,0,0,0,0,
1138,Eric García,DF,1,90,0,0,0,0,
1138,Jules Koundé,DF,1,78,0,0,0,0,
1138,Héctor Fort,DF,0,12,0,0,0,0,
1138,Wojciech Szczęsny,GK,1,90,0,0,0,0,
1139,Robert Lewandowski,FW,1,70,1,0,0,0,
1139,Dani Olmo,MF,0,20,0,0,0,0,
1139,Raphinha,FW,1,90,1,0,0,0,
1139,Gavi,MF,1,45,0,0,1,0,
1139,Fermin López,MF,0,16,1,0,0,1,
1139,Lamine Yamal,FW,1,88,0,0,0,0,
1139,Gerard Martín,DF,0,2,0,0,0,0,
1139,Pedri,MF,1,90,0,1,0,0,
1139,Frenkie de Jong,MF,1,70,0,0,0,0,
1139,Eric García,DF,0,20,1,0,1,0,
1139,Alejandro Balde,DF,1,90,0,0,0,0,
1139,Iñigo Martínez,DF,1,90,0,1,0,0,
1139,Ronald Araújo,DF,1,21,0,0,0,0,
1139,Pau Cubarsí,DF,0,69,0,1,0,0,
1139,Jules Koundé,DF,1,90,0,0,0,0,
1139,Wojciech Szczęsny,GK,1,90,0,0,0,0,
1140,Robert Lewandowski,FW,1,80,1,0,0,0,
1140,Ferrán Torres,FW,0,10,0,0,1,0,
1140,Raphinha,FW,1,90,0,0,0,0,
1140,Gavi,MF,1,65,0,0,1,0,
1140,Dani Olmo,MF,0,25,0,0,0,0,
1140,Lamine Yamal,FW,1,90,0,0,0,0,
1140,Pedri,MF,1,90,0,0,0,0,
1140,Frenkie de Jong,MF,1,87,0,0,0,0,
1140,Marc Casado,MF,0,3,0,0,0,0,
1140,Alejandro Balde,DF,1,90,0,0,0,0,
1140,Iñigo Martínez,DF,1,90,0,0,0,0,
1140,Pau Cubarsí,DF,1,80,0,0,0,0,
1140,Eric García,DF,0,10,0,0,0,0,
1140,Héctor Fort,DF,1,65,0,0,0,0,
1140,Jules Koundé,DF,0,25,0,0,0,0,
1140,Wojciech Szczęsny,GK,1,90,0,0,0,0,
1141,Robert Lewandowski,FW,1,90,0,0,0,0,
1141,Raphinha,FW,1,89,0,1,0,0,
1141,Gerard Martín,DF,0,1,0,0,0,0,
1141,Fermin López,MF,1,45,0,0,0,0,
1141,Dani Olmo,MF,0,45,1,0,0,0,
1141,Lamine Yamal,FW,1,84,0,1,0,0,
1141,Ferrán Torres,FW,0,6,1,0,0,0,
1141,Pedri,MF,1,84,0,0,0,0,
1141,Frenkie de Jong,MF,0,6,0,0,1,0,
1141,Marc Casado,MF,1,90,0,0,0,0,
1141,Alejandro Balde,DF,1,90,0,0,0,0,
1141,Pau Cubarsí,DF,1,90,0,0,0,0,
1141,Eric García,DF,1,90,0,0,0,0,
1141,Jules Koundé,DF,1,90,0,0,0,0,
1141,Wojciech Szczęsny,GK,1,90,0,0,0,0,
1142,Ferrán Torres,FW,1,67,0,0,0,0,
1142,Robert Lewandowski,FW,0,23,1,0,0,0,
1142,Raphinha,FW,1,84,0,2,0,0,
1142,Fermin López,MF,0,6,0,0,0,0,
1142,Dani Olmo,MF,1,67,0,0,0,0,
1142,Gavi,MF,0,23,0,0,0,0,
1142,Lamine Yamal,FW,1,90,0,1,0,0,
1142,Pedri,MF,1,84,1,0,0,0,
1142,Eric García,DF,0,6,0,0,0,0,
1142,Frenkie de Jong,MF,1,90,0,0,0,0,
1142,Alejandro Balde,DF,1,90,0,0,0,0,
1142,Iñigo Martínez,DF,1,90,1,0,0,0,
1142,Pau Cubarsí,DF,1,90,1,0,0,0,
1142,Jules Koundé,DF,1,90,0,1,0,0,
1142,Wojciech Szczęsny,GK,1,90,0,0,0,0,
1143,Robert Lewandowski,FW,1,90,1,0,0,0,
1143,Raphinha,FW,1,58,0,0,0,0,
1143,Ferrán Torres,FW,0,32,0,0,0,0,
1143,Pedri,MF,1,58,0,0,0,0,
1143,Frenkie de Jong,MF,0,32,0,0,0,0,
1143,Dani Olmo,MF,1,70,0,2,0,0,
1143,Fermin López,MF,0,20,0,0,0,0,
1143,Lamine Yamal,FW,1,90,0,0,0,0,
1143,Marc Casado,MF,1,90,1,0,0,0,
1143,Gerard Martín,DF,1,90,1,0,0,0,
1143,Pau Cubarsí,DF,1,58,0,0,0,0,
1143,Eric García,DF,0,32,0,0,0,0,
1143,Ronald Araújo,DF,1,75,1,1,0,0,
1143,Héctor Fort,DF,0,15,0,0,0,0,
1143,Jules Koundé,DF,1,90,0,0,0,0,
1143,Wojciech Szczęsny,GK,1,90,0,0,0,0,
1144,Robert Lewandowski,FW,1,78,0,0,0,0,
1144,Gerard Martín,DF,0,12,0,0,0,0,
1144,Raphinha,FW,1,90,1,0,0,0,
1144,Dani Olmo,MF,1,27,0,0,0,0,
1144,Ronald Araújo,DF,0,63,0,0,0,0,
1144,Lamine Yamal,FW,1,55,0,0,0,0,
1144,Ferrán Torres,FW,0,35,0,0,0,0,
1144,Pedri,MF,1,90,0,0,0,0,
1144,Frenkie de Jong,MF,1,78,0,0,0,0,
1144,Marc Casado,MF,0,12,0,0,0,0,
1144,Alejandro Balde,DF,1,90,0,0,0,0,
1144,Iñigo Martínez,DF,1,90,0,0,1,0,
1144,Pau Cubarsí,DF,1,21,0,0,0,1,
1144,Jules Koundé,DF,1,90,0,0,0,0,
1144,Wojciech Szczęsny,GK,1,90,0,0,0,0,
1145,Robert Lewandowski,FW,1,69,0,0,0,0,
1145,Ferrán Torres,FW,0,21,0,0,0,0,
1145,Raphinha,FW,1,90,2,1,0,0,
1145,Dani Olmo,MF,1,69,0,0,0,0,
1145,Gavi,MF,0,21,0,0,0,0,
1145,Lamine Yamal,FW,1,81,1,1,0,0,
1145,Fermin López,MF,0,9,0,0,0,0,
1145,Pedri,MF,1,90,0,0,0,0,
1145,Frenkie de Jong,MF,1,81,0,0,0,0,
1145,Marc Casado,MF,0,9,0,0,0,0,
1145,Alejandro Balde,DF,1,90,0,1,0,0,
1145,Iñigo Martínez,DF,1,86,0,0,0,0,
1145,Eric García,DF,0,4,0,0,0,0,
1145,Ronald Araújo,DF,1,90,0,0,0,0,
1145,Jules Koundé,DF,1,90,0,0,0,0,
1145,Wojciech Szczęsny,GK,1,90,0,0,0,0,
1146,Robert Lewandowski,FW,1,90,1,0,0,0,
1146,Raphinha,FW,1,90,0,1,0,0,
1146,Dani Olmo,MF,1,66,0,0,0,0,
1146,Ferrán Torres,FW,0,24,2,0,0,0,
1146,Lamine Yamal,FW,1,90,1,0,1,0,
1146,Pedri,MF,1,89,0,1,0,0,
1146,Gavi,MF,0,1,0,0,0,0,
1146,Marc Casado,MF,1,66,0,0,0,0,
1146,Eric García,DF,0,24,0,0,0,0,
1146,Alejandro Balde,DF,1,85,0,0,1,0,
1146,Gerard Martín,DF,0,5,0,0,0,0,
1146,Iñigo Martínez,DF,1,90,0,1,0,0,
1146,Pau Cubarsí,DF,1,90,0,0,0,0,
1146,Jules Koundé,DF,1,85,0,0,1,0,
1146,Ronald Araújo,DF,0,5,0,0,0,0,
1146,Wojciech Szczęsny,GK,1,90,0,0,0,0,
1147,Gavi,MF,1,90,0,0,0,0,
1147,Ferrán Torres,FW,1,67,1,0,0,0,
1147,Robert Lewandowski,FW,0,23,1,0,0,0,
1147,Lamine Yamal,FW,1,90,0,0,0,0,
1147,Pedri,MF,1,83,0,0,0,0,
1147,Pau Victor,FW,0,7,0,0,0,0,
1147,Frenkie de Jong,MF,1,45,0,0,0,0,
1147,Pablo Torre,FW,0,45,0,0,0,0,
1147,Dani Olmo,MF,1,27,1,0,0,0,
1147,Fermin López,MF,0,63,0,1,0,0,
1147,Alejandro Balde,DF,1,82,0,1,0,0,
1147,Gerard Martín,DF,0,8,0,0,0,0,
1147,Iñigo Martínez,DF,1,90,0,0,0,0,
1147,Eric García,DF,1,90,0,0,1,0,
1147,Jules Koundé,DF,1,90,0,0,0,0,
1147,Wojciech Szczęsny,GK,1,90,0,0,0,0,
1148,Robert Lewandowski,FW,1,90,2,0,0,0,
1148,Gavi,MF,1,65,0,0,0,0,
1148,Frenkie de Jong,MF,0,25,0,1,0,0,
1148,Fermin López,MF,1,66,0,1,0,0,
1148,Ferrán Torres,FW,0,24,1,0,0,0,
1148,Lamine Yamal,FW,1,90,0,0,0,0,
1148,Pedri,MF,1,86,0,0,0,0,
1148,Pablo Torre,FW,0,4,0,0,0,0,
1148,Eric García,DF,1,80,0,0,0,0,
1148,Alejandro Balde,DF,0,10,0,0,0,0,
1148,Gerard Martín,DF,1,90,0,1,0,0,
1148,Iñigo Martínez,DF,1,80,0,0,0,0,
1148,Pau Cubarsí,DF,0,10,0,0,0,0,
1148,Ronald Araújo,DF,1,90,0,0,0,0,
1148,Jules Koundé,DF,1,90,0,0,0,0,
1148,Wojciech Szczęsny,GK,1,90,0,0,0,0,
1149,Ferrán Torres,FW,1,73,1,0,0,0,
1149,Robert Lewandowski,FW,0,17,0,0,0,0,
1149,Raphinha,FW,1,90,0,0,0,0,
1149,Fermin López,MF,1,57,0,0,0,0,
1149,Ronald Araújo,DF,0,33,0,0,0,0,
1149,Lamine Yamal,FW,1,86,0,1,0,0,
1149,Gerard Martín,DF,0,4,0,0,1,0,
1149,Pedri,MF,1,90,0,0,0,0,
1149,Frenkie de Jong,MF,1,90,0,0,1,0,
1149,Alejandro Balde,DF,1,90,0,0,1,0,
1149,Iñigo Martínez,DF,1,90,0,0,0,0,
1149,Pau Cubarsí,DF,1,57,0,0,0,0,
1149,Eric García,DF,0,33,0,0,0,0,
1149,Jules Koundé,DF,1,90,0,0,0,0,
1149,Wojciech Szczęsny,GK,1,90,0,0,0,0,
1150,Ferrán Torres,FW,1,56,0,1,0,0,
1150,Raphinha,FW,0,34,0,0,0,0,
1150,Robert Lewandowski,FW,1,90,0,0,0,0,
1150,Lamine Yamal,FW,1,90,0,0,0,0,
1150,Pedri,MF,1,74,0,0,0,0,
1150,Fermin López,MF,0,16,0,0,0,0,
1150,Frenkie de Jong,MF,1,56,0,0,0,0,
1150,Eric García,DF,0,34,0,0,1,0,
1150,Gavi,MF,1,90,1,0,0,0,
1150,Alejandro Balde,DF,1,74,0,0,0,0,
1150,Gerard Martín,DF,0,16,0,0,0,0,
1150,Pau Cubarsí,DF,1,90,0,0,0,0,
1150,Ronald Araújo,DF,1,90,0,0,0,0,
1150,Jules Koundé,DF,1,90,0,0,1,0,
1150,Wojciech Szczęsny,GK,1,90,0,0,0,0,
1151,Robert Lewandowski,FW,1,80,2,0,0,0,
1151,Ferrán Torres,FW,0,10,0,0,0,0,
1151,Raphinha,FW,1,90,1,2,0,0,
1151,Fermin López,MF,1,73,0,1,0,0,
1151,Gavi,MF,0,17,0,0,0,0,
1151,Lamine Yamal,FW,1,85,1,0,0,0,
1151,Ansu Fati,FW,0,5,0,0,0,0,
1151,Pedri,MF,1,80,0,0,0,0,
1151,Eric García,DF,0,10,0,0,0,0,
1151,Frenkie de Jong,MF,1,90,0,0,0,0,
1151,Alejandro Balde,DF,1,90,0,0,0,0,
1151,Iñigo Martínez,DF,1,80,0,0,0,0,
1151,Ronald Araújo,DF,0,10,0,0,0,0,
1151,Pau Cubarsí,DF,1,90,0,1,0,0,
1151,Jules Koundé,DF,1,90,0,0,0,0,
1151,Wojciech Szczęsny,GK,1,90,0,0,0,0,
1152,Robert Lewandowski,FW,1,66,0,0,0,0,
1152,Ferrán Torres,FW,0,24,0,0,0,0,
1152,Raphinha,FW,1,90,0,0,0,0,
1152,Fermin López,MF,1,66,0,0,0,0,
1152,Gavi,MF,0,24,0,0,0,0,
1152,Lamine Yamal,FW,1,90,0,0,0,0,
1152,Pedri,MF,1,90,0,0,0,0,
1152,Eric García,DF,1,79,0,0,0,0,
1152,Pau Cubarsí,DF,0,11,0,0,0,0,
1152,Alejandro Balde,DF,1,40,0,0,0,0,
1152,Gerard Martín,DF,0,50,0,0,0,0,
1152,Iñigo Martínez,DF,1,90,0,0,0,0,
1152,Ronald Araújo,DF,1,45,0,0,0,0,
1152,Frenkie de Jong,MF,0,45,0,0,1,0,
1152,Jules Koundé,DF,1,90,0,0,0,0,
1152,Wojciech Szczęsny,GK,1,90,0,0,0,0,
1153,Robert Lewandowski,FW,1,85,0,0,0,0,
1153,Dani Olmo,MF,0,5,0,0,0,0,
1153,Raphinha,FW,1,90,0,0,0,0,
1153,Fermin López,MF,1,69,0,0,0,0,
1153,Eric García,DF,0,21,0,0,0,0,
1153,Lamine Yamal,FW,1,69,0,0,0,0,
1153,Ferrán Torres,FW,0,21,0,0,0,0,
1153,Gavi,MF,1,58,0,0,0,0,
1153,Pedri,MF,0,32,0,0,0,0,
1153,Frenkie de Jong,MF,1,90,0,0,1,0,
1153,Gerard Martín,DF,1,90,0,0,0,0,
1153,Pau Cubarsí,DF,1,90,0,0,0,0,
1153,Ronald Araújo,DF,1,90,0,0,0,0,
1153,Jules Koundé,DF,1,90,0,0,0,0,
1153,Wojciech Szczęsny,GK,1,90,0,0,0,0,
1154,Ferrán Torres,FW,1,58,1,0,0,0,
1154,Lamine Yamal,FW,0,32,0,1,0,0,
1154,Robert Lewandowski,FW,1,77,0,0,0,0,
1154,Gavi,MF,0,13,0,0,0,0,
1154,Raphinha,FW,1,90,2,1,1,0,
1154,Pedri,MF,1,90,0,0,0,0,
1154,Frenkie de Jong,MF,1,90,0,0,0,0,
1154,Fermin López,MF,1,58,0,0,0,0,
1154,Dani Olmo,MF,0,32,1,0,0,0,
1154,Gerard Martín,DF,1,87,0,0,0,0,
1154,Pau Victor,FW,0,3,0,0,0,0,
1154,Iñigo Martínez,DF,1,90,0,1,1,0,
1154,Pau Cubarsí,DF,1,86,0,0,0,0,
1154,Eric García,DF,0,4,0,0,0,0,
1154,Jules Koundé,DF,1,90,0,0,0,0,
1154,Wojciech Szczęsny,GK,1,90,0,0,0,0,
1155,Ferrán Torres,FW,1,76,0,0,0,0,
1155,Pau Victor,FW,0,14,0,0,0,0,
1155,Ansu Fati,FW,1,61,0,0,0,0,
1155,Raphinha,FW,0,29,0,0,0,0,
1155,Dani Olmo,MF,1,61,1,0,0,0,
1155,Fermin López,MF,0,29,0,0,0,0,
1155,Lamine Yamal,FW,1,85,0,0,0,0,
1155,Frenkie de Jong,MF,0,5,0,0,0,0,
1155,Pedri,MF,1,90,0,0,0,0,
1155,Gavi,MF,1,90,0,0,0,0,
1155,Héctor Fort,DF,1,76,0,0,0,0,
1155,Gerard Martín,DF,0,14,0,0,0,0,
1155,Iñigo Martínez,DF,1,90,0,0,0,0,
1155,Ronald Araújo,DF,1,90,0,0,0,0,
1155,Eric García,DF,1,90,0,1,0,0,
1155,Wojciech Szczęsny,GK,1,90,0,0,0,0,
1156,Ferrán Torres,FW,1,114,1,0,0,0,
1156,Pau Victor,FW,0,6,0,0,0,0,
1156,Raphinha,FW,1,120,0,0,1,0,
1156,Dani Olmo,MF,1,64,0,0,0,0,
1156,Fermin López,MF,0,56,0,0,1,0,
1156,Lamine Yamal,FW,1,120,0,2,0,0,
1156,Pedri,MF,1,97,1,0,0,0,
1156,Eric García,DF,0,23,0,0,0,0,
1156,Frenkie de Jong,MF,1,84,0,0,1,0,
1156,Gavi,MF,0,36,0,0,0,0,
1156,Gerard Martín,DF,1,84,0,0,1,0,
1156,Ronald Araújo,DF,0,36,0,0,0,0,
1156,Iñigo Martínez,DF,1,120,0,0,0,0,
1156,Pau Cubarsí,DF,1,120,0,0,0,0,
1156,Jules Koundé,DF,1,120,1,0,0,0,
1156,Wojciech Szczęsny,GK,1,120,0,0,0,0,
1157,Ferrán Torres,FW,1,90,1,0,0,0,
1157,Raphinha,FW,1,90,0,1,0,0,
1157,Dani Olmo,MF,1,67,0,0,0,0,
1157,Fermin López,MF,0,23,0,0,0,0,
1157,Lamine Yamal,FW,1,90,1,0,0,0,
1157,Pedri,MF,1,82,0,0,0,0,
1157,Gavi,MF,0,8,0,0,0,0,
1157,Frenkie de Jong,MF,1,90,0,0,0,0,
1157,Gerard Martín,DF,1,45,0,0,0,0,
1157,Ronald Araújo,DF,0,45,0,0,0,0,
1157,Iñigo Martínez,DF,1,90,0,0,0,0,
1157,Pau Cubarsí,DF,1,82,0,0,1,0,
1157,Andreas Christensen,DF,0,8,0,0,0,0,
1157,Jules Koundé,DF,1,41,0,0,0,0,
1157,Eric García,DF,0,49,0,0,0,0,
1157,Wojciech Szczęsny,GK,1,90,0,0,0,0,
1158,Pau Victor,FW,1,61,0,0,0,0,
1158,Dani Olmo,MF,0,29,0,0,0,0,
1158,Ansu Fati,FW,1,45,0,0,0,0,
1158,Raphinha,FW,0,45,1,0,0,0,
1158,Fermin López,MF,1,90,1,0,0,0,
1158,Daniel Rodriguez,MF,1,37,0,0,0,0,
1158,Lamine Yamal,FW,0,53,0,0,0,0,
1158,Gavi,MF,1,78,0,0,0,0,
1158,Eric García,DF,0,12,0,0,0,0,
1158,Pedri,MF,1,45,0,0,0,0,
1158,Frenkie de Jong,MF,0,45,0,0,0,0,
1158,Gerard Martín,DF,1,90,0,1,0,0,
1158,Andreas Christensen,DF,1,90,0,0,1,0,
1158,Ronald Araújo,DF,1,90,0,0,1,0,
1158,Héctor Fort,DF,1,90,0,0,0,0,
1158,Marc-André ter Stegen,GK,1,90,0,0,0,0,
1159,Ferrán Torres,FW,1,89,0,0,0,0,
1159,Robert Lewandowski,FW,0,31,0,0,0,0,
1159,Raphinha,FW,1,120,1,0,0,0,
1159,Dani Olmo,MF,1,82,1,0,0,0,
1159,Fermin López,MF,0,38,0,0,0,0,
1159,Lamine Yamal,FW,1,120,0,0,0,0,
1159,Pedri,MF,1,104,0,0,0,0,
1159,Pau Victor,FW,0,16,0,0,1,0,
1159,Frenkie de Jong,MF,1,120,0,0,0,0,
1159,Gerard Martín,DF,1,120,0,2,0,0,
1159,Iñigo Martínez,DF,1,75,0,0,1,0,
1159,Ronald Araújo,DF,0,45,0,0,0,0,
1159,Pau Cubarsí,DF,1,104,0,0,0,0,
1159,Gavi,MF,0,16,0,0,0,0,
1159,Eric García,DF,1,97,1,0,0,0,
1159,Héctor Fort,DF,0,23,0,0,0,0,
1159,Wojciech Szczęsny,GK,1,120,0,0,0,0,
1160,Ferrán Torres,FW,1,88,0,3,0,0,
1160,Gavi,MF,0,2,0,0,0,0,
1160,Raphinha,FW,1,90,2,0,0,0,
1160,Dani Olmo,MF,1,76,0,0,0,0,
1160,Fermin López,MF,0,14,0,0,1,0,
1160,Lamine Yamal,FW,1,90,1,0,0,0,
1160,Pedri,MF,1,90,0,1,1,0,
1160,Frenkie de Jong,MF,1,90,0,0,0,0,
1160,Gerard Martín,DF,1,56,0,0,0,0,
1160,Alejandro Balde,DF,0,34,0,0,0,0,
1160,Iñigo Martínez,DF,1,90,0,0,1,0,
1160,Pau Cubarsí,DF,1,56,0,0,0,0,
1160,Andreas Christensen,DF,0,34,0,0,0,0,
1160,Eric García,DF,1,77,1,0,0,0,
1160,Héctor Fort,DF,0,13,0,0,0,0,
1160,Wojciech Szczęsny,GK,1,90,0,0,0,0,
1161,Robert Lewandowski,FW,1,64,0,0,0,0,
1161,Fermin López,MF,0,26,1,0,0,0,
1161,Raphinha,FW,1,90,0,0,0,0,
1161,Dani Olmo,MF,1,76,0,1,0,0,
1161,Gavi,MF,0,14,0,0,0,0,
1161,Lamine Yamal,FW,1,90,1,1,0,0,
1161,Pedri,MF,1,90,0,0,0,0,
1161,Frenkie de Jong,MF,1,90,0,0,0,0,
1161,Gerard Martín,DF,1,45,0,0,0,0,
1161,Alejandro Balde,DF,0,45,0,0,0,0,
1161,Andreas Christensen,DF,1,76,0,0,1,0,
1161,Héctor Fort,DF,0,14,0,0,0,0,
1161,Ronald Araújo,DF,1,50,0,0,0,0,
1161,Pau Cubarsí,DF,0,40,0,0,0,0,
1161,Eric García,DF,1,90,0,0,0,0,
1161,Wojciech Szczęsny,GK,1,90,0,0,0,0,
1162,Robert Lewandowski,FW,1,73,0,0,0,0,
1162,Pau Victor,FW,0,17,0,0,0,0,
1162,Raphinha,FW,1,90,0,0,0,0,
1162,Fermin López,MF,1,90,1,0,0,0,
1162,Lamine Yamal,FW,1,90,1,0,0,0,
1162,Pedri,MF,1,45,0,0,0,0,
1162,Frenkie de Jong,MF,0,45,0,0,0,0,
1162,Gavi,MF,1,84,0,0,0,0,
1162,Dani Olmo,MF,0,6,0,0,1,0,
1162,Gerard Martín,DF,1,45,0,0,0,0,
1162,Alejandro Balde,DF,0,45,0,0,0,0,
1162,Iñigo Martínez,DF,1,90,0,0,0,0,
1162,Pau Cubarsí,DF,1,90,0,0,0,0,
1162,Eric García,DF,1,73,0,1,1,0,
1162,Héctor Fort,DF,0,17,0,0,0,0,
1162,Marc-André ter Stegen,GK,1,90,0,0,0,0,
1163,Robert Lewandowski,FW,1,88,2,0,0,0,
1163,Pau Victor,FW,0,2,0,0,0,0,
1163,Raphinha,FW,1,63,0,0,0,0,
1163,Dani Olmo,MF,0,27,1,0,0,0,
1163,Fermin López,MF,1,90,0,1,0,0,
1163,Lamine Yamal,FW,1,90,0,0,0,0,
1163,Pedri,MF,1,80,0,0,0,0,
1163,Frenkie de Jong,MF,0,10,0,0,0,0,
1163,Gavi,MF,1,90,0,0,0,0,
1163,Alejandro Balde,DF,1,80,0,0,0,0,
1163,Gerard Martín,DF,0,10,0,0,0,0,
1163,Pau Cubarsí,DF,1,90,0,0,0,0,
1163,Ronald Araújo,DF,1,63,0,0,0,0,
1163,Andreas Christensen,DF,0,27,0,0,0,0,
1163,Eric García,DF,1,90,0,0,0,0,
1163,Iñaki Peña,GK,1,90,0,0,0,0,
602,Rafinha,MF,1,77,1,0,0,0,
602,Marc Bartra,DF,0,43,0,0,0,0,
602,Luis Suárez,FW,1,120,1,1,0,0,
602,Lionel Messi,FW,1,120,2,0,0,0,
602,Andrés Iniesta,MF,1,62,0,0,0,0,
602,Sergi Roberto,DF,0,58,0,0,0,0,
602,Sergio Busquets,MF,1,120,0,1,1,0,
602,Ivan Rakitić,MF,1,120,0,0,0,0,
602,Jérémy Mathieu,DF,1,120,0,0,1,0,
602,Javier Mascherano,DF,1,92,0,0,0,0,
602,Pedro,FW,0,28,1,0,1,0,
602,Gerard Piqué,DF,1,120,0,0,0,0,
602,Dani Alves,DF,1,120,0,0,1,0,
602,Marc-André ter Stegen,GK,1,120,0,0,0,0,
605,Rafinha,MF,1,81,0,0,0,0,
605,Sandro Ramírez,FW,0,9,0,0,0,0,
605,Luis Suárez,FW,1,90,1,0,1,0,
605,Lionel Messi,FW,1,90,0,0,0,0,
605,Andrés Iniesta,MF,1,90,0,0,0,0,
605,Sergio Busquets,MF,1,67,0,0,0,0,
605,Marc Bartra,DF,0,23,0,0,0,0,
605,Ivan Rakitić,MF,1,90,0,0,1,0,
605,Jordi Alba,DF,1,90,0,1,0,0,
605,Thomas Vermaelen,DF,1,90,0,0,1,0,
605,Javier Mascherano,DF,1,90,0,0,0,0,
605,Dani Alves,DF,1,18,0,0,0,0,
605,Sergi Roberto,DF,0,72,0,0,0,0,
605,Claudio Bravo,GK,1,90,0,0,0,0,
606,Neymar,FW,1,86,0,0,0,0,
606,Sandro Ramírez,FW,0,4,0,0,0,0,
606,Luis Suárez,FW,1,90,0,0,0,0,
606,Lionel Messi,FW,1,90,0,0,0,0,
606,Andrés Iniesta,MF,1,90,0,0,0,0,
606,Sergio Busquets,MF,1,90,0,0,0,0,
606,Ivan Rakitić,MF,1,62,0,0,0,0,
606,Rafinha,MF,0,28,0,0,0,0,
606,Jordi Alba,DF,1,90,0,0,0,0,
606,Thomas Vermaelen,DF,1,89,1,0,0,0,
606,Jérémy Mathieu,DF,0,1,0,0,0,0,
606,Javier Mascherano,DF,1,90,0,0,0,0,
606,Sergi Roberto,DF,1,90,0,0,0,0,
606,Claudio Bravo,GK,1,90,0,0,0,0,
607,Neymar,FW,1,90,1,0,0,0,
607,Luis Suárez,FW,1,90,0,1,0,0,
607,Rafinha,MF,1,90,0,0,0,0,
607,Andrés Iniesta,MF,1,90,0,0,1,0,
607,Sergio Busquets,MF,1,90,0,0,0,0,
607,Ivan Rakitić,MF,1,59,0,0,0,0,
607,Lionel Messi,FW,0,31,1,0,0,0,
607,Jordi Alba,DF,1,90,0,0,0,0,
607,Thomas Vermaelen,DF,1,28,0,0,0,0,
607,Jérémy Mathieu,DF,0,62,0,0,0,0,
607,Javier Mascherano,DF,1,90,0,0,0,0,
607,Sergi Roberto,DF,1,90,0,0,0,0,
607,Marc-André ter Stegen,GK,1,90,0,0,0,0,
608,Neymar,FW,1,90,0,0,0,0,
608,Luis Suárez,FW,1,90,1,0,0,0,
608,Lionel Messi,FW,1,90,0,0,0,0,
608,Andrés Iniesta,MF,1,90,0,0,0,0,
608,Sergio Busquets,MF,1,90,0,0,0,0,
608,Ivan Rakitić,MF,1,62,0,1,0,0,
608,Rafinha,MF,0,3,0,0,0,0,
608,Javier Mascherano,DF,0,25,0,0,0,0,
608,Jordi Alba,DF,1,90,0,0,0,0,
608,Jérémy Mathieu,DF,1,90,0,0,0,0,
608,Gerard Piqué,DF,1,90,0,0,1,0,
608,Sergi Roberto,DF,1,90,0,0,0,0,
608,Marc-André ter Stegen,GK,1,90,0,0,0,0,
609,Neymar,FW,1,90,1,0,0,0,
609,Sandro Ramírez,FW,1,90,0,0,0,0,
609,Lionel Messi,FW,1,90,2,1,0,0,
609,Munir El Haddadi,FW,1,90,0,0,0,0,
609,Sergio Busquets,MF,1,61,0,0,0,0,
609,Gerard Gumbau,MF,0,29,0,0,0,0,
609,Ivan Rakitić,MF,1,90,0,0,0,0,
609,Adriano,DF,1,90,0,0,0,0,
609,Javier Mascherano,DF,1,90,0,0,0,0,
609,Marc Bartra,DF,1,90,1,1,0,0,
609,Dani Alves,DF,1,90,0,0,0,0,
609,Marc-André ter Stegen,GK,1,90,0,0,0,0,
610,Neymar,FW,1,90,1,0,1,0,
610,Luis Suárez,FW,1,90,0,0,0,0,
610,Lionel Messi,FW,1,90,0,1,0,0,
610,Andrés Iniesta,MF,1,90,0,0,0,0,
610,Sergio Busquets,MF,1,65,0,0,1,0,
610,Ivan Rakitić,MF,0,25,0,0,0,0,
610,Sergi Roberto,DF,1,57,0,0,0,0,
610,Munir El Haddadi,FW,0,33,0,0,0,0,
610,Jérémy Mathieu,DF,1,90,0,0,0,0,
610,Javier Mascherano,DF,1,90,0,0,0,0,
610,Gerard Piqué,DF,1,90,0,0,0,0,
610,Dani Alves,DF,1,90,0,0,0,0,
610,Marc-André ter Stegen,GK,1,90,0,0,0,0,
611,Neymar,FW,1,90,0,0,0,0,
611,Luis Suárez,FW,1,90,2,0,1,0,
611,Lionel Messi,FW,1,9,0,0,0,0,
611,Munir El Haddadi,FW,0,70,0,1,0,0,
611,Sandro Ramírez,FW,0,11,0,0,0,0,
611,Javier Mascherano,DF,1,90,0,0,1,0,
611,Sergio Busquets,MF,1,90,0,0,0,0,
611,Ivan Rakitić,MF,1,90,0,0,0,0,
611,Adriano,DF,1,89,0,0,0,0,
611,Gerard Gumbau,MF,0,1,0,0,0,0,
611,Marc Bartra,DF,1,90,0,0,0,0,
611,Gerard Piqué,DF,1,90,0,0,0,0,
611,Sergi Roberto,DF,1,90,0,1,0,0,
611,Marc-André ter Stegen,GK,1,90,0,0,0,0,
612,Neymar,FW,1,90,0,0,1,0,
612,Luis Suárez,FW,1,90,1,0,0,0,
612,Sandro Ramírez,FW,1,63,0,0,0,0,
612,Munir El Haddadi,FW,0,27,0,1,0,0,
612,Andrés Iniesta,MF,1,60,0,0,0,0,
612,Jordi Alba,DF,0,30,0,0,1,0,
612,Sergio Busquets,MF,1,90,0,0,0,0,
612,Ivan Rakitić,MF,1,72,0,0,0,0,
612,Sergi Roberto,DF,0,18,1,0,0,0,
612,Jérémy Mathieu,DF,1,90,0,0,0,0,
612,Javier Mascherano,DF,1,90,0,0,1,0,
612,Gerard Piqué,DF,1,90,0,0,0,0,
612,Dani Alves,DF,1,90,0,0,0,0,
612,Marc-André ter Stegen,GK,1,90,0,0,0,0,
613,Neymar,FW,1,90,1,0,0,0,
613,Luis Suárez,FW,1,90,0,0,0,0,
613,Munir El Haddadi,FW,1,59,0,0,0,0,
613,Sandro Ramírez,FW,0,31,0,0,0,0,
613,Javier Mascherano,DF,1,90,0,0,0,0,
613,Sergio Busquets,MF,1,90,0,0,1,0,
613,Ivan Rakitić,MF,1,90,0,0,0,0,
613,Jordi Alba,DF,1,90,0,0,1,0,
613,Jérémy Mathieu,DF,1,59,0,0,1,0,
613,Dani Alves,DF,0,31,0,0,0,0,
613,Gerard Piqué,DF,1,90,0,0,0,0,
613,Sergi Roberto,DF,1,90,0,0,0,0,
613,Claudio Bravo,GK,1,90,0,0,0,0,
614,Neymar,FW,1,90,4,1,0,0,
614,Luis Suárez,FW,1,90,1,1,0,0,
614,Sandro Ramírez,FW,1,55,0,0,0,0,
614,Munir El Haddadi,FW,0,35,0,0,0,0,
614,Sergi Roberto,DF,1,90,0,0,0,0,
614,Sergio Busquets,MF,1,75,0,0,0,0,
614,Gerard Gumbau,MF,0,15,0,0,0,0,
614,Ivan Rakitić,MF,1,90,0,0,0,0,
614,Jordi Alba,DF,1,90,0,0,0,0,
614,Jérémy Mathieu,DF,1,90,0,0,0,0,
614,Gerard Piqué,DF,1,90,0,0,1,0,
614,Dani Alves,DF,1,77,0,0,0,0,
614,Douglas,DF,0,13,0,0,0,0,
614,Claudio Bravo,GK,1,90,0,0,0,0,
615,Neymar,FW,1,90,0,1,0,0,
615,Luis Suárez,FW,1,90,0,0,0,0,
615,Munir El Haddadi,FW,1,70,0,0,0,0,
615,Sandro Ramírez,FW,0,20,0,0,0,0,
615,Sergi Roberto,DF,1,18,0,0,0,0,
615,Ivan Rakitić,MF,0,72,2,0,0,0,
615,Javier Mascherano,DF,1,90,0,0,0,0,
615,Sergio Busquets,MF,1,73,0,0,1,0,
615,Gerard Gumbau,MF,0,17,0,0,1,0,
615,Jordi Alba,DF,1,90,0,0,0,0,
615,Marc Bartra,DF,1,90,0,0,0,0,
615,Gerard Piqué,DF,1,90,0,0,0,0,
615,Dani Alves,DF,1,90,0,0,1,0,
615,Marc-André ter Stegen,GK,1,90,0,0,0,0,
616,Neymar,FW,1,90,0,1,1,0,
616,Luis Suárez,FW,1,90,3,0,0,0,
616,Sandro Ramírez,FW,1,55,0,1,0,0,
616,Munir El Haddadi,FW,0,35,0,0,0,0,
616,Sergio Busquets,MF,1,90,0,0,0,0,
616,Javier Mascherano,DF,1,82,0,0,0,1,
616,Ivan Rakitić,MF,1,90,0,0,1,0,
616,Jordi Alba,DF,1,90,0,0,0,0,
616,Marc Bartra,DF,1,55,0,0,0,0,
616,Jérémy Mathieu,DF,0,35,0,0,0,0,
616,Gerard Piqué,DF,1,90,0,0,1,0,
616,Dani Alves,DF,1,90,0,0,0,0,
616,Claudio Bravo,GK,1,90,0,0,0,0,
618,Neymar,FW,1,90,1,0,0,0,
618,Luis Suárez,FW,1,90,1,0,0,0,
618,Munir El Haddadi,FW,1,60,0,0,0,0,
618,Andrés Iniesta,MF,0,30,0,0,0,0,
618,Ivan Rakitić,MF,1,90,0,0,0,0,
618,Sergio Busquets,MF,1,90,0,0,0,0,
618,Sergi Roberto,DF,1,75,0,1,0,0,
618,Sandro Ramírez,FW,0,15,0,0,0,0,
618,Jordi Alba,DF,1,90,0,0,0,0,
618,Jérémy Mathieu,DF,1,90,0,0,0,0,
618,Gerard Piqué,DF,1,90,0,0,0,0,
618,Dani Alves,DF,1,90,0,0,0,0,
618,Claudio Bravo,GK,1,90,0,0,0,0,
619,Andrés Iniesta,MF,1,68,0,0,0,0,
619,Marc Bartra,DF,0,22,0,0,0,0,
619,Neymar,FW,1,90,2,1,0,0,
619,Luis Suárez,FW,1,90,1,1,0,0,
619,Sergi Roberto,DF,1,90,0,0,0,0,
619,Ivan Rakitić,MF,1,20,0,0,0,0,
619,Munir El Haddadi,FW,0,70,0,0,0,0,
619,Sergio Busquets,MF,1,76,0,0,0,0,
619,Gerard Gumbau,MF,0,14,0,0,0,0,
619,Adriano,DF,1,90,0,0,0,0,
619,Thomas Vermaelen,DF,1,90,0,0,0,0,
619,Javier Mascherano,DF,1,90,0,0,0,0,
619,Dani Alves,DF,1,90,0,0,1,0,
619,Marc-André ter Stegen,GK,1,90,0,0,0,0,
620,Neymar,FW,1,90,2,0,1,0,
620,Luis Suárez,FW,1,90,1,1,1,0,
620,Munir El Haddadi,FW,1,78,0,0,0,0,
620,Sandro Ramírez,FW,0,12,0,0,0,0,
620,Andrés Iniesta,MF,1,90,0,0,1,0,
620,Sergio Busquets,MF,1,90,0,1,0,0,
620,Sergi Roberto,DF,1,90,0,0,0,0,
620,Jordi Alba,DF,1,90,0,0,0,0,
620,Jérémy Mathieu,DF,1,90,0,0,1,0,
620,Gerard Piqué,DF,1,81,0,0,1,0,
620,Marc Bartra,DF,0,9,0,0,0,0,
620,Dani Alves,DF,1,90,0,0,0,0,
620,Claudio Bravo,GK,1,90,0,0,0,0,
621,Neymar,FW,1,90,1,1,0,0,
621,Luis Suárez,FW,1,90,2,0,0,0,
621,Sergi Roberto,DF,1,90,0,1,0,0,
621,Andrés Iniesta,MF,1,76,1,1,0,0,
621,Munir El Haddadi,FW,0,14,0,0,0,0,
621,Sergio Busquets,MF,1,90,0,0,1,0,
621,Ivan Rakitić,MF,1,56,0,0,0,0,
621,Lionel Messi,FW,0,34,0,0,0,0,
621,Jordi Alba,DF,1,90,0,1,0,0,
621,Javier Mascherano,DF,1,26,0,0,0,0,
621,Jérémy Mathieu,DF,0,64,0,0,0,0,
621,Gerard Piqué,DF,1,90,0,0,0,0,
621,Dani Alves,DF,1,90,0,0,1,0,
621,Claudio Bravo,GK,1,90,0,0,0,0,
622,Neymar,FW,1,90,0,0,0,0,
622,Luis Suárez,FW,1,90,2,1,0,0,
622,Lionel Messi,FW,1,90,2,1,1,0,
622,Sergi Roberto,DF,1,64,0,0,0,0,
622,Adriano,DF,0,26,1,0,0,0,
622,Sergio Busquets,MF,1,45,0,0,0,0,
622,Sergi Samper,MF,0,45,0,0,0,0,
622,Ivan Rakitić,MF,1,90,0,0,0,0,
622,Jordi Alba,DF,1,90,0,0,0,0,
622,Thomas Vermaelen,DF,1,90,0,0,0,0,
622,Gerard Piqué,DF,1,57,1,0,1,0,
622,Marc Bartra,DF,0,33,0,0,0,0,
622,Dani Alves,DF,1,90,0,1,1,0,
622,Marc-André ter Stegen,GK,1,90,0,0,0,0,
623,Neymar,FW,1,90,2,1,0,0,
623,Luis Suárez,FW,1,90,1,0,0,0,
623,Lionel Messi,FW,1,90,1,0,0,0,
623,Andrés Iniesta,MF,1,90,0,0,0,0,
623,Sergio Busquets,MF,1,90,0,0,0,0,
623,Ivan Rakitić,MF,1,90,0,0,0,0,
623,Jérémy Mathieu,DF,1,65,0,1,0,0,
623,Jordi Alba,DF,0,25,0,0,0,0,
623,Javier Mascherano,DF,1,68,0,0,0,0,
623,Marc Bartra,DF,0,22,0,0,0,0,
623,Gerard Piqué,DF,1,90,0,0,0,0,
623,Dani Alves,DF,1,61,0,1,0,0,
623,Adriano,DF,0,29,0,0,0,0,
623,Claudio Bravo,GK,1,90,0,0,0,0,
625,Neymar,FW,1,90,0,0,0,0,
625,Luis Suárez,FW,1,90,1,0,0,0,
625,Lionel Messi,FW,1,90,0,1,0,0,
625,Andrés Iniesta,MF,1,90,0,0,0,0,
625,Sergio Busquets,MF,1,90,0,0,0,0,
625,Ivan Rakitić,MF,1,90,0,0,0,0,
625,Jordi Alba,DF,1,90,0,0,0,0,
625,Javier Mascherano,DF,1,90,0,0,1,0,
625,Gerard Piqué,DF,1,90,0,0,0,0,
625,Dani Alves,DF,1,90,0,0,0,0,
625,Claudio Bravo,GK,1,90,0,0,0,0,
626,Munir El Haddadi,FW,1,90,0,0,0,0,
626,Lionel Messi,FW,1,90,1,0,0,0,
626,Sandro Ramírez,FW,1,90,0,0,0,0,
626,Sergi Samper,MF,1,90,0,0,0,0,
626,Wilfrid Kaptoum,MF,1,62,0,0,0,0,
626,Gerard Gumbau,MF,0,28,0,0,1,0,
626,Ivan Rakitić,MF,1,90,0,1,1,0,
626,Jordi Alba,DF,1,74,0,0,0,0,
626,Juan Cámara,MF,0,16,0,0,0,0,
626,Thomas Vermaelen,DF,1,90,0,0,0,0,
626,Marc Bartra,DF,1,90,0,0,1,0,
626,Adriano,DF,1,90,0,0,0,0,
626,Marc-André ter Stegen,GK,1,90,0,0,0,0,
627,Sandro Ramírez,FW,1,67,0,0,0,0,
627,Munir El Haddadi,FW,0,23,0,0,0,0,
627,Luis Suárez,FW,1,90,0,0,0,0,
627,Lionel Messi,FW,1,90,1,1,0,0,
627,Andrés Iniesta,MF,1,90,0,0,0,0,
627,Sergio Busquets,MF,1,90,0,0,0,0,
627,Ivan Rakitić,MF,1,71,1,0,0,0,
627,Sergi Roberto,DF,0,19,0,0,0,0,
627,Jordi Alba,DF,1,76,0,0,0,0,
627,Jérémy Mathieu,DF,0,14,0,0,0,0,
627,Javier Mascherano,DF,1,90,0,0,0,0,
627,Gerard Piqué,DF,1,90,0,0,0,0,
627,Dani Alves,DF,1,90,0,0,0,0,
627,Claudio Bravo,GK,1,90,0,0,0,0,
628,Neymar,FW,1,90,0,1,0,0,
628,Luis Suárez,FW,1,90,2,0,0,0,
628,Lionel Messi,FW,1,90,1,0,0,0,
628,Sergi Roberto,DF,1,85,0,0,0,0,
628,Munir El Haddadi,FW,0,5,0,0,0,0,
628,Sergio Busquets,MF,1,56,0,1,0,0,
628,Marc Bartra,DF,0,34,0,0,0,0,
628,Ivan Rakitić,MF,1,90,0,0,0,0,
628,Jérémy Mathieu,DF,1,66,0,0,0,0,
628,Adriano,DF,0,24,0,0,0,0,
628,Thomas Vermaelen,DF,1,90,0,0,0,0,
628,Javier Mascherano,DF,1,90,0,0,0,0,
628,Dani Alves,DF,1,90,0,0,1,0,
628,Claudio Bravo,GK,1,90,0,0,0,0,
629,Neymar,FW,1,90,0,0,1,0,
629,Luis Suárez,FW,1,90,0,0,0,0,
629,Lionel Messi,FW,1,90,0,0,0,0,
629,Andrés Iniesta,MF,1,90,0,0,0,0,
629,Sergio Busquets,MF,1,90,0,0,0,0,
629,Ivan Rakitić,MF,1,70,0,0,0,0,
629,Sergi Roberto,DF,0,20,0,0,0,0,
629,Jordi Alba,DF,1,90,0,0,0,0,
629,Javier Mascherano,DF,1,90,0,0,1,0,
629,Gerard Piqué,DF,1,90,0,0,1,0,
629,Dani Alves,DF,1,90,0,0,0,0,
629,Claudio Bravo,GK,1,90,0,0,0,0,
631,Neymar,FW,1,90,1,0,0,0,
631,Luis Suárez,FW,1,90,0,2,0,0,
631,Lionel Messi,FW,1,90,3,0,0,0,
631,Arda Turan,MF,1,71,0,1,0,0,
631,Adriano,DF,0,19,0,0,0,0,
631,Ivan Rakitić,MF,1,90,0,0,0,0,
631,Sergi Roberto,DF,1,90,0,0,0,0,
631,Jordi Alba,DF,1,90,0,0,0,0,
631,Thomas Vermaelen,DF,1,90,0,0,0,0,
631,Gerard Piqué,DF,1,90,0,0,0,0,
631,Aleix Vidal,DF,1,64,0,0,1,0,
631,Dani Alves,DF,0,26,0,0,0,0,
631,Claudio Bravo,GK,1,90,0,0,0,0,
633,Neymar,FW,1,90,1,1,0,0,
633,Luis Suárez,FW,1,90,3,1,0,0,
633,Lionel Messi,FW,1,45,1,0,0,0,
633,Arda Turan,MF,0,45,0,1,0,0,
633,Andrés Iniesta,MF,1,90,0,0,0,0,
633,Sergio Busquets,MF,1,90,0,1,0,0,
633,Ivan Rakitić,MF,1,62,1,0,0,0,
633,Sergi Roberto,DF,0,28,0,0,0,0,
633,Jordi Alba,DF,1,68,0,0,0,0,
633,Marc Bartra,DF,0,22,0,0,0,0,
633,Javier Mascherano,DF,1,90,0,0,1,0,
633,Gerard Piqué,DF,1,90,0,0,1,0,
633,Aleix Vidal,DF,1,90,0,0,0,0,
633,Claudio Bravo,GK,1,90,0,0,0,0,
635,Munir El Haddadi,FW,1,55,1,0,0,0,
635,Ivan Rakitić,MF,0,35,0,0,0,0,
635,Luis Suárez,FW,1,90,0,1,0,0,
635,Lionel Messi,FW,1,90,1,0,1,0,
635,Andrés Iniesta,MF,1,90,0,0,0,0,
635,Sergio Busquets,MF,1,90,0,0,0,0,
635,Arda Turan,MF,1,90,0,0,1,0,
635,Adriano,DF,1,72,0,1,0,0,
635,Sergi Roberto,DF,0,18,0,0,0,0,
635,Thomas Vermaelen,DF,1,45,0,0,1,0,
635,Jérémy Mathieu,DF,0,45,0,0,0,0,
635,Javier Mascherano,DF,1,90,0,0,0,0,
635,Aleix Vidal,DF,1,90,0,0,0,0,
635,Claudio Bravo,GK,1,90,0,0,0,0,
637,Neymar,FW,1,90,0,0,0,0,
637,Luis Suárez,FW,1,90,1,0,0,0,
637,Lionel Messi,FW,1,90,1,0,0,0,
637,Andrés Iniesta,MF,1,90,0,0,0,0,
637,Sergio Busquets,MF,1,90,0,0,0,0,
637,Ivan Rakitić,MF,1,66,0,0,0,0,
637,Arda Turan,MF,0,24,0,0,0,0,
637,Jordi Alba,DF,1,90,0,1,0,0,
637,Javier Mascherano,DF,1,90,0,0,0,0,
637,Gerard Piqué,DF,1,90,0,0,0,0,
637,Dani Alves,DF,1,81,0,1,0,0,
637,Sergi Roberto,DF,0,9,0,0,0,0,
637,Claudio Bravo,GK,1,90,0,0,0,0,
639,Neymar,FW,1,90,0,0,0,0,
639,Luis Suárez,FW,1,90,1,0,0,0,
639,Lionel Messi,FW,1,90,0,1,0,0,
639,Andrés Iniesta,MF,1,90,0,0,0,0,
639,Sergi Roberto,DF,1,90,0,0,0,0,
639,Ivan Rakitić,MF,1,67,0,0,0,0,
639,Sergio Busquets,MF,0,23,0,0,1,0,
639,Jordi Alba,DF,1,90,0,0,0,0,
639,Javier Mascherano,DF,1,90,0,0,0,0,
639,Gerard Piqué,DF,1,90,0,0,1,0,
639,Dani Alves,DF,1,73,0,0,1,0,
639,Aleix Vidal,DF,0,17,0,0,0,0,
639,Claudio Bravo,GK,1,90,0,0,0,0,
641,Neymar,FW,1,90,1,1,0,0,
641,Luis Suárez,FW,1,90,3,2,0,0,
641,Lionel Messi,FW,1,90,1,2,0,0,
641,Andrés Iniesta,MF,1,77,0,0,0,0,
641,Arda Turan,MF,0,13,0,0,0,0,
641,Sergio Busquets,MF,1,90,0,0,0,0,
641,Sergi Roberto,DF,1,60,0,0,0,0,
641,Ivan Rakitić,MF,0,30,1,0,0,0,
641,Jordi Alba,DF,1,90,0,0,0,0,
641,Javier Mascherano,DF,1,90,0,0,0,0,
641,Gerard Piqué,DF,1,90,0,0,0,0,
641,Dani Alves,DF,1,60,0,0,0,0,
641,Aleix Vidal,DF,0,30,0,0,0,0,
641,Claudio Bravo,GK,1,90,0,0,0,0,
642,Neymar,FW,1,90,0,0,0,0,
642,Luis Suárez,FW,1,90,1,2,0,0,
642,Lionel Messi,FW,1,90,2,0,0,0,
642,Arda Turan,MF,1,90,0,0,0,0,
642,Sergio Busquets,MF,1,79,0,0,1,0,
642,Javier Mascherano,DF,0,11,0,0,0,0,
642,Ivan Rakitić,MF,1,90,0,0,0,0,
642,Adriano,DF,1,90,0,0,0,0,
642,Jérémy Mathieu,DF,1,90,0,0,0,0,
642,Gerard Piqué,DF,1,80,0,0,0,0,
642,Marc Bartra,DF,0,10,0,0,0,0,
642,Aleix Vidal,DF,1,90,0,1,0,0,
642,Claudio Bravo,GK,1,90,0,0,0,0,
643,Neymar,FW,1,90,1,0,0,0,
643,Luis Suárez,FW,1,90,1,0,0,0,
643,Lionel Messi,FW,1,90,0,0,0,0,
643,Andrés Iniesta,MF,1,90,0,0,0,0,
643,Sergi Roberto,DF,1,69,0,0,0,0,
643,Thomas Vermaelen,DF,0,21,0,0,0,0,
643,Arda Turan,MF,1,45,0,0,1,0,
643,Ivan Rakitić,MF,0,45,0,0,0,0,
643,Jordi Alba,DF,1,90,0,1,0,0,
643,Jérémy Mathieu,DF,1,90,0,0,0,0,
643,Javier Mascherano,DF,1,90,0,0,0,0,
643,Dani Alves,DF,1,90,0,0,1,0,
643,Claudio Bravo,GK,1,90,0,0,0,0,
644,Neymar,FW,1,90,0,1,0,0,
644,Luis Suárez,FW,1,90,0,0,0,0,
644,Lionel Messi,FW,1,90,2,0,0,0,
644,Andrés Iniesta,MF,1,90,0,0,0,0,
644,Sergio Busquets,MF,1,90,0,0,0,0,
644,Ivan Rakitić,MF,1,90,0,0,0,0,
644,Jordi Alba,DF,1,90,0,0,0,0,
644,Javier Mascherano,DF,1,90,0,0,0,0,
644,Gerard Piqué,DF,1,90,0,0,1,0,
644,Dani Alves,DF,1,90,0,0,0,0,
644,Marc-André ter Stegen,GK,1,90,0,0,0,0,
645,Neymar,FW,1,90,0,0,0,0,
645,Luis Suárez,FW,1,90,0,1,0,0,
645,Lionel Messi,FW,1,90,1,0,0,0,
645,Arda Turan,MF,1,63,0,0,0,0,
645,Andrés Iniesta,MF,0,27,0,0,0,0,
645,Sergio Busquets,MF,1,90,0,0,0,0,
645,Sergi Roberto,DF,1,74,0,0,1,0,
645,Ivan Rakitić,MF,0,16,0,0,0,0,
645,Jordi Alba,DF,1,90,0,0,0,0,
645,Jérémy Mathieu,DF,1,90,0,0,0,0,
645,Gerard Piqué,DF,1,90,1,0,1,0,
645,Aleix Vidal,DF,1,54,0,0,0,0,
645,Dani Alves,DF,0,36,0,0,1,0,
645,Claudio Bravo,GK,1,90,0,0,0,0,
646,Neymar,FW,1,90,0,1,1,0,
646,Luis Suárez,FW,1,90,0,0,0,0,
646,Lionel Messi,FW,1,90,3,0,0,0,
646,Andrés Iniesta,MF,1,90,0,0,0,0,
646,Sergio Busquets,MF,1,76,0,1,0,0,
646,Thomas Vermaelen,DF,0,14,0,0,0,0,
646,Ivan Rakitić,MF,1,65,1,0,0,0,
646,Arda Turan,MF,0,25,1,0,1,0,
646,Jérémy Mathieu,DF,1,90,0,1,0,0,
646,Javier Mascherano,DF,1,90,0,0,0,0,
646,Gerard Piqué,DF,1,90,0,0,0,0,
646,Sergi Roberto,DF,1,71,0,0,0,0,
646,Aleix Vidal,DF,0,19,0,0,0,0,
646,Claudio Bravo,GK,1,90,0,0,0,0,
647,Munir El Haddadi,FW,1,90,1,1,0,0,
647,Luis Suárez,FW,1,90,1,1,1,0,
647,Lionel Messi,FW,1,90,2,0,0,0,
647,Arda Turan,MF,1,79,0,0,0,0,
647,Sergi Roberto,DF,0,11,0,1,0,0,
647,Sergio Busquets,MF,1,79,0,0,0,0,
647,Thomas Vermaelen,DF,0,11,0,0,0,0,
647,Ivan Rakitić,MF,1,90,0,0,0,0,
647,Jordi Alba,DF,1,90,0,0,0,0,
647,Gerard Piqué,DF,1,79,0,0,0,0,
647,Marc Bartra,DF,0,11,0,0,0,0,
647,Javier Mascherano,DF,1,90,0,0,1,0,
647,Dani Alves,DF,1,90,0,0,0,0,
647,Claudio Bravo,GK,1,90,0,0,0,0,
648,Neymar,FW,1,90,2,0,0,0,
648,Munir El Haddadi,FW,1,90,1,0,0,0,
648,Lionel Messi,FW,1,90,1,1,0,0,
648,Andrés Iniesta,MF,1,60,0,0,0,0,
648,Sergi Samper,MF,0,30,0,0,0,0,
648,Sergi Roberto,DF,1,90,0,0,0,0,
648,Arda Turan,MF,1,90,1,1,0,0,
648,Jordi Alba,DF,1,90,0,0,0,0,
648,Jérémy Mathieu,DF,1,60,0,0,0,0,
648,Thomas Vermaelen,DF,0,30,0,0,0,0,
648,Gerard Piqué,DF,1,68,0,1,0,0,
648,Marc Bartra,DF,0,22,0,0,0,0,
648,Aleix Vidal,DF,1,90,0,0,0,0,
648,Claudio Bravo,GK,1,90,0,0,0,0,
649,Neymar,FW,1,90,1,0,0,0,
649,Luis Suárez,FW,1,90,1,1,0,0,
649,Lionel Messi,FW,1,90,1,0,0,0,
649,Andrés Iniesta,MF,1,72,0,0,0,0,
649,Sergi Roberto,DF,0,18,0,0,0,0,
649,Sergio Busquets,MF,1,90,0,0,0,0,
649,Ivan Rakitić,MF,1,77,0,0,0,0,
649,Arda Turan,MF,0,13,0,0,1,0,
649,Jordi Alba,DF,1,90,0,0,0,0,
649,Jérémy Mathieu,DF,1,90,0,0,0,0,
649,Javier Mascherano,DF,1,90,0,0,0,0,
649,Dani Alves,DF,1,90,0,1,0,0,
649,Marc-André ter Stegen,GK,1,90,0,0,0,0,
650,Neymar,FW,1,90,1,0,0,0,
650,Luis Suárez,FW,1,90,0,0,0,0,
650,Lionel Messi,FW,1,90,0,0,0,0,
650,Arda Turan,MF,1,56,0,0,1,0,
650,Dani Alves,DF,0,34,0,0,0,0,
650,Sergio Busquets,MF,1,90,0,0,0,0,
650,Ivan Rakitić,MF,1,90,1,0,0,0,
650,Jordi Alba,DF,1,90,0,0,1,0,
650,Javier Mascherano,DF,1,90,0,0,1,0,
650,Gerard Piqué,DF,1,54,0,0,1,0,
650,Jérémy Mathieu,DF,0,36,0,0,0,0,
650,Sergi Roberto,DF,1,90,0,0,0,0,
650,Claudio Bravo,GK,1,90,0,0,0,0,
651,Neymar,FW,1,90,0,0,0,0,
651,Luis Suárez,FW,1,90,0,0,1,0,
651,Lionel Messi,FW,1,90,0,0,0,0,
651,Andrés Iniesta,MF,1,90,0,0,0,0,
651,Sergio Busquets,MF,1,90,0,0,0,0,
651,Ivan Rakitić,MF,1,73,0,1,1,0,
651,Arda Turan,MF,0,17,0,0,0,0,
651,Jordi Alba,DF,1,90,0,0,0,0,
651,Javier Mascherano,DF,1,90,0,0,1,0,
651,Gerard Piqué,DF,1,90,1,0,0,0,
651,Dani Alves,DF,1,90,0,0,0,0,
651,Claudio Bravo,GK,1,90,0,0,0,0,
652,Neymar,FW,1,90,0,0,0,0,
652,Luis Suárez,FW,1,90,2,0,1,0,
652,Lionel Messi,FW,1,90,0,0,0,0,
652,Andrés Iniesta,MF,1,83,0,0,0,0,
652,Arda Turan,MF,0,7,0,0,0,0,
652,Sergio Busquets,MF,1,80,0,0,1,0,
652,Sergi Roberto,DF,0,10,0,0,0,0,
652,Ivan Rakitić,MF,1,64,0,0,0,0,
652,Rafinha,MF,0,26,0,0,0,0,
652,Jordi Alba,DF,1,90,0,1,0,0,
652,Javier Mascherano,DF,1,90,0,0,1,0,
652,Gerard Piqué,DF,1,90,0,0,0,0,
652,Dani Alves,DF,1,90,0,1,0,0,
652,Marc-André ter Stegen,GK,1,90,0,0,0,0,
653,Neymar,FW,1,90,0,0,0,0,
653,Munir El Haddadi,FW,1,90,0,0,0,0,
653,Lionel Messi,FW,1,90,0,0,0,0,
653,Rafinha,MF,1,45,0,0,0,0,
653,Andrés Iniesta,MF,0,45,0,0,0,0,
653,Sergio Busquets,MF,1,90,0,0,0,0,
653,Arda Turan,MF,1,58,0,0,1,0,
653,Jordi Alba,DF,0,32,0,0,0,0,
653,Sergi Roberto,DF,1,72,0,0,0,0,
653,Ivan Rakitić,MF,0,18,0,0,0,0,
653,Javier Mascherano,DF,1,90,0,0,1,0,
653,Gerard Piqué,DF,1,90,0,0,1,0,
653,Dani Alves,DF,1,90,0,0,0,0,
653,Claudio Bravo,GK,1,90,0,0,0,0,
654,Lionel Messi,FW,1,90,0,0,0,0,
654,Luis Suárez,FW,1,90,0,0,1,0,
654,Neymar,FW,1,90,0,0,1,0,
654,Ivan Rakitić,MF,1,64,0,0,0,0,
654,Arda Turan,MF,0,26,0,0,1,0,
654,Sergio Busquets,MF,1,90,0,0,0,0,
654,Andrés Iniesta,MF,1,90,0,0,1,0,
654,Dani Alves,DF,1,64,0,0,0,0,
654,Sergi Roberto,DF,0,26,0,0,0,0,
654,Gerard Piqué,DF,1,90,0,0,0,0,
654,Javier Mascherano,DF,1,90,0,0,0,0,
654,Jordi Alba,DF,1,90,0,0,0,0,
654,Marc-André ter Stegen,GK,1,90,0,0,0,0,
655,Neymar,FW,1,90,0,0,1,0,
655,Luis Suárez,FW,1,90,0,0,1,0,
655,Lionel Messi,FW,1,90,1,0,0,0,
655,Andrés Iniesta,MF,1,90,0,0,0,0,
655,Sergio Busquets,MF,1,90,0,0,0,0,
655,Ivan Rakitić,MF,1,90,0,0,0,0,
655,Jordi Alba,DF,1,90,0,1,0,0,
655,Javier Mascherano,DF,1,90,0,0,0,0,
655,Gerard Piqué,DF,1,90,0,0,1,0,
655,Sergi Roberto,DF,1,90,0,0,0,0,
655,Claudio Bravo,GK,1,90,0,0,0,0,
656,Neymar,FW,1,90,1,0,0,0,
656,Luis Suárez,FW,1,90,4,3,0,0,
656,Lionel Messi,FW,1,90,1,2,0,0,
656,Andrés Iniesta,MF,1,58,0,0,0,0,
656,Sergi Roberto,DF,0,32,0,0,0,0,
656,Sergio Busquets,MF,1,71,0,0,0,0,
656,Rafinha,MF,0,19,0,0,0,0,
656,Ivan Rakitić,MF,1,90,1,1,0,0,
656,Jordi Alba,DF,1,69,0,0,0,0,
656,Adriano,DF,0,21,0,0,0,0,
656,Javier Mascherano,DF,1,90,0,0,0,0,
656,Marc Bartra,DF,1,90,1,0,0,0,
656,Dani Alves,DF,1,90,0,0,0,0,
656,Claudio Bravo,GK,1,90,0,0,0,0,
657,Neymar,FW,1,90,1,0,0,0,
657,Luis Suárez,FW,1,90,4,0,0,0,
657,Lionel Messi,FW,1,90,1,1,0,0,
657,Andrés Iniesta,MF,1,90,0,1,0,0,
657,Sergio Busquets,MF,1,90,0,0,0,0,
657,Ivan Rakitić,MF,1,74,0,0,0,0,
657,Arda Turan,MF,0,16,0,0,0,0,
657,Jordi Alba,DF,1,90,0,0,0,0,
657,Javier Mascherano,DF,1,90,0,0,0,0,
657,Gerard Piqué,DF,1,65,0,0,0,0,
657,Marc Bartra,DF,0,25,0,0,0,0,
657,Sergi Roberto,DF,1,45,0,0,0,0,
657,Dani Alves,DF,0,45,0,0,0,0,
657,Claudio Bravo,GK,1,90,0,0,0,0,
658,Neymar,FW,1,90,0,0,0,0,
658,Luis Suárez,FW,1,90,1,0,0,0,
658,Lionel Messi,FW,1,90,0,2,1,0,
658,Andrés Iniesta,MF,1,90,0,0,0,0,
658,Sergio Busquets,MF,1,90,0,0,0,0,
658,Ivan Rakitić,MF,1,85,1,0,0,0,
658,Arda Turan,MF,0,5,0,0,0,0,
658,Jordi Alba,DF,1,90,0,0,0,0,
658,Javier Mascherano,DF,1,90,0,0,0,0,
658,Gerard Piqué,DF,1,90,0,0,1,0,
658,Dani Alves,DF,1,73,0,0,1,0,
658,Sergi Roberto,DF,0,17,0,0,0,0,
658,Claudio Bravo,GK,1,87,0,0,0,0,
658,Marc-André ter Stegen,GK,0,3,0,0,0,0,
659,Neymar,FW,1,90,1,1,0,0,
659,Luis Suárez,FW,1,90,2,1,1,0,
659,Lionel Messi,FW,1,90,1,1,1,0,
659,Andrés Iniesta,MF,1,72,0,0,0,0,
659,Arda Turan,MF,0,18,0,0,0,0,
659,Sergio Busquets,MF,1,90,0,0,0,0,
659,Ivan Rakitić,MF,1,72,0,0,0,0,
659,Rafinha,MF,0,18,1,0,0,0,
659,Jordi Alba,DF,1,69,0,0,0,0,
659,Jérémy Mathieu,DF,0,21,0,0,0,0,
659,Javier Mascherano,DF,1,90,0,0,1,0,
659,Gerard Piqué,DF,1,90,0,0,0,0,
659,Dani Alves,DF,1,90,0,0,0,0,
659,Marc-André ter Stegen,GK,1,90,0,0,0,0,
660,Neymar,FW,1,90,0,1,0,0,
660,Luis Suárez,FW,1,90,3,0,0,0,
660,Lionel Messi,FW,1,90,0,0,0,0,
660,Andrés Iniesta,MF,1,90,0,0,0,0,
660,Sergio Busquets,MF,1,87,0,0,1,0,
660,Sergi Roberto,DF,0,3,0,0,0,0,
660,Ivan Rakitić,MF,1,78,0,0,0,0,
660,Arda Turan,MF,0,12,0,0,0,0,
660,Jordi Alba,DF,1,90,0,1,0,0,
660,Javier Mascherano,DF,1,74,0,0,0,0,
660,Jérémy Mathieu,DF,0,16,0,0,0,0,
660,Gerard Piqué,DF,1,90,0,0,1,0,
660,Dani Alves,DF,1,90,0,1,0,0,
660,Marc-André ter Stegen,GK,1,90,0,0,0,0,
662,Arda Turan,MF,1,76,0,1,0,0,
662,Munir El Haddadi,FW,0,14,1,0,0,0,
662,Luis Suárez,FW,1,90,1,0,1,0,
662,Lionel Messi,FW,1,90,0,1,0,0,
662,Andrés Iniesta,MF,1,35,0,0,0,0,
662,Denis Suárez,MF,0,55,0,0,0,0,
662,Sergio Busquets,MF,1,90,0,0,1,0,
662,Ivan Rakitić,MF,1,90,0,0,0,0,
662,Jérémy Mathieu,DF,1,26,0,0,0,0,
662,Lucas Digne,DF,0,64,0,0,0,0,
662,Javier Mascherano,DF,1,90,0,0,0,0,
662,Gerard Piqué,DF,1,90,0,0,0,0,
662,Sergi Roberto,DF,1,90,0,0,0,0,
662,Claudio Bravo,GK,1,90,0,0,0,0,
663,Arda Turan,MF,1,90,2,0,0,0,
663,Munir El Haddadi,FW,1,90,0,0,0,0,
663,Lionel Messi,FW,1,90,1,1,0,0,
663,Denis Suárez,MF,1,72,0,0,0,0,
663,Ivan Rakitić,MF,0,18,0,0,0,0,
663,Sergio Busquets,MF,1,73,0,0,0,0,
663,Sergi Samper,MF,0,17,0,0,0,0,
663,André Gomes,MF,1,90,0,0,0,0,
663,Lucas Digne,DF,1,60,0,1,0,0,
663,Jordi Alba,DF,0,30,0,0,0,0,
663,Javier Mascherano,DF,1,90,0,0,0,0,
663,Samuel Umtiti,DF,1,90,0,0,1,0,
663,Aleix Vidal,DF,1,90,0,0,0,0,
663,Claudio Bravo,GK,1,90,0,0,0,0,
664,Arda Turan,MF,1,90,1,1,0,0,
664,Luis Suárez,FW,1,90,3,0,1,0,
664,Lionel Messi,FW,1,90,2,1,0,0,
664,Denis Suárez,MF,1,69,0,0,0,0,
664,Munir El Haddadi,FW,0,21,0,0,0,0,
664,Sergio Busquets,MF,1,90,0,0,0,0,
664,Ivan Rakitić,MF,1,90,0,0,0,0,
664,Jordi Alba,DF,1,75,0,1,0,0,
664,Lucas Digne,DF,0,15,0,0,0,0,
664,Samuel Umtiti,DF,1,90,0,0,0,0,
664,Gerard Piqué,DF,1,90,0,0,0,0,
664,Sergi Roberto,DF,1,90,0,1,0,0,
664,Claudio Bravo,GK,1,90,0,0,0,0,
665,Arda Turan,MF,1,83,0,1,0,0,
665,Rafinha,MF,0,7,0,0,0,0,
665,Luis Suárez,FW,1,90,0,0,1,0,
665,Lionel Messi,FW,1,90,0,0,0,0,
665,Denis Suárez,MF,1,70,0,0,0,0,
665,André Gomes,MF,0,20,0,0,0,0,
665,Sergio Busquets,MF,1,90,0,0,1,0,
665,Ivan Rakitić,MF,1,90,1,0,0,0,
665,Jordi Alba,DF,1,90,0,0,0,0,
665,Samuel Umtiti,DF,1,70,0,0,1,0,
665,Javier Mascherano,DF,0,20,0,0,0,0,
665,Gerard Piqué,DF,1,90,0,0,0,0,
665,Sergi Roberto,DF,1,90,0,0,1,0,
665,Marc-André ter Stegen,GK,1,90,0,0,0,0,
666,Neymar,FW,1,90,0,1,0,0,
666,Paco Alcácer,FW,1,65,0,0,0,0,
666,Luis Suárez,FW,0,25,0,0,0,0,
666,Arda Turan,MF,1,63,0,0,0,0,
666,Andrés Iniesta,MF,0,27,0,0,0,0,
666,Denis Suárez,MF,1,59,0,0,0,0,
666,Lionel Messi,FW,0,31,0,0,0,0,
666,Sergio Busquets,MF,1,90,0,0,0,0,
666,Ivan Rakitić,MF,1,90,0,0,0,0,
666,Lucas Digne,DF,1,90,0,0,0,0,
666,Jérémy Mathieu,DF,1,90,1,0,0,0,
666,Javier Mascherano,DF,1,90,0,0,1,0,
666,Aleix Vidal,DF,1,90,0,0,0,0,
666,Jasper Cillessen,GK,1,90,0,0,0,0,
667,Neymar,FW,1,90,1,4,0,0,
667,Luis Suárez,FW,1,90,2,1,0,0,
667,Lionel Messi,FW,1,90,3,1,0,0,
667,André Gomes,MF,1,90,0,0,0,0,
667,Sergio Busquets,MF,1,61,0,0,0,0,
667,Rafinha,MF,0,29,0,0,0,0,
667,Ivan Rakitić,MF,1,45,0,0,1,0,
667,Andrés Iniesta,MF,0,45,1,0,0,0,
667,Jordi Alba,DF,1,90,0,0,0,0,
667,Samuel Umtiti,DF,1,90,0,0,0,0,
667,Gerard Piqué,DF,1,90,0,0,0,0,
667,Sergi Roberto,DF,1,90,0,0,0,0,
667,Marc-André ter Stegen,GK,1,90,0,0,1,0,
668,Luis Suárez,FW,1,55,1,1,0,0,
668,Paco Alcácer,FW,0,35,0,0,0,0,
668,Neymar,FW,1,90,1,0,1,0,
668,Lionel Messi,FW,1,90,2,1,0,0,
668,Jordi Alba,DF,1,90,0,0,0,0,
668,Andrés Iniesta,MF,1,64,0,0,0,0,
668,Denis Suárez,MF,0,26,0,0,0,0,
668,Ivan Rakitić,MF,1,56,0,0,1,0,
668,Arda Turan,MF,0,34,0,0,0,0,
668,Rafinha,MF,1,90,1,0,0,0,
668,Samuel Umtiti,DF,1,90,0,0,0,0,
668,Gerard Piqué,DF,1,90,0,0,0,0,
668,Javier Mascherano,DF,1,90,0,0,0,0,
668,Marc-André ter Stegen,GK,1,90,0,0,0,0,
669,Neymar,FW,1,90,0,0,0,0,
669,Luis Suárez,FW,1,90,0,0,1,0,
669,Lionel Messi,FW,1,58,0,0,0,0,
669,Arda Turan,MF,0,32,0,0,0,0,
669,Andrés Iniesta,MF,1,90,0,1,0,0,
669,Sergio Busquets,MF,1,50,0,0,0,0,
669,André Gomes,MF,0,40,0,0,0,0,
669,Ivan Rakitić,MF,1,90,1,0,0,0,
669,Jordi Alba,DF,1,90,0,0,1,0,
669,Javier Mascherano,DF,1,90,0,0,0,0,
669,Gerard Piqué,DF,1,90,0,0,0,0,
669,Sergi Roberto,DF,1,90,0,0,0,0,
669,Marc-André ter Stegen,GK,1,90,0,0,0,0,
670,Neymar,FW,1,90,2,0,0,0,
670,Luis Suárez,FW,1,71,1,0,0,0,
670,Paco Alcácer,FW,0,19,0,0,0,0,
670,Arda Turan,MF,1,90,1,1,0,0,
670,Rafinha,MF,1,90,1,0,0,0,
670,Sergio Busquets,MF,1,68,0,0,0,0,
670,Denis Suárez,MF,0,22,0,1,0,0,
670,André Gomes,MF,1,90,0,0,0,0,
670,Lucas Digne,DF,1,90,0,0,0,0,
670,Jérémy Mathieu,DF,1,90,0,0,0,0,
670,Gerard Piqué,DF,1,90,0,0,0,0,
670,Sergi Roberto,DF,1,90,0,2,0,0,
670,Marc-André ter Stegen,GK,1,90,0,0,0,0,
671,Luis Suárez,FW,1,90,0,1,0,0,
671,Neymar,FW,1,90,0,1,1,0,
671,Paco Alcácer,FW,1,54,0,0,0,0,
671,Rafinha,MF,0,36,0,0,0,0,
671,Andrés Iniesta,MF,1,90,0,0,0,0,
671,Ivan Rakitić,MF,1,60,0,0,0,0,
671,Arda Turan,MF,0,30,1,0,0,0,
671,Sergio Busquets,MF,1,90,0,0,0,0,
671,Jordi Alba,DF,1,90,0,0,0,0,
671,Javier Mascherano,DF,1,90,0,0,1,0,
671,Gerard Piqué,DF,1,90,1,0,1,0,
671,Sergi Roberto,DF,1,90,0,0,0,0,
671,Marc-André ter Stegen,GK,1,90,0,0,0,0,
672,Neymar,FW,1,90,1,0,0,0,
672,Luis Suárez,FW,1,90,0,0,1,0,
672,Rafinha,MF,1,45,0,0,0,0,
672,Andrés Iniesta,MF,0,45,0,1,0,0,
672,Arda Turan,MF,1,90,0,0,0,0,
672,Sergio Busquets,MF,1,75,0,0,1,0,
672,Denis Suárez,MF,0,15,0,1,0,0,
672,André Gomes,MF,1,90,0,0,0,0,
672,Jordi Alba,DF,1,80,0,0,0,0,
672,Paco Alcácer,FW,0,10,0,0,0,0,
672,Jérémy Mathieu,DF,1,90,0,0,0,0,
672,Gerard Piqué,DF,1,90,2,0,1,0,
672,Sergi Roberto,DF,1,90,0,0,0,0,
672,Marc-André ter Stegen,GK,1,90,0,0,0,0,
673,Neymar,FW,1,90,0,2,0,0,
673,Luis Suárez,FW,1,45,1,1,0,0,
673,Paco Alcácer,FW,0,45,0,0,0,0,
673,Arda Turan,MF,1,90,0,0,0,0,
673,Rafinha,MF,1,67,2,0,0,0,
673,Denis Suárez,MF,0,23,0,0,0,0,
673,Sergio Busquets,MF,1,54,0,0,0,0,
673,Lionel Messi,FW,0,36,1,0,1,0,
673,Ivan Rakitić,MF,1,90,0,0,0,0,
673,Jérémy Mathieu,DF,1,90,0,0,0,0,
673,Javier Mascherano,DF,1,90,0,0,0,0,
673,Gerard Piqué,DF,1,90,0,0,0,0,
673,Lucas Digne,DF,1,90,0,0,0,0,
673,Marc-André ter Stegen,GK,1,90,0,0,0,0,
674,Neymar,FW,1,90,1,0,0,0,
674,Lionel Messi,FW,1,90,3,1,0,0,
674,Luis Suárez,FW,1,90,0,1,0,0,
674,Andrés Iniesta,MF,1,80,0,2,0,0,
674,André Gomes,MF,0,10,0,0,0,0,
674,Sergio Busquets,MF,1,90,0,0,0,0,
674,Ivan Rakitić,MF,1,90,0,0,0,0,
674,Jordi Alba,DF,1,10,0,0,0,0,
674,Lucas Digne,DF,0,80,0,0,0,0,
674,Samuel Umtiti,DF,1,90,0,0,0,0,
674,Gerard Piqué,DF,1,39,0,0,0,0,
674,Jérémy Mathieu,DF,0,33,0,0,2,1,
674,Javier Mascherano,DF,1,90,0,0,0,0,
674,Marc-André ter Stegen,GK,1,90,0,0,0,0,
675,Neymar,FW,1,90,0,0,1,0,
675,Luis Suárez,FW,1,90,1,0,0,0,
675,Lionel Messi,FW,1,90,2,0,1,0,
675,Andrés Iniesta,MF,1,13,0,0,0,0,
675,Ivan Rakitić,MF,0,77,0,1,0,0,
675,Sergio Busquets,MF,1,90,0,0,1,0,
675,André Gomes,MF,1,70,0,0,0,0,
675,Denis Suárez,MF,0,20,0,0,0,0,
675,Lucas Digne,DF,1,90,0,0,1,0,
675,Samuel Umtiti,DF,1,90,0,0,0,0,
675,Javier Mascherano,DF,1,90,0,0,0,0,
675,Sergi Roberto,DF,1,90,0,0,0,0,
675,Marc-André ter Stegen,GK,1,90,0,0,0,0,
676,Neymar,FW,1,90,0,0,1,0,
676,Luis Suárez,FW,1,82,0,0,0,0,
676,Paco Alcácer,FW,0,8,0,0,0,0,
676,Lionel Messi,FW,1,90,0,0,0,0,
676,Denis Suárez,MF,1,70,0,0,0,0,
676,André Gomes,MF,0,20,0,0,0,0,
676,Ivan Rakitić,MF,1,90,0,0,0,0,
676,Rafinha,MF,1,90,1,0,0,0,
676,Lucas Digne,DF,1,90,0,0,0,0,
676,Samuel Umtiti,DF,1,90,0,0,0,0,
676,Javier Mascherano,DF,1,90,0,0,0,0,
676,Sergi Roberto,DF,1,90,0,0,0,0,
676,Marc-André ter Stegen,GK,1,90,0,0,0,0,
677,Neymar,FW,1,90,0,1,1,0,
677,Luis Suárez,FW,1,90,0,0,0,0,
677,Lionel Messi,FW,1,90,1,0,0,0,
677,André Gomes,MF,1,76,0,0,0,0,
677,Rafinha,MF,0,14,0,0,0,0,
677,Sergio Busquets,MF,1,90,0,0,1,0,
677,Ivan Rakitić,MF,1,61,0,0,1,0,
677,Arda Turan,MF,0,29,0,0,0,0,
677,Lucas Digne,DF,1,90,0,0,0,0,
677,Samuel Umtiti,DF,1,90,0,0,0,0,
677,Javier Mascherano,DF,1,90,0,0,0,0,
677,Sergi Roberto,DF,1,90,0,0,0,0,
677,Marc-André ter Stegen,GK,1,90,0,0,0,0,
678,Neymar,FW,1,90,0,1,1,0,
678,Luis Suárez,FW,1,90,1,0,1,0,
678,Lionel Messi,FW,1,90,1,1,1,0,
678,Ivan Rakitić,MF,1,72,0,0,0,0,
678,André Gomes,MF,0,18,0,0,0,0,
678,Sergio Busquets,MF,1,90,0,0,0,0,
678,Denis Suárez,MF,1,85,0,0,0,0,
678,Rafinha,MF,0,5,0,0,0,0,
678,Lucas Digne,DF,1,90,0,0,1,0,
678,Samuel Umtiti,DF,1,90,0,0,0,0,
678,Javier Mascherano,DF,1,90,0,0,1,0,
678,Sergi Roberto,DF,1,90,0,0,1,0,
678,Marc-André ter Stegen,GK,1,90,0,0,0,0,
679,Neymar,FW,1,90,0,0,0,0,
679,Paco Alcácer,FW,1,90,0,0,0,0,
679,Arda Turan,MF,1,90,0,0,0,0,
679,Rafinha,MF,1,76,0,0,0,0,
679,Ivan Rakitić,MF,0,14,0,0,0,0,
679,Sergio Busquets,MF,1,90,0,0,0,0,
679,Denis Suárez,MF,1,67,0,0,0,0,
679,André Gomes,MF,0,23,0,0,0,0,
679,Lucas Digne,DF,1,61,0,0,0,0,
679,Jordi Alba,DF,0,29,0,0,0,0,
679,Javier Mascherano,DF,1,90,0,0,0,0,
679,Gerard Piqué,DF,1,90,0,0,0,0,
679,Sergi Roberto,DF,1,90,0,0,0,0,
679,Marc-André ter Stegen,GK,1,90,0,0,0,0,
680,Neymar,FW,1,77,0,1,1,0,
680,Arda Turan,MF,0,13,0,0,0,0,
680,Luis Suárez,FW,1,90,0,0,0,0,
680,Lionel Messi,FW,1,90,2,0,0,0,
680,André Gomes,MF,1,90,0,0,0,0,
680,Sergio Busquets,MF,1,90,0,0,0,0,
680,Ivan Rakitić,MF,1,90,0,0,1,0,
680,Jordi Alba,DF,1,66,0,0,1,0,
680,Lucas Digne,DF,0,24,0,0,0,0,
680,Gerard Piqué,DF,1,72,0,0,0,0,
680,Marlon,DF,0,18,0,0,0,0,
680,Javier Mascherano,DF,1,90,0,0,0,0,
680,Sergi Roberto,DF,1,90,0,0,1,0,
680,Marc-André ter Stegen,GK,1,90,0,0,0,0,
681,Neymar,FW,1,90,0,1,0,0,
681,Luis Suárez,FW,1,90,0,0,0,0,
681,Lionel Messi,FW,1,90,1,0,0,0,
681,André Gomes,MF,1,90,0,0,0,0,
681,Sergio Busquets,MF,1,90,0,0,0,0,
681,Ivan Rakitić,MF,1,45,0,0,0,0,
681,Denis Suárez,MF,0,45,0,0,1,0,
681,Jordi Alba,DF,1,90,0,0,1,0,
681,Javier Mascherano,DF,1,90,0,0,1,0,
681,Gerard Piqué,DF,1,90,0,0,0,0,
681,Sergi Roberto,DF,1,90,0,0,0,0,
681,Marc-André ter Stegen,GK,1,90,0,0,1,0,
683,Neymar,FW,1,86,0,1,1,0,
683,Denis Suárez,MF,0,4,0,0,0,0,
683,Luis Suárez,FW,1,90,1,0,1,0,
683,Lionel Messi,FW,1,90,0,0,0,0,
683,André Gomes,MF,1,77,0,0,0,0,
683,Arda Turan,MF,0,13,0,0,0,0,
683,Sergio Busquets,MF,1,90,0,0,1,0,
683,Ivan Rakitić,MF,1,59,0,0,0,0,
683,Andrés Iniesta,MF,0,31,0,0,0,0,
683,Jordi Alba,DF,1,90,0,0,0,0,
683,Javier Mascherano,DF,1,90,0,0,1,0,
683,Gerard Piqué,DF,1,90,0,0,0,0,
683,Sergi Roberto,DF,1,90,0,0,0,0,
683,Marc-André ter Stegen,GK,1,90,0,0,0,0,
684,Arda Turan,MF,1,74,3,1,0,0,
684,Marc Cardona,FW,0,16,0,0,0,0,
684,Paco Alcácer,FW,1,90,0,1,0,0,
684,Lionel Messi,FW,1,90,1,0,0,0,
684,Andrés Iniesta,MF,1,61,0,0,0,0,
684,Rafinha,MF,0,29,0,0,0,0,
684,André Gomes,MF,1,90,0,0,0,0,
684,Denis Suárez,MF,1,90,0,1,0,0,
684,Lucas Digne,DF,1,90,0,0,0,0,
684,Samuel Umtiti,DF,1,90,0,0,0,0,
684,Javier Mascherano,DF,1,90,0,0,0,0,
684,Aleix Vidal,DF,1,90,0,1,0,0,
684,Jasper Cillessen,GK,1,90,0,0,0,0,
685,Arda Turan,MF,1,64,0,0,0,0,
685,Denis Suárez,MF,0,26,0,0,0,0,
685,Luis Suárez,FW,1,90,1,0,0,0,
685,Lionel Messi,FW,1,90,2,0,0,0,
685,Andrés Iniesta,MF,1,90,0,0,0,0,
685,Sergio Busquets,MF,1,90,0,1,0,0,
685,André Gomes,MF,1,76,0,0,0,0,
685,Rafinha,MF,0,14,0,0,0,0,
685,Jordi Alba,DF,1,90,0,2,0,0,
685,Samuel Umtiti,DF,1,90,0,0,0,0,
685,Gerard Piqué,DF,1,90,0,0,0,0,
685,Sergi Roberto,DF,1,90,0,0,0,0,
685,Marc-André ter Stegen,GK,1,90,0,0,0,0,
686,Neymar,FW,1,90,0,0,0,0,
686,Luis Suárez,FW,1,90,2,1,0,0,
686,Lionel Messi,FW,1,90,1,0,0,0,
686,Andrés Iniesta,MF,1,90,0,1,0,0,
686,Sergio Busquets,MF,1,76,0,0,0,0,
686,Samuel Umtiti,DF,0,14,0,0,0,0,
686,Denis Suárez,MF,1,65,0,0,0,0,
686,Rafinha,MF,0,25,0,0,0,0,
686,Jordi Alba,DF,1,90,1,0,0,0,
686,Javier Mascherano,DF,1,90,0,0,0,0,
686,Gerard Piqué,DF,1,90,0,0,0,0,
686,Sergi Roberto,DF,1,90,0,0,0,0,
686,Marc-André ter Stegen,GK,1,90,0,0,0,0,
689,Lionel Messi,FW,1,90,1,0,0,0,
689,Luis Suárez,FW,1,90,0,0,0,0,
689,Neymar,FW,1,90,0,0,0,0,
689,Andrés Iniesta,MF,1,90,0,0,0,0,
689,Sergio Busquets,MF,1,90,0,0,0,0,
689,André Gomes,MF,1,66,0,0,0,0,
689,Denis Suárez,MF,0,24,0,0,0,0,
689,Lucas Digne,DF,1,69,0,0,0,0,
689,Arda Turan,MF,0,21,0,0,0,0,
689,Javier Mascherano,DF,1,90,0,0,0,0,
689,Gerard Piqué,DF,1,90,0,0,1,0,
689,Sergi Roberto,DF,1,90,0,0,1,0,
689,Marc-André ter Stegen,GK,1,90,0,0,0,0,
691,Arda Turan,MF,1,90,1,0,0,0,
691,Luis Suárez,FW,1,67,2,0,0,0,
691,Paco Alcácer,FW,0,23,0,1,0,0,
691,Lionel Messi,FW,1,90,1,0,0,0,
691,Rafinha,MF,1,90,0,1,1,0,
691,Sergio Busquets,MF,1,72,0,0,0,0,
691,Jérémy Mathieu,DF,0,18,0,0,0,0,
691,André Gomes,MF,1,61,0,1,1,0,
691,Ivan Rakitić,MF,0,29,0,0,0,0,
691,Jordi Alba,DF,1,90,0,0,0,0,
691,Samuel Umtiti,DF,1,90,0,0,0,0,
691,Javier Mascherano,DF,1,90,0,0,1,0,
691,Aleix Vidal,DF,1,90,1,0,0,0,
691,Marc-André ter Stegen,GK,1,90,0,0,0,0,
693,Neymar,FW,1,90,1,0,0,0,
693,Luis Suárez,FW,1,75,1,1,0,0,
693,Paco Alcácer,FW,0,15,0,0,0,0,
693,Lionel Messi,FW,1,90,1,0,0,0,
693,Arda Turan,MF,1,90,0,0,1,0,
693,Sergio Busquets,MF,1,9,0,0,0,0,
693,Denis Suárez,MF,0,81,1,0,0,0,
693,Ivan Rakitić,MF,1,90,0,0,0,0,
693,Jordi Alba,DF,1,90,0,0,0,0,
693,Jérémy Mathieu,DF,1,90,0,0,0,0,
693,Samuel Umtiti,DF,1,90,0,0,0,0,
693,Sergi Roberto,DF,1,64,0,0,0,0,
693,Aleix Vidal,DF,0,26,0,1,0,0,
693,Marc-André ter Stegen,GK,1,90,0,0,0,0,
695,Neymar,FW,1,90,0,0,0,0,
695,Luis Suárez,FW,1,90,1,0,0,0,
695,Lionel Messi,FW,1,90,0,1,0,0,
695,Arda Turan,MF,1,67,0,0,0,0,
695,Sergi Roberto,DF,0,23,0,0,0,0,
695,Ivan Rakitić,MF,1,90,0,0,1,0,
695,Denis Suárez,MF,1,58,0,0,0,0,
695,André Gomes,MF,0,32,0,0,1,0,
695,Lucas Digne,DF,1,67,0,0,0,0,
695,Jordi Alba,DF,0,23,0,0,0,0,
695,Jérémy Mathieu,DF,1,90,0,0,0,0,
695,Gerard Piqué,DF,1,90,0,0,1,0,
695,Aleix Vidal,DF,1,90,0,0,0,0,
695,Marc-André ter Stegen,GK,1,90,0,0,0,0,
697,Neymar,FW,1,90,0,1,0,0,
697,Paco Alcácer,FW,1,90,1,0,0,0,
697,Lionel Messi,FW,1,63,1,0,0,0,
697,Sergi Roberto,DF,0,27,0,0,0,0,
697,Arda Turan,MF,1,90,0,0,0,0,
697,André Gomes,MF,1,90,0,0,0,0,
697,Rafinha,MF,1,53,0,0,0,0,
697,Ivan Rakitić,MF,0,37,0,0,0,0,
697,Jérémy Mathieu,DF,1,90,0,0,0,0,
697,Samuel Umtiti,DF,1,90,0,0,0,0,
697,Gerard Piqué,DF,1,45,0,0,1,0,
697,Javier Mascherano,DF,0,45,0,0,0,0,
697,Aleix Vidal,DF,1,90,1,0,0,0,
697,Marc-André ter Stegen,GK,1,90,0,0,0,0,
699,Neymar,FW,1,90,1,0,0,0,
699,Luis Suárez,FW,1,90,2,2,0,0,
699,Lionel Messi,FW,1,90,1,0,0,0,
699,André Gomes,MF,1,71,0,0,0,0,
699,Sergi Roberto,DF,0,19,0,0,0,0,
699,Sergio Busquets,MF,1,63,0,0,1,0,
699,Andrés Iniesta,MF,0,27,0,0,0,0,
699,Ivan Rakitić,MF,1,90,1,0,1,0,
699,Lucas Digne,DF,1,90,0,0,0,0,
699,Jérémy Mathieu,DF,1,90,0,0,0,0,
699,Samuel Umtiti,DF,1,65,0,0,1,0,
699,Jordi Alba,DF,0,25,0,0,0,0,
699,Aleix Vidal,DF,1,90,0,1,0,0,
699,Marc-André ter Stegen,GK,1,90,0,0,0,0,
700,Neymar,FW,1,90,0,0,0,0,
700,Luis Suárez,FW,1,90,0,0,0,0,
700,Lionel Messi,FW,1,90,0,0,0,0,
700,Andrés Iniesta,MF,1,72,0,0,0,0,
700,Ivan Rakitić,MF,0,18,0,0,0,0,
700,Sergio Busquets,MF,1,90,0,0,1,0,
700,André Gomes,MF,1,58,0,0,1,0,
700,Rafinha,MF,0,32,0,0,1,0,
700,Jordi Alba,DF,1,90,0,0,0,0,
700,Samuel Umtiti,DF,1,90,0,0,0,0,
700,Gerard Piqué,DF,1,90,0,0,0,0,
700,Sergi Roberto,DF,1,90,0,0,0,0,
700,Marc-André ter Stegen,GK,1,90,0,0,0,0,
701,Neymar,FW,1,90,0,0,0,0,
701,Luis Suárez,FW,1,90,0,1,1,0,
701,Lionel Messi,FW,1,90,2,0,0,0,
701,Rafinha,MF,1,79,0,0,0,0,
701,Denis Suárez,MF,0,11,0,0,0,0,
701,André Gomes,MF,1,79,0,0,0,0,
701,Andrés Iniesta,MF,0,11,0,0,0,0,
701,Ivan Rakitić,MF,1,90,0,0,0,0,
701,Lucas Digne,DF,1,80,0,0,0,0,
701,Jordi Alba,DF,0,10,0,0,0,0,
701,Jérémy Mathieu,DF,1,90,0,0,0,0,
701,Samuel Umtiti,DF,1,90,0,0,0,0,
701,Sergi Roberto,DF,1,90,0,0,0,0,
701,Marc-André ter Stegen,GK,1,90,0,0,0,0,
702,Neymar,FW,1,90,0,0,0,0,
702,Luis Suárez,FW,1,90,0,1,0,0,
702,Lionel Messi,FW,1,90,1,0,1,0,
702,Andrés Iniesta,MF,1,70,0,0,0,0,
702,Ivan Rakitić,MF,0,20,0,0,0,0,
702,Sergio Busquets,MF,1,90,0,0,1,0,
702,Rafinha,MF,1,90,1,0,0,0,
702,Jérémy Mathieu,DF,1,76,0,0,0,0,
702,Lucas Digne,DF,0,14,0,0,0,0,
702,Samuel Umtiti,DF,1,90,0,0,0,0,
702,Gerard Piqué,DF,1,90,0,0,0,0,
702,Sergi Roberto,DF,1,84,0,0,0,0,
702,André Gomes,MF,0,6,0,0,0,0,
702,Marc-André ter Stegen,GK,1,90,0,0,0,0,
703,Neymar,FW,1,90,1,0,1,0,
703,Denis Suárez,MF,1,90,0,0,0,0,
703,Lionel Messi,FW,1,60,1,1,0,0,
703,André Gomes,MF,0,30,0,0,0,0,
703,Luis Suárez,FW,1,45,1,0,0,0,
703,Paco Alcácer,FW,0,45,1,0,0,0,
703,Sergio Busquets,MF,1,90,0,0,0,0,
703,Ivan Rakitić,MF,1,90,1,0,0,0,
703,Jordi Alba,DF,1,90,0,0,0,0,
703,Samuel Umtiti,DF,1,90,0,0,0,0,
703,Javier Mascherano,DF,1,90,0,1,0,0,
703,Rafinha,MF,1,73,0,0,0,0,
703,Sergi Roberto,DF,0,17,0,1,0,0,
703,Marc-André ter Stegen,GK,1,90,0,0,0,0,
704,Neymar,FW,1,69,1,0,0,0,
704,Denis Suárez,MF,0,21,0,0,0,0,
704,Luis Suárez,FW,1,90,0,0,0,0,
704,Lionel Messi,FW,1,90,2,2,0,0,
704,Rafinha,MF,1,90,0,1,0,0,
704,Sergio Busquets,MF,1,60,0,1,1,0,
704,Javier Mascherano,DF,0,30,0,0,0,0,
704,Ivan Rakitić,MF,1,90,1,0,0,0,
704,Jordi Alba,DF,1,90,0,0,0,0,
704,Samuel Umtiti,DF,1,90,1,0,0,0,
704,Gerard Piqué,DF,1,90,0,0,0,0,
704,Sergi Roberto,DF,1,66,0,0,0,0,
704,Andrés Iniesta,MF,0,24,0,0,0,0,
704,Marc-André ter Stegen,GK,1,90,0,0,0,0,
705,Luis Suárez,FW,1,90,1,0,1,0,
705,Neymar,FW,1,90,2,1,1,0,
705,Lionel Messi,FW,1,90,1,0,0,0,
705,Andrés Iniesta,MF,1,65,0,0,0,0,
705,Arda Turan,MF,0,25,0,0,0,0,
705,Ivan Rakitić,MF,1,84,0,0,1,0,
705,André Gomes,MF,0,6,0,0,0,0,
705,Sergio Busquets,MF,1,90,0,0,1,0,
705,Rafinha,MF,1,76,0,0,0,0,
705,Sergi Roberto,DF,0,14,1,0,0,0,
705,Samuel Umtiti,DF,1,90,0,0,0,0,
705,Javier Mascherano,DF,1,90,0,0,0,0,
705,Gerard Piqué,DF,1,90,0,0,1,0,
705,Marc-André ter Stegen,GK,1,90,0,0,0,0,
706,Luis Suárez,FW,1,90,1,0,0,0,
706,Arda Turan,MF,1,57,0,0,0,0,
706,Andrés Iniesta,MF,0,33,0,0,0,0,
706,Lionel Messi,FW,1,90,0,0,0,0,
706,André Gomes,MF,1,57,0,0,0,0,
706,Ivan Rakitić,MF,0,33,0,0,0,0,
706,Sergio Busquets,MF,1,90,0,0,0,0,
706,Sergi Roberto,DF,1,90,0,0,0,0,
706,Denis Suárez,MF,1,76,0,0,0,0,
706,Paco Alcácer,FW,0,14,0,0,0,0,
706,Jordi Alba,DF,1,90,0,0,0,0,
706,Gerard Piqué,DF,1,90,0,0,0,0,
706,Javier Mascherano,DF,1,90,0,0,0,0,
706,Marc-André ter Stegen,GK,1,90,0,0,0,0,
707,Luis Suárez,FW,1,90,1,0,0,0,
707,Neymar,FW,1,90,0,2,0,0,
707,Lionel Messi,FW,1,90,2,0,1,0,
707,Ivan Rakitić,MF,1,64,0,0,0,0,
707,Sergi Roberto,DF,0,26,0,0,0,0,
707,Andrés Iniesta,MF,1,90,0,0,1,0,
707,Rafinha,MF,1,73,0,0,0,0,
707,André Gomes,MF,0,17,1,0,1,0,
707,Sergio Busquets,MF,1,90,0,0,0,0,
707,Samuel Umtiti,DF,1,90,0,0,0,0,
707,Gerard Piqué,DF,1,90,0,0,0,0,
707,Javier Mascherano,DF,1,90,0,1,0,0,
707,Marc-André ter Stegen,GK,1,90,0,0,0,0,
708,Luis Suárez,FW,1,90,1,1,0,0,
708,Neymar,FW,1,90,1,0,0,0,
708,Rafinha,MF,1,16,0,0,0,0,
708,Paco Alcácer,FW,0,74,1,1,0,0,
708,Ivan Rakitić,MF,1,86,1,0,1,0,
708,Carles Aleñá,MF,0,4,0,0,0,0,
708,André Gomes,MF,1,66,0,0,0,0,
708,Andrés Iniesta,MF,0,24,0,0,0,0,
708,Sergio Busquets,MF,1,90,0,0,0,0,
708,Jordi Alba,DF,1,90,0,1,1,0,
708,Jérémy Mathieu,DF,1,90,0,0,0,0,
708,Javier Mascherano,DF,1,90,0,0,0,0,
708,Sergi Roberto,DF,1,90,0,0,1,0,
708,Marc-André ter Stegen,GK,1,90,0,0,0,0,
709,Neymar,FW,1,90,0,0,0,0,
709,Luis Suárez,FW,1,64,1,1,0,0,
709,Paco Alcácer,FW,0,26,0,0,0,0,
709,Sergi Roberto,DF,1,90,0,0,0,0,
709,Lionel Messi,FW,1,90,2,0,0,0,
709,Andrés Iniesta,MF,1,90,0,0,0,0,
709,Ivan Rakitić,MF,1,79,0,0,1,0,
709,Carles Aleñá,MF,0,11,0,0,1,0,
709,Sergio Busquets,MF,1,90,0,0,1,0,
709,Samuel Umtiti,DF,1,90,0,0,0,0,
709,Gerard Piqué,DF,1,76,0,0,1,0,
709,Lucas Digne,DF,0,14,0,0,0,0,
709,Javier Mascherano,DF,1,90,0,0,0,0,
709,Marc-André ter Stegen,GK,1,90,0,0,0,0,
710,Neymar,FW,1,64,0,0,2,1,
710,Luis Suárez,FW,1,90,0,0,0,0,
710,Lionel Messi,FW,1,90,0,0,0,0,
710,André Gomes,MF,1,60,0,0,0,0,
710,Paco Alcácer,FW,0,30,0,0,0,0,
710,Sergio Busquets,MF,1,90,0,0,0,0,
710,Denis Suárez,MF,1,45,0,0,0,0,
710,Andrés Iniesta,MF,0,45,0,0,0,0,
710,Jordi Alba,DF,1,90,0,0,1,0,
710,Jérémy Mathieu,DF,1,45,0,0,0,0,
710,Sergi Roberto,DF,0,45,0,0,0,0,
710,Samuel Umtiti,DF,1,90,0,0,1,0,
710,Javier Mascherano,DF,1,90,0,0,1,0,
710,Marc-André ter Stegen,GK,1,90,0,0,0,0,
711,Neymar,FW,1,90,0,0,0,0,
711,Luis Suárez,FW,1,90,0,0,1,0,
711,Lionel Messi,FW,1,90,0,0,0,0,
711,Andrés Iniesta,MF,1,90,0,0,1,0,
711,Javier Mascherano,DF,1,90,0,0,0,0,
711,Ivan Rakitić,MF,1,90,0,0,0,0,
711,Jérémy Mathieu,DF,1,45,0,0,0,0,
711,André Gomes,MF,0,45,0,0,0,0,
711,Samuel Umtiti,DF,1,90,0,0,1,0,
711,Gerard Piqué,DF,1,90,0,0,0,0,
711,Sergi Roberto,DF,1,90,0,0,0,0,
711,Marc-André ter Stegen,GK,1,90,0,0,0,0,
712,Paco Alcácer,FW,1,78,1,0,1,0,
712,Denis Suárez,MF,0,12,0,0,0,0,
712,Luis Suárez,FW,1,90,0,1,1,0,
712,Lionel Messi,FW,1,90,2,1,0,0,
712,Ivan Rakitić,MF,1,90,0,0,0,0,
712,André Gomes,MF,1,68,0,0,0,0,
712,Andrés Iniesta,MF,0,22,0,0,0,0,
712,Sergio Busquets,MF,1,90,0,0,0,0,
712,Jordi Alba,DF,1,90,0,0,0,0,
712,Samuel Umtiti,DF,1,90,0,0,0,0,
712,Gerard Piqué,DF,1,90,0,0,1,0,
712,Sergi Roberto,DF,1,90,0,0,0,0,
712,Marc-André ter Stegen,GK,1,90,0,0,0,0,
713,Neymar,FW,1,90,0,0,1,0,
713,Luis Suárez,FW,1,90,0,0,0,0,
713,Lionel Messi,FW,1,90,0,0,0,0,
713,Andrés Iniesta,MF,1,90,0,0,1,0,
713,Sergio Busquets,MF,1,90,0,0,0,0,
713,Ivan Rakitić,MF,1,58,0,0,0,0,
713,Paco Alcácer,FW,0,32,0,0,0,0,
713,Jordi Alba,DF,1,90,0,0,0,0,
713,Samuel Umtiti,DF,1,90,0,0,0,0,
713,Gerard Piqué,DF,1,90,0,0,0,0,
713,Sergi Roberto,DF,1,78,0,0,0,0,
713,Javier Mascherano,DF,0,12,0,0,0,0,
713,Marc-André ter Stegen,GK,1,90,0,0,0,0,
714,Paco Alcácer,FW,1,69,0,0,0,0,
714,André Gomes,MF,0,21,0,0,0,0,
714,Luis Suárez,FW,1,90,0,0,0,0,
714,Lionel Messi,FW,1,90,2,0,1,0,
714,Andrés Iniesta,MF,1,90,0,0,0,0,
714,Sergio Busquets,MF,1,90,0,0,0,0,
714,Ivan Rakitić,MF,1,90,1,1,0,0,
714,Jordi Alba,DF,1,90,0,1,0,0,
714,Samuel Umtiti,DF,1,90,0,0,1,0,
714,Gerard Piqué,DF,1,90,0,0,0,0,
714,Sergi Roberto,DF,1,90,0,0,0,0,
714,Marc-André ter Stegen,GK,1,90,0,0,0,0,
715,Paco Alcácer,FW,1,90,2,0,0,0,
715,Lionel Messi,FW,1,62,2,0,0,0,
715,Carles Aleñá,MF,0,28,0,0,0,0,
715,Arda Turan,MF,1,90,0,0,0,0,
715,André Gomes,MF,1,90,2,0,0,0,
715,Ivan Rakitić,MF,1,90,0,2,0,0,
715,Denis Suárez,MF,1,90,0,1,0,0,
715,Sergio Busquets,MF,1,90,0,0,0,0,
715,Gerard Piqué,DF,1,90,0,0,0,0,
715,Javier Mascherano,DF,1,90,1,1,0,0,
715,Lucas Digne,DF,1,90,0,0,0,0,
715,Marc-André ter Stegen,GK,1,90,0,0,0,0,
716,Neymar,FW,1,90,0,0,0,0,
716,Luis Suárez,FW,1,90,2,0,0,0,
716,Lionel Messi,FW,1,90,0,1,0,0,
716,André Gomes,MF,1,77,0,0,0,0,
716,Javier Mascherano,DF,0,13,0,0,0,0,
716,Sergio Busquets,MF,1,90,0,0,0,0,
716,Ivan Rakitić,MF,1,90,1,0,0,0,
716,Jordi Alba,DF,1,90,0,0,0,0,
716,Samuel Umtiti,DF,1,90,0,0,0,0,
716,Gerard Piqué,DF,1,90,0,0,0,0,
716,Sergi Roberto,DF,1,90,0,0,0,0,
716,Marc-André ter Stegen,GK,1,90,0,0,0,0,
717,Neymar,FW,1,90,1,0,0,0,
717,Luis Suárez,FW,1,90,1,0,0,0,
717,Lionel Messi,FW,1,90,2,0,0,0,
717,Andrés Iniesta,MF,1,90,0,0,1,0,
717,Sergio Busquets,MF,1,90,0,1,0,0,
717,Ivan Rakitić,MF,1,82,0,0,0,0,
717,André Gomes,MF,0,8,0,0,0,0,
717,Lucas Digne,DF,1,74,0,0,0,0,
717,Jordi Alba,DF,0,16,0,0,0,0,
717,Samuel Umtiti,DF,1,90,0,0,0,0,
717,Gerard Piqué,DF,1,90,0,0,0,0,
717,Sergi Roberto,DF,1,77,0,1,1,0,
717,Javier Mascherano,DF,0,13,0,0,0,0,
717,Marc-André ter Stegen,GK,1,90,0,0,0,0,
718,Neymar,FW,1,90,3,1,0,0,
718,Luis Suárez,FW,1,78,1,1,0,0,
718,Paco Alcácer,FW,0,12,0,0,0,0,
718,Lionel Messi,FW,1,90,0,0,0,0,
718,Andrés Iniesta,MF,1,90,0,0,0,0,
718,Sergio Busquets,MF,1,90,0,0,0,0,
718,Ivan Rakitić,MF,1,78,0,1,0,0,
718,Denis Suárez,MF,0,12,0,0,0,0,
718,Lucas Digne,DF,1,57,0,0,1,0,
718,André Gomes,MF,0,33,0,0,0,0,
718,Marlon,DF,1,90,0,0,0,0,
718,Jordi Alba,DF,1,90,0,1,0,0,
718,Samuel Umtiti,DF,1,90,0,0,0,0,
718,Marc-André ter Stegen,GK,1,90,0,0,0,0,
719,Neymar,FW,1,90,0,0,0,0,
719,Luis Suárez,FW,1,90,1,0,0,0,
719,Lionel Messi,FW,1,90,2,0,0,0,
719,Andrés Iniesta,MF,1,90,0,0,0,0,
719,Sergio Busquets,MF,1,90,0,0,1,0,
719,Ivan Rakitić,MF,1,70,0,0,0,0,
719,Paco Alcácer,FW,0,20,0,1,0,0,
719,Jordi Alba,DF,1,90,0,0,0,0,
719,Samuel Umtiti,DF,1,90,0,0,0,0,
719,Marlon,DF,1,90,0,0,0,0,
719,Sergi Roberto,DF,1,45,0,0,0,0,
719,André Gomes,MF,0,45,0,0,0,0,
719,Marc-André ter Stegen,GK,1,90,0,0,0,0,
721,Gerard Deulofeu,FW,1,58,0,0,0,0,
721,Denis Suárez,MF,0,32,0,0,0,0,
721,Luis Suárez,FW,1,90,0,0,0,0,
721,Lionel Messi,FW,1,90,1,0,1,0,
721,Andrés Iniesta,MF,1,67,0,0,0,0,
721,Sergi Roberto,DF,0,23,0,0,0,0,
721,Sergio Busquets,MF,1,90,0,0,1,0,
721,Ivan Rakitić,MF,1,82,0,0,0,0,
721,Paco Alcácer,FW,0,8,0,0,0,0,
721,Jordi Alba,DF,1,90,0,0,0,0,
721,Samuel Umtiti,DF,1,90,0,0,0,0,
721,Gerard Piqué,DF,1,90,0,0,1,0,
721,Aleix Vidal,DF,1,90,0,0,0,0,
721,Marc-André ter Stegen,GK,1,90,0,0,0,0,
722,Luis Suárez,FW,1,90,0,0,1,0,
722,Lionel Messi,FW,1,90,0,0,0,0,
722,Jordi Alba,DF,1,77,0,0,0,0,
722,Lucas Digne,DF,0,13,0,0,0,0,
722,André Gomes,MF,1,71,0,0,0,0,
722,Gerard Deulofeu,FW,0,19,0,0,0,0,
722,Sergio Busquets,MF,1,90,0,0,0,0,
722,Ivan Rakitić,MF,1,90,0,0,0,0,
722,Sergi Roberto,DF,1,90,0,0,0,0,
722,Samuel Umtiti,DF,1,90,0,0,0,0,
722,Gerard Piqué,DF,1,49,0,0,0,0,
722,Nélson Semedo,DF,0,41,0,0,0,0,
722,Javier Mascherano,DF,1,90,0,0,1,0,
722,Marc-André ter Stegen,GK,1,90,0,0,0,0,
723,Lionel Messi,FW,1,90,0,0,0,0,
723,Sergi Roberto,DF,1,90,1,0,0,0,
723,Paco Alcácer,FW,1,81,0,0,0,0,
723,Denis Suárez,MF,0,9,0,0,0,0,
723,Ivan Rakitić,MF,1,90,0,0,0,0,
723,Sergio Busquets,MF,1,90,0,0,0,0,
723,Gerard Deulofeu,FW,1,71,0,1,0,0,
723,Aleix Vidal,DF,0,19,0,0,0,0,
723,Jordi Alba,DF,1,86,0,0,1,0,
723,Lucas Digne,DF,0,4,0,0,1,0,
723,Samuel Umtiti,DF,1,90,0,0,0,0,
723,Javier Mascherano,DF,1,90,0,0,0,0,
723,Nélson Semedo,DF,1,90,0,0,0,0,
723,Marc-André ter Stegen,GK,1,90,0,0,0,0,
724,Gerard Deulofeu,FW,1,70,0,0,0,0,
724,Denis Suárez,MF,0,20,0,0,0,0,
724,Lionel Messi,FW,1,90,2,0,0,0,
724,Aleix Vidal,DF,1,56,0,0,0,0,
724,Paco Alcácer,FW,0,34,0,1,0,0,
724,Andrés Iniesta,MF,1,87,0,0,0,0,
724,Paulinho,MF,0,3,0,0,0,0,
724,Sergio Busquets,MF,1,90,0,0,0,0,
724,Ivan Rakitić,MF,1,90,0,0,0,0,
724,Jordi Alba,DF,1,90,0,1,0,0,
724,Samuel Umtiti,DF,1,90,0,0,1,0,
724,Gerard Piqué,DF,1,90,0,0,1,0,
724,Sergi Roberto,DF,1,90,0,0,1,0,
724,Marc-André ter Stegen,GK,1,90,0,0,0,0,
725,Luis Suárez,FW,1,90,1,0,0,0,
725,Lionel Messi,FW,1,90,3,0,0,0,
725,Andrés Iniesta,MF,1,76,0,0,0,0,
725,André Gomes,MF,0,14,0,0,0,0,
725,Sergio Busquets,MF,1,72,0,0,1,0,
725,Paulinho,MF,0,18,0,0,0,0,
725,Ivan Rakitić,MF,1,90,0,2,0,0,
725,Gerard Deulofeu,FW,1,67,0,0,0,0,
725,Ousmane Dembélé,MF,0,23,0,1,0,0,
725,Jordi Alba,DF,1,90,0,2,0,0,
725,Samuel Umtiti,DF,1,90,0,0,0,0,
725,Gerard Piqué,DF,1,90,1,0,0,0,
725,Nélson Semedo,DF,1,90,0,0,0,0,
725,Marc-André ter Stegen,GK,1,90,0,0,0,0,
726,Lionel Messi,FW,1,90,2,0,1,0,
726,Luis Suárez,FW,1,90,0,1,0,0,
726,Ousmane Dembélé,MF,1,70,0,0,0,0,
726,Sergi Roberto,DF,0,20,0,0,0,0,
726,Andrés Iniesta,MF,1,82,0,1,0,0,
726,André Gomes,MF,0,8,0,0,0,0,
726,Sergio Busquets,MF,1,90,0,0,0,0,
726,Ivan Rakitić,MF,1,76,1,0,0,0,
726,Paulinho,MF,0,14,0,0,0,0,
726,Jordi Alba,DF,1,90,0,0,0,0,
726,Samuel Umtiti,DF,1,90,0,0,0,0,
726,Gerard Piqué,DF,1,90,0,0,0,0,
726,Nélson Semedo,DF,1,90,0,0,1,0,
726,Marc-André ter Stegen,GK,1,90,0,0,0,0,
727,Lionel Messi,FW,1,90,0,1,0,0,
727,Luis Suárez,FW,1,90,0,0,1,0,
727,Ousmane Dembélé,MF,1,28,0,0,0,0,
727,Gerard Deulofeu,FW,0,62,0,0,1,0,
727,Andrés Iniesta,MF,1,45,0,0,0,0,
727,Denis Suárez,MF,0,45,1,0,0,0,
727,Sergio Busquets,MF,1,90,0,0,0,0,
727,Ivan Rakitić,MF,1,76,0,0,0,0,
727,Paulinho,MF,0,14,1,0,0,0,
727,Jordi Alba,DF,1,90,0,0,1,0,
727,Samuel Umtiti,DF,1,90,0,0,0,0,
727,Gerard Piqué,DF,1,90,0,0,1,0,
727,Sergi Roberto,DF,1,90,0,1,0,0,
727,Marc-André ter Stegen,GK,1,90,0,0,0,0,
728,Denis Suárez,MF,1,90,1,1,0,0,
728,Lionel Messi,FW,1,90,4,0,0,0,
728,Gerard Deulofeu,FW,1,74,0,0,0,0,
728,Aleix Vidal,DF,0,16,0,1,0,0,
728,Andrés Iniesta,MF,1,62,0,0,0,0,
728,Sergi Roberto,DF,0,28,0,0,0,0,
728,Sergio Busquets,MF,1,64,0,1,0,0,
728,Ivan Rakitić,MF,0,26,0,0,0,0,
728,Paulinho,MF,1,90,1,1,0,0,
728,Lucas Digne,DF,1,90,0,0,0,0,
728,Javier Mascherano,DF,1,90,0,0,0,0,
728,Gerard Piqué,DF,1,90,0,0,0,0,
728,Nélson Semedo,DF,1,90,0,0,0,0,
728,Marc-André ter Stegen,GK,1,90,0,0,0,0,
729,Luis Suárez,FW,1,90,1,0,0,0,
729,Lionel Messi,FW,1,90,0,0,0,0,
729,Andrés Iniesta,MF,1,79,0,0,0,0,
729,Denis Suárez,MF,0,11,0,0,0,0,
729,Ivan Rakitić,MF,1,90,0,0,0,0,
729,Paulinho,MF,1,66,0,0,0,0,
729,Sergio Busquets,MF,0,24,0,0,0,0,
729,Aleix Vidal,DF,1,80,0,0,0,0,
729,André Gomes,MF,0,10,0,0,0,0,
729,Jordi Alba,DF,1,90,0,0,0,0,
729,Samuel Umtiti,DF,1,90,0,0,0,0,
729,Javier Mascherano,DF,1,90,0,0,0,0,
729,Sergi Roberto,DF,1,90,0,1,0,0,
729,Marc-André ter Stegen,GK,1,90,0,0,0,0,
730,Lionel Messi,FW,1,90,0,0,0,0,
730,Luis Suárez,FW,1,88,0,0,0,0,
730,Aleix Vidal,DF,0,2,0,0,1,0,
730,Andrés Iniesta,MF,1,79,0,0,0,0,
730,Paulinho,MF,0,11,0,0,0,0,
730,Sergio Busquets,MF,1,90,0,0,0,0,
730,Ivan Rakitić,MF,1,90,0,0,0,0,
730,Sergi Roberto,DF,1,86,0,0,0,0,
730,André Gomes,MF,0,4,0,0,0,0,
730,Jordi Alba,DF,1,90,0,0,0,0,
730,Samuel Umtiti,DF,1,90,0,0,0,0,
730,Gerard Piqué,DF,1,90,0,0,0,0,
730,Nélson Semedo,DF,1,90,0,0,1,0,
730,Marc-André ter Stegen,GK,1,90,0,0,0,0,
731,Luis Suárez,FW,1,89,0,1,1,0,
731,Lionel Messi,FW,1,90,2,1,0,0,
731,Denis Suárez,MF,1,90,0,1,0,0,
731,Paulinho,MF,1,45,0,0,1,0,
731,Ivan Rakitić,MF,0,45,0,0,0,0,
731,Sergio Busquets,MF,1,90,1,0,1,0,
731,Aleix Vidal,DF,1,45,0,0,0,0,
731,Andrés Iniesta,MF,0,38,0,0,0,0,
731,André Gomes,MF,0,7,0,0,0,0,
731,Jordi Alba,DF,1,90,0,0,1,0,
731,Javier Mascherano,DF,1,90,0,0,0,0,
731,Gerard Piqué,DF,1,90,0,0,1,0,
731,Sergi Roberto,DF,1,90,0,0,0,0,
731,Marc-André ter Stegen,GK,1,90,0,0,0,0,
732,Luis Suárez,FW,1,90,1,0,0,0,
732,Lionel Messi,FW,1,90,0,0,0,0,
732,Andrés Iniesta,MF,1,60,0,0,0,0,
732,Gerard Deulofeu,FW,0,30,0,0,0,0,
732,Sergio Busquets,MF,1,90,0,0,0,0,
732,Ivan Rakitić,MF,1,78,0,0,1,0,
732,Paulinho,MF,0,12,0,0,0,0,
732,André Gomes,MF,1,90,0,0,0,0,
732,Jordi Alba,DF,1,90,0,0,0,0,
732,Samuel Umtiti,DF,1,90,0,0,1,0,
732,Gerard Piqué,DF,1,90,0,0,0,0,
732,Nélson Semedo,DF,1,60,0,0,0,0,
732,Sergi Roberto,DF,0,30,0,1,0,0,
732,Marc-André ter Stegen,GK,1,90,0,0,0,0,
733,Luis Suárez,FW,1,90,0,0,0,0,
733,Lionel Messi,FW,1,90,1,1,0,0,
733,Gerard Deulofeu,FW,1,45,0,0,0,0,
733,Javier Mascherano,DF,0,45,0,0,0,0,
733,Andrés Iniesta,MF,1,66,0,0,0,0,
733,Ivan Rakitić,MF,0,24,0,0,0,0,
733,Sergio Busquets,MF,1,79,0,0,0,0,
733,André Gomes,MF,0,11,0,0,0,0,
733,Paulinho,MF,1,90,0,0,0,0,
733,Lucas Digne,DF,1,90,1,0,0,0,
733,Samuel Umtiti,DF,1,90,0,0,0,0,
733,Gerard Piqué,DF,1,41,0,0,2,1,
733,Sergi Roberto,DF,1,90,0,0,0,0,
733,Marc-André ter Stegen,GK,1,90,0,0,0,0,
734,Luis Suárez,FW,1,82,0,0,0,0,
734,Paco Alcácer,FW,0,8,0,0,0,0,
734,Lionel Messi,FW,1,90,0,1,0,0,
734,Andrés Iniesta,MF,1,90,1,0,0,0,
734,Sergio Busquets,MF,1,75,0,0,0,0,
734,Paulinho,MF,0,15,0,0,0,0,
734,Ivan Rakitić,MF,1,90,0,0,0,0,
734,Gerard Deulofeu,FW,1,71,1,0,0,0,
734,Nélson Semedo,DF,0,19,0,0,0,0,
734,Lucas Digne,DF,1,90,0,1,0,0,
734,Samuel Umtiti,DF,1,90,0,0,1,0,
734,Javier Mascherano,DF,1,90,0,0,0,0,
734,Sergi Roberto,DF,1,90,0,0,0,0,
734,Marc-André ter Stegen,GK,1,90,0,0,0,0,
736,Luis Suárez,FW,1,90,0,0,0,0,
736,Lionel Messi,FW,1,90,1,0,0,0,
736,André Gomes,MF,1,82,0,0,0,0,
736,Nélson Semedo,DF,0,8,0,0,0,0,
736,Ivan Rakitić,MF,1,90,0,0,0,0,
736,Sergio Busquets,MF,1,90,0,0,1,0,
736,Paulinho,MF,1,90,1,0,1,0,
736,Jordi Alba,DF,1,90,0,1,0,0,
736,Samuel Umtiti,DF,1,90,0,0,1,0,
736,Gerard Piqué,DF,1,90,0,0,1,0,
736,Sergi Roberto,DF,1,90,0,0,0,0,
736,Marc-André ter Stegen,GK,1,90,0,0,0,0,
737,Luis Suárez,FW,1,90,0,0,0,0,
737,Lionel Messi,FW,1,90,0,0,0,0,
737,Denis Suárez,MF,1,74,0,0,0,0,
737,André Gomes,MF,0,16,0,0,1,0,
737,Sergio Busquets,MF,1,90,0,0,0,0,
737,Paulinho,MF,1,61,0,0,0,0,
737,Ivan Rakitić,MF,0,29,0,0,0,0,
737,Sergi Roberto,DF,1,44,0,0,1,0,
737,Gerard Deulofeu,FW,0,46,0,0,0,0,
737,Jordi Alba,DF,1,90,0,0,0,0,
737,Samuel Umtiti,DF,1,90,0,0,0,0,
737,Javier Mascherano,DF,1,90,0,0,0,0,
737,Nélson Semedo,DF,1,90,0,0,0,0,
737,Marc-André ter Stegen,GK,1,90,0,0,0,0,
738,Luis Suárez,FW,1,90,0,0,0,0,
738,Lionel Messi,FW,1,90,0,0,1,0,
738,Andrés Iniesta,MF,1,59,0,0,0,0,
738,Paulinho,MF,0,31,0,0,0,0,
738,Ivan Rakitić,MF,1,89,0,1,0,0,
738,Javier Mascherano,DF,0,1,0,0,0,0,
738,Sergio Busquets,MF,1,90,0,0,0,0,
738,Paco Alcácer,FW,1,65,2,0,0,0,
738,Gerard Deulofeu,FW,0,25,0,0,0,0,
738,Jordi Alba,DF,1,90,0,0,0,0,
738,Samuel Umtiti,DF,1,90,0,0,0,0,
738,Gerard Piqué,DF,1,90,0,0,0,0,
738,Nélson Semedo,DF,1,90,0,0,0,0,
738,Marc-André ter Stegen,GK,1,90,0,0,0,0,
739,Luis Suárez,FW,1,90,2,0,1,0,
739,Lionel Messi,FW,1,90,0,0,0,0,
739,Andrés Iniesta,MF,1,58,0,0,0,0,
739,Paulinho,MF,0,32,1,0,0,0,
739,Sergio Busquets,MF,1,90,0,0,0,0,
739,Ivan Rakitić,MF,1,90,0,0,0,0,
739,Paco Alcácer,FW,1,81,0,0,0,0,
739,Denis Suárez,MF,0,9,0,0,0,0,
739,Jordi Alba,DF,1,90,0,0,0,0,
739,Samuel Umtiti,DF,1,90,0,0,0,0,
739,Gerard Piqué,DF,1,90,0,0,1,0,
739,Nélson Semedo,DF,1,58,0,0,0,0,
739,Aleix Vidal,DF,0,32,0,0,0,0,
739,Marc-André ter Stegen,GK,1,90,0,0,0,0,
740,Luis Suárez,FW,1,90,0,0,0,0,
740,Andrés Iniesta,MF,1,81,0,0,0,0,
740,Jordi Alba,DF,0,9,0,0,0,0,
740,Paulinho,MF,1,90,0,0,1,0,
740,Gerard Deulofeu,FW,1,55,0,0,0,0,
740,Lionel Messi,FW,0,35,0,0,0,0,
740,Sergio Busquets,MF,1,90,0,0,0,0,
740,Ivan Rakitić,MF,1,90,0,0,0,0,
740,Lucas Digne,DF,1,90,0,0,1,0,
740,Samuel Umtiti,DF,1,90,0,0,0,0,
740,Gerard Piqué,DF,1,90,0,0,1,0,
740,Nélson Semedo,DF,1,90,0,0,0,0,
740,Marc-André ter Stegen,GK,1,90,0,0,0,0,
741,Luis Suárez,FW,1,90,0,0,0,0,
741,Lionel Messi,FW,1,90,0,1,0,0,
741,Andrés Iniesta,MF,1,71,0,0,0,0,
741,Denis Suárez,MF,0,19,0,0,0,0,
741,Paulinho,MF,1,90,0,0,0,0,
741,Sergio Busquets,MF,1,90,0,0,0,0,
741,Ivan Rakitić,MF,1,67,0,0,0,0,
741,Gerard Deulofeu,FW,0,23,0,0,0,0,
741,Jordi Alba,DF,1,90,1,0,0,0,
741,Thomas Vermaelen,DF,1,90,0,0,0,0,
741,Samuel Umtiti,DF,1,90,0,0,0,0,
741,Nélson Semedo,DF,1,79,0,0,0,0,
741,Aleix Vidal,DF,0,11,0,0,0,0,
741,Marc-André ter Stegen,GK,1,90,0,0,0,0,
743,Luis Suárez,FW,1,90,1,0,1,0,
743,Lionel Messi,FW,1,90,1,0,0,0,
743,Paulinho,MF,1,90,0,1,0,0,
743,Andrés Iniesta,MF,1,52,0,0,0,0,
743,Denis Suárez,MF,0,38,0,0,0,0,
743,Ivan Rakitić,MF,1,78,0,0,0,0,
743,Paco Alcácer,FW,0,12,0,0,0,0,
743,Sergio Busquets,MF,1,90,0,0,0,0,
743,Jordi Alba,DF,1,90,0,1,0,0,
743,Samuel Umtiti,DF,1,71,0,0,0,0,
743,Thomas Vermaelen,DF,0,19,0,0,1,0,
743,Gerard Piqué,DF,1,90,0,0,1,0,
743,Sergi Roberto,DF,1,90,0,0,0,0,
743,Marc-André ter Stegen,GK,1,90,0,0,0,0,
744,Paco Alcácer,FW,1,90,1,0,0,0,
744,Luis Suárez,FW,1,74,0,0,0,0,
744,Paulinho,MF,0,16,0,0,0,0,
744,Aleix Vidal,DF,1,60,0,0,0,0,
744,Lionel Messi,FW,0,30,0,0,0,0,
744,André Gomes,MF,1,90,0,0,0,0,
744,Ivan Rakitić,MF,1,90,0,0,0,0,
744,Denis Suárez,MF,1,90,0,1,0,0,
744,Lucas Digne,DF,1,90,0,0,0,0,
744,Thomas Vermaelen,DF,1,90,0,0,0,0,
744,Gerard Piqué,DF,1,63,0,0,0,0,
744,Sergio Busquets,MF,0,27,0,0,0,0,
744,Nélson Semedo,DF,1,90,0,0,1,0,
744,Jasper Cillessen,GK,1,90,0,0,0,0,
745,Luis Suárez,FW,1,90,1,0,0,0,
745,Lionel Messi,FW,1,90,1,0,0,0,
745,Denis Suárez,MF,1,57,0,0,0,0,
745,Paco Alcácer,FW,0,33,0,1,0,0,
745,Paulinho,MF,1,67,0,0,0,0,
745,Aleix Vidal,DF,0,23,0,0,0,0,
745,Sergio Busquets,MF,1,85,0,1,1,0,
745,André Gomes,MF,0,5,0,0,0,0,
745,Ivan Rakitić,MF,1,90,0,0,0,0,
745,Jordi Alba,DF,1,90,0,0,0,0,
745,Thomas Vermaelen,DF,1,90,0,0,0,0,
745,Gerard Piqué,DF,1,90,0,0,0,0,
745,Sergi Roberto,DF,1,90,0,0,0,0,
745,Marc-André ter Stegen,GK,1,90,0,0,0,0,
746,Luis Suárez,FW,1,90,2,0,0,0,
746,Lionel Messi,FW,1,90,0,1,0,0,
746,Paco Alcácer,FW,1,22,0,0,0,0,
746,Aleix Vidal,DF,0,68,0,0,0,0,
746,Paulinho,MF,1,90,2,0,0,0,
746,Ivan Rakitić,MF,1,90,0,0,0,0,
746,Andrés Iniesta,MF,1,55,0,0,0,0,
746,André Gomes,MF,0,35,0,0,0,0,
746,Jordi Alba,DF,1,80,0,0,0,0,
746,Lucas Digne,DF,0,10,0,0,0,0,
746,Thomas Vermaelen,DF,1,90,0,0,0,0,
746,Gerard Piqué,DF,1,90,0,0,0,0,
746,Sergi Roberto,DF,1,90,0,1,0,0,
746,Marc-André ter Stegen,GK,1,90,0,0,0,0,
747,Luis Suárez,FW,1,90,1,0,0,0,
747,Lionel Messi,FW,1,90,1,1,0,0,
747,Andrés Iniesta,MF,1,76,0,0,0,0,
747,Nélson Semedo,DF,0,14,0,0,0,0,
747,Sergio Busquets,MF,1,90,0,0,1,0,
747,Ivan Rakitić,MF,1,90,0,0,0,0,
747,Paulinho,MF,1,83,0,0,0,0,
747,André Gomes,MF,0,7,0,0,0,0,
747,Jordi Alba,DF,1,90,0,0,0,0,
747,Thomas Vermaelen,DF,1,90,0,0,1,0,
747,Gerard Piqué,DF,1,90,0,0,0,0,
747,Sergi Roberto,DF,1,89,0,1,0,0,
747,Aleix Vidal,DF,0,1,1,0,0,0,
747,Marc-André ter Stegen,GK,1,90,0,0,0,0,
749,Luis Suárez,FW,1,90,1,0,0,0,
749,Lionel Messi,FW,1,90,1,1,0,0,
749,Andrés Iniesta,MF,1,75,0,0,0,0,
749,André Gomes,MF,0,15,0,0,0,0,
749,Ivan Rakitić,MF,1,90,0,0,0,0,
749,Paulinho,MF,1,90,1,0,0,0,
749,Ousmane Dembélé,MF,1,66,0,0,0,0,
749,Nélson Semedo,DF,0,24,0,0,0,0,
749,Jordi Alba,DF,1,90,0,1,0,0,
749,Thomas Vermaelen,DF,1,90,0,0,0,0,
749,Javier Mascherano,DF,1,90,0,0,0,0,
749,Sergi Roberto,DF,1,84,0,1,0,0,
749,José Arnaiz,FW,0,6,0,0,0,0,
749,Marc-André ter Stegen,GK,1,90,0,0,0,0,
751,Luis Suárez,FW,1,89,2,1,0,0,
751,Denis Suárez,MF,0,1,0,0,0,0,
751,Lionel Messi,FW,1,90,1,1,0,0,
751,André Gomes,MF,1,79,0,0,0,0,
751,Lucas Digne,DF,0,11,0,0,0,0,
751,Sergio Busquets,MF,1,90,0,0,0,0,
751,Ivan Rakitić,MF,1,90,0,0,0,0,
751,Paulinho,MF,1,64,1,0,0,0,
751,Ousmane Dembélé,MF,0,26,0,0,0,0,
751,Jordi Alba,DF,1,90,0,0,0,0,
751,Thomas Vermaelen,DF,1,90,0,1,0,0,
751,Gerard Piqué,DF,1,90,0,0,1,0,
751,Sergi Roberto,DF,1,90,0,0,1,0,
751,Marc-André ter Stegen,GK,1,90,0,0,0,0,
753,Luis Suárez,FW,1,90,2,2,1,0,
753,Lionel Messi,FW,1,90,2,1,0,0,
753,André Gomes,MF,1,64,0,0,1,0,
753,Paulinho,MF,0,26,0,0,0,0,
753,Ivan Rakitić,MF,1,90,1,1,0,0,
753,Sergio Busquets,MF,1,80,0,1,0,0,
753,Gerard Deulofeu,FW,0,10,0,0,0,0,
753,Sergi Roberto,DF,1,90,0,0,0,0,
753,Jordi Alba,DF,1,90,0,0,0,0,
753,Thomas Vermaelen,DF,1,42,0,0,0,0,
753,Samuel Umtiti,DF,0,48,0,0,0,0,
753,Gerard Piqué,DF,1,90,0,0,0,0,
753,Nélson Semedo,DF,1,90,0,0,0,0,
753,Marc-André ter Stegen,GK,1,90,0,0,0,0,
755,Lionel Messi,FW,1,90,1,0,0,0,
755,Luis Suárez,FW,1,90,1,0,0,0,
755,Andrés Iniesta,MF,1,90,0,1,0,0,
755,Ivan Rakitić,MF,1,90,0,0,0,0,
755,Paulinho,MF,1,90,0,0,0,0,
755,Philippe Coutinho,MF,1,65,0,0,0,0,
755,Paco Alcácer,FW,0,25,0,0,0,0,
755,Lucas Digne,DF,1,51,0,0,0,0,
755,Jordi Alba,DF,0,39,0,0,0,0,
755,Samuel Umtiti,DF,1,90,0,0,0,0,
755,Gerard Piqué,DF,1,90,0,0,0,0,
755,Nélson Semedo,DF,1,51,0,0,0,0,
755,Sergi Roberto,DF,0,39,0,0,0,0,
755,Marc-André ter Stegen,GK,1,90,0,0,0,0,
757,Philippe Coutinho,MF,1,90,0,0,0,0,
757,Luis Suárez,FW,1,90,0,0,0,0,
757,Paco Alcácer,FW,1,58,0,0,0,0,
757,Lionel Messi,FW,0,32,0,1,0,0,
757,Andrés Iniesta,MF,1,90,0,0,0,0,
757,Sergio Busquets,MF,1,90,0,0,1,0,
757,Paulinho,MF,1,90,0,0,0,0,
757,Lucas Digne,DF,1,74,0,0,0,0,
757,Jordi Alba,DF,0,16,0,0,1,0,
757,Samuel Umtiti,DF,1,90,0,0,1,0,
757,Gerard Piqué,DF,1,90,1,0,0,0,
757,Nélson Semedo,DF,1,58,0,0,0,0,
757,Sergi Roberto,DF,0,32,0,0,0,0,
757,Marc-André ter Stegen,GK,1,90,0,0,0,0,
759,Luis Suárez,FW,1,90,0,0,0,0,
759,Lionel Messi,FW,1,90,0,0,0,0,
759,Philippe Coutinho,MF,1,61,0,0,0,0,
759,Andrés Iniesta,MF,0,29,0,0,0,0,
759,Sergio Busquets,MF,1,81,0,0,1,0,
759,Paulinho,MF,0,9,0,0,0,0,
759,Ivan Rakitić,MF,1,90,0,0,0,0,
759,Paco Alcácer,FW,1,62,0,0,0,0,
759,Ousmane Dembélé,MF,0,28,0,0,0,0,
759,Jordi Alba,DF,1,90,0,0,0,0,
759,Lucas Digne,DF,1,90,0,0,0,0,
759,Yerry Mina,DF,1,90,0,0,1,0,
759,Sergi Roberto,DF,1,90,0,0,0,0,
759,Marc-André ter Stegen,GK,1,90,0,0,0,0,
760,Luis Suárez,FW,1,90,1,0,0,0,
760,Lionel Messi,FW,1,90,0,1,0,0,
760,Paulinho,MF,1,73,0,0,0,0,
760,Aleix Vidal,DF,0,17,0,0,0,0,
760,Andrés Iniesta,MF,1,62,0,0,1,0,
760,Philippe Coutinho,MF,0,28,0,0,0,0,
760,Ivan Rakitić,MF,1,90,0,0,0,0,
760,Sergio Busquets,MF,1,90,0,0,0,0,
760,Jordi Alba,DF,1,90,1,0,0,0,
760,Samuel Umtiti,DF,1,90,0,0,0,0,
760,Gerard Piqué,DF,1,90,0,0,0,0,
760,Sergi Roberto,DF,1,89,0,0,0,0,
760,Nélson Semedo,DF,0,1,0,0,0,0,
760,Marc-André ter Stegen,GK,1,90,0,0,0,0,
761,Luis Suárez,FW,1,90,0,0,1,0,
761,Lionel Messi,FW,1,90,1,0,0,0,
761,Andrés Iniesta,MF,1,89,0,1,0,0,
761,André Gomes,MF,0,1,0,0,0,0,
761,Sergio Busquets,MF,1,90,0,0,1,0,
761,Ivan Rakitić,MF,1,90,0,0,1,0,
761,Paulinho,MF,1,62,0,0,0,0,
761,Aleix Vidal,DF,0,28,0,0,0,0,
761,Jordi Alba,DF,1,90,0,0,0,0,
761,Samuel Umtiti,DF,1,90,0,0,0,0,
761,Gerard Piqué,DF,1,90,0,0,0,0,
761,Sergi Roberto,DF,1,90,0,0,0,0,
761,Marc-André ter Stegen,GK,1,90,0,0,0,0,
762,Luis Suárez,FW,1,90,3,2,0,0,
762,Lionel Messi,FW,1,90,2,1,0,0,
762,Philippe Coutinho,MF,1,90,1,1,0,0,
762,Sergio Busquets,MF,1,68,0,0,0,0,
762,Paulinho,MF,0,22,0,0,0,0,
762,Ivan Rakitić,MF,1,76,0,0,0,0,
762,Sergi Roberto,DF,0,14,0,0,0,0,
762,Ousmane Dembélé,MF,1,90,0,1,0,0,
762,Jordi Alba,DF,1,90,0,0,1,0,
762,Samuel Umtiti,DF,1,90,0,0,0,0,
762,Gerard Piqué,DF,1,63,0,0,0,0,
762,Thomas Vermaelen,DF,0,27,0,0,0,0,
762,Nélson Semedo,DF,1,85,0,0,0,0,
762,Marc-André ter Stegen,GK,1,90,0,0,0,0,
763,Luis Suárez,FW,1,90,0,0,0,0,
763,Lionel Messi,FW,1,90,1,0,0,0,
763,Andrés Iniesta,MF,1,74,0,0,0,0,
763,Ousmane Dembélé,MF,0,16,0,0,0,0,
763,Paulinho,MF,1,62,0,0,0,0,
763,Ivan Rakitić,MF,0,28,0,0,0,0,
763,Sergio Busquets,MF,1,90,0,0,0,0,
763,Aleix Vidal,DF,1,56,0,0,0,0,
763,Philippe Coutinho,MF,0,34,0,0,0,0,
763,Lucas Digne,DF,1,90,0,0,1,0,
763,Thomas Vermaelen,DF,1,90,0,0,0,0,
763,Samuel Umtiti,DF,1,90,0,0,1,0,
763,Sergi Roberto,DF,1,90,0,0,1,0,
763,Marc-André ter Stegen,GK,1,90,0,0,0,0,
764,Luis Suárez,FW,1,90,0,0,0,0,
764,Lionel Messi,FW,1,90,1,0,1,0,
764,Andrés Iniesta,MF,1,35,0,0,0,0,
764,André Gomes,MF,0,55,0,0,0,0,
764,Sergio Busquets,MF,1,90,0,0,0,0,
764,Ivan Rakitić,MF,1,90,0,0,1,0,
764,Philippe Coutinho,MF,1,83,0,0,0,0,
764,Paulinho,MF,0,7,0,0,0,0,
764,Jordi Alba,DF,1,90,0,0,0,0,
764,Samuel Umtiti,DF,1,90,0,0,0,0,
764,Gerard Piqué,DF,1,90,0,0,0,0,
764,Sergi Roberto,DF,1,90,0,0,0,0,
764,Marc-André ter Stegen,GK,1,90,0,0,0,0,
765,Philippe Coutinho,MF,1,90,1,0,0,0,
765,Luis Suárez,FW,1,90,1,0,1,0,
765,Ousmane Dembélé,MF,1,84,0,1,0,0,
765,Aleix Vidal,DF,0,6,0,0,0,0,
765,Paulinho,MF,1,90,0,0,0,0,
765,Sergio Busquets,MF,1,90,0,0,0,0,
765,Ivan Rakitić,MF,1,90,0,0,0,0,
765,Jordi Alba,DF,1,76,0,1,0,0,
765,Lucas Digne,DF,0,14,0,0,0,0,
765,Samuel Umtiti,DF,1,90,0,0,0,0,
765,Gerard Piqué,DF,1,90,0,0,0,0,
765,Sergi Roberto,DF,1,73,0,0,0,0,
765,André Gomes,MF,0,17,0,0,0,0,
765,Marc-André ter Stegen,GK,1,90,0,0,0,0,
766,Luis Suárez,FW,1,90,0,2,0,0,
766,Lionel Messi,FW,1,90,2,1,0,0,
766,Andrés Iniesta,MF,1,55,0,0,0,0,
766,Paulinho,MF,0,35,0,0,0,0,
766,Ivan Rakitić,MF,1,90,0,0,0,0,
766,Sergio Busquets,MF,1,60,0,0,0,0,
766,André Gomes,MF,0,30,0,0,0,0,
766,Ousmane Dembélé,MF,1,66,1,0,0,0,
766,Aleix Vidal,DF,0,24,0,0,0,0,
766,Jordi Alba,DF,1,90,0,0,0,0,
766,Samuel Umtiti,DF,1,90,0,0,0,0,
766,Gerard Piqué,DF,1,90,0,0,0,0,
766,Sergi Roberto,DF,1,90,0,0,1,0,
766,Marc-André ter Stegen,GK,1,90,0,0,0,0,
767,Paco Alcácer,FW,1,73,1,0,0,0,
767,Aleix Vidal,DF,0,17,0,0,0,0,
767,Lionel Messi,FW,1,90,1,0,0,0,
767,Philippe Coutinho,MF,1,84,0,0,0,0,
767,André Gomes,MF,0,6,0,0,0,0,
767,Ivan Rakitić,MF,1,90,0,0,0,0,
767,Paulinho,MF,1,90,0,0,0,0,
767,Ousmane Dembélé,MF,1,63,0,1,1,0,
767,Andrés Iniesta,MF,0,27,0,0,0,0,
767,Jordi Alba,DF,1,90,0,1,0,0,
767,Samuel Umtiti,DF,1,90,0,0,1,0,
767,Gerard Piqué,DF,1,90,0,0,0,0,
767,Sergi Roberto,DF,1,90,0,0,0,0,
767,Marc-André ter Stegen,GK,1,90,0,0,0,0,
768,Philippe Coutinho,MF,1,90,0,1,0,0,
768,Luis Suárez,FW,1,90,1,0,0,0,
768,Ousmane Dembélé,MF,1,57,0,0,0,0,
768,Lionel Messi,FW,0,33,1,0,0,0,
768,Andrés Iniesta,MF,1,80,0,0,0,0,
768,Paco Alcácer,FW,0,10,0,0,0,0,
768,Ivan Rakitić,MF,1,90,0,0,0,0,
768,Paulinho,MF,1,76,0,0,0,0,
768,Denis Suárez,MF,0,14,0,0,0,0,
768,Jordi Alba,DF,1,90,0,0,0,0,
768,Samuel Umtiti,DF,1,90,0,0,0,0,
768,Gerard Piqué,DF,1,90,0,0,0,0,
768,Sergi Roberto,DF,1,90,0,0,0,0,
768,Marc-André ter Stegen,GK,1,90,0,0,0,0,
769,Luis Suárez,FW,1,90,1,1,0,0,
769,Lionel Messi,FW,1,90,0,0,0,0,
769,Andrés Iniesta,MF,1,84,0,0,0,0,
769,Denis Suárez,MF,0,6,0,0,0,0,
769,Ivan Rakitić,MF,1,90,0,0,0,0,
769,Sergio Busquets,MF,1,66,0,0,0,0,
769,Paulinho,MF,0,24,0,0,0,0,
769,Sergi Roberto,DF,1,82,0,0,0,0,
769,André Gomes,MF,0,8,0,0,0,0,
769,Jordi Alba,DF,1,90,0,0,0,0,
769,Samuel Umtiti,DF,1,90,0,0,0,0,
769,Gerard Piqué,DF,1,90,1,0,0,0,
769,Nélson Semedo,DF,1,90,0,0,0,0,
769,Marc-André ter Stegen,GK,1,90,0,0,0,0,
770,Luis Suárez,FW,1,90,0,0,0,0,
770,Philippe Coutinho,MF,1,80,0,1,1,0,
770,Andrés Iniesta,MF,0,10,0,0,0,0,
770,Lionel Messi,FW,1,90,3,0,0,0,
770,Ousmane Dembélé,MF,1,87,0,1,0,0,
770,Denis Suárez,MF,0,3,0,0,0,0,
770,André Gomes,MF,1,90,0,0,0,0,
770,Ivan Rakitić,MF,1,90,0,0,0,0,
770,Sergi Roberto,DF,1,73,0,0,0,0,
770,Jordi Alba,DF,0,17,0,0,1,0,
770,Thomas Vermaelen,DF,1,90,0,0,0,0,
770,Gerard Piqué,DF,1,90,0,0,0,0,
770,Nélson Semedo,DF,1,90,0,0,0,0,
770,Marc-André ter Stegen,GK,1,90,0,0,0,0,
771,Luis Suárez,FW,1,90,0,0,1,0,
771,Lionel Messi,FW,1,90,0,0,1,0,
771,Andrés Iniesta,MF,1,80,0,0,0,0,
771,André Gomes,MF,0,10,0,0,0,0,
771,Sergio Busquets,MF,1,84,0,0,0,0,
771,Paco Alcácer,FW,0,6,0,0,0,0,
771,Ivan Rakitić,MF,1,90,0,0,0,0,
771,Sergi Roberto,DF,1,90,0,0,0,0,
771,Jordi Alba,DF,1,90,0,0,0,0,
771,Samuel Umtiti,DF,1,90,0,0,0,0,
771,Gerard Piqué,DF,1,90,0,0,1,0,
771,Nélson Semedo,DF,1,84,0,0,0,0,
771,Ousmane Dembélé,MF,0,6,0,0,0,0,
771,Marc-André ter Stegen,GK,1,90,0,0,0,0,
772,Luis Suárez,FW,1,90,1,0,0,0,
772,Lionel Messi,FW,1,90,0,0,0,0,
772,Andrés Iniesta,MF,1,83,0,0,0,0,
772,Denis Suárez,MF,0,7,0,0,0,0,
772,Paulinho,MF,1,90,0,0,0,0,
772,Sergio Busquets,MF,1,90,0,0,0,0,
772,Philippe Coutinho,MF,1,78,0,2,0,0,
772,Ousmane Dembélé,MF,0,12,0,0,1,0,
772,Jordi Alba,DF,1,90,0,0,0,0,
772,Samuel Umtiti,DF,1,90,1,0,0,0,
772,Gerard Piqué,DF,1,90,0,0,1,0,
772,Sergi Roberto,DF,1,89,0,0,0,0,
772,Nélson Semedo,DF,0,1,0,0,0,0,
772,Marc-André ter Stegen,GK,1,90,0,0,0,0,
773,Paco Alcácer,FW,1,90,1,1,0,0,
773,Philippe Coutinho,MF,1,59,0,0,0,0,
773,Lionel Messi,FW,0,31,0,0,0,0,
773,Denis Suárez,MF,1,90,0,0,0,0,
773,Ousmane Dembélé,MF,1,77,1,0,0,0,
773,Aleix Vidal,DF,0,13,0,0,0,0,
773,André Gomes,MF,1,59,0,0,0,0,
773,Sergi Roberto,DF,0,11,0,0,0,1,
773,Paulinho,MF,1,90,0,0,0,0,
773,Lucas Digne,DF,1,90,0,0,0,0,
773,Thomas Vermaelen,DF,1,90,0,0,0,0,
773,Yerry Mina,DF,1,90,0,0,0,0,
773,Nélson Semedo,DF,1,90,0,0,0,0,
773,Marc-André ter Stegen,GK,1,90,0,0,0,0,
775,Luis Suárez,FW,1,90,0,3,0,0,
775,Lionel Messi,FW,1,90,3,0,0,0,
775,Ousmane Dembélé,MF,1,67,0,1,0,0,
775,Denis Suárez,MF,0,23,0,0,0,0,
775,Philippe Coutinho,MF,1,73,1,0,0,0,
775,Paulinho,MF,0,17,0,0,0,0,
775,Sergio Busquets,MF,1,90,0,0,0,0,
775,Ivan Rakitić,MF,1,86,0,0,0,0,
775,Andrés Iniesta,MF,0,4,0,0,0,0,
775,Jordi Alba,DF,1,90,0,0,0,0,
775,Samuel Umtiti,DF,1,90,0,0,0,0,
775,Gerard Piqué,DF,1,90,0,0,0,0,
775,Nélson Semedo,DF,1,90,0,0,1,0,
775,Marc-André ter Stegen,GK,1,90,0,0,0,0,
776,Luis Suárez,FW,1,89,1,1,1,0,
776,Paco Alcácer,FW,0,1,0,0,0,0,
776,Lionel Messi,FW,1,90,1,0,1,0,
776,Andrés Iniesta,MF,1,57,0,0,0,0,
776,Paulinho,MF,0,33,0,0,0,0,
776,Ivan Rakitić,MF,1,90,0,0,1,0,
776,Sergio Busquets,MF,1,90,0,0,0,0,
776,Philippe Coutinho,MF,1,45,0,0,0,0,
776,Nélson Semedo,DF,0,45,0,0,0,0,
776,Jordi Alba,DF,1,90,0,0,0,0,
776,Samuel Umtiti,DF,1,90,0,0,0,0,
776,Gerard Piqué,DF,1,90,0,0,0,0,
776,Sergi Roberto,DF,1,44,0,1,0,1,
776,Marc-André ter Stegen,GK,1,90,0,0,0,0,
777,Philippe Coutinho,MF,1,90,1,0,0,0,
777,Lionel Messi,FW,1,90,1,0,0,0,
777,Ousmane Dembélé,MF,1,90,2,0,0,0,
777,Andrés Iniesta,MF,1,60,0,1,0,0,
777,Luis Suárez,FW,0,30,0,0,0,0,
777,Sergio Busquets,MF,1,64,0,0,0,0,
777,Ivan Rakitić,MF,0,26,0,1,0,0,
777,Paulinho,MF,1,90,1,0,0,0,
777,Lucas Digne,DF,1,90,0,1,0,0,
777,Thomas Vermaelen,DF,1,90,0,0,0,0,
777,Gerard Piqué,DF,1,79,0,0,0,0,
777,Yerry Mina,DF,0,11,0,1,0,0,
777,Nélson Semedo,DF,1,90,0,0,0,0,
777,Jasper Cillessen,GK,1,90,0,0,0,0,
778,Luis Suárez,FW,1,90,1,1,1,0,
778,Philippe Coutinho,MF,1,90,3,0,0,0,
778,Andrés Iniesta,MF,1,59,0,0,0,0,
778,Denis Suárez,MF,0,31,0,0,1,0,
778,Ousmane Dembélé,MF,1,59,0,0,0,0,
778,Paco Alcácer,FW,0,31,0,0,0,0,
778,Sergio Busquets,MF,1,90,0,1,1,0,
778,Ivan Rakitić,MF,1,90,0,0,0,0,
778,Jordi Alba,DF,1,90,0,0,0,0,
778,Thomas Vermaelen,DF,1,30,0,0,1,0,
778,Gerard Piqué,DF,0,60,0,0,1,0,
778,Yerry Mina,DF,1,90,0,0,1,0,
778,Nélson Semedo,DF,1,90,0,0,0,0,
778,Marc-André ter Stegen,GK,1,90,0,0,0,0,
779,Philippe Coutinho,MF,1,66,1,0,0,0,
779,Lionel Messi,FW,0,24,0,0,0,0,
779,Luis Suárez,FW,1,90,0,1,1,0,
779,Ousmane Dembélé,MF,1,52,0,0,0,0,
779,Denis Suárez,MF,0,38,0,0,0,0,
779,Andrés Iniesta,MF,1,81,0,0,0,0,
779,Paco Alcácer,FW,0,9,0,0,0,0,
779,Sergio Busquets,MF,1,90,0,0,0,0,
779,Ivan Rakitić,MF,1,90,0,0,1,0,
779,Jordi Alba,DF,1,90,0,0,1,0,
779,Yerry Mina,DF,1,90,0,0,0,0,
779,Gerard Piqué,DF,1,90,0,0,0,0,
779,Nélson Semedo,DF,1,90,0,0,0,0,
779,Marc-André ter Stegen,GK,1,90,0,0,0,0,
780,Ousmane Dembélé,MF,1,85,1,0,0,0,
780,Arturo Vidal,MF,0,5,0,0,0,0,
780,Luis Suárez,FW,1,90,0,0,0,0,
780,Lionel Messi,FW,1,90,0,1,0,0,
780,Arthur Melo,MF,1,52,0,0,0,0,
780,Philippe Coutinho,MF,0,38,0,0,0,0,
780,Sergio Busquets,MF,1,90,0,0,1,0,
780,Rafinha,MF,1,45,0,0,0,0,
780,Ivan Rakitić,MF,0,45,0,0,0,0,
780,Jordi Alba,DF,1,90,0,0,0,0,
780,Clément Lenglet,DF,1,90,0,0,1,0,
780,Gerard Piqué,DF,1,90,1,0,0,0,
780,Nélson Semedo,DF,1,90,0,0,0,0,
780,Marc-André ter Stegen,GK,1,90,0,0,1,0,
781,Lionel Messi,FW,1,90,2,0,0,0,
781,Luis Suárez,FW,1,90,0,1,0,0,
781,Ousmane Dembélé,MF,1,76,0,0,0,0,
781,Arthur Melo,MF,0,14,0,1,0,0,
781,Ivan Rakitić,MF,1,90,0,0,0,0,
781,Sergio Busquets,MF,1,84,0,0,0,0,
781,Arturo Vidal,MF,0,6,0,0,0,0,
781,Sergi Roberto,DF,1,90,0,0,0,0,
781,Jordi Alba,DF,1,90,0,0,0,0,
781,Samuel Umtiti,DF,1,90,0,0,0,0,
781,Gerard Piqué,DF,1,90,0,0,0,0,
781,Nélson Semedo,DF,1,45,0,0,0,0,
781,Philippe Coutinho,MF,0,45,1,0,0,0,
781,Marc-André ter Stegen,GK,1,90,0,0,0,0,
782,Ousmane Dembélé,MF,1,75,1,0,0,0,
782,Arturo Vidal,MF,0,15,0,0,0,0,
782,Luis Suárez,FW,1,89,0,0,0,0,
782,Munir El Haddadi,FW,0,1,0,0,0,0,
782,Lionel Messi,FW,1,90,0,0,0,0,
782,Philippe Coutinho,MF,1,83,0,0,0,0,
782,Malcom,FW,0,7,0,0,0,0,
782,Sergio Busquets,MF,1,90,0,0,0,0,
782,Ivan Rakitić,MF,1,90,0,0,0,0,
782,Jordi Alba,DF,1,90,0,0,0,0,
782,Samuel Umtiti,DF,1,90,0,0,0,0,
782,Gerard Piqué,DF,1,90,0,0,1,0,
782,Sergi Roberto,DF,1,90,0,1,0,0,
782,Marc-André ter Stegen,GK,1,90,0,0,0,0,
783,Ousmane Dembélé,MF,1,90,1,0,0,0,
783,Luis Suárez,FW,1,90,2,1,0,0,
783,Lionel Messi,FW,1,90,2,2,0,0,
783,Philippe Coutinho,MF,1,90,0,1,0,0,
783,Sergio Busquets,MF,1,75,0,0,0,0,
783,Arthur Melo,MF,0,15,0,0,0,0,
783,Ivan Rakitić,MF,1,70,1,1,0,0,
783,Arturo Vidal,MF,0,20,0,0,1,0,
783,Jordi Alba,DF,1,90,1,1,0,0,
783,Samuel Umtiti,DF,1,64,0,0,0,0,
783,Clément Lenglet,DF,0,26,0,0,0,0,
783,Gerard Piqué,DF,1,90,0,0,0,0,
783,Sergi Roberto,DF,1,90,0,0,0,0,
783,Marc-André ter Stegen,GK,1,90,0,0,0,0,
784,Ousmane Dembélé,MF,1,76,1,0,0,0,
784,Arturo Vidal,MF,0,14,0,0,0,0,
784,Luis Suárez,FW,1,90,1,0,0,0,
784,Lionel Messi,FW,1,90,0,0,0,0,
784,Rafinha,MF,1,56,0,0,0,0,
784,Sergio Busquets,MF,0,34,0,0,0,0,
784,Ivan Rakitić,MF,1,90,0,0,0,0,
784,Sergi Roberto,DF,1,90,0,0,0,0,
784,Jordi Alba,DF,1,90,0,0,0,0,
784,Samuel Umtiti,DF,1,90,0,1,1,0,
784,Gerard Piqué,DF,1,90,0,0,0,0,
784,Nélson Semedo,DF,1,45,0,0,0,0,
784,Philippe Coutinho,MF,0,45,0,0,0,0,
784,Marc-André ter Stegen,GK,1,90,0,0,0,0,
785,Ousmane Dembélé,MF,1,82,1,0,0,0,
785,Arthur Melo,MF,0,8,0,0,0,0,
785,Luis Suárez,FW,1,90,0,1,0,0,
785,Lionel Messi,FW,1,90,3,0,0,0,
785,Philippe Coutinho,MF,1,79,0,1,0,0,
785,Clément Lenglet,DF,0,11,0,0,0,0,
785,Sergio Busquets,MF,1,90,0,0,0,0,
785,Ivan Rakitić,MF,1,84,0,1,0,0,
785,Arturo Vidal,MF,0,6,0,0,0,0,
785,Jordi Alba,DF,1,90,0,0,0,0,
785,Samuel Umtiti,DF,1,78,0,0,2,1,
785,Gerard Piqué,DF,1,90,0,0,0,0,
785,Sergi Roberto,DF,1,90,0,0,0,0,
785,Marc-André ter Stegen,GK,1,90,0,0,0,0,
786,Ousmane Dembélé,MF,1,45,0,0,0,0,
786,Samuel Umtiti,DF,0,45,0,0,0,0,
786,Luis Suárez,FW,1,90,0,0,0,0,
786,Lionel Messi,FW,1,90,1,0,0,0,
786,Arthur Melo,MF,1,57,0,0,1,0,
786,Philippe Coutinho,MF,0,33,0,0,0,0,
786,Sergio Busquets,MF,1,90,0,0,0,0,
786,Arturo Vidal,MF,1,57,0,1,0,0,
786,Ivan Rakitić,MF,0,33,0,0,0,0,
786,Jordi Alba,DF,1,90,0,0,0,0,
786,Clément Lenglet,DF,1,34,0,0,0,1,
786,Gerard Piqué,DF,1,90,1,0,1,0,
786,Nélson Semedo,DF,1,90,0,0,1,0,
786,Marc-André ter Stegen,GK,1,90,0,0,0,0,
787,Ousmane Dembélé,MF,1,70,0,0,0,0,
787,Malcom,FW,0,20,0,0,0,0,
787,Lionel Messi,FW,1,90,0,1,0,0,
787,Munir El Haddadi,FW,1,60,0,0,0,0,
787,Luis Suárez,FW,0,30,0,0,0,0,
787,Philippe Coutinho,MF,1,90,1,0,0,0,
787,Sergio Busquets,MF,1,90,0,0,0,0,
787,Ivan Rakitić,MF,1,90,0,0,0,0,
787,Thomas Vermaelen,DF,1,69,0,0,1,0,
787,Jordi Alba,DF,0,21,0,0,0,0,
787,Samuel Umtiti,DF,1,90,0,0,1,0,
787,Gerard Piqué,DF,1,90,0,0,0,0,
787,Sergi Roberto,DF,1,90,0,0,0,0,
787,Marc-André ter Stegen,GK,1,90,0,0,0,0,
788,Philippe Coutinho,MF,1,90,0,0,0,0,
788,Luis Suárez,FW,1,90,0,0,0,0,
788,Ousmane Dembélé,MF,1,79,0,0,0,0,
788,Munir El Haddadi,FW,0,11,1,0,0,0,
788,Ivan Rakitić,MF,1,90,0,0,1,0,
788,Sergi Roberto,DF,1,50,0,0,0,0,
788,Sergio Busquets,MF,0,40,0,0,1,0,
788,Arturo Vidal,MF,1,54,0,0,0,0,
788,Lionel Messi,FW,0,36,0,1,1,0,
788,Jordi Alba,DF,1,90,0,0,0,0,
788,Clément Lenglet,DF,1,90,0,0,0,0,
788,Gerard Piqué,DF,1,90,0,0,0,0,
788,Nélson Semedo,DF,1,90,0,0,0,0,
788,Marc-André ter Stegen,GK,1,90,0,0,0,0,
789,Philippe Coutinho,MF,1,82,1,1,0,0,
789,Rafinha,MF,0,8,0,0,0,0,
789,Luis Suárez,FW,1,90,0,0,0,0,
789,Lionel Messi,FW,1,90,2,0,0,0,
789,Ivan Rakitić,MF,1,90,1,0,0,0,
789,Sergio Busquets,MF,1,89,0,0,1,0,
789,Thomas Vermaelen,DF,0,1,0,0,0,0,
789,Arthur Melo,MF,1,86,0,0,1,0,
789,Arturo Vidal,MF,0,4,0,0,0,0,
789,Jordi Alba,DF,1,90,0,3,0,0,
789,Clément Lenglet,DF,1,90,0,0,0,0,
789,Gerard Piqué,DF,1,90,0,0,0,0,
789,Nélson Semedo,DF,1,90,0,0,0,0,
789,Marc-André ter Stegen,GK,1,90,0,0,0,0,
790,Philippe Coutinho,MF,1,83,0,0,1,0,
790,Ousmane Dembélé,MF,0,7,0,0,0,0,
790,Luis Suárez,FW,1,90,0,1,1,0,
790,Lionel Messi,FW,1,90,1,0,0,0,
790,Arthur Melo,MF,1,87,0,0,0,0,
790,Rafinha,MF,0,3,0,0,0,0,
790,Sergio Busquets,MF,1,90,0,0,0,0,
790,Ivan Rakitić,MF,1,90,0,0,0,0,
790,Jordi Alba,DF,1,90,0,0,0,0,
790,Thomas Vermaelen,DF,1,90,0,0,0,0,
790,Gerard Piqué,DF,1,90,0,0,0,0,
790,Nélson Semedo,DF,1,90,0,0,0,0,
790,Marc-André ter Stegen,GK,1,90,0,0,0,0,
791,Philippe Coutinho,MF,1,90,1,0,0,0,
791,Luis Suárez,FW,1,80,1,1,0,0,
791,Munir El Haddadi,FW,0,10,0,0,0,0,
791,Lionel Messi,FW,1,25,1,1,0,0,
791,Ousmane Dembélé,MF,0,65,0,0,0,0,
791,Arthur Melo,MF,1,66,0,0,0,0,
791,Sergi Roberto,DF,0,24,0,0,0,0,
791,Sergio Busquets,MF,1,90,0,0,0,0,
791,Ivan Rakitić,MF,1,90,1,0,0,0,
791,Jordi Alba,DF,1,90,0,0,0,0,
791,Clément Lenglet,DF,1,90,0,0,0,0,
791,Gerard Piqué,DF,1,90,0,0,0,0,
791,Nélson Semedo,DF,1,90,0,0,0,0,
791,Marc-André ter Stegen,GK,1,90,0,0,0,0,
792,Philippe Coutinho,MF,1,87,0,0,0,0,
792,Munir El Haddadi,FW,0,3,0,0,0,0,
792,Luis Suárez,FW,1,90,0,1,1,0,
792,Rafinha,MF,1,71,1,0,0,0,
792,Nélson Semedo,DF,0,19,0,0,0,0,
792,Arthur Melo,MF,1,77,0,0,0,0,
792,Arturo Vidal,MF,0,13,0,0,0,0,
792,Sergio Busquets,MF,1,90,0,0,0,0,
792,Ivan Rakitić,MF,1,90,0,1,0,0,
792,Jordi Alba,DF,1,90,1,0,0,0,
792,Clément Lenglet,DF,1,90,0,0,0,0,
792,Gerard Piqué,DF,1,90,0,0,0,0,
792,Sergi Roberto,DF,1,90,0,0,0,0,
792,Marc-André ter Stegen,GK,1,90,0,0,0,0,
793,Philippe Coutinho,MF,1,73,1,0,0,0,
793,Ousmane Dembélé,MF,0,17,0,1,0,0,
793,Luis Suárez,FW,1,90,3,0,1,0,
793,Rafinha,MF,1,68,0,0,0,0,
793,Nélson Semedo,DF,0,22,0,0,0,0,
793,Arthur Melo,MF,1,83,0,0,0,0,
793,Arturo Vidal,MF,0,7,1,0,0,0,
793,Sergio Busquets,MF,1,90,0,0,0,0,
793,Ivan Rakitić,MF,1,90,0,0,1,0,
793,Jordi Alba,DF,1,90,0,1,0,0,
793,Clément Lenglet,DF,1,90,0,0,0,0,
793,Gerard Piqué,DF,1,90,0,0,0,0,
793,Sergi Roberto,DF,1,90,0,2,0,0,
793,Marc-André ter Stegen,GK,1,90,0,0,0,0,
794,Ousmane Dembélé,MF,1,90,0,1,0,0,
794,Munir El Haddadi,FW,1,90,0,0,0,0,
794,Malcom,FW,1,79,0,0,0,0,
794,Arthur Melo,MF,0,11,0,0,0,0,
794,Denis Suárez,MF,1,90,0,0,0,0,
794,Sergi Samper,MF,1,32,0,0,0,0,
794,Carles Aleñá,MF,0,58,0,0,0,0,
794,Arturo Vidal,MF,1,90,0,0,0,0,
794,Juan Miranda,DF,1,90,0,0,1,0,
794,Jorge Cuenca,DF,1,60,0,0,0,0,
794,Clément Lenglet,DF,0,30,1,0,0,0,
794,Chumi,DF,1,90,0,0,0,0,
794,Nélson Semedo,DF,1,90,0,0,0,0,
794,Jasper Cillessen,GK,1,90,0,0,0,0,
795,Philippe Coutinho,MF,1,66,0,0,0,0,
795,Munir El Haddadi,FW,0,24,0,0,0,0,
795,Luis Suárez,FW,1,90,2,0,0,0,
795,Rafinha,MF,1,51,0,0,0,0,
795,Ousmane Dembélé,MF,0,39,1,0,0,0,
795,Arthur Melo,MF,1,66,0,0,0,0,
795,Arturo Vidal,MF,0,24,0,0,0,0,
795,Sergio Busquets,MF,1,90,0,0,0,0,
795,Ivan Rakitić,MF,1,90,0,0,0,0,
795,Jordi Alba,DF,1,90,0,1,1,0,
795,Clément Lenglet,DF,1,90,0,0,1,0,
795,Gerard Piqué,DF,1,90,0,1,0,0,
795,Sergi Roberto,DF,1,90,0,1,0,0,
795,Marc-André ter Stegen,GK,1,90,0,0,0,0,
796,Philippe Coutinho,MF,1,90,0,1,0,0,
796,Luis Suárez,FW,1,90,0,0,0,0,
796,Ousmane Dembélé,MF,1,80,0,0,0,0,
796,Malcom,FW,0,10,1,0,0,0,
796,Arthur Melo,MF,1,73,0,0,0,0,
796,Arturo Vidal,MF,0,17,0,0,0,0,
796,Sergio Busquets,MF,1,90,0,0,0,0,
796,Ivan Rakitić,MF,1,90,0,0,1,0,
796,Jordi Alba,DF,1,90,0,0,0,0,
796,Clément Lenglet,DF,1,90,0,0,0,0,
796,Gerard Piqué,DF,1,90,0,0,0,0,
796,Sergi Roberto,DF,1,90,0,0,0,0,
796,Marc-André ter Stegen,GK,1,90,0,0,0,0,
797,Malcom,FW,1,56,0,0,0,0,
797,Munir El Haddadi,FW,0,34,0,1,0,0,
797,Luis Suárez,FW,1,90,0,0,0,0,
797,Lionel Messi,FW,1,90,2,0,0,0,
797,Arthur Melo,MF,1,45,0,0,0,0,
797,Arturo Vidal,MF,0,45,1,1,1,0,
797,Sergio Busquets,MF,1,68,0,0,1,0,
797,Carles Aleñá,MF,0,22,0,0,0,0,
797,Ivan Rakitić,MF,1,80,0,0,2,1,
797,Jordi Alba,DF,1,90,0,0,0,0,
797,Clément Lenglet,DF,1,90,0,0,0,0,
797,Gerard Piqué,DF,1,90,0,0,0,0,
797,Sergi Roberto,DF,1,90,0,0,0,0,
797,Marc-André ter Stegen,GK,1,90,0,0,0,0,
798,Luis Suárez,FW,1,90,0,0,0,0,
798,Lionel Messi,FW,1,90,0,1,0,0,
798,Arturo Vidal,MF,1,84,0,0,0,0,
798,Malcom,FW,0,6,0,0,0,0,
798,Arthur Melo,MF,1,79,0,0,0,0,
798,Ousmane Dembélé,MF,0,11,1,0,0,0,
798,Sergio Busquets,MF,1,90,0,0,1,0,
798,Sergi Roberto,DF,1,45,0,0,0,0,
798,Rafinha,MF,0,45,0,0,1,0,
798,Jordi Alba,DF,1,90,0,0,0,0,
798,Samuel Umtiti,DF,1,90,0,0,1,0,
798,Gerard Piqué,DF,1,90,0,0,0,0,
798,Nélson Semedo,DF,1,90,0,0,0,0,
798,Marc-André ter Stegen,GK,1,90,0,0,0,0,
799,Philippe Coutinho,MF,1,69,0,0,0,0,
799,Malcom,FW,0,21,0,0,0,0,
799,Lionel Messi,FW,1,90,1,1,0,0,
799,Ousmane Dembélé,MF,1,79,0,1,0,0,
799,Denis Suárez,MF,0,11,0,0,0,0,
799,Arturo Vidal,MF,1,90,0,0,0,0,
799,Sergio Busquets,MF,1,90,0,0,0,0,
799,Ivan Rakitić,MF,1,90,0,0,0,0,
799,Jordi Alba,DF,1,90,0,0,1,0,
799,Clément Lenglet,DF,1,90,0,0,0,0,
799,Gerard Piqué,DF,1,90,1,0,1,0,
799,Nélson Semedo,DF,1,90,0,0,0,0,
799,Marc-André ter Stegen,GK,1,90,0,0,0,0,
800,Lionel Messi,FW,1,90,0,1,0,0,
800,Philippe Coutinho,MF,1,79,0,0,0,0,
800,Malcom,FW,0,11,0,0,0,0,
800,Arturo Vidal,MF,1,69,0,0,0,0,
800,Carles Aleñá,MF,0,21,1,0,0,0,
800,Ivan Rakitić,MF,1,90,0,0,0,0,
800,Ousmane Dembélé,MF,1,90,0,1,0,0,
800,Sergio Busquets,MF,1,90,0,0,0,0,
800,Jordi Alba,DF,1,90,0,0,1,0,
800,Clément Lenglet,DF,1,90,0,0,1,0,
800,Gerard Piqué,DF,1,90,1,0,0,0,
800,Nélson Semedo,DF,1,90,0,0,0,0,
800,Marc-André ter Stegen,GK,1,90,0,0,0,0,
801,Denis Suárez,MF,1,90,2,0,0,0,
801,Munir El Haddadi,FW,1,90,1,0,0,0,
801,Malcom,FW,1,90,1,0,0,0,
801,Carles Aleñá,MF,1,90,0,0,0,0,
801,Oriol Busquets,MF,1,54,0,0,0,0,
801,Riqui Puig,MF,0,36,0,1,0,0,
801,Ivan Rakitić,MF,1,45,0,3,0,0,
801,Sergio Busquets,MF,0,45,0,0,0,0,
801,Juan Miranda,DF,1,90,0,0,1,0,
801,Thomas Vermaelen,DF,1,90,0,0,0,0,
801,Chumi,DF,1,90,0,0,0,0,
801,Nélson Semedo,DF,1,61,0,0,0,0,
801,Clément Lenglet,DF,0,29,0,0,0,0,
801,Jasper Cillessen,GK,1,90,0,0,0,0,
802,Ousmane Dembélé,MF,1,67,1,1,0,0,
802,Philippe Coutinho,MF,0,23,0,0,0,0,
802,Luis Suárez,FW,1,78,1,0,0,0,
802,Munir El Haddadi,FW,0,12,0,0,0,0,
802,Lionel Messi,FW,1,90,2,1,0,0,
802,Arturo Vidal,MF,1,90,0,0,0,0,
802,Sergio Busquets,MF,1,90,0,0,0,0,
802,Ivan Rakitić,MF,1,81,0,0,0,0,
802,Denis Suárez,MF,0,9,0,0,0,0,
802,Jordi Alba,DF,1,90,0,0,0,0,
802,Clément Lenglet,DF,1,90,0,0,0,0,
802,Gerard Piqué,DF,1,90,0,0,0,0,
802,Nélson Semedo,DF,1,90,0,0,0,0,
802,Marc-André ter Stegen,GK,1,90,0,0,0,0,
803,Philippe Coutinho,MF,1,90,0,0,0,0,
803,Munir El Haddadi,FW,1,62,0,0,0,0,
803,Lionel Messi,FW,0,28,0,0,0,0,
803,Ousmane Dembélé,MF,1,75,1,0,0,0,
803,Denis Suárez,MF,0,15,0,0,0,0,
803,Ivan Rakitić,MF,1,45,0,0,0,0,
803,Sergio Busquets,MF,0,45,0,0,0,0,
803,Carles Aleñá,MF,1,90,0,0,0,0,
803,Arthur Melo,MF,1,90,0,0,0,0,
803,Juan Miranda,DF,1,90,0,0,0,0,
803,Thomas Vermaelen,DF,1,90,0,0,0,0,
803,Clément Lenglet,DF,1,90,0,0,0,0,
803,Nélson Semedo,DF,1,90,0,0,1,0,
803,Jasper Cillessen,GK,1,90,0,0,0,0,
804,Lionel Messi,FW,1,90,3,2,0,0,
804,Luis Suárez,FW,1,90,1,0,0,0,
804,Jordi Alba,DF,1,90,0,0,1,0,
804,Arturo Vidal,MF,1,77,0,1,0,0,
804,Philippe Coutinho,MF,0,13,0,0,0,0,
804,Sergio Busquets,MF,1,90,0,1,0,0,
804,Ivan Rakitić,MF,1,90,0,0,1,0,
804,Ousmane Dembélé,MF,1,80,0,0,1,0,
804,Denis Suárez,MF,0,10,0,0,0,0,
804,Thomas Vermaelen,DF,1,51,0,0,0,0,
804,Arthur Melo,MF,0,39,0,0,0,0,
804,Clément Lenglet,DF,1,90,0,0,0,0,
804,Gerard Piqué,DF,1,90,1,0,0,0,
804,Marc-André ter Stegen,GK,1,90,0,0,0,0,
805,Ousmane Dembélé,MF,1,67,1,0,0,0,
805,Philippe Coutinho,MF,0,23,0,0,0,0,
805,Luis Suárez,FW,1,90,0,0,0,0,
805,Lionel Messi,FW,1,90,1,0,0,0,
805,Ivan Rakitić,MF,1,90,0,0,0,0,
805,Sergio Busquets,MF,1,85,0,0,0,0,
805,Carles Aleñá,MF,0,5,0,0,0,0,
805,Arturo Vidal,MF,1,62,0,0,0,0,
805,Arthur Melo,MF,0,28,0,0,0,0,
805,Jordi Alba,DF,1,90,0,1,0,0,
805,Clément Lenglet,DF,1,90,0,0,0,0,
805,Gerard Piqué,DF,1,90,0,0,0,0,
805,Nélson Semedo,DF,1,90,0,0,0,0,
805,Marc-André ter Stegen,GK,1,90,0,0,0,0,
806,Ousmane Dembélé,MF,1,83,0,0,0,0,
806,Philippe Coutinho,MF,0,7,0,0,0,0,
806,Luis Suárez,FW,1,90,1,0,0,0,
806,Lionel Messi,FW,1,90,1,0,0,0,
806,Arturo Vidal,MF,1,69,0,0,1,0,
806,Sergio Busquets,MF,0,21,0,0,0,0,
806,Ivan Rakitić,MF,1,90,0,0,0,0,
806,Arthur Melo,MF,1,87,0,0,1,0,
806,Carles Aleñá,MF,0,3,0,0,0,0,
806,Jordi Alba,DF,1,90,0,0,1,0,
806,Clément Lenglet,DF,1,90,0,0,0,0,
806,Gerard Piqué,DF,1,90,0,0,0,0,
806,Sergi Roberto,DF,1,90,0,0,0,0,
806,Marc-André ter Stegen,GK,1,90,0,0,0,0,
807,Ousmane Dembélé,MF,1,90,0,0,0,0,
807,Philippe Coutinho,MF,1,90,1,0,0,0,
807,Malcom,FW,1,66,0,0,0,0,
807,Denis Suárez,MF,0,24,0,0,0,0,
807,Juan Miranda,DF,1,45,0,0,0,0,
807,Sergi Roberto,DF,0,45,0,0,0,0,
807,Arturo Vidal,MF,1,90,0,0,0,0,
807,Carles Aleñá,MF,1,90,0,0,1,0,
807,Nélson Semedo,DF,1,90,0,0,0,0,
807,Chumi,DF,1,57,0,0,1,0,
807,Clément Lenglet,DF,0,33,0,0,0,0,
807,Sergio Busquets,MF,1,90,0,0,1,0,
807,Jeison Murillo,DF,1,90,0,0,1,0,
807,Jasper Cillessen,GK,1,90,0,0,0,0,
808,Philippe Coutinho,MF,1,90,0,1,0,0,
808,Luis Suárez,FW,1,90,2,1,1,0,
808,Lionel Messi,FW,1,90,1,0,0,0,
808,Arthur Melo,MF,1,71,0,0,0,0,
808,Ousmane Dembélé,MF,0,19,0,0,0,0,
808,Sergio Busquets,MF,1,65,0,0,0,0,
808,Arturo Vidal,MF,0,25,0,0,0,0,
808,Ivan Rakitić,MF,1,90,0,0,0,0,
808,Jordi Alba,DF,1,90,0,0,0,0,
808,Clément Lenglet,DF,1,90,0,0,0,0,
808,Gerard Piqué,DF,1,90,0,0,1,0,
808,Sergi Roberto,DF,1,82,0,1,0,0,
808,Nélson Semedo,DF,0,8,0,0,0,0,
808,Marc-André ter Stegen,GK,1,90,0,0,0,0,
809,Philippe Coutinho,MF,1,62,0,0,0,0,
809,Luis Suárez,FW,0,28,0,0,0,0,
809,Lionel Messi,FW,1,90,1,1,0,0,
809,Ousmane Dembélé,MF,1,76,2,0,0,0,
809,Denis Suárez,MF,0,14,0,0,0,0,
809,Arthur Melo,MF,1,90,0,0,0,0,
809,Ivan Rakitić,MF,1,90,0,0,1,0,
809,Arturo Vidal,MF,1,90,0,0,0,0,
809,Jordi Alba,DF,1,72,0,0,0,0,
809,Sergi Roberto,DF,0,18,0,0,0,0,
809,Clément Lenglet,DF,1,90,0,0,0,0,
809,Jeison Murillo,DF,1,90,0,0,1,0,
809,Nélson Semedo,DF,1,90,0,1,0,0,
809,Jasper Cillessen,GK,1,90,0,0,0,0,
810,Philippe Coutinho,MF,1,90,0,0,0,0,
810,Luis Suárez,FW,1,90,1,0,0,0,
810,Ousmane Dembélé,MF,1,68,1,0,0,0,
810,Malcom,FW,0,22,0,0,0,0,
810,Arthur Melo,MF,1,63,0,0,0,0,
810,Ivan Rakitić,MF,0,27,0,0,0,0,
810,Sergio Busquets,MF,1,90,0,0,1,0,
810,Carles Aleñá,MF,1,63,0,0,1,0,
810,Lionel Messi,FW,0,27,1,0,0,0,
810,Jordi Alba,DF,1,90,0,2,0,0,
810,Thomas Vermaelen,DF,1,90,0,0,0,0,
810,Gerard Piqué,DF,1,90,0,0,0,0,
810,Sergi Roberto,DF,1,90,0,0,1,0,
810,Marc-André ter Stegen,GK,1,90,0,0,0,0,
811,Carles Aleñá,MF,1,90,0,0,0,0,
811,Kevin-Prince Boateng,FW,1,62,0,0,0,0,
811,Luis Suárez,FW,0,28,0,0,0,0,
811,Malcom,FW,1,62,0,0,0,0,
811,Philippe Coutinho,MF,0,28,0,0,0,0,
811,Arthur Melo,MF,1,90,0,0,0,0,
811,Ivan Rakitić,MF,1,90,0,0,0,0,
811,Arturo Vidal,MF,1,90,0,0,0,0,
811,Nélson Semedo,DF,1,79,0,0,0,0,
811,Jordi Alba,DF,0,11,0,0,1,0,
811,Clément Lenglet,DF,1,90,0,0,0,0,
811,Gerard Piqué,DF,1,90,0,0,0,0,
811,Sergi Roberto,DF,1,90,0,0,0,0,
811,Jasper Cillessen,GK,1,90,0,0,0,0,
812,Philippe Coutinho,MF,1,90,0,0,0,0,
812,Luis Suárez,FW,1,90,0,0,0,0,
812,Lionel Messi,FW,1,90,1,0,0,0,
812,Ivan Rakitić,MF,1,90,0,0,0,0,
812,Sergio Busquets,MF,1,81,0,0,1,0,
812,Sergi Roberto,DF,0,9,0,0,0,0,
812,Arturo Vidal,MF,1,57,0,0,1,0,
812,Arthur Melo,MF,0,33,0,0,0,0,
812,Jordi Alba,DF,1,90,0,1,0,0,
812,Clément Lenglet,DF,1,76,0,0,1,0,
812,Thomas Vermaelen,DF,0,14,0,0,0,0,
812,Gerard Piqué,DF,1,90,0,0,0,0,
812,Nélson Semedo,DF,1,90,1,0,0,0,
812,Marc-André ter Stegen,GK,1,90,0,0,0,0,
813,Philippe Coutinho,MF,1,80,2,0,0,0,
813,Nélson Semedo,DF,0,10,0,0,0,0,
813,Luis Suárez,FW,1,90,1,1,1,0,
813,Lionel Messi,FW,1,90,1,1,0,0,
813,Arthur Melo,MF,1,89,0,1,0,0,
813,Carles Aleñá,MF,0,1,0,0,0,0,
813,Sergio Busquets,MF,1,90,0,0,0,0,
813,Ivan Rakitić,MF,1,75,1,0,0,0,
813,Arturo Vidal,MF,0,15,0,0,0,0,
813,Jordi Alba,DF,1,90,0,2,0,0,
813,Clément Lenglet,DF,1,90,0,0,0,0,
813,Gerard Piqué,DF,1,90,0,0,0,0,
813,Sergi Roberto,DF,1,90,1,0,0,0,
813,Jasper Cillessen,GK,1,90,0,0,0,0,
814,Philippe Coutinho,MF,1,83,0,0,0,0,
814,Malcom,FW,0,7,0,0,0,0,
814,Luis Suárez,FW,1,90,0,0,0,0,
814,Lionel Messi,FW,1,90,2,0,0,0,
814,Arturo Vidal,MF,1,90,0,1,0,0,
814,Ivan Rakitić,MF,1,90,0,0,1,0,
814,Carles Aleñá,MF,1,65,0,0,0,0,
814,Arthur Melo,MF,0,25,0,0,0,0,
814,Sergi Roberto,DF,1,90,0,0,1,0,
814,Thomas Vermaelen,DF,1,90,0,0,0,0,
814,Gerard Piqué,DF,1,90,0,0,0,0,
814,Nélson Semedo,DF,1,45,0,0,0,0,
814,Jordi Alba,DF,0,45,0,0,1,0,
814,Marc-André ter Stegen,GK,1,90,0,0,0,0,
815,Philippe Coutinho,MF,1,62,0,0,0,0,
815,Lionel Messi,FW,0,28,0,0,0,0,
815,Luis Suárez,FW,1,90,0,0,1,0,
815,Malcom,FW,1,75,1,0,0,0,
815,Carles Aleñá,MF,0,15,0,0,0,0,
815,Arthur Melo,MF,1,90,0,0,0,0,
815,Sergio Busquets,MF,1,90,0,0,0,0,
815,Ivan Rakitić,MF,1,62,0,0,0,0,
815,Arturo Vidal,MF,0,28,0,0,1,0,
815,Jordi Alba,DF,1,90,0,0,1,0,
815,Clément Lenglet,DF,1,90,0,0,0,0,
815,Gerard Piqué,DF,1,90,0,0,0,0,
815,Nélson Semedo,DF,1,90,0,0,1,0,
815,Marc-André ter Stegen,GK,1,90,0,0,0,0,
816,Philippe Coutinho,MF,1,74,0,0,0,0,
816,Ousmane Dembélé,MF,0,16,0,0,0,0,
816,Luis Suárez,FW,1,90,0,0,0,0,
816,Lionel Messi,FW,1,90,0,0,0,0,
816,Arturo Vidal,MF,1,62,0,0,0,0,
816,Carles Aleñá,MF,0,28,0,0,0,0,
816,Sergio Busquets,MF,1,90,0,0,1,0,
816,Ivan Rakitić,MF,1,90,0,0,0,0,
816,Nélson Semedo,DF,1,90,0,0,0,0,
816,Clément Lenglet,DF,1,87,0,0,1,0,
816,Thomas Vermaelen,DF,0,3,0,0,0,0,
816,Gerard Piqué,DF,1,90,0,0,0,0,
816,Sergi Roberto,DF,1,90,0,0,0,0,
816,Marc-André ter Stegen,GK,1,90,0,0,0,0,
817,Ousmane Dembélé,MF,1,69,0,0,0,0,
817,Philippe Coutinho,MF,0,21,0,0,0,0,
817,Kevin-Prince Boateng,FW,1,59,0,0,0,0,
817,Luis Suárez,FW,0,31,0,0,0,0,
817,Lionel Messi,FW,1,90,1,0,1,0,
817,Carles Aleñá,MF,1,75,0,0,0,0,
817,Ivan Rakitić,MF,0,15,0,0,0,0,
817,Sergio Busquets,MF,1,90,0,0,0,0,
817,Arturo Vidal,MF,1,90,0,0,0,0,
817,Jordi Alba,DF,1,90,0,0,0,0,
817,Thomas Vermaelen,DF,1,90,0,0,0,0,
817,Gerard Piqué,DF,1,90,0,0,0,0,
817,Sergi Roberto,DF,1,90,0,0,0,0,
817,Marc-André ter Stegen,GK,1,90,0,0,0,0,
818,Ousmane Dembélé,MF,1,66,0,0,0,0,
818,Philippe Coutinho,MF,0,24,0,0,0,0,
818,Luis Suárez,FW,1,90,0,0,0,0,
818,Lionel Messi,FW,1,90,0,0,0,0,
818,Ivan Rakitić,MF,1,90,0,0,0,0,
818,Sergio Busquets,MF,1,90,0,0,0,0,
818,Sergi Roberto,DF,1,80,0,0,1,0,
818,Arturo Vidal,MF,0,10,0,0,0,0,
818,Jordi Alba,DF,1,90,0,0,0,0,
818,Clément Lenglet,DF,1,90,0,0,0,0,
818,Gerard Piqué,DF,1,90,0,0,0,0,
818,Nélson Semedo,DF,1,90,0,0,1,0,
818,Marc-André ter Stegen,GK,1,90,0,0,0,0,
819,Philippe Coutinho,MF,1,78,0,0,0,0,
819,Carles Aleñá,MF,0,12,0,0,0,0,
819,Luis Suárez,FW,1,90,1,0,0,0,
819,Lionel Messi,FW,1,90,3,1,0,0,
819,Ivan Rakitić,MF,1,90,0,1,0,0,
819,Sergio Busquets,MF,1,90,0,0,0,0,
819,Arturo Vidal,MF,1,45,0,0,0,0,
819,Ousmane Dembélé,MF,0,45,0,1,0,0,
819,Jordi Alba,DF,1,90,0,0,0,0,
819,Samuel Umtiti,DF,1,90,0,0,0,0,
819,Gerard Piqué,DF,1,90,0,0,1,0,
819,Nélson Semedo,DF,1,45,0,0,0,0,
819,Sergi Roberto,DF,0,45,0,0,0,0,
819,Marc-André ter Stegen,GK,1,90,0,0,0,0,
820,Luis Suárez,FW,1,77,2,0,0,0,
820,Arturo Vidal,MF,0,13,0,0,0,0,
820,Lionel Messi,FW,1,90,0,0,0,0,
820,Ousmane Dembélé,MF,1,74,0,1,0,0,
820,Philippe Coutinho,MF,0,16,0,0,0,0,
820,Ivan Rakitić,MF,1,90,0,0,0,0,
820,Sergio Busquets,MF,1,85,0,0,1,0,
820,Arthur Melo,MF,0,5,0,0,0,0,
820,Sergi Roberto,DF,1,90,0,0,0,0,
820,Jordi Alba,DF,1,90,0,0,0,0,
820,Clément Lenglet,DF,1,90,0,0,0,0,
820,Gerard Piqué,DF,1,90,0,0,0,0,
820,Nélson Semedo,DF,1,90,0,0,1,0,
820,Marc-André ter Stegen,GK,1,90,0,0,0,0,
821,Ousmane Dembélé,MF,1,77,0,0,0,0,
821,Philippe Coutinho,MF,0,13,0,0,0,0,
821,Luis Suárez,FW,1,90,0,0,0,0,
821,Lionel Messi,FW,1,90,0,0,0,0,
821,Arthur Melo,MF,1,70,0,0,0,0,
821,Arturo Vidal,MF,0,20,0,0,0,0,
821,Sergio Busquets,MF,1,89,0,0,1,0,
821,Nélson Semedo,DF,0,1,0,0,0,0,
821,Ivan Rakitić,MF,1,90,1,0,0,0,
821,Jordi Alba,DF,1,90,0,0,0,0,
821,Clément Lenglet,DF,1,90,0,0,1,0,
821,Gerard Piqué,DF,1,90,0,0,0,0,
821,Sergi Roberto,DF,1,90,0,1,0,0,
821,Marc-André ter Stegen,GK,1,90,0,0,0,0,
822,Philippe Coutinho,MF,1,79,0,0,0,0,
822,Ivan Rakitić,MF,0,11,0,1,0,0,
822,Luis Suárez,FW,1,90,1,0,0,0,
822,Lionel Messi,FW,1,90,1,1,0,0,
822,Arthur Melo,MF,1,45,0,0,0,0,
822,Ousmane Dembélé,MF,0,45,0,0,0,0,
822,Sergio Busquets,MF,1,84,0,0,1,0,
822,Malcom,FW,0,6,0,0,0,0,
822,Arturo Vidal,MF,1,90,0,0,0,0,
822,Jordi Alba,DF,1,90,0,0,0,0,
822,Samuel Umtiti,DF,1,90,0,0,0,0,
822,Gerard Piqué,DF,1,90,1,0,0,0,
822,Nélson Semedo,DF,1,90,0,0,0,0,
822,Marc-André ter Stegen,GK,1,90,0,0,0,0,
823,Philippe Coutinho,MF,1,69,1,0,0,0,
823,Ousmane Dembélé,MF,0,21,1,0,0,0,
823,Luis Suárez,FW,1,90,0,1,0,0,
823,Lionel Messi,FW,1,90,2,2,0,0,
823,Ivan Rakitić,MF,1,90,0,0,0,0,
823,Sergio Busquets,MF,1,90,0,0,0,0,
823,Arthur Melo,MF,1,73,0,0,0,0,
823,Arturo Vidal,MF,0,17,0,0,0,0,
823,Jordi Alba,DF,1,90,0,0,0,0,
823,Clément Lenglet,DF,1,90,0,0,1,0,
823,Gerard Piqué,DF,1,90,1,0,0,0,
823,Sergi Roberto,DF,1,82,0,0,0,0,
823,Nélson Semedo,DF,0,8,0,0,0,0,
823,Marc-André ter Stegen,GK,1,90,0,0,0,0,
824,Lionel Messi,FW,1,90,3,0,0,0,
824,Luis Suárez,FW,1,89,1,1,0,0,
824,Philippe Coutinho,MF,0,1,0,0,0,0,
824,Arturo Vidal,MF,1,90,0,0,0,0,
824,Arthur Melo,MF,1,63,0,0,0,0,
824,Nélson Semedo,DF,0,27,0,0,1,0,
824,Sergio Busquets,MF,1,90,0,0,0,0,
824,Ivan Rakitić,MF,1,87,0,1,0,0,
824,Carles Aleñá,MF,0,3,0,0,0,0,
824,Jordi Alba,DF,1,90,0,0,0,0,
824,Clément Lenglet,DF,1,90,0,0,1,0,
824,Gerard Piqué,DF,1,90,0,1,0,0,
824,Sergi Roberto,DF,1,90,0,0,0,0,
824,Marc-André ter Stegen,GK,1,90,0,0,0,0,
825,Philippe Coutinho,MF,1,81,0,0,0,0,
825,Arturo Vidal,MF,0,9,0,0,0,0,
825,Luis Suárez,FW,1,90,0,0,0,0,
825,Lionel Messi,FW,1,90,2,0,0,0,
825,Arthur Melo,MF,1,58,0,0,0,0,
825,Malcom,FW,0,32,0,1,0,0,
825,Sergio Busquets,MF,1,90,0,0,0,0,
825,Ivan Rakitić,MF,1,90,0,0,0,0,
825,Jordi Alba,DF,1,90,0,0,0,0,
825,Clément Lenglet,DF,1,90,0,0,0,0,
825,Gerard Piqué,DF,1,90,0,0,0,0,
825,Nélson Semedo,DF,1,58,0,0,0,0,
825,Sergi Roberto,DF,0,32,0,0,0,0,
825,Marc-André ter Stegen,GK,1,90,0,0,0,0,
826,Philippe Coutinho,MF,1,60,1,0,0,0,
826,Lionel Messi,FW,0,30,1,0,1,0,
826,Luis Suárez,FW,1,90,1,0,1,0,
826,Malcom,FW,1,90,1,1,0,0,
826,Arthur Melo,MF,1,72,0,0,0,0,
826,Carles Aleñá,MF,0,18,0,0,1,0,
826,Sergio Busquets,MF,1,72,0,0,1,0,
826,Ivan Rakitić,MF,0,18,0,0,0,0,
826,Arturo Vidal,MF,1,90,0,1,1,0,
826,Jordi Alba,DF,1,90,0,0,0,0,
826,Clément Lenglet,DF,1,90,0,0,1,0,
826,Samuel Umtiti,DF,1,90,0,0,0,0,
826,Sergi Roberto,DF,1,90,0,0,1,0,
826,Marc-André ter Stegen,GK,1,90,0,0,0,0,
827,Philippe Coutinho,MF,1,79,0,0,0,0,
827,Carles Aleñá,MF,0,11,0,0,0,0,
827,Luis Suárez,FW,1,90,1,0,1,0,
827,Lionel Messi,FW,1,90,1,0,0,0,
827,Arthur Melo,MF,1,62,0,0,0,0,
827,Malcom,FW,0,28,0,0,0,0,
827,Sergio Busquets,MF,1,90,0,0,0,0,
827,Ivan Rakitić,MF,1,90,0,0,0,0,
827,Jordi Alba,DF,1,90,0,1,0,0,
827,Clément Lenglet,DF,1,90,0,0,1,0,
827,Gerard Piqué,DF,1,90,0,0,1,0,
827,Sergi Roberto,DF,1,83,0,0,0,0,
827,Nélson Semedo,DF,0,7,0,0,0,0,
827,Marc-André ter Stegen,GK,1,90,0,0,0,0,
828,Philippe Coutinho,MF,1,64,0,0,0,0,
828,Arturo Vidal,MF,0,26,0,0,1,0,
828,Luis Suárez,FW,1,90,0,0,0,0,
828,Lionel Messi,FW,1,90,0,0,0,0,
828,Ivan Rakitić,MF,1,90,0,0,0,0,
828,Sergio Busquets,MF,1,89,0,0,1,0,
828,Carles Aleñá,MF,0,1,0,0,0,0,
828,Arthur Melo,MF,1,65,0,0,0,0,
828,Sergi Roberto,DF,0,25,0,0,0,0,
828,Jordi Alba,DF,1,90,0,0,0,0,
828,Clément Lenglet,DF,1,90,0,0,0,0,
828,Gerard Piqué,DF,1,90,0,0,0,0,
828,Nélson Semedo,DF,1,90,0,0,0,0,
828,Marc-André ter Stegen,GK,1,90,0,0,0,0,
829,Kevin-Prince Boateng,FW,1,90,0,0,0,0,
829,Ousmane Dembélé,MF,1,66,0,0,0,0,
829,Philippe Coutinho,MF,0,24,0,0,0,0,
829,Malcom,FW,1,90,0,0,0,0,
829,Riqui Puig,MF,1,66,0,0,0,0,
829,Jordi Alba,DF,0,24,0,0,0,0,
829,Carles Aleñá,MF,1,80,0,0,0,0,
829,Arthur Melo,MF,0,10,0,0,0,0,
829,Moussa Wagué,MF,1,90,0,0,1,0,
829,Arturo Vidal,MF,1,90,0,0,0,0,
829,Jeison Murillo,DF,1,90,0,0,0,0,
829,Jean-Clair Todibo,DF,1,90,0,0,1,0,
829,Samuel Umtiti,DF,1,90,0,0,0,0,
829,Marc-André ter Stegen,GK,1,90,0,0,0,0,
830,Philippe Coutinho,MF,1,80,1,0,0,0,
830,Ousmane Dembélé,MF,0,10,0,0,0,0,
830,Luis Suárez,FW,1,90,0,0,1,0,
830,Lionel Messi,FW,1,90,2,0,0,0,
830,Arthur Melo,MF,1,74,0,0,0,0,
830,Arturo Vidal,MF,0,16,0,0,0,0,
830,Sergio Busquets,MF,1,90,0,0,0,0,
830,Ivan Rakitić,MF,1,90,0,0,0,0,
830,Jordi Alba,DF,1,90,0,1,0,0,
830,Clément Lenglet,DF,1,90,0,0,0,0,
830,Gerard Piqué,DF,1,90,0,0,0,0,
830,Sergi Roberto,DF,1,70,0,0,0,0,
830,Nélson Semedo,DF,0,20,0,0,0,0,
830,Marc-André ter Stegen,GK,1,90,0,0,0,0,
831,Ousmane Dembélé,MF,1,71,0,1,0,0,
831,Philippe Coutinho,MF,0,19,0,0,0,0,
831,Luis Suárez,FW,1,90,0,0,0,0,
831,Lionel Messi,FW,1,90,0,1,0,0,
831,Arthur Melo,MF,1,55,0,0,0,0,
831,Sergio Busquets,MF,0,35,0,0,0,0,
831,Ivan Rakitić,MF,1,90,0,0,0,0,
831,Arturo Vidal,MF,1,89,0,0,0,0,
831,Sergi Roberto,DF,0,1,0,0,0,0,
831,Jordi Alba,DF,1,90,1,0,0,0,
831,Clément Lenglet,DF,1,90,1,0,0,0,
831,Gerard Piqué,DF,1,90,0,0,0,0,
831,Nélson Semedo,DF,1,90,0,0,0,0,
831,Marc-André ter Stegen,GK,1,90,0,0,0,0,
832,Philippe Coutinho,MF,1,90,0,0,1,0,
832,Luis Suárez,FW,1,90,1,0,0,0,
832,Ousmane Dembélé,MF,1,60,0,0,0,0,
832,Lionel Messi,FW,0,30,0,0,0,0,
832,Carles Aleñá,MF,1,86,1,0,0,0,
832,Arthur Melo,MF,0,4,0,0,0,0,
832,Sergio Busquets,MF,1,90,0,0,0,0,
832,Arturo Vidal,MF,1,90,0,0,0,0,
832,Sergi Roberto,DF,1,90,0,1,0,0,
832,Samuel Umtiti,DF,1,90,0,0,0,0,
832,Gerard Piqué,DF,1,90,0,0,0,0,
832,Nélson Semedo,DF,1,69,0,0,0,0,
832,Jordi Alba,DF,0,21,0,0,0,0,
832,Marc-André ter Stegen,GK,1,90,0,0,0,0,
833,Philippe Coutinho,MF,1,45,0,0,0,0,
833,Lionel Messi,FW,0,45,1,0,0,0,
833,Luis Suárez,FW,1,90,0,0,0,0,
833,Ousmane Dembélé,MF,1,83,0,0,0,0,
833,Sergi Roberto,DF,0,7,0,0,0,0,
833,Arthur Melo,MF,1,72,0,0,0,0,
833,Sergio Busquets,MF,0,18,0,0,1,0,
833,Ivan Rakitić,MF,1,90,0,0,1,0,
833,Arturo Vidal,MF,1,90,0,1,0,0,
833,Jordi Alba,DF,1,90,0,0,0,0,
833,Clément Lenglet,DF,1,90,0,0,0,0,
833,Gerard Piqué,DF,1,90,0,0,1,0,
833,Nélson Semedo,DF,1,90,0,0,1,0,
833,Marc-André ter Stegen,GK,1,90,0,0,0,0,
834,Philippe Coutinho,MF,1,59,0,0,0,0,
834,Nélson Semedo,DF,0,31,0,0,0,0,
834,Luis Suárez,FW,1,89,1,1,1,0,
834,Ousmane Dembélé,MF,0,1,0,0,0,0,
834,Lionel Messi,FW,1,90,2,0,0,0,
834,Arturo Vidal,MF,1,90,0,0,0,0,
834,Sergio Busquets,MF,1,90,0,0,0,0,
834,Ivan Rakitić,MF,1,90,0,0,0,0,
834,Jordi Alba,DF,1,90,0,1,1,0,
834,Clément Lenglet,DF,1,90,0,0,1,0,
834,Gerard Piqué,DF,1,90,0,0,0,0,
834,Sergi Roberto,DF,1,89,0,0,0,0,
834,Carles Aleñá,MF,0,1,0,0,0,0,
834,Marc-André ter Stegen,GK,1,90,0,0,0,0,
835,Malcom,FW,1,90,0,0,0,0,
835,Kevin-Prince Boateng,FW,1,90,0,0,1,0,
835,Ousmane Dembélé,MF,1,5,0,0,0,0,
835,Álex Collado,MF,0,85,0,0,0,0,
835,Carles Aleñá,MF,1,90,0,0,0,0,
835,Arthur Melo,MF,1,61,0,0,0,0,
835,Arturo Vidal,MF,0,29,0,0,1,0,
835,Riqui Puig,MF,1,90,0,0,0,0,
835,Thomas Vermaelen,DF,1,90,0,0,1,0,
835,Samuel Umtiti,DF,1,90,0,0,1,0,
835,Jean-Clair Todibo,DF,1,67,0,0,1,0,
835,Jeison Murillo,DF,0,23,0,0,0,0,
835,Moussa Wagué,MF,1,90,0,0,0,0,
835,Jasper Cillessen,GK,1,90,0,0,0,0,
836,Luis Suárez,FW,1,90,0,0,0,0,
836,Lionel Messi,FW,1,90,0,0,0,0,
836,Philippe Coutinho,MF,1,59,0,0,0,0,
836,Nélson Semedo,DF,0,31,0,0,1,0,
836,Ivan Rakitić,MF,1,79,0,0,1,0,
836,Malcom,FW,0,11,0,0,0,0,
836,Sergio Busquets,MF,1,90,0,0,1,0,
836,Arturo Vidal,MF,1,74,0,0,0,0,
836,Arthur Melo,MF,0,16,0,0,0,0,
836,Jordi Alba,DF,1,90,0,0,0,0,
836,Clément Lenglet,DF,1,90,0,0,0,0,
836,Gerard Piqué,DF,1,90,0,0,0,0,
836,Sergi Roberto,DF,1,90,0,0,0,0,
836,Marc-André ter Stegen,GK,1,90,0,0,0,0,
837,Philippe Coutinho,MF,1,68,0,0,0,0,
837,Abel Ruiz,FW,0,22,0,0,0,0,
837,Lionel Messi,FW,1,90,0,0,0,0,
837,Malcom,FW,1,77,0,0,0,0,
837,Nélson Semedo,DF,0,13,0,0,0,0,
837,Ivan Rakitić,MF,1,61,0,0,0,0,
837,Carles Aleñá,MF,0,29,0,0,0,0,
837,Sergio Busquets,MF,1,90,0,0,0,0,
837,Arturo Vidal,MF,1,90,1,0,1,0,
837,Jordi Alba,DF,1,90,0,0,0,0,
837,Samuel Umtiti,DF,1,90,0,0,0,0,
837,Gerard Piqué,DF,1,90,0,0,0,0,
837,Sergi Roberto,DF,1,90,0,0,0,0,
837,Jasper Cillessen,GK,1,90,0,0,0,0,
838,Malcom,FW,1,72,0,0,0,0,
838,Carles Pérez,FW,0,18,0,0,0,0,
838,Lionel Messi,FW,1,90,2,0,0,0,
838,Sergi Roberto,DF,1,90,0,0,0,0,
838,Ivan Rakitić,MF,1,90,0,1,0,0,
838,Sergio Busquets,MF,1,64,0,0,0,0,
838,Carles Aleñá,MF,0,26,0,0,0,0,
838,Arturo Vidal,MF,1,90,0,1,0,0,
838,Jordi Alba,DF,1,90,0,0,1,0,
838,Clément Lenglet,DF,1,90,0,0,0,0,
838,Gerard Piqué,DF,1,90,0,0,0,0,
838,Nélson Semedo,DF,1,45,0,0,1,0,
838,Moussa Wagué,MF,0,45,0,0,0,0,
838,Jasper Cillessen,GK,1,90,0,0,0,0,
839,Lionel Messi,FW,1,90,1,0,0,0,
839,Philippe Coutinho,MF,1,90,0,0,0,0,
839,Arthur Melo,MF,1,45,0,0,0,0,
839,Arturo Vidal,MF,0,45,0,0,1,0,
839,Ivan Rakitić,MF,1,75,0,0,0,0,
839,Carles Aleñá,MF,0,15,0,0,0,0,
839,Sergi Roberto,DF,1,90,0,0,0,0,
839,Sergio Busquets,MF,1,90,0,0,1,0,
839,Jordi Alba,DF,1,90,0,0,0,0,
839,Clément Lenglet,DF,1,90,0,0,0,0,
839,Gerard Piqué,DF,1,90,0,0,0,0,
839,Nélson Semedo,DF,1,45,0,0,0,0,
839,Malcom,FW,0,45,0,0,0,0,
839,Jasper Cillessen,GK,1,90,0,0,0,0,
840,Antoine Griezmann,FW,1,90,0,0,0,0,
840,Luis Suárez,FW,1,36,0,0,0,0,
840,Rafinha,MF,0,54,0,0,0,0,
840,Ousmane Dembélé,MF,1,90,0,0,0,0,
840,Carles Aleñá,MF,1,45,0,0,0,0,
840,Ivan Rakitić,MF,0,45,0,0,0,0,
840,Frenkie de Jong,MF,1,90,0,0,0,0,
840,Sergi Roberto,DF,1,75,0,0,0,0,
840,Carles Pérez,FW,0,15,0,0,0,0,
840,Jordi Alba,DF,1,90,0,0,0,0,
840,Clément Lenglet,DF,1,90,0,0,0,0,
840,Gerard Piqué,DF,1,90,0,0,1,0,
840,Nélson Semedo,DF,1,90,0,0,0,0,
840,Marc-André ter Stegen,GK,1,90,0,0,0,0,
841,Rafinha,MF,1,80,0,0,0,0,
841,Junior Firpo,DF,0,10,0,0,0,0,
841,Antoine Griezmann,FW,1,90,2,1,0,0,
841,Carles Pérez,FW,1,77,1,0,0,0,
841,Ansu Fati,FW,0,13,0,0,0,0,
841,Frenkie de Jong,MF,1,90,0,0,0,0,
841,Sergio Busquets,MF,1,73,0,1,0,0,
841,Arturo Vidal,MF,0,17,1,0,0,0,
841,Sergi Roberto,DF,1,90,0,2,0,0,
841,Jordi Alba,DF,1,90,1,0,0,0,
841,Clément Lenglet,DF,1,90,0,0,0,0,
841,Gerard Piqué,DF,1,90,0,0,1,0,
841,Nélson Semedo,DF,1,90,0,1,0,0,
841,Marc-André ter Stegen,GK,1,90,0,0,0,0,
842,Rafinha,MF,1,52,0,0,0,0,
842,Arthur Melo,MF,0,38,1,0,0,0,
842,Antoine Griezmann,FW,1,90,0,0,0,0,
842,Carles Pérez,FW,1,90,0,2,0,0,
842,Frenkie de Jong,MF,1,81,0,0,1,0,
842,Arturo Vidal,MF,0,9,0,0,0,0,
842,Sergio Busquets,MF,1,90,0,0,0,0,
842,Sergi Roberto,DF,1,90,0,0,1,0,
842,Jordi Alba,DF,1,90,0,0,0,0,
842,Clément Lenglet,DF,1,90,0,0,1,0,
842,Gerard Piqué,DF,1,90,0,0,1,0,
842,Nélson Semedo,DF,1,45,0,0,0,0,
842,Ansu Fati,FW,0,45,1,0,0,0,
842,Marc-André ter Stegen,GK,1,90,0,0,0,0,
843,Ansu Fati,FW,1,59,1,1,0,0,
843,Luis Suárez,FW,0,31,2,0,0,0,
843,Antoine Griezmann,FW,1,90,0,1,0,0,
843,Carles Pérez,FW,1,90,0,0,0,0,
843,Arthur Melo,MF,1,72,0,1,0,0,
843,Arturo Vidal,MF,0,18,0,0,0,0,
843,Sergio Busquets,MF,1,90,0,0,0,0,
843,Frenkie de Jong,MF,1,69,1,1,0,0,
843,Ivan Rakitić,MF,0,21,0,0,0,0,
843,Jordi Alba,DF,1,90,0,0,1,0,
843,Clément Lenglet,DF,1,90,0,0,0,0,
843,Gerard Piqué,DF,1,90,1,0,0,0,
843,Nélson Semedo,DF,1,90,0,0,0,0,
843,Marc-André ter Stegen,GK,1,90,0,0,0,0,
844,Antoine Griezmann,FW,1,90,0,0,0,0,
844,Luis Suárez,FW,1,90,0,0,0,0,
844,Ansu Fati,FW,1,58,0,0,0,0,
844,Lionel Messi,FW,0,32,0,0,0,0,
844,Frenkie de Jong,MF,1,90,0,0,0,0,
844,Sergio Busquets,MF,1,59,0,0,0,0,
844,Ivan Rakitić,MF,0,31,0,0,1,0,
844,Arthur Melo,MF,1,90,0,0,0,0,
844,Jordi Alba,DF,1,39,0,0,0,0,
844,Sergi Roberto,DF,0,51,0,0,0,0,
844,Clément Lenglet,DF,1,90,0,0,0,0,
844,Gerard Piqué,DF,1,90,0,0,1,0,
844,Nélson Semedo,DF,1,90,0,0,1,0,
844,Marc-André ter Stegen,GK,1,90,0,0,0,0,
845,Antoine Griezmann,FW,1,90,0,0,0,0,
845,Luis Suárez,FW,1,90,0,0,1,0,
845,Carles Pérez,FW,1,45,0,0,0,0,
845,Lionel Messi,FW,0,45,0,0,0,0,
845,Ivan Rakitić,MF,1,61,0,0,0,0,
845,Arturo Vidal,MF,0,29,0,0,0,0,
845,Frenkie de Jong,MF,1,90,0,0,0,0,
845,Sergi Roberto,DF,1,90,0,0,0,0,
845,Junior Firpo,DF,1,45,0,0,0,0,
845,Ansu Fati,FW,0,45,0,0,0,0,
845,Clément Lenglet,DF,1,90,0,0,0,0,
845,Gerard Piqué,DF,1,90,0,0,1,0,
845,Nélson Semedo,DF,1,90,0,0,0,0,
845,Marc-André ter Stegen,GK,1,90,0,0,0,0,
846,Antoine Griezmann,FW,1,90,1,0,1,0,
846,Luis Suárez,FW,1,77,0,0,0,0,
846,Ansu Fati,FW,0,13,0,0,0,0,
846,Lionel Messi,FW,1,45,0,1,0,0,
846,Ousmane Dembélé,MF,0,45,0,0,0,0,
846,Arthur Melo,MF,1,90,1,0,0,0,
846,Sergio Busquets,MF,1,90,0,1,1,0,
846,Sergi Roberto,DF,1,62,0,0,1,0,
846,Frenkie de Jong,MF,0,28,0,0,0,0,
846,Junior Firpo,DF,1,90,0,0,1,0,
846,Clément Lenglet,DF,1,90,0,0,0,0,
846,Gerard Piqué,DF,1,90,0,0,0,0,
846,Nélson Semedo,DF,1,90,0,0,0,0,
846,Marc-André ter Stegen,GK,1,90,0,0,0,0,
847,Antoine Griezmann,FW,1,74,0,0,0,0,
847,Nélson Semedo,DF,0,16,0,0,0,0,
847,Luis Suárez,FW,1,90,1,0,0,0,
847,Carles Pérez,FW,1,85,0,0,0,0,
847,Jean-Clair Todibo,DF,0,5,0,0,0,0,
847,Arthur Melo,MF,1,90,0,0,0,0,
847,Sergio Busquets,MF,1,79,0,0,1,0,
847,Ivan Rakitić,MF,0,11,0,0,0,0,
847,Frenkie de Jong,MF,1,90,0,0,0,0,
847,Junior Firpo,DF,1,90,1,0,0,0,
847,Clément Lenglet,DF,1,81,0,0,2,1,
847,Gerard Piqué,DF,1,90,0,0,0,0,
847,Sergi Roberto,DF,1,90,0,0,1,0,
847,Marc-André ter Stegen,GK,1,90,0,1,0,0,
848,Antoine Griezmann,FW,1,65,0,0,1,0,
848,Ousmane Dembélé,MF,0,25,0,0,0,0,
848,Luis Suárez,FW,1,90,2,0,0,0,
848,Lionel Messi,FW,1,90,0,1,0,0,
848,Arthur Melo,MF,1,90,0,0,0,0,
848,Sergio Busquets,MF,1,52,0,0,0,0,
848,Arturo Vidal,MF,0,38,0,1,1,0,
848,Frenkie de Jong,MF,1,90,0,0,0,0,
848,Nélson Semedo,DF,1,90,0,0,0,0,
848,Clément Lenglet,DF,1,90,0,0,0,0,
848,Gerard Piqué,DF,1,90,0,0,1,0,
848,Sergi Roberto,DF,1,90,0,0,1,0,
848,Marc-André ter Stegen,GK,1,90,0,0,0,0,
849,Ousmane Dembélé,MF,1,87,1,0,1,1,
849,Luis Suárez,FW,1,90,1,0,1,0,
849,Lionel Messi,FW,1,90,1,0,0,0,
849,Arthur Melo,MF,1,64,0,2,0,0,
849,Sergio Busquets,MF,0,26,0,0,1,0,
849,Frenkie de Jong,MF,1,90,0,0,0,0,
849,Arturo Vidal,MF,1,69,1,0,0,0,
849,Ivan Rakitić,MF,0,21,0,0,0,0,
849,Nélson Semedo,DF,1,90,0,1,1,0,
849,Gerard Piqué,DF,1,90,0,0,1,0,
849,Jean-Clair Todibo,DF,1,72,0,0,0,0,
849,Ronald Araújo,DF,0,14,0,0,0,1,
849,Sergi Roberto,DF,1,90,0,0,0,0,
849,Marc-André ter Stegen,GK,1,90,0,0,0,0,
850,Antoine Griezmann,FW,1,90,1,1,0,0,
850,Luis Suárez,FW,1,90,1,0,0,0,
850,Lionel Messi,FW,1,90,1,1,0,0,
850,Arthur Melo,MF,1,70,0,0,0,0,
850,Arturo Vidal,MF,0,20,0,0,0,0,
850,Sergio Busquets,MF,1,90,0,0,0,0,
850,Frenkie de Jong,MF,1,78,0,0,0,0,
850,Ivan Rakitić,MF,0,12,0,0,0,0,
850,Jordi Alba,DF,1,90,0,0,0,0,
850,Clément Lenglet,DF,1,90,0,1,0,0,
850,Samuel Umtiti,DF,1,90,0,0,0,0,
850,Sergi Roberto,DF,1,45,0,0,0,0,
850,Nélson Semedo,DF,0,45,0,0,0,0,
850,Marc-André ter Stegen,GK,1,90,0,0,0,0,
851,Antoine Griezmann,FW,1,68,0,0,0,0,
851,Ousmane Dembélé,MF,0,22,0,0,1,0,
851,Luis Suárez,FW,1,90,0,0,0,0,
851,Lionel Messi,FW,1,90,1,0,0,0,
851,Arthur Melo,MF,1,83,0,1,0,0,
851,Ivan Rakitić,MF,0,7,0,0,0,0,
851,Sergio Busquets,MF,1,77,0,0,0,0,
851,Arturo Vidal,MF,0,13,0,0,0,0,
851,Frenkie de Jong,MF,1,90,0,0,0,0,
851,Jordi Alba,DF,1,90,0,0,1,0,
851,Clément Lenglet,DF,1,90,0,0,0,0,
851,Gerard Piqué,DF,1,90,0,0,0,0,
851,Nélson Semedo,DF,1,90,0,0,0,0,
851,Marc-André ter Stegen,GK,1,90,0,0,0,0,
852,Ansu Fati,FW,1,62,0,0,0,0,
852,Antoine Griezmann,FW,0,28,0,0,0,0,
852,Luis Suárez,FW,1,90,1,0,0,0,
852,Lionel Messi,FW,1,90,2,2,0,0,
852,Frenkie de Jong,MF,1,59,0,0,0,0,
852,Ivan Rakitić,MF,0,31,0,1,0,0,
852,Sergio Busquets,MF,1,90,0,0,0,0,
852,Arturo Vidal,MF,1,90,1,0,0,0,
852,Jordi Alba,DF,1,77,0,0,0,0,
852,Sergi Roberto,DF,0,13,0,0,0,0,
852,Clément Lenglet,DF,1,90,1,0,0,0,
852,Gerard Piqué,DF,1,90,0,0,0,0,
852,Nélson Semedo,DF,1,90,0,0,0,0,
852,Marc-André ter Stegen,GK,1,90,0,0,0,0,
853,Antoine Griezmann,FW,1,90,0,0,1,0,
853,Luis Suárez,FW,1,40,0,0,0,0,
853,Carles Pérez,FW,0,50,0,0,0,0,
853,Lionel Messi,FW,1,90,1,0,0,0,
853,Arthur Melo,MF,1,65,0,0,1,0,
853,Ansu Fati,FW,0,25,0,0,1,0,
853,Frenkie de Jong,MF,1,90,0,0,0,0,
853,Arturo Vidal,MF,1,63,0,0,0,0,
853,Sergio Busquets,MF,0,27,0,0,0,0,
853,Nélson Semedo,DF,1,90,0,0,0,0,
853,Clément Lenglet,DF,1,90,0,0,1,0,
853,Gerard Piqué,DF,1,90,0,0,1,0,
853,Sergi Roberto,DF,1,90,0,0,1,0,
853,Marc-André ter Stegen,GK,1,90,0,0,0,0,
854,Lionel Messi,FW,1,90,0,0,0,0,
854,Antoine Griezmann,FW,1,90,0,0,0,0,
854,Arturo Vidal,MF,1,90,0,0,0,0,
854,Ousmane Dembélé,MF,1,64,0,0,0,0,
854,Ansu Fati,FW,0,26,0,0,0,0,
854,Sergio Busquets,MF,1,67,0,0,1,0,
854,Ivan Rakitić,MF,0,23,0,0,0,0,
854,Frenkie de Jong,MF,1,90,0,0,0,0,
854,Jordi Alba,DF,1,45,0,0,0,0,
854,Sergi Roberto,DF,0,45,0,0,0,0,
854,Clément Lenglet,DF,1,90,0,0,0,0,
854,Gerard Piqué,DF,1,90,0,0,1,0,
854,Nélson Semedo,DF,1,90,0,0,1,0,
854,Marc-André ter Stegen,GK,1,90,0,0,0,0,
855,Ansu Fati,FW,1,45,0,0,0,0,
855,Ousmane Dembélé,MF,0,45,0,0,0,0,
855,Antoine Griezmann,FW,1,72,0,0,0,0,
855,Luis Suárez,FW,0,18,0,0,0,0,
855,Lionel Messi,FW,1,90,3,0,1,0,
855,Arthur Melo,MF,1,90,0,0,0,0,
855,Sergi Roberto,DF,1,90,0,0,1,0,
855,Frenkie de Jong,MF,1,90,0,0,0,0,
855,Junior Firpo,DF,1,90,0,0,0,0,
855,Samuel Umtiti,DF,1,90,0,0,1,0,
855,Gerard Piqué,DF,1,90,0,0,0,0,
855,Nélson Semedo,DF,1,22,0,0,0,0,
855,Sergio Busquets,MF,0,68,1,0,1,0,
855,Marc-André ter Stegen,GK,1,90,0,0,0,0,
856,Luis Suárez,FW,1,90,1,0,0,0,
856,Antoine Griezmann,FW,1,56,0,0,0,0,
856,Arturo Vidal,MF,0,34,1,0,1,0,
856,Lionel Messi,FW,1,90,0,1,0,0,
856,Ousmane Dembélé,MF,1,90,0,0,0,0,
856,Sergio Busquets,MF,1,56,0,0,1,0,
856,Ivan Rakitić,MF,0,34,0,0,0,0,
856,Frenkie de Jong,MF,1,69,0,0,0,0,
856,Ansu Fati,FW,0,21,0,0,0,0,
856,Junior Firpo,DF,1,90,0,0,0,0,
856,Samuel Umtiti,DF,1,90,0,0,0,0,
856,Gerard Piqué,DF,1,90,0,0,0,0,
856,Moussa Wagué,MF,1,90,0,0,0,0,
856,Marc-André ter Stegen,GK,1,90,0,0,0,0,
857,Ousmane Dembélé,MF,1,25,0,0,0,0,
857,Antoine Griezmann,FW,0,65,1,0,0,0,
857,Luis Suárez,FW,1,89,1,1,0,0,
857,Moussa Wagué,MF,0,1,0,0,0,0,
857,Lionel Messi,FW,1,90,1,2,1,0,
857,Frenkie de Jong,MF,1,90,0,0,0,0,
857,Sergio Busquets,MF,1,90,0,0,1,0,
857,Ivan Rakitić,MF,1,77,0,0,0,0,
857,Arturo Vidal,MF,0,13,0,0,0,0,
857,Junior Firpo,DF,1,90,0,0,0,0,
857,Clément Lenglet,DF,1,90,0,0,0,0,
857,Samuel Umtiti,DF,1,90,0,0,0,0,
857,Sergi Roberto,DF,1,90,0,0,0,0,
857,Marc-André ter Stegen,GK,1,90,0,0,0,0,
858,Antoine Griezmann,FW,1,90,0,0,0,0,
858,Luis Suárez,FW,1,90,0,1,0,0,
858,Lionel Messi,FW,1,90,1,0,0,0,
858,Arthur Melo,MF,1,72,0,0,0,0,
858,Arturo Vidal,MF,0,18,0,0,0,0,
858,Ivan Rakitić,MF,1,90,0,0,1,0,
858,Frenkie de Jong,MF,1,90,0,0,0,0,
858,Junior Firpo,DF,1,90,0,0,1,0,
858,Clément Lenglet,DF,1,90,0,0,1,0,
858,Gerard Piqué,DF,1,82,0,0,1,0,
858,Samuel Umtiti,DF,0,8,0,0,0,0,
858,Sergi Roberto,DF,1,90,0,0,0,0,
858,Marc-André ter Stegen,GK,1,90,0,0,0,0,
859,Antoine Griezmann,FW,1,84,1,1,0,0,
859,Carles Pérez,FW,0,6,0,0,0,0,
859,Luis Suárez,FW,1,90,1,1,0,0,
859,Lionel Messi,FW,1,90,3,0,0,0,
859,Frenkie de Jong,MF,1,63,0,1,0,0,
859,Arturo Vidal,MF,0,27,0,0,1,0,
859,Sergio Busquets,MF,1,90,0,0,0,0,
859,Ivan Rakitić,MF,1,71,0,1,0,0,
859,Carles Aleñá,MF,0,19,0,0,0,0,
859,Junior Firpo,DF,1,90,0,0,0,0,
859,Clément Lenglet,DF,1,90,0,0,0,0,
859,Gerard Piqué,DF,1,90,0,0,1,0,
859,Sergi Roberto,DF,1,90,0,0,1,0,
859,Marc-André ter Stegen,GK,1,90,0,1,0,0,
860,Antoine Griezmann,FW,1,61,0,0,0,0,
860,Luis Suárez,FW,0,29,0,1,0,0,
860,Carles Pérez,FW,1,84,1,0,0,0,
860,Ansu Fati,FW,0,6,1,0,0,0,
860,Junior Firpo,DF,1,90,0,0,1,0,
860,Carles Aleñá,MF,1,90,0,0,0,0,
860,Arturo Vidal,MF,1,90,0,0,0,0,
860,Moussa Wagué,MF,1,90,0,0,0,0,
860,Ivan Rakitić,MF,1,62,0,0,0,0,
860,Frenkie de Jong,MF,0,28,0,0,0,0,
860,Samuel Umtiti,DF,1,90,0,0,0,0,
860,Jean-Clair Todibo,DF,1,90,0,0,0,0,
860,Clément Lenglet,DF,1,90,0,0,1,0,
860,Neto,GK,1,90,0,0,0,0,
861,Antoine Griezmann,FW,1,90,1,0,0,0,
861,Luis Suárez,FW,1,90,1,1,1,0,
861,Lionel Messi,FW,1,90,0,1,0,0,
861,Frenkie de Jong,MF,1,90,0,0,0,0,
861,Sergio Busquets,MF,1,72,0,0,0,0,
861,Carles Aleñá,MF,0,18,0,0,0,0,
861,Ivan Rakitić,MF,1,78,0,0,0,0,
861,Arturo Vidal,MF,0,12,0,0,0,0,
861,Jordi Alba,DF,1,73,0,0,0,0,
861,Nélson Semedo,DF,0,17,0,0,0,0,
861,Clément Lenglet,DF,1,90,0,0,0,0,
861,Gerard Piqué,DF,1,90,0,0,0,0,
861,Sergi Roberto,DF,1,90,0,0,0,0,
861,Marc-André ter Stegen,GK,1,90,0,0,0,0,
862,Antoine Griezmann,FW,1,82,0,0,0,0,
862,Ansu Fati,FW,0,8,0,0,0,0,
862,Luis Suárez,FW,1,90,0,0,1,0,
862,Lionel Messi,FW,1,90,0,0,0,0,
862,Frenkie de Jong,MF,1,90,0,0,0,0,
862,Ivan Rakitić,MF,1,90,0,0,1,0,
862,Sergi Roberto,DF,1,90,0,0,0,0,
862,Jordi Alba,DF,1,90,0,0,0,0,
862,Clément Lenglet,DF,1,90,0,0,1,0,
862,Gerard Piqué,DF,1,90,0,0,0,0,
862,Nélson Semedo,DF,1,54,0,0,0,0,
862,Arturo Vidal,MF,0,36,0,0,0,0,
862,Marc-André ter Stegen,GK,1,90,0,0,0,0,
863,Antoine Griezmann,FW,1,90,1,0,0,0,
863,Luis Suárez,FW,1,84,1,3,0,0,
863,Carles Pérez,FW,0,6,0,0,0,0,
863,Lionel Messi,FW,1,90,1,0,0,0,
863,Carles Aleñá,MF,1,90,0,0,0,0,
863,Sergio Busquets,MF,1,78,0,0,0,0,
863,Frenkie de Jong,MF,0,12,0,0,0,0,
863,Arturo Vidal,MF,1,90,1,0,0,0,
863,Jordi Alba,DF,1,90,0,0,1,0,
863,Samuel Umtiti,DF,1,90,0,0,1,0,
863,Gerard Piqué,DF,1,90,0,0,0,0,
863,Sergi Roberto,DF,1,84,0,0,0,0,
863,Nélson Semedo,DF,0,6,0,0,0,0,
863,Marc-André ter Stegen,GK,1,90,0,0,0,0,
864,Antoine Griezmann,FW,1,79,0,0,0,0,
864,Nélson Semedo,DF,0,11,0,0,0,0,
864,Luis Suárez,FW,1,90,1,1,0,0,
864,Lionel Messi,FW,1,90,0,0,0,0,
864,Frenkie de Jong,MF,1,74,0,0,2,1,
864,Sergio Busquets,MF,1,90,0,0,0,0,
864,Ivan Rakitić,MF,1,45,0,0,0,0,
864,Arturo Vidal,MF,0,45,1,0,0,0,
864,Jordi Alba,DF,1,90,0,1,0,0,
864,Clément Lenglet,DF,1,90,0,0,0,0,
864,Gerard Piqué,DF,1,90,0,0,0,0,
864,Sergi Roberto,DF,1,90,0,0,0,0,
864,Neto,GK,1,90,0,0,0,0,
865,Antoine Griezmann,FW,1,90,1,0,0,0,
865,Luis Suárez,FW,1,90,0,1,1,0,
865,Lionel Messi,FW,1,90,1,0,0,0,
865,Frenkie de Jong,MF,1,87,0,0,0,0,
865,Ansu Fati,FW,0,3,0,0,0,0,
865,Sergio Busquets,MF,1,85,0,0,0,0,
865,Ivan Rakitić,MF,0,5,0,0,0,0,
865,Arturo Vidal,MF,1,90,0,0,1,0,
865,Jordi Alba,DF,1,90,0,0,0,0,
865,Samuel Umtiti,DF,1,90,0,0,0,0,
865,Gerard Piqué,DF,1,90,0,0,1,0,
865,Sergi Roberto,DF,1,90,0,0,0,0,
865,Neto,GK,1,90,0,0,1,0,
866,Antoine Griezmann,FW,1,90,0,0,0,0,
866,Lionel Messi,FW,1,90,1,0,0,0,
866,Jordi Alba,DF,1,90,0,0,0,0,
866,Ivan Rakitić,MF,1,70,0,0,0,0,
866,Riqui Puig,MF,0,20,0,0,0,0,
866,Arturo Vidal,MF,1,82,0,1,0,0,
866,Arthur Melo,MF,0,8,0,0,0,0,
866,Ansu Fati,FW,1,78,0,0,0,0,
866,Carles Pérez,FW,0,12,0,0,0,0,
866,Sergio Busquets,MF,1,90,0,0,0,0,
866,Gerard Piqué,DF,1,90,0,0,0,0,
866,Sergi Roberto,DF,1,90,0,0,0,0,
866,Samuel Umtiti,DF,1,90,0,0,0,0,
866,Marc-André ter Stegen,GK,1,90,0,0,0,0,
867,Carles Pérez,FW,1,58,0,0,0,0,
867,Jordi Alba,DF,0,32,0,1,0,0,
867,Antoine Griezmann,FW,1,90,2,0,0,0,
867,Ansu Fati,FW,1,90,0,0,1,0,
867,Riqui Puig,MF,1,70,0,0,0,0,
867,Arthur Melo,MF,0,20,0,0,0,0,
867,Ivan Rakitić,MF,1,80,0,0,0,0,
867,Arturo Vidal,MF,0,10,0,0,0,0,
867,Nélson Semedo,DF,1,90,0,0,0,0,
867,Frenkie de Jong,MF,1,90,0,1,0,0,
867,Clément Lenglet,DF,1,90,0,0,0,0,
867,Sergi Roberto,DF,1,90,0,0,0,0,
867,Junior Firpo,DF,1,90,0,0,0,0,
867,Neto,GK,1,90,0,0,0,0,
868,Antoine Griezmann,FW,1,90,0,0,0,0,
868,Lionel Messi,FW,1,90,0,0,0,0,
868,Jordi Alba,DF,1,90,0,0,0,0,
868,Arthur Melo,MF,1,55,0,0,0,0,
868,Arturo Vidal,MF,0,35,0,0,0,0,
868,Frenkie de Jong,MF,1,84,0,0,0,0,
868,Ivan Rakitić,MF,0,6,0,0,0,0,
868,Ansu Fati,FW,1,84,0,0,0,0,
868,Álex Collado,MF,0,6,0,0,0,0,
868,Sergio Busquets,MF,1,90,0,0,0,0,
868,Gerard Piqué,DF,1,90,0,0,1,0,
868,Sergi Roberto,DF,1,90,0,0,1,0,
868,Samuel Umtiti,DF,1,90,0,0,1,0,
868,Marc-André ter Stegen,GK,1,90,0,0,0,0,
869,Ansu Fati,FW,1,90,0,0,0,0,
869,Antoine Griezmann,FW,1,71,1,0,0,0,
869,Arthur Melo,MF,0,19,1,0,0,0,
869,Lionel Messi,FW,1,90,2,1,0,0,
869,Frenkie de Jong,MF,1,90,0,0,0,0,
869,Sergio Busquets,MF,1,90,0,0,0,0,
869,Arturo Vidal,MF,1,60,0,0,0,0,
869,Ivan Rakitić,MF,0,30,0,1,0,0,
869,Jordi Alba,DF,1,63,0,0,0,0,
869,Junior Firpo,DF,0,27,0,0,0,0,
869,Clément Lenglet,DF,1,90,1,0,0,0,
869,Gerard Piqué,DF,1,90,0,0,0,0,
869,Nélson Semedo,DF,1,90,0,1,0,0,
869,Marc-André ter Stegen,GK,1,90,0,0,0,0,
870,Ansu Fati,FW,1,86,2,0,0,0,
870,Riqui Puig,MF,0,4,0,0,0,0,
870,Antoine Griezmann,FW,1,70,0,0,0,0,
870,Sergi Roberto,DF,0,20,0,0,0,0,
870,Lionel Messi,FW,1,90,0,2,0,0,
870,Ivan Rakitić,MF,1,90,0,0,0,0,
870,Sergio Busquets,MF,1,90,0,0,0,0,
870,Frenkie de Jong,MF,1,79,0,0,0,0,
870,Arthur Melo,MF,0,11,0,0,0,0,
870,Jordi Alba,DF,1,90,0,0,1,0,
870,Clément Lenglet,DF,1,90,0,0,0,0,
870,Gerard Piqué,DF,1,90,0,0,1,0,
870,Nélson Semedo,DF,1,90,0,0,0,0,
870,Marc-André ter Stegen,GK,1,90,0,0,0,0,
871,Ansu Fati,FW,1,56,0,0,0,0,
871,Antoine Griezmann,FW,0,34,0,0,0,0,
871,Lionel Messi,FW,1,90,0,0,1,0,
871,Sergi Roberto,DF,1,90,0,0,0,0,
871,Ivan Rakitić,MF,1,68,0,0,0,0,
871,Arthur Melo,MF,0,22,0,0,1,0,
871,Sergio Busquets,MF,1,90,0,0,0,0,
871,Frenkie de Jong,MF,1,90,0,0,1,0,
871,Jordi Alba,DF,1,90,0,0,1,0,
871,Clément Lenglet,DF,1,90,0,0,0,0,
871,Gerard Piqué,DF,1,79,0,0,1,0,
871,Samuel Umtiti,DF,0,11,0,0,0,0,
871,Nélson Semedo,DF,1,90,0,0,1,0,
871,Marc-André ter Stegen,GK,1,90,0,0,0,0,
872,Antoine Griezmann,FW,1,88,0,0,0,0,
872,Ivan Rakitić,MF,0,2,0,0,0,0,
872,Lionel Messi,FW,1,90,0,3,0,0,
872,Arturo Vidal,MF,1,56,0,0,1,0,
872,Arthur Melo,MF,0,34,0,0,0,0,
872,Frenkie de Jong,MF,1,90,1,0,0,0,
872,Sergi Roberto,DF,1,90,0,0,1,0,
872,Sergio Busquets,MF,1,90,1,0,1,0,
872,Junior Firpo,DF,1,56,0,0,0,0,
872,Jordi Alba,DF,0,34,0,0,0,0,
872,Clément Lenglet,DF,1,78,1,0,2,1,
872,Samuel Umtiti,DF,1,90,0,0,0,0,
872,Nélson Semedo,DF,1,90,0,0,0,0,
872,Marc-André ter Stegen,GK,1,90,0,0,0,0,
873,Ansu Fati,FW,1,84,0,0,1,0,
873,Arturo Vidal,MF,0,6,0,0,0,0,
873,Antoine Griezmann,FW,1,90,1,0,0,0,
873,Lionel Messi,FW,1,90,0,1,0,0,
873,Arthur Melo,MF,1,74,0,0,0,0,
873,Ivan Rakitić,MF,0,16,0,0,0,0,
873,Sergio Busquets,MF,1,90,0,0,0,0,
873,Frenkie de Jong,MF,1,90,0,0,0,0,
873,Jordi Alba,DF,1,21,0,0,0,0,
873,Junior Firpo,DF,0,69,0,0,1,0,
873,Samuel Umtiti,DF,1,90,0,0,1,0,
873,Gerard Piqué,DF,1,90,0,0,0,0,
873,Sergi Roberto,DF,1,90,1,0,0,0,
873,Marc-André ter Stegen,GK,1,90,0,0,0,0,
874,Arturo Vidal,MF,1,90,0,1,0,0,
874,Antoine Griezmann,FW,1,71,0,0,0,0,
874,Martin Braithwaite,FW,0,19,0,0,0,0,
874,Lionel Messi,FW,1,90,4,0,0,0,
874,Arthur Melo,MF,1,90,1,0,0,0,
874,Sergio Busquets,MF,1,58,0,0,0,0,
874,Frenkie de Jong,MF,0,32,0,0,0,0,
874,Ivan Rakitić,MF,1,90,0,1,0,0,
874,Junior Firpo,DF,1,90,0,0,0,0,
874,Clément Lenglet,DF,1,90,0,0,0,0,
874,Gerard Piqué,DF,1,67,0,0,0,0,
874,Samuel Umtiti,DF,0,23,0,0,0,0,
874,Nélson Semedo,DF,1,90,0,0,0,0,
874,Marc-André ter Stegen,GK,1,90,0,0,0,0,
875,Antoine Griezmann,FW,1,86,1,0,1,0,
875,Ansu Fati,FW,0,4,0,0,0,0,
875,Lionel Messi,FW,1,90,0,0,1,0,
875,Arturo Vidal,MF,1,88,0,0,2,1,
875,Frenkie de Jong,MF,1,90,0,0,0,0,
875,Sergio Busquets,MF,1,90,0,0,1,0,
875,Ivan Rakitić,MF,1,55,0,0,0,0,
875,Arthur Melo,MF,0,35,0,0,0,0,
875,Junior Firpo,DF,1,90,0,0,0,0,
875,Samuel Umtiti,DF,1,90,0,0,0,0,
875,Gerard Piqué,DF,1,89,0,0,0,0,
875,Clément Lenglet,DF,0,1,0,0,0,0,
875,Nélson Semedo,DF,1,90,0,1,0,0,
875,Marc-André ter Stegen,GK,1,90,0,0,0,0,
876,Antoine Griezmann,FW,1,80,0,0,0,0,
876,Ansu Fati,FW,0,10,0,0,0,0,
876,Lionel Messi,FW,1,90,0,0,1,0,
876,Frenkie de Jong,MF,1,90,0,0,0,0,
876,Sergio Busquets,MF,1,90,0,0,0,0,
876,Arthur Melo,MF,1,79,0,0,0,0,
876,Ivan Rakitić,MF,0,11,0,0,0,0,
876,Arturo Vidal,MF,1,68,0,0,0,0,
876,Martin Braithwaite,FW,0,22,0,0,0,0,
876,Jordi Alba,DF,1,90,0,0,1,0,
876,Samuel Umtiti,DF,1,90,0,0,0,0,
876,Gerard Piqué,DF,1,90,0,0,0,0,
876,Nélson Semedo,DF,1,90,0,0,0,0,
876,Marc-André ter Stegen,GK,1,90,0,0,0,0,
877,Martin Braithwaite,FW,1,88,0,0,0,0,
877,Junior Firpo,DF,0,2,0,0,0,0,
877,Lionel Messi,FW,1,90,1,0,1,0,
877,Antoine Griezmann,FW,1,84,0,0,0,0,
877,Ansu Fati,FW,0,6,0,0,0,0,
877,Frenkie de Jong,MF,1,90,0,0,0,0,
877,Sergio Busquets,MF,1,90,0,0,1,0,
877,Ivan Rakitić,MF,1,73,0,0,0,0,
877,Arturo Vidal,MF,0,17,0,0,0,0,
877,Jordi Alba,DF,1,90,0,0,0,0,
877,Clément Lenglet,DF,1,90,0,0,1,0,
877,Gerard Piqué,DF,1,90,0,0,1,0,
877,Nélson Semedo,DF,1,90,0,0,0,0,
877,Marc-André ter Stegen,GK,1,90,0,0,0,0,
878,Martin Braithwaite,FW,1,90,1,0,0,0,
878,Antoine Griezmann,FW,1,56,0,0,0,0,
878,Luis Suárez,FW,0,34,0,1,0,0,
878,Lionel Messi,FW,1,90,1,2,0,0,
878,Frenkie de Jong,MF,1,83,0,0,0,0,
878,Junior Firpo,DF,0,7,0,0,0,0,
878,Sergio Busquets,MF,1,70,0,0,0,0,
878,Arthur Melo,MF,0,20,0,0,0,0,
878,Arturo Vidal,MF,1,45,1,0,1,0,
878,Ivan Rakitić,MF,0,45,0,0,0,0,
878,Jordi Alba,DF,1,90,1,1,1,0,
878,Ronald Araújo,DF,1,90,0,0,0,0,
878,Gerard Piqué,DF,1,90,0,0,0,0,
878,Sergi Roberto,DF,1,70,0,0,0,0,
878,Nélson Semedo,DF,0,20,0,0,0,0,
878,Marc-André ter Stegen,GK,1,90,0,0,0,0,
879,Ansu Fati,FW,1,53,1,0,0,0,
879,Luis Suárez,FW,0,37,0,0,0,0,
879,Antoine Griezmann,FW,1,90,0,0,0,0,
879,Lionel Messi,FW,1,90,1,0,0,0,
879,Arthur Melo,MF,1,72,0,0,0,0,
879,Riqui Puig,MF,0,18,0,0,1,0,
879,Sergio Busquets,MF,1,62,0,0,0,0,
879,Arturo Vidal,MF,0,28,0,0,0,0,
879,Ivan Rakitić,MF,1,90,0,0,1,0,
879,Junior Firpo,DF,1,90,0,1,1,0,
879,Clément Lenglet,DF,1,90,0,0,1,0,
879,Gerard Piqué,DF,1,72,0,0,0,0,
879,Samuel Umtiti,DF,0,18,0,0,1,0,
879,Sergi Roberto,DF,1,52,0,0,0,0,
879,Nélson Semedo,DF,0,38,0,0,0,0,
879,Marc-André ter Stegen,GK,1,90,0,0,0,0,
880,Luis Suárez,FW,1,90,0,0,0,0,
880,Lionel Messi,FW,1,90,0,0,0,0,
880,Martin Braithwaite,FW,1,62,0,0,0,0,
880,Arthur Melo,MF,0,28,0,0,0,0,
880,Ivan Rakitić,MF,1,87,0,0,0,0,
880,Riqui Puig,MF,0,3,0,0,0,0,
880,Sergio Busquets,MF,1,90,0,0,1,0,
880,Arturo Vidal,MF,1,76,0,0,0,0,
880,Antoine Griezmann,FW,0,14,0,0,0,0,
880,Jordi Alba,DF,1,90,0,0,0,0,
880,Clément Lenglet,DF,1,90,0,0,0,0,
880,Gerard Piqué,DF,1,90,0,0,1,0,
880,Nélson Semedo,DF,1,90,0,0,0,0,
880,Marc-André ter Stegen,GK,1,90,0,0,0,0,
881,Antoine Griezmann,FW,1,64,0,0,0,0,
881,Ansu Fati,FW,0,26,0,0,0,0,
881,Luis Suárez,FW,1,84,0,0,0,0,
881,Martin Braithwaite,FW,0,6,0,0,0,0,
881,Lionel Messi,FW,1,90,0,1,0,0,
881,Arturo Vidal,MF,1,90,0,0,0,0,
881,Sergio Busquets,MF,1,63,0,0,1,0,
881,Ivan Rakitić,MF,0,27,1,0,1,0,
881,Arthur Melo,MF,1,55,0,0,0,0,
881,Riqui Puig,MF,0,35,0,0,0,0,
881,Jordi Alba,DF,1,90,0,0,0,0,
881,Clément Lenglet,DF,1,90,0,0,0,0,
881,Gerard Piqué,DF,1,90,0,0,0,0,
881,Nélson Semedo,DF,1,90,0,0,0,0,
881,Marc-André ter Stegen,GK,1,90,0,0,0,0,
882,Ansu Fati,FW,1,68,0,0,0,0,
882,Martin Braithwaite,FW,0,22,0,0,1,0,
882,Luis Suárez,FW,1,80,2,0,0,0,
882,Antoine Griezmann,FW,0,10,0,0,0,0,
882,Lionel Messi,FW,1,90,0,2,0,0,
882,Riqui Puig,MF,1,85,0,0,0,0,
882,Arthur Melo,MF,0,5,0,0,0,0,
882,Ivan Rakitić,MF,1,90,0,0,0,0,
882,Arturo Vidal,MF,1,90,0,0,0,0,
882,Jordi Alba,DF,1,80,0,0,1,0,
882,Junior Firpo,DF,0,10,0,0,0,0,
882,Samuel Umtiti,DF,1,90,0,0,1,0,
882,Gerard Piqué,DF,1,90,0,0,1,0,
882,Nélson Semedo,DF,1,90,0,0,0,0,
882,Marc-André ter Stegen,GK,1,90,0,0,0,0,
883,Luis Suárez,FW,1,90,0,0,0,0,
883,Lionel Messi,FW,1,90,1,0,1,0,
883,Riqui Puig,MF,1,90,0,0,0,0,
883,Ivan Rakitić,MF,1,62,0,0,0,0,
883,Sergi Roberto,DF,0,28,0,0,0,0,
883,Sergio Busquets,MF,1,84,0,0,0,0,
883,Ansu Fati,FW,0,6,0,0,0,0,
883,Arturo Vidal,MF,1,89,0,0,0,0,
883,Antoine Griezmann,FW,0,1,0,0,0,0,
883,Jordi Alba,DF,1,90,0,0,0,0,
883,Clément Lenglet,DF,1,90,0,0,0,0,
883,Gerard Piqué,DF,1,90,0,0,1,0,
883,Nélson Semedo,DF,1,90,0,0,0,0,
883,Marc-André ter Stegen,GK,1,90,0,0,1,0,
884,Luis Suárez,FW,1,59,1,0,0,0,
884,Riqui Puig,MF,0,31,0,0,0,0,
884,Antoine Griezmann,FW,1,71,1,0,0,0,
884,Ansu Fati,FW,0,19,1,0,0,0,
884,Lionel Messi,FW,1,90,0,2,0,0,
884,Sergi Roberto,DF,1,90,0,0,0,0,
884,Arturo Vidal,MF,1,90,0,0,0,0,
884,Sergio Busquets,MF,1,72,0,0,0,0,
884,Martin Braithwaite,FW,0,18,0,0,0,0,
884,Jordi Alba,DF,1,90,0,1,0,0,
884,Clément Lenglet,DF,1,90,0,0,0,0,
884,Gerard Piqué,DF,1,81,0,0,0,0,
884,Ronald Araújo,DF,0,9,0,0,0,0,
884,Nélson Semedo,DF,1,59,0,0,0,0,
884,Ivan Rakitić,MF,0,31,0,0,0,0,
884,Marc-André ter Stegen,GK,1,90,0,0,0,0,
885,Luis Suárez,FW,1,81,1,0,0,0,
885,Martin Braithwaite,FW,0,9,0,0,0,0,
885,Antoine Griezmann,FW,1,70,0,0,0,0,
885,Arturo Vidal,MF,0,20,0,0,0,0,
885,Lionel Messi,FW,1,90,0,0,0,0,
885,Sergi Roberto,DF,1,90,0,0,0,0,
885,Sergio Busquets,MF,1,90,0,0,0,0,
885,Ivan Rakitić,MF,1,89,0,0,0,0,
885,Ronald Araújo,DF,0,1,0,0,0,0,
885,Jordi Alba,DF,1,90,0,0,0,0,
885,Clément Lenglet,DF,1,90,0,0,0,0,
885,Gerard Piqué,DF,1,90,0,0,0,0,
885,Nélson Semedo,DF,1,45,0,0,0,0,
885,Ansu Fati,FW,0,4,0,0,0,1,
885,Marc-André ter Stegen,GK,1,90,0,0,0,0,
886,Antoine Griezmann,FW,1,45,0,0,0,0,
886,Luis Suárez,FW,0,45,0,0,0,0,
886,Lionel Messi,FW,1,90,0,1,0,0,
886,Arturo Vidal,MF,1,90,1,0,0,0,
886,Riqui Puig,MF,1,56,0,0,0,0,
886,Ivan Rakitić,MF,0,34,0,0,0,0,
886,Sergi Roberto,DF,1,90,0,0,0,0,
886,Sergio Busquets,MF,1,73,0,0,0,0,
886,Junior Firpo,DF,0,17,0,0,0,0,
886,Jordi Alba,DF,1,90,0,0,1,0,
886,Clément Lenglet,DF,1,56,0,0,1,0,
886,Ronald Araújo,DF,0,34,0,0,0,0,
886,Gerard Piqué,DF,1,90,0,0,0,0,
886,Nélson Semedo,DF,1,90,0,0,0,0,
886,Marc-André ter Stegen,GK,1,90,0,0,0,0,
887,Ansu Fati,FW,1,90,0,0,0,0,
887,Martin Braithwaite,FW,1,58,0,0,0,0,
887,Luis Suárez,FW,0,32,0,0,0,0,
887,Lionel Messi,FW,1,90,1,0,0,0,
887,Riqui Puig,MF,1,78,0,0,0,0,
887,Frenkie de Jong,MF,0,12,0,0,0,0,
887,Ivan Rakitić,MF,1,66,0,0,1,0,
887,Sergio Busquets,MF,0,24,0,0,0,0,
887,Sergi Roberto,DF,1,90,0,0,0,0,
887,Junior Firpo,DF,1,78,0,0,1,0,
887,Jordi Alba,DF,0,12,0,0,0,0,
887,Clément Lenglet,DF,1,90,0,0,0,0,
887,Gerard Piqué,DF,1,90,0,0,1,0,
887,Nélson Semedo,DF,1,58,0,0,1,0,
887,Arturo Vidal,MF,0,32,0,0,0,0,
887,Marc-André ter Stegen,GK,1,90,0,0,0,0,
888,Ansu Fati,FW,1,77,1,0,0,0,
888,Martin Braithwaite,FW,0,13,0,0,0,0,
888,Luis Suárez,FW,1,90,1,0,0,0,
888,Lionel Messi,FW,1,90,2,1,0,0,
888,Riqui Puig,MF,1,90,0,2,0,0,
888,Sergio Busquets,MF,1,58,0,0,0,0,
888,Frenkie de Jong,MF,0,32,0,0,0,0,
888,Arturo Vidal,MF,1,90,0,0,0,0,
888,Jordi Alba,DF,1,90,0,2,0,0,
888,Clément Lenglet,DF,1,49,0,0,0,0,
888,Nélson Semedo,DF,0,41,1,0,0,0,
888,Ronald Araújo,DF,1,90,0,0,0,0,
888,Sergi Roberto,DF,1,90,0,0,0,0,
888,Neto,GK,1,90,0,0,0,0,
889,Antoine Griezmann,FW,1,83,0,0,0,0,
889,Monchu,MF,0,7,0,0,0,0,
889,Luis Suárez,FW,1,89,1,0,1,0,
889,Junior Firpo,DF,0,1,0,0,0,0,
889,Lionel Messi,FW,1,90,1,0,0,0,
889,Frenkie de Jong,MF,1,90,0,0,0,0,
889,Ivan Rakitić,MF,1,90,0,1,0,0,
889,Sergi Roberto,DF,1,90,0,0,0,0,
889,Jordi Alba,DF,1,90,0,0,0,0,
889,Clément Lenglet,DF,1,90,1,0,0,0,
889,Gerard Piqué,DF,1,90,0,0,0,0,
889,Nélson Semedo,DF,1,90,0,0,0,0,
889,Marc-André ter Stegen,GK,1,90,0,0,0,0,
890,Luis Suárez,FW,1,90,1,0,1,0,
890,Lionel Messi,FW,1,90,0,0,0,0,
890,Arturo Vidal,MF,1,90,0,0,1,0,
890,Frenkie de Jong,MF,1,90,0,0,0,0,
890,Sergio Busquets,MF,1,69,0,0,0,0,
890,Ansu Fati,FW,0,21,0,0,0,0,
890,Sergi Roberto,DF,1,45,0,0,0,0,
890,Antoine Griezmann,FW,0,45,0,0,0,0,
890,Jordi Alba,DF,1,90,0,1,1,0,
890,Clément Lenglet,DF,1,90,0,0,0,0,
890,Gerard Piqué,DF,1,90,0,0,0,0,
890,Nélson Semedo,DF,1,90,0,0,0,0,
890,Marc-André ter Stegen,GK,1,90,0,0,0,0,
891,Lionel Messi,FW,1,90,1,0,0,0,
891,Ansu Fati,FW,1,69,2,0,0,0,
891,Ousmane Dembélé,MF,0,21,0,0,0,0,
891,Philippe Coutinho,MF,1,69,0,1,0,0,
891,Pedri,MF,0,21,0,0,0,0,
891,Antoine Griezmann,FW,1,77,0,0,0,0,
891,Francisco Trincão,FW,0,13,0,0,0,0,
891,Frenkie de Jong,MF,1,90,0,0,0,0,
891,Sergio Busquets,MF,1,77,0,0,0,0,
891,Miralem Pjanić,MF,0,13,0,0,0,0,
891,Jordi Alba,DF,1,90,0,1,0,0,
891,Clément Lenglet,DF,1,90,0,0,0,0,
891,Gerard Piqué,DF,1,90,0,0,0,0,
891,Sergi Roberto,DF,1,90,0,0,0,0,
891,Neto,GK,1,90,0,0,0,0,
892,Lionel Messi,FW,1,90,0,0,0,0,
892,Ansu Fati,FW,1,71,1,0,0,0,
892,Francisco Trincão,FW,0,19,0,0,0,0,
892,Philippe Coutinho,MF,1,71,0,1,0,0,
892,Pedri,MF,0,19,0,0,0,0,
892,Antoine Griezmann,FW,1,44,0,0,0,0,
892,Ronald Araújo,DF,0,46,0,0,0,0,
892,Frenkie de Jong,MF,1,90,0,0,0,0,
892,Sergio Busquets,MF,1,90,0,0,1,0,
892,Jordi Alba,DF,1,90,0,0,1,0,
892,Clément Lenglet,DF,1,41,0,0,2,1,
892,Gerard Piqué,DF,1,90,0,0,1,0,
892,Sergi Roberto,DF,1,90,1,0,0,0,
892,Neto,GK,1,90,0,0,0,0,
893,Lionel Messi,FW,1,90,0,0,0,0,
893,Ansu Fati,FW,1,60,0,0,0,0,
893,Pedri,MF,0,30,0,0,0,0,
893,Philippe Coutinho,MF,1,74,1,0,0,0,
893,Miralem Pjanić,MF,0,16,0,0,1,0,
893,Antoine Griezmann,FW,1,60,0,0,0,0,
893,Francisco Trincão,FW,0,30,0,0,0,0,
893,Frenkie de Jong,MF,1,90,0,0,0,0,
893,Sergio Busquets,MF,1,90,0,0,0,0,
893,Jordi Alba,DF,1,74,0,0,0,0,
893,Sergiño Dest,MF,0,16,0,0,0,0,
893,Gerard Piqué,DF,1,90,0,0,0,0,
893,Ronald Araújo,DF,1,90,0,0,0,0,
893,Sergi Roberto,DF,1,90,0,0,0,0,
893,Neto,GK,1,90,0,0,0,0,
894,Antoine Griezmann,FW,1,79,0,0,0,0,
894,Francisco Trincão,FW,0,11,0,0,0,0,
894,Ousmane Dembélé,MF,1,61,0,0,0,0,
894,Ansu Fati,FW,0,29,0,0,0,0,
894,Pedri,MF,1,61,0,0,0,0,
894,Philippe Coutinho,MF,0,29,0,0,0,0,
894,Lionel Messi,FW,1,90,0,0,0,0,
894,Frenkie de Jong,MF,1,79,0,0,0,0,
894,Martin Braithwaite,FW,0,11,0,0,0,0,
894,Sergio Busquets,MF,1,90,0,0,0,0,
894,Sergiño Dest,MF,1,90,0,0,1,0,
894,Clément Lenglet,DF,1,90,0,0,0,0,
894,Gerard Piqué,DF,1,90,0,0,1,0,
894,Sergi Roberto,DF,1,86,0,0,1,0,
894,Riqui Puig,MF,0,4,0,0,0,0,
894,Neto,GK,1,90,0,0,0,0,
895,Lionel Messi,FW,1,90,1,1,0,0,
895,Ansu Fati,FW,1,62,1,1,0,0,
895,Pedri,MF,0,28,1,0,0,0,
895,Philippe Coutinho,MF,1,69,1,0,0,0,
895,Ronald Araújo,DF,0,21,0,0,0,0,
895,Francisco Trincão,FW,1,62,0,0,0,0,
895,Ousmane Dembélé,MF,0,28,1,1,0,0,
895,Frenkie de Jong,MF,1,90,0,1,0,0,
895,Miralem Pjanić,MF,1,75,0,0,0,0,
895,Sergio Busquets,MF,0,15,0,0,0,0,
895,Sergiño Dest,MF,1,90,0,0,0,0,
895,Clément Lenglet,DF,1,90,0,0,0,0,
895,Gerard Piqué,DF,1,67,0,0,0,1,
895,Sergi Roberto,DF,1,61,0,0,0,0,
895,Junior Firpo,DF,0,29,0,0,0,0,
895,Neto,GK,1,90,0,0,0,0,
896,Lionel Messi,FW,1,90,0,0,1,0,
896,Ansu Fati,FW,1,80,1,0,0,0,
896,Antoine Griezmann,FW,0,10,0,0,0,0,
896,Philippe Coutinho,MF,1,90,0,0,0,0,
896,Frenkie de Jong,MF,1,90,0,0,0,0,
896,Sergio Busquets,MF,1,81,0,0,0,0,
896,Ousmane Dembélé,MF,0,9,0,0,0,0,
896,Pedri,MF,1,80,0,0,0,0,
896,Francisco Trincão,FW,0,10,0,0,0,0,
896,Jordi Alba,DF,1,86,0,1,1,0,
896,Martin Braithwaite,FW,0,4,0,0,0,0,
896,Clément Lenglet,DF,1,90,0,0,1,0,
896,Gerard Piqué,DF,1,90,0,0,0,0,
896,Sergiño Dest,MF,1,90,0,0,0,0,
896,Neto,GK,1,90,0,0,0,0,
897,Antoine Griezmann,FW,1,88,0,0,0,0,
897,Junior Firpo,DF,0,2,0,0,0,0,
897,Pedri,MF,1,89,0,0,0,0,
897,Martin Braithwaite,FW,0,1,0,0,0,0,
897,Lionel Messi,FW,1,90,1,1,0,0,
897,Ousmane Dembélé,MF,1,65,1,0,0,0,
897,Ansu Fati,FW,0,25,0,0,0,0,
897,Frenkie de Jong,MF,1,90,0,0,0,0,
897,Miralem Pjanić,MF,1,90,0,0,0,0,
897,Jordi Alba,DF,1,90,0,0,0,0,
897,Clément Lenglet,DF,1,90,0,0,0,0,
897,Ronald Araújo,DF,1,45,0,0,0,0,
897,Sergio Busquets,MF,0,45,0,0,0,0,
897,Sergi Roberto,DF,1,90,0,0,1,0,
897,Neto,GK,1,90,0,0,0,0,
898,Antoine Griezmann,FW,1,90,1,0,0,0,
898,Ansu Fati,FW,1,77,0,0,0,0,
898,Martin Braithwaite,FW,0,13,0,0,0,0,
898,Lionel Messi,FW,1,90,0,0,1,0,
898,Ousmane Dembélé,MF,1,45,0,0,0,0,
898,Francisco Trincão,FW,0,45,0,0,0,0,
898,Frenkie de Jong,MF,1,90,0,0,0,0,
898,Sergio Busquets,MF,1,45,0,0,1,0,
898,Miralem Pjanić,MF,0,45,0,0,0,0,
898,Jordi Alba,DF,1,68,0,0,0,0,
898,Sergiño Dest,MF,0,22,0,0,0,0,
898,Clément Lenglet,DF,1,45,0,0,1,0,
898,Pedri,MF,0,45,0,0,0,0,
898,Gerard Piqué,DF,1,90,0,0,0,0,
898,Sergi Roberto,DF,1,90,0,0,0,0,
898,Neto,GK,1,90,0,0,0,0,
899,Antoine Griezmann,FW,1,59,0,0,0,0,
899,Ousmane Dembélé,MF,0,31,0,0,0,0,
899,Ansu Fati,FW,1,73,0,1,0,0,
899,Francisco Trincão,FW,0,17,0,0,0,0,
899,Pedri,MF,1,82,0,0,0,0,
899,Carles Aleñá,MF,0,8,0,0,0,0,
899,Lionel Messi,FW,1,90,1,0,0,0,
899,Miralem Pjanić,MF,1,59,0,0,0,0,
899,Sergi Roberto,DF,0,31,0,0,0,0,
899,Sergio Busquets,MF,1,73,0,0,0,0,
899,Clément Lenglet,DF,0,17,0,0,0,0,
899,Jordi Alba,DF,1,90,0,0,0,0,
899,Frenkie de Jong,MF,1,90,0,0,0,0,
899,Gerard Piqué,DF,1,90,1,0,0,0,
899,Sergiño Dest,MF,1,90,0,0,0,0,
899,Marc-André ter Stegen,GK,1,90,0,0,0,0,
900,Ansu Fati,FW,1,45,0,0,1,0,
900,Lionel Messi,FW,0,45,2,0,0,0,
900,Antoine Griezmann,FW,1,77,1,1,0,0,
900,Martin Braithwaite,FW,0,13,0,0,0,0,
900,Pedri,MF,1,90,1,0,1,0,
900,Frenkie de Jong,MF,1,90,0,0,0,0,
900,Sergio Busquets,MF,1,85,0,0,0,0,
900,Miralem Pjanić,MF,0,5,0,0,0,0,
900,Ousmane Dembélé,MF,1,65,1,0,0,0,
900,Francisco Trincão,FW,0,25,0,0,0,0,
900,Jordi Alba,DF,1,90,0,1,0,0,
900,Clément Lenglet,DF,1,90,0,0,0,0,
900,Gerard Piqué,DF,1,90,0,0,0,0,
900,Sergi Roberto,DF,1,90,0,2,0,0,
900,Marc-André ter Stegen,GK,1,90,0,0,0,0,
901,Antoine Griezmann,FW,1,82,0,0,0,0,
901,Francisco Trincão,FW,0,8,0,0,0,0,
901,Pedri,MF,1,56,0,0,0,0,
901,Philippe Coutinho,MF,0,34,0,0,0,0,
901,Lionel Messi,FW,1,90,0,0,0,0,
901,Ousmane Dembélé,MF,1,90,0,0,0,0,
901,Frenkie de Jong,MF,1,90,0,0,0,0,
901,Miralem Pjanić,MF,1,82,0,0,0,0,
901,Martin Braithwaite,FW,0,8,0,0,0,0,
901,Jordi Alba,DF,1,90,0,0,0,0,
901,Clément Lenglet,DF,1,90,0,0,0,0,
901,Gerard Piqué,DF,1,61,0,0,0,0,
901,Sergiño Dest,MF,0,29,0,0,0,0,
901,Sergi Roberto,DF,1,90,0,0,0,0,
901,Marc-André ter Stegen,GK,1,90,0,0,0,0,
902,Martin Braithwaite,FW,1,90,2,1,0,0,
902,Philippe Coutinho,MF,1,64,0,0,0,0,
902,Antoine Griezmann,FW,0,26,1,0,0,0,
902,Pedri,MF,1,72,0,0,0,0,
902,Matheus Fernandes,MF,0,18,0,0,0,0,
902,Francisco Trincão,FW,1,82,0,0,0,0,
902,Konrad De La Fuente,FW,0,8,0,0,0,0,
902,Carles Aleñá,MF,1,90,0,0,0,0,
902,Miralem Pjanić,MF,1,64,0,0,1,0,
902,Riqui Puig,MF,0,26,0,0,0,0,
902,Junior Firpo,DF,1,90,0,0,0,0,
902,Clément Lenglet,DF,1,64,0,0,0,0,
902,Jordi Alba,DF,0,26,0,1,0,0,
902,Óscar Mingueza,DF,1,90,0,1,0,0,
902,Sergiño Dest,MF,1,90,1,0,0,0,
902,Marc-André ter Stegen,GK,1,90,0,0,0,0,
903,Antoine Griezmann,FW,1,90,1,1,0,0,
903,Martin Braithwaite,FW,1,60,1,0,0,0,
903,Francisco Trincão,FW,0,30,0,1,0,0,
903,Lionel Messi,FW,1,90,1,0,1,0,
903,Philippe Coutinho,MF,1,60,1,0,0,0,
903,Ousmane Dembélé,MF,0,30,0,0,0,0,
903,Frenkie de Jong,MF,1,90,0,0,0,0,
903,Pedri,MF,1,45,0,0,0,0,
903,Sergio Busquets,MF,0,45,0,0,0,0,
903,Jordi Alba,DF,1,90,0,0,0,0,
903,Clément Lenglet,DF,1,66,0,0,0,0,
903,Carles Aleñá,MF,0,24,0,0,0,0,
903,Óscar Mingueza,DF,1,90,0,0,0,0,
903,Sergiño Dest,MF,1,60,0,0,0,0,
903,Junior Firpo,DF,0,30,0,0,0,0,
903,Marc-André ter Stegen,GK,1,90,0,0,0,0,
904,Martin Braithwaite,FW,1,79,1,0,0,0,
904,Konrad De La Fuente,FW,0,11,0,0,0,0,
904,Ousmane Dembélé,MF,1,90,1,1,0,0,
904,Antoine Griezmann,FW,1,64,1,0,1,0,
904,Riqui Puig,MF,0,26,0,0,0,0,
904,Francisco Trincão,FW,1,90,0,0,1,0,
904,Sergio Busquets,MF,1,45,0,0,1,0,
904,Frenkie de Jong,MF,0,45,0,0,0,0,
904,Miralem Pjanić,MF,1,90,0,0,0,0,
904,Jordi Alba,DF,1,45,0,1,0,0,
904,Junior Firpo,DF,0,45,0,0,0,0,
904,Clément Lenglet,DF,1,64,0,0,0,0,
904,Carles Aleñá,MF,0,26,0,0,0,0,
904,Óscar Mingueza,DF,1,90,0,0,0,0,
904,Sergiño Dest,MF,1,90,0,0,0,0,
904,Neto,GK,1,90,0,0,0,0,
905,Martin Braithwaite,FW,1,90,0,0,0,0,
905,Philippe Coutinho,MF,1,45,0,0,0,0,
905,Ousmane Dembélé,MF,0,45,0,0,0,0,
905,Antoine Griezmann,FW,1,90,0,0,0,0,
905,Lionel Messi,FW,1,90,0,0,0,0,
905,Frenkie de Jong,MF,1,90,0,0,0,0,
905,Sergio Busquets,MF,1,77,0,0,0,0,
905,Miralem Pjanić,MF,0,13,0,0,0,0,
905,Jordi Alba,DF,1,90,0,0,1,0,
905,Clément Lenglet,DF,1,90,0,0,1,0,
905,Óscar Mingueza,DF,1,45,0,0,0,0,
905,Pedri,MF,0,45,0,0,0,0,
905,Sergiño Dest,MF,1,76,0,0,0,0,
905,Francisco Trincão,FW,0,14,0,0,0,0,
905,Marc-André ter Stegen,GK,1,90,0,0,0,0,
906,Antoine Griezmann,FW,1,90,0,0,0,0,
906,Pedri,MF,1,65,0,0,0,0,
906,Riqui Puig,MF,0,25,0,0,0,0,
906,Lionel Messi,FW,1,90,0,0,0,0,
906,Francisco Trincão,FW,1,45,0,0,0,0,
906,Martin Braithwaite,FW,0,45,0,0,0,0,
906,Frenkie de Jong,MF,1,90,0,0,0,0,
906,Miralem Pjanić,MF,1,90,0,0,0,0,
906,Jordi Alba,DF,1,54,0,0,1,0,
906,Junior Firpo,DF,0,36,0,0,1,0,
906,Clément Lenglet,DF,1,54,0,0,1,0,
906,Samuel Umtiti,DF,0,36,0,0,1,0,
906,Ronald Araújo,DF,1,81,0,0,0,0,
906,Óscar Mingueza,DF,0,9,0,0,0,0,
906,Sergiño Dest,MF,1,90,0,0,0,0,
906,Marc-André ter Stegen,GK,1,90,0,0,0,0,
907,Lionel Messi,FW,1,90,1,0,0,0,
907,Martin Braithwaite,FW,1,90,0,0,1,0,
907,Philippe Coutinho,MF,1,69,0,0,0,0,
907,Francisco Trincão,FW,0,21,0,0,0,0,
907,Antoine Griezmann,FW,1,88,0,0,0,0,
907,Samuel Umtiti,DF,0,2,0,0,0,0,
907,Frenkie de Jong,MF,1,90,0,1,1,0,
907,Sergio Busquets,MF,1,57,0,0,0,0,
907,Pedri,MF,0,33,0,0,0,0,
907,Jordi Alba,DF,1,90,0,0,0,0,
907,Clément Lenglet,DF,1,90,0,0,0,0,
907,Ronald Araújo,DF,1,90,0,0,0,0,
907,Sergiño Dest,MF,1,90,0,0,0,0,
907,Marc-André ter Stegen,GK,1,90,0,0,0,0,
908,Lionel Messi,FW,1,90,0,0,0,0,
908,Martin Braithwaite,FW,1,90,0,0,0,0,
908,Pedri,MF,1,73,0,0,0,0,
908,Miralem Pjanić,MF,0,17,0,0,0,0,
908,Antoine Griezmann,FW,1,65,0,0,0,0,
908,Francisco Trincão,FW,0,25,0,0,1,0,
908,Frenkie de Jong,MF,1,90,1,0,0,0,
908,Sergio Busquets,MF,1,66,0,0,1,0,
908,Carles Aleñá,MF,0,24,0,0,1,0,
908,Jordi Alba,DF,1,90,1,0,0,0,
908,Óscar Mingueza,DF,1,78,0,0,0,0,
908,Clément Lenglet,DF,0,12,0,0,0,0,
908,Ronald Araújo,DF,1,90,0,0,0,0,
908,Sergiño Dest,MF,1,90,0,0,0,0,
908,Marc-André ter Stegen,GK,1,90,0,0,0,0,
909,Lionel Messi,FW,1,90,1,0,0,0,
909,Martin Braithwaite,FW,1,90,0,0,0,0,
909,Philippe Coutinho,MF,1,78,0,0,0,0,
909,Clément Lenglet,DF,0,12,0,0,1,0,
909,Pedri,MF,1,85,0,0,0,0,
909,Miralem Pjanić,MF,0,5,0,0,0,0,
909,Antoine Griezmann,FW,1,72,0,0,1,0,
909,Francisco Trincão,FW,0,18,0,0,0,0,
909,Sergio Busquets,MF,1,45,0,0,0,0,
909,Frenkie de Jong,MF,0,45,0,0,0,0,
909,Jordi Alba,DF,1,90,0,0,1,0,
909,Óscar Mingueza,DF,1,90,0,0,1,0,
909,Ronald Araújo,DF,1,90,1,0,0,0,
909,Sergiño Dest,MF,1,90,0,0,0,0,
909,Marc-André ter Stegen,GK,1,90,0,0,0,0,
910,Martin Braithwaite,FW,1,90,1,0,0,0,
910,Pedri,MF,1,80,0,1,0,0,
910,Philippe Coutinho,MF,0,10,0,0,0,0,
910,Lionel Messi,FW,1,90,1,1,0,0,
910,Jordi Alba,DF,1,70,0,0,1,0,
910,Junior Firpo,DF,0,20,0,0,0,0,
910,Frenkie de Jong,MF,1,70,0,0,1,0,
910,Sergio Busquets,MF,0,20,0,0,0,0,
910,Miralem Pjanić,MF,1,90,0,0,0,0,
910,Sergiño Dest,MF,1,90,0,1,0,0,
910,Clément Lenglet,DF,1,90,1,0,0,0,
910,Ronald Araújo,DF,1,70,0,0,0,0,
910,Samuel Umtiti,DF,0,20,0,0,0,0,
910,Óscar Mingueza,DF,1,90,0,0,0,0,
910,Marc-André ter Stegen,GK,1,90,0,0,0,0,
911,Martin Braithwaite,FW,1,90,0,0,0,0,
911,Pedri,MF,1,88,0,0,0,0,
911,Riqui Puig,MF,0,2,0,0,0,0,
911,Antoine Griezmann,FW,1,65,0,0,0,0,
911,Francisco Trincão,FW,0,25,0,0,0,0,
911,Junior Firpo,DF,1,90,0,1,0,0,
911,Frenkie de Jong,MF,1,90,0,0,0,0,
911,Miralem Pjanić,MF,1,65,0,0,0,0,
911,Philippe Coutinho,MF,0,25,0,0,0,0,
911,Sergiño Dest,MF,1,45,0,0,0,0,
911,Ousmane Dembélé,MF,0,45,1,0,0,0,
911,Clément Lenglet,DF,1,81,0,0,0,0,
911,Sergio Busquets,MF,0,9,0,0,0,0,
911,Ronald Araújo,DF,1,90,0,0,0,0,
911,Óscar Mingueza,DF,1,90,0,0,0,0,
911,Marc-André ter Stegen,GK,1,90,0,0,0,0,
912,Ousmane Dembélé,MF,1,90,0,0,0,0,
912,Martin Braithwaite,FW,1,80,0,0,0,0,
912,Antoine Griezmann,FW,0,10,0,0,0,0,
912,Lionel Messi,FW,1,90,0,1,0,0,
912,Pedri,MF,1,90,0,0,0,0,
912,Sergio Busquets,MF,1,74,0,0,0,0,
912,Miralem Pjanić,MF,0,16,0,0,0,0,
912,Frenkie de Jong,MF,1,90,1,0,0,0,
912,Jordi Alba,DF,1,90,0,0,0,0,
912,Clément Lenglet,DF,1,90,0,0,0,0,
912,Ronald Araújo,DF,1,90,0,0,0,0,
912,Sergiño Dest,MF,1,74,0,0,0,0,
912,Óscar Mingueza,DF,0,16,0,0,0,0,
912,Marc-André ter Stegen,GK,1,90,0,0,0,0,
913,Antoine Griezmann,FW,1,90,0,1,0,0,
913,Lionel Messi,FW,1,90,2,0,0,0,
913,Ousmane Dembélé,MF,1,74,0,0,0,0,
913,Martin Braithwaite,FW,0,16,0,0,0,0,
913,Pedri,MF,1,90,1,1,0,0,
913,Sergio Busquets,MF,1,90,0,0,0,0,
913,Frenkie de Jong,MF,1,90,0,1,0,0,
913,Jordi Alba,DF,1,90,0,0,0,0,
913,Clément Lenglet,DF,1,90,0,0,1,0,
913,Ronald Araújo,DF,1,90,0,0,0,0,
913,Sergiño Dest,MF,1,74,0,0,0,0,
913,Óscar Mingueza,DF,0,16,0,0,0,0,
913,Marc-André ter Stegen,GK,1,90,0,0,0,0,
914,Antoine Griezmann,FW,1,90,2,1,0,0,
914,Lionel Messi,FW,1,64,2,0,0,0,
914,Martin Braithwaite,FW,0,26,0,0,0,0,
914,Ousmane Dembélé,MF,1,72,0,1,0,0,
914,Riqui Puig,MF,0,18,0,0,0,0,
914,Pedri,MF,1,72,0,0,0,0,
914,Francisco Trincão,FW,0,18,0,0,0,0,
914,Sergio Busquets,MF,1,90,0,0,1,0,
914,Frenkie de Jong,MF,1,64,0,0,0,0,
914,Miralem Pjanić,MF,0,26,0,0,0,0,
914,Jordi Alba,DF,1,90,0,0,1,0,
914,Samuel Umtiti,DF,1,90,0,0,0,0,
914,Óscar Mingueza,DF,1,90,0,0,1,0,
914,Sergiño Dest,MF,1,80,0,0,0,0,
914,Junior Firpo,DF,0,10,0,0,0,0,
914,Marc-André ter Stegen,GK,1,90,0,0,0,0,
915,Antoine Griezmann,FW,1,120,0,1,0,0,
915,Martin Braithwaite,FW,1,77,0,0,0,0,
915,Francisco Trincão,FW,0,43,0,0,0,0,
915,Pedri,MF,1,90,0,0,0,0,
915,Miralem Pjanić,MF,0,30,0,0,0,0,
915,Ousmane Dembélé,MF,1,120,0,0,1,0,
915,Sergio Busquets,MF,1,90,0,0,0,0,
915,Riqui Puig,MF,0,30,0,0,0,0,
915,Frenkie de Jong,MF,1,120,1,0,0,0,
915,Jordi Alba,DF,1,120,0,0,0,0,
915,Clément Lenglet,DF,1,120,0,0,0,0,
915,Ronald Araújo,DF,1,120,0,0,0,0,
915,Óscar Mingueza,DF,1,113,0,0,1,0,
915,Junior Firpo,DF,0,7,0,0,0,0,
915,Marc-André ter Stegen,GK,1,120,0,0,0,0,
916,Antoine Griezmann,FW,1,120,2,0,0,0,
916,Lionel Messi,FW,1,119,0,0,0,1,
916,Ousmane Dembélé,MF,1,87,0,0,0,0,
916,Martin Braithwaite,FW,0,33,0,0,0,0,
916,Pedri,MF,1,87,0,0,0,0,
916,Miralem Pjanić,MF,0,33,0,0,0,0,
916,Sergio Busquets,MF,1,96,0,0,0,0,
916,Riqui Puig,MF,0,24,0,0,0,0,
916,Frenkie de Jong,MF,1,120,0,0,0,0,
916,Jordi Alba,DF,1,120,0,1,1,0,
916,Clément Lenglet,DF,1,104,0,0,1,0,
916,Francisco Trincão,FW,0,16,0,0,0,0,
916,Ronald Araújo,DF,1,120,0,0,0,0,
916,Sergiño Dest,MF,1,45,0,0,0,0,
916,Óscar Mingueza,DF,0,75,0,0,0,0,
916,Marc-André ter Stegen,GK,1,120,0,0,0,0,
917,Antoine Griezmann,FW,1,100,0,0,0,0,
917,Konrad De La Fuente,FW,0,20,0,0,0,0,
917,Martin Braithwaite,FW,1,120,1,0,0,0,
917,Francisco Trincão,FW,1,73,0,0,0,0,
917,Pedri,MF,0,47,0,2,0,0,
917,Riqui Puig,MF,1,45,0,0,1,0,
917,Ousmane Dembélé,MF,0,75,1,0,0,0,
917,Miralem Pjanić,MF,1,120,0,0,1,0,
917,Ilaix Moriba,MF,1,73,0,0,0,0,
917,Sergio Busquets,MF,0,47,0,0,0,0,
917,Junior Firpo,DF,1,120,0,0,0,0,
917,Clément Lenglet,DF,1,120,0,0,0,0,
917,Ronald Araújo,DF,1,120,0,0,0,0,
917,Óscar Mingueza,DF,1,120,0,0,0,0,
917,Neto,GK,1,120,0,0,0,0,
918,Martin Braithwaite,FW,1,90,0,0,0,0,
918,Antoine Griezmann,FW,1,90,0,0,1,0,
918,Ousmane Dembélé,MF,1,73,0,0,0,0,
918,Francisco Trincão,FW,0,17,0,0,0,0,
918,Pedri,MF,1,86,0,0,0,0,
918,Riqui Puig,MF,0,4,1,0,0,0,
918,Sergio Busquets,MF,1,90,0,0,1,0,
918,Frenkie de Jong,MF,1,90,1,1,0,0,
918,Jordi Alba,DF,1,90,0,0,0,0,
918,Samuel Umtiti,DF,1,90,0,0,0,0,
918,Ronald Araújo,DF,1,90,0,0,0,0,
918,Óscar Mingueza,DF,1,90,0,0,0,0,
918,Marc-André ter Stegen,GK,1,90,0,0,0,0,
919,Antoine Griezmann,FW,1,84,0,1,0,0,
919,Martin Braithwaite,FW,0,6,0,0,1,0,
919,Lionel Messi,FW,1,90,1,0,0,0,
919,Francisco Trincão,FW,1,67,0,0,0,0,
919,Ousmane Dembélé,MF,0,23,0,0,1,0,
919,Riqui Puig,MF,1,67,0,0,0,0,
919,Jordi Alba,DF,0,23,0,1,0,0,
919,Sergio Busquets,MF,1,90,0,0,0,0,
919,Frenkie de Jong,MF,1,90,1,0,0,0,
919,Junior Firpo,DF,1,67,0,0,0,0,
919,Pedri,MF,0,23,0,0,0,0,
919,Clément Lenglet,DF,1,90,0,0,0,0,
919,Ronald Araújo,DF,1,90,0,0,0,0,
919,Óscar Mingueza,DF,1,90,0,0,0,0,
919,Neto,GK,1,90,0,0,0,0,
920,Lionel Messi,FW,1,90,1,0,0,0,
920,Antoine Griezmann,FW,1,83,1,0,0,0,
920,Clément Lenglet,DF,0,7,0,0,0,0,
920,Pedri,MF,1,90,0,0,0,0,
920,Ousmane Dembélé,MF,1,86,0,0,0,0,
920,Martin Braithwaite,FW,0,4,0,0,0,0,
920,Frenkie de Jong,MF,1,90,0,0,1,0,
920,Miralem Pjanić,MF,1,66,0,0,0,0,
920,Sergi Roberto,DF,0,24,0,0,0,0,
920,Jordi Alba,DF,1,90,0,0,1,0,
920,Samuel Umtiti,DF,1,90,0,0,0,0,
920,Ronald Araújo,DF,1,90,0,0,0,0,
920,Óscar Mingueza,DF,1,90,0,1,0,0,
920,Marc-André ter Stegen,GK,1,90,0,0,0,0,
921,Antoine Griezmann,FW,1,120,2,2,0,0,
921,Lionel Messi,FW,1,120,0,1,1,0,
921,Francisco Trincão,FW,1,62,0,0,0,0,
921,Ousmane Dembélé,MF,0,58,0,0,0,0,
921,Pedri,MF,1,104,0,0,0,0,
921,Clément Lenglet,DF,0,16,0,0,0,0,
921,Sergio Busquets,MF,1,75,0,0,0,0,
921,Riqui Puig,MF,0,45,0,0,0,0,
921,Frenkie de Jong,MF,1,120,1,0,0,0,
921,Jordi Alba,DF,1,120,2,1,1,0,
921,Samuel Umtiti,DF,1,63,0,0,0,0,
921,Martin Braithwaite,FW,0,57,0,0,0,0,
921,Ronald Araújo,DF,1,120,0,0,0,0,
921,Sergi Roberto,DF,1,56,0,0,0,0,
921,Sergiño Dest,MF,0,64,0,0,0,0,
921,Marc-André ter Stegen,GK,1,120,0,0,0,0,
922,Martin Braithwaite,FW,1,45,0,0,0,0,
922,Pedri,MF,0,45,0,0,0,0,
922,Antoine Griezmann,FW,1,90,0,0,0,0,
922,Ousmane Dembélé,MF,1,90,0,1,1,0,
922,Riqui Puig,MF,1,56,0,0,0,0,
922,Lionel Messi,FW,0,34,1,0,0,0,
922,Sergio Busquets,MF,1,77,0,0,1,0,
922,Samuel Umtiti,DF,0,13,0,0,0,0,
922,Miralem Pjanić,MF,1,56,0,0,0,0,
922,Francisco Trincão,FW,0,34,1,0,0,0,
922,Jordi Alba,DF,1,90,0,0,0,0,
922,Clément Lenglet,DF,1,90,0,0,0,0,
922,Ronald Araújo,DF,1,10,0,0,0,0,
922,Frenkie de Jong,MF,0,80,0,0,1,0,
922,Óscar Mingueza,DF,1,90,0,0,0,0,
922,Marc-André ter Stegen,GK,1,90,0,0,0,0,
923,Antoine Griezmann,FW,1,90,0,0,0,0,
923,Lionel Messi,FW,1,90,0,0,0,0,
923,Ousmane Dembélé,MF,1,90,0,0,0,0,
923,Pedri,MF,1,84,0,0,0,0,
923,Riqui Puig,MF,0,6,0,0,0,0,
923,Sergio Busquets,MF,1,90,0,0,0,0,
923,Frenkie de Jong,MF,1,90,0,0,0,0,
923,Jordi Alba,DF,1,90,0,0,1,0,
923,Samuel Umtiti,DF,1,89,0,0,0,0,
923,Francisco Trincão,FW,0,1,0,0,0,0,
923,Óscar Mingueza,DF,1,90,0,0,0,0,
923,Junior Firpo,DF,1,90,0,0,0,0,
923,Marc-André ter Stegen,GK,1,90,0,0,0,0,
924,Antoine Griezmann,FW,1,80,0,2,0,0,
924,Ousmane Dembélé,MF,0,10,0,0,0,0,
924,Lionel Messi,FW,1,90,2,1,0,0,
924,Francisco Trincão,FW,1,90,2,0,0,0,
924,Riqui Puig,MF,1,90,0,0,0,0,
924,Sergio Busquets,MF,1,45,0,1,0,0,
924,Samuel Umtiti,DF,0,45,0,0,0,0,
924,Ilaix Moriba,MF,1,63,0,1,0,0,
924,Pedri,MF,0,27,0,0,0,0,
924,Junior Firpo,DF,1,90,1,0,0,0,
924,Clément Lenglet,DF,1,90,0,0,0,0,
924,Frenkie de Jong,MF,1,71,0,0,0,0,
924,Miralem Pjanić,MF,0,19,0,0,0,0,
924,Óscar Mingueza,DF,1,71,0,0,0,0,
924,Sergiño Dest,MF,0,19,0,0,0,0,
924,Marc-André ter Stegen,GK,1,90,0,0,0,0,
925,Antoine Griezmann,FW,1,84,0,0,0,0,
925,Martin Braithwaite,FW,0,6,0,0,0,0,
925,Lionel Messi,FW,1,90,1,0,0,0,
925,Ousmane Dembélé,MF,1,90,0,0,0,0,
925,Pedri,MF,1,77,0,0,0,0,
925,Francisco Trincão,FW,0,13,0,0,0,0,
925,Sergio Busquets,MF,1,78,0,0,0,0,
925,Miralem Pjanić,MF,0,12,0,0,0,0,
925,Frenkie de Jong,MF,1,90,0,0,0,0,
925,Jordi Alba,DF,1,90,0,0,0,0,
925,Clément Lenglet,DF,1,90,0,0,0,0,
925,Gerard Piqué,DF,1,78,0,0,0,0,
925,Riqui Puig,MF,0,12,0,0,0,0,
925,Sergiño Dest,MF,1,70,0,0,0,0,
925,Óscar Mingueza,DF,0,20,0,0,0,0,
925,Marc-André ter Stegen,GK,1,90,0,0,0,0,
926,Antoine Griezmann,FW,1,64,0,0,0,0,
926,Martin Braithwaite,FW,0,26,0,0,0,0,
926,Lionel Messi,FW,1,90,1,0,0,0,
926,Ousmane Dembélé,MF,1,79,0,0,0,0,
926,Riqui Puig,MF,0,11,0,0,0,0,
926,Pedri,MF,1,73,0,0,0,0,
926,Francisco Trincão,FW,0,17,0,0,0,0,
926,Sergio Busquets,MF,1,64,0,0,0,0,
926,Miralem Pjanić,MF,0,26,0,0,0,0,
926,Frenkie de Jong,MF,1,90,0,0,0,0,
926,Jordi Alba,DF,1,90,0,0,0,0,
926,Clément Lenglet,DF,1,90,0,0,0,0,
926,Gerard Piqué,DF,1,90,0,0,0,0,
926,Sergiño Dest,MF,1,79,0,0,0,0,
926,Óscar Mingueza,DF,0,11,0,0,0,0,
926,Marc-André ter Stegen,GK,1,90,0,0,0,0,
927,Martin Braithwaite,FW,1,75,0,2,0,0,
927,Antoine Griezmann,FW,0,15,0,0,0,0,
927,Lionel Messi,FW,1,90,2,0,0,0,
927,Francisco Trincão,FW,1,66,0,0,0,0,
927,Sergio Busquets,MF,0,24,0,0,0,0,
927,Pedri,MF,1,90,0,0,0,0,
927,Miralem Pjanić,MF,1,45,0,0,0,0,
927,Ousmane Dembélé,MF,0,45,0,0,0,0,
927,Frenkie de Jong,MF,1,90,0,1,0,0,
927,Jordi Alba,DF,1,76,1,0,0,0,
927,Sergiño Dest,MF,0,14,0,0,0,0,
927,Samuel Umtiti,DF,1,90,0,0,0,0,
927,Gerard Piqué,DF,1,76,0,0,0,0,
927,Clément Lenglet,DF,0,14,0,0,0,0,
927,Óscar Mingueza,DF,1,90,0,0,0,0,
927,Marc-André ter Stegen,GK,1,90,0,0,0,0,
928,Ousmane Dembélé,MF,1,81,1,0,1,0,
928,Martin Braithwaite,FW,0,9,0,0,0,0,
928,Lionel Messi,FW,1,90,1,1,1,0,
928,Jordi Alba,DF,1,90,0,0,0,0,
928,Pedri,MF,1,70,0,0,0,0,
928,Ilaix Moriba,MF,0,20,0,0,0,0,
928,Frenkie de Jong,MF,1,90,0,0,0,0,
928,Sergiño Dest,MF,1,90,0,0,0,0,
928,Sergio Busquets,MF,1,90,0,0,0,0,
928,Gerard Piqué,DF,1,66,0,0,0,0,
928,Ronald Araújo,DF,0,15,0,0,0,0,
928,Samuel Umtiti,DF,0,9,0,0,0,0,
928,Óscar Mingueza,DF,1,90,0,0,0,0,
928,Clément Lenglet,DF,1,90,0,0,0,0,
928,Marc-André ter Stegen,GK,1,90,0,0,0,0,
929,Ousmane Dembélé,MF,1,88,1,0,0,0,
929,Francisco Trincão,FW,0,32,0,0,1,0,
929,Lionel Messi,FW,1,120,0,0,1,0,
929,Jordi Alba,DF,1,120,0,1,0,0,
929,Pedri,MF,1,88,0,0,0,0,
929,Martin Braithwaite,FW,0,32,1,0,0,0,
929,Frenkie de Jong,MF,1,120,0,0,0,0,
929,Sergiño Dest,MF,1,62,0,0,0,0,
929,Antoine Griezmann,FW,0,58,0,1,0,0,
929,Sergio Busquets,MF,1,77,0,0,0,0,
929,Ilaix Moriba,MF,0,43,0,0,0,0,
929,Gerard Piqué,DF,1,120,1,0,0,0,
929,Óscar Mingueza,DF,1,77,0,0,1,0,
929,Junior Firpo,DF,0,43,0,0,0,0,
929,Clément Lenglet,DF,1,120,0,0,0,0,
929,Marc-André ter Stegen,GK,1,120,0,0,0,0,
930,Antoine Griezmann,FW,1,66,0,0,0,0,
930,Martin Braithwaite,FW,0,24,0,0,0,0,
930,Lionel Messi,FW,1,90,0,2,0,0,
930,Jordi Alba,DF,1,86,1,0,0,0,
930,Junior Firpo,DF,0,4,0,0,1,0,
930,Pedri,MF,1,86,0,0,0,0,
930,Riqui Puig,MF,0,4,0,0,0,0,
930,Frenkie de Jong,MF,1,90,0,0,0,0,
930,Sergiño Dest,MF,1,90,0,0,0,0,
930,Sergio Busquets,MF,1,66,0,0,0,0,
930,Ilaix Moriba,MF,0,24,1,0,0,0,
930,Clément Lenglet,DF,1,90,0,0,0,0,
930,Óscar Mingueza,DF,1,90,0,0,0,0,
930,Samuel Umtiti,DF,1,45,0,0,1,0,
930,Ousmane Dembélé,MF,0,45,0,0,0,0,
930,Marc-André ter Stegen,GK,1,90,0,0,0,0,
931,Lionel Messi,FW,1,90,1,0,0,0,
931,Ousmane Dembélé,MF,1,78,0,0,0,0,
931,Martin Braithwaite,FW,0,12,0,0,0,0,
931,Antoine Griezmann,FW,1,90,0,0,0,0,
931,Jordi Alba,DF,1,90,0,0,0,0,
931,Pedri,MF,1,78,0,1,0,0,
931,Miralem Pjanić,MF,0,12,0,0,0,0,
931,Sergio Busquets,MF,1,78,0,0,0,0,
931,Ilaix Moriba,MF,0,12,0,0,0,0,
931,Sergiño Dest,MF,1,65,0,0,0,0,
931,Francisco Trincão,FW,0,25,0,0,0,0,
931,Clément Lenglet,DF,1,90,0,0,1,0,
931,Frenkie de Jong,MF,1,90,0,0,1,0,
931,Óscar Mingueza,DF,1,34,0,0,1,0,
931,Junior Firpo,DF,0,56,0,0,0,0,
931,Marc-André ter Stegen,GK,1,90,0,0,0,0,
932,Ousmane Dembélé,MF,1,84,0,0,0,0,
932,Martin Braithwaite,FW,0,6,0,0,0,0,
932,Antoine Griezmann,FW,1,68,1,0,0,0,
932,Francisco Trincão,FW,0,22,0,1,0,0,
932,Lionel Messi,FW,1,90,2,1,0,0,
932,Jordi Alba,DF,1,90,0,0,0,0,
932,Pedri,MF,1,84,0,1,0,0,
932,Riqui Puig,MF,0,6,0,0,0,0,
932,Sergio Busquets,MF,1,90,0,1,0,0,
932,Sergiño Dest,MF,1,68,0,0,0,0,
932,Ilaix Moriba,MF,0,22,0,0,0,0,
932,Clément Lenglet,DF,1,90,0,0,0,0,
932,Frenkie de Jong,MF,1,62,0,0,0,0,
932,Ronald Araújo,DF,0,28,0,0,0,0,
932,Óscar Mingueza,DF,1,90,1,0,0,0,
932,Marc-André ter Stegen,GK,1,90,0,0,0,0,
933,Ousmane Dembélé,MF,1,78,1,0,0,0,
933,Martin Braithwaite,FW,0,12,0,0,1,0,
933,Antoine Griezmann,FW,1,84,1,0,0,0,
933,Riqui Puig,MF,0,6,0,0,0,0,
933,Lionel Messi,FW,1,90,2,1,0,0,
933,Jordi Alba,DF,1,90,0,1,0,0,
933,Pedri,MF,1,67,0,0,0,0,
933,Ilaix Moriba,MF,0,23,0,1,0,0,
933,Sergio Busquets,MF,1,66,0,1,1,0,
933,Ronald Araújo,DF,0,24,0,0,0,0,
933,Sergiño Dest,MF,1,83,2,0,0,0,
933,Francisco Trincão,FW,0,7,0,0,0,0,
933,Clément Lenglet,DF,1,90,0,0,0,0,
933,Frenkie de Jong,MF,1,90,0,0,0,0,
933,Óscar Mingueza,DF,1,90,0,0,0,0,
933,Marc-André ter Stegen,GK,1,90,0,0,0,0,
934,Ousmane Dembélé,MF,1,90,1,0,0,0,
934,Antoine Griezmann,FW,1,62,0,0,1,0,
934,Francisco Trincão,FW,0,28,0,0,0,0,
934,Lionel Messi,FW,1,90,0,0,0,0,
934,Jordi Alba,DF,1,90,0,0,0,0,
934,Pedri,MF,1,76,0,0,0,0,
934,Ilaix Moriba,MF,0,14,0,0,0,0,
934,Sergio Busquets,MF,1,63,0,0,0,0,
934,Martin Braithwaite,FW,0,27,0,0,1,0,
934,Sergiño Dest,MF,1,86,0,0,0,0,
934,Riqui Puig,MF,0,4,0,0,0,0,
934,Clément Lenglet,DF,1,90,0,0,0,0,
934,Frenkie de Jong,MF,1,90,0,0,0,0,
934,Óscar Mingueza,DF,1,62,0,0,1,0,
934,Ronald Araújo,DF,0,28,0,1,0,0,
934,Marc-André ter Stegen,GK,1,90,0,0,0,0,
935,Ousmane Dembélé,MF,1,80,0,0,0,0,
935,Martin Braithwaite,FW,0,10,0,0,0,0,
935,Pedri,MF,1,80,0,0,1,0,
935,Francisco Trincão,FW,0,10,0,0,0,0,
935,Lionel Messi,FW,1,90,0,0,0,0,
935,Jordi Alba,DF,1,90,0,1,1,0,
935,Frenkie de Jong,MF,1,90,0,0,0,0,
935,Sergio Busquets,MF,1,63,0,0,0,0,
935,Sergi Roberto,DF,0,27,0,0,0,0,
935,Sergiño Dest,MF,1,45,0,0,0,0,
935,Antoine Griezmann,FW,0,45,0,0,0,0,
935,Clément Lenglet,DF,1,90,0,0,0,0,
935,Ronald Araújo,DF,1,71,0,0,1,0,
935,Ilaix Moriba,MF,0,19,0,0,0,0,
935,Óscar Mingueza,DF,1,90,1,0,0,0,
935,Marc-André ter Stegen,GK,1,90,0,0,0,0,
936,Antoine Griezmann,FW,1,87,1,0,0,0,
936,Ousmane Dembélé,MF,0,3,0,0,0,0,
936,Lionel Messi,FW,1,90,2,0,0,0,
936,Jordi Alba,DF,1,90,0,2,0,0,
936,Pedri,MF,1,80,0,0,0,0,
936,Ilaix Moriba,MF,0,10,0,0,0,0,
936,Frenkie de Jong,MF,1,90,1,2,0,0,
936,Sergiño Dest,MF,1,73,0,0,0,0,
936,Sergi Roberto,DF,0,17,0,0,0,0,
936,Sergio Busquets,MF,1,90,0,0,0,0,
936,Gerard Piqué,DF,1,81,0,0,0,0,
936,Ronald Araújo,DF,0,9,0,0,0,0,
936,Óscar Mingueza,DF,1,86,0,0,0,0,
936,Martin Braithwaite,FW,0,4,0,0,0,0,
936,Clément Lenglet,DF,1,90,0,0,0,0,
936,Marc-André ter Stegen,GK,1,90,0,0,0,0,
937,Antoine Griezmann,FW,1,90,1,0,0,0,
937,Lionel Messi,FW,1,90,2,1,0,0,
937,Jordi Alba,DF,1,90,0,0,0,0,
937,Pedri,MF,1,90,0,0,0,0,
937,Sergio Busquets,MF,1,90,0,1,0,0,
937,Frenkie de Jong,MF,1,90,0,0,0,0,
937,Sergi Roberto,DF,1,63,0,0,0,0,
937,Francisco Trincão,FW,0,27,0,0,0,0,
937,Clément Lenglet,DF,1,45,0,0,1,0,
937,Ilaix Moriba,MF,0,45,0,0,0,0,
937,Gerard Piqué,DF,1,45,0,0,0,0,
937,Ronald Araújo,DF,0,45,1,0,1,0,
937,Óscar Mingueza,DF,1,74,0,0,0,0,
937,Samuel Umtiti,DF,0,16,0,0,0,0,
937,Marc-André ter Stegen,GK,1,90,0,0,0,0,
938,Antoine Griezmann,FW,1,79,2,0,1,0,
938,Ousmane Dembélé,MF,0,11,0,0,0,0,
938,Lionel Messi,FW,1,90,0,0,0,0,
938,Jordi Alba,DF,1,90,0,0,0,0,
938,Pedri,MF,1,63,0,0,0,0,
938,Ilaix Moriba,MF,0,27,0,0,0,0,
938,Frenkie de Jong,MF,1,90,0,0,0,0,
938,Sergiño Dest,MF,1,45,0,0,0,0,
938,Sergi Roberto,DF,0,45,0,0,0,0,
938,Sergio Busquets,MF,1,87,0,0,1,0,
938,Ronald Araújo,DF,0,3,0,0,0,0,
938,Gerard Piqué,DF,1,90,0,0,0,0,
938,Óscar Mingueza,DF,1,90,0,1,1,0,
938,Clément Lenglet,DF,1,90,0,0,0,0,
938,Marc-André ter Stegen,GK,1,90,0,0,0,0,
939,Antoine Griezmann,FW,1,90,0,1,0,0,
939,Lionel Messi,FW,1,90,1,0,0,0,
939,Jordi Alba,DF,1,90,0,0,0,0,
939,Ilaix Moriba,MF,1,71,0,0,0,0,
939,Pedri,MF,0,19,0,0,0,0,
939,Frenkie de Jong,MF,1,90,0,0,0,0,
939,Sergi Roberto,DF,1,90,0,0,0,0,
939,Sergio Busquets,MF,1,80,0,0,0,0,
939,Francisco Trincão,FW,0,10,0,0,0,0,
939,Gerard Piqué,DF,1,90,0,0,0,0,
939,Óscar Mingueza,DF,1,71,0,0,0,0,
939,Ousmane Dembélé,MF,0,19,0,0,0,0,
939,Samuel Umtiti,DF,1,90,0,0,0,0,
939,Marc-André ter Stegen,GK,1,90,0,0,0,0,
940,Antoine Griezmann,FW,1,90,1,0,0,0,
940,Lionel Messi,FW,1,90,2,0,0,0,
940,Jordi Alba,DF,1,90,0,0,0,0,
940,Pedri,MF,1,74,0,0,0,0,
940,Ilaix Moriba,MF,0,16,0,0,0,0,
940,Frenkie de Jong,MF,1,90,0,0,0,0,
940,Sergiño Dest,MF,1,74,0,0,0,0,
940,Sergi Roberto,DF,0,16,0,0,0,0,
940,Sergio Busquets,MF,1,90,0,0,0,0,
940,Gerard Piqué,DF,1,90,0,0,0,0,
940,Ronald Araújo,DF,1,90,0,0,0,0,
940,Clément Lenglet,DF,1,90,0,0,0,0,
940,Marc-André ter Stegen,GK,1,90,0,0,1,0,
941,Antoine Griezmann,FW,1,90,0,0,0,0,
941,Lionel Messi,FW,1,90,0,0,0,0,
941,Jordi Alba,DF,1,90,0,0,1,0,
941,Pedri,MF,1,74,0,0,0,0,
941,Sergi Roberto,DF,0,16,0,0,0,0,
941,Frenkie de Jong,MF,1,90,0,0,0,0,
941,Sergiño Dest,MF,1,74,0,0,0,0,
941,Ousmane Dembélé,MF,0,16,0,0,0,0,
941,Sergio Busquets,MF,1,31,0,0,0,0,
941,Ilaix Moriba,MF,0,59,0,0,1,0,
941,Gerard Piqué,DF,1,90,0,0,1,0,
941,Óscar Mingueza,DF,1,45,0,0,0,0,
941,Ronald Araújo,DF,0,45,0,0,0,0,
941,Clément Lenglet,DF,1,90,0,0,0,0,
941,Marc-André ter Stegen,GK,1,90,0,0,0,0,
942,Lionel Messi,FW,1,90,1,0,0,0,
942,Antoine Griezmann,FW,1,80,0,0,0,0,
942,Martin Braithwaite,FW,0,10,0,0,0,0,
942,Jordi Alba,DF,1,90,0,0,0,0,
942,Pedri,MF,1,73,1,0,0,0,
942,Óscar Mingueza,DF,0,17,0,0,0,0,
942,Frenkie de Jong,MF,1,90,0,0,1,0,
942,Ousmane Dembélé,MF,1,81,1,1,0,0,
942,Sergiño Dest,MF,0,9,0,0,0,0,
942,Sergio Busquets,MF,1,90,0,0,0,0,
942,Gerard Piqué,DF,1,90,0,0,0,0,
942,Ronald Araújo,DF,1,45,0,0,0,0,
942,Sergi Roberto,DF,0,39,0,0,0,0,
942,Riqui Puig,MF,0,6,0,0,0,0,
942,Clément Lenglet,DF,1,90,0,0,1,0,
942,Marc-André ter Stegen,GK,1,90,0,0,0,0,
943,Lionel Messi,FW,1,90,1,0,0,0,
943,Antoine Griezmann,FW,1,69,0,0,0,0,
943,Martin Braithwaite,FW,0,21,0,0,0,0,
943,Jordi Alba,DF,1,90,0,0,0,0,
943,Pedri,MF,1,45,0,0,0,0,
943,Riqui Puig,MF,0,45,0,0,1,0,
943,Ilaix Moriba,MF,1,85,0,0,0,0,
943,Miralem Pjanić,MF,0,5,0,0,0,0,
943,Ousmane Dembélé,MF,1,69,0,0,0,0,
943,Francisco Trincão,FW,0,21,0,0,0,0,
943,Sergio Busquets,MF,1,90,0,1,0,0,
943,Gerard Piqué,DF,1,63,0,0,0,0,
943,Sergiño Dest,MF,0,27,0,0,0,0,
943,Ronald Araújo,DF,1,90,0,0,0,0,
943,Clément Lenglet,DF,1,82,0,0,2,1,
943,Marc-André ter Stegen,GK,1,90,0,0,0,0,
944,Ousmane Dembélé,MF,1,90,0,0,0,0,
944,Antoine Griezmann,FW,1,90,1,0,0,0,
944,Francisco Trincão,FW,1,45,0,0,0,0,
944,Martin Braithwaite,FW,0,45,0,0,0,0,
944,Junior Firpo,DF,1,45,0,0,1,0,
944,Jordi Alba,DF,0,45,0,0,0,0,
944,Ilaix Moriba,MF,1,54,0,0,0,0,
944,Riqui Puig,MF,0,36,0,0,0,0,
944,Sergio Busquets,MF,1,90,0,0,1,0,
944,Sergiño Dest,MF,1,90,0,0,0,0,
944,Óscar Mingueza,DF,1,45,0,0,0,0,
944,Samuel Umtiti,DF,0,45,0,0,0,0,
944,Frenkie de Jong,MF,1,73,0,0,0,0,
944,Miralem Pjanić,MF,0,17,0,0,0,0,
944,Ronald Araújo,DF,1,90,0,0,1,0,
944,Neto,GK,1,90,0,0,0,0,
945,Martin Braithwaite,FW,1,90,2,1,0,0,
945,Memphis,FW,1,89,0,1,0,0,
945,Clément Lenglet,DF,0,1,0,0,0,0,
945,Antoine Griezmann,FW,1,90,0,0,0,0,
945,Pedri,MF,1,90,0,0,0,0,
945,Sergio Busquets,MF,1,82,0,0,1,0,
945,Nicolás González,MF,0,8,0,0,1,0,
945,Frenkie de Jong,MF,1,70,0,1,0,0,
945,Sergi Roberto,DF,0,20,1,0,0,0,
945,Jordi Alba,DF,1,90,0,0,0,0,
945,Gerard Piqué,DF,1,90,1,0,0,0,
945,Eric García,DF,1,82,0,0,0,0,
945,Ronald Araújo,DF,0,8,0,0,0,0,
945,Sergiño Dest,MF,1,70,0,0,0,0,
945,Emerson,DF,0,20,0,0,0,0,
945,Neto,GK,1,90,0,0,0,0,
946,Martin Braithwaite,FW,1,61,0,0,0,0,
946,Yusuf Demir,FW,0,29,0,0,0,0,
946,Memphis,FW,1,90,1,0,0,0,
946,Antoine Griezmann,FW,1,90,0,0,0,0,
946,Pedri,MF,1,61,0,0,0,0,
946,Sergi Roberto,DF,0,29,0,1,0,0,
946,Sergio Busquets,MF,1,90,0,0,0,0,
946,Frenkie de Jong,MF,1,90,0,0,0,0,
946,Jordi Alba,DF,1,90,0,0,1,0,
946,Gerard Piqué,DF,1,30,0,0,0,0,
946,Ronald Araújo,DF,0,60,0,0,0,0,
946,Eric García,DF,1,89,0,0,1,1,
946,Sergiño Dest,MF,1,81,0,0,0,0,
946,Emerson,DF,0,9,0,0,0,0,
946,Neto,GK,1,90,0,0,0,0,
947,Martin Braithwaite,FW,1,73,0,0,0,0,
947,Nicolás González,MF,0,17,0,0,0,0,
947,Memphis,FW,1,90,1,0,1,0,
947,Antoine Griezmann,FW,1,83,0,0,0,0,
947,Óscar Mingueza,DF,0,7,0,0,0,0,
947,Frenkie de Jong,MF,1,90,0,1,0,0,
947,Sergio Busquets,MF,1,90,0,0,0,0,
947,Sergi Roberto,DF,1,73,1,0,0,0,
947,Gavi,MF,0,17,0,0,0,0,
947,Jordi Alba,DF,1,90,0,1,0,0,
947,Clément Lenglet,DF,1,90,0,0,1,0,
947,Ronald Araújo,DF,1,90,0,0,1,0,
947,Emerson,DF,1,62,0,0,0,0,
947,Sergiño Dest,MF,0,28,0,0,0,0,
947,Marc-André ter Stegen,GK,1,90,0,0,0,0,
948,Memphis,FW,1,90,0,0,0,0,
948,Luuk de Jong,FW,1,65,0,0,0,0,
948,Philippe Coutinho,MF,0,25,0,0,0,0,
948,Jordi Alba,DF,1,73,0,0,0,0,
948,Alejandro Balde,DF,0,17,0,0,0,0,
948,Pedri,MF,1,90,0,0,0,0,
948,Sergio Busquets,MF,1,58,0,0,0,0,
948,Gavi,MF,0,32,0,0,1,0,
948,Frenkie de Jong,MF,1,90,0,0,0,0,
948,Sergi Roberto,DF,1,58,0,0,0,0,
948,Yusuf Demir,FW,0,32,0,0,0,0,
948,Gerard Piqué,DF,1,90,0,0,0,0,
948,Eric García,DF,1,65,0,0,0,0,
948,Óscar Mingueza,DF,0,25,0,0,0,0,
948,Ronald Araújo,DF,1,90,0,0,0,0,
948,Marc-André ter Stegen,GK,1,90,0,0,0,0,
949,Philippe Coutinho,MF,1,59,0,0,0,0,
949,Gavi,MF,0,31,0,1,0,0,
949,Memphis,FW,1,90,0,0,0,0,
949,Yusuf Demir,FW,1,74,0,0,0,0,
949,Gerard Piqué,DF,0,16,0,0,1,0,
949,Frenkie de Jong,MF,1,90,0,0,0,0,
949,Sergio Busquets,MF,1,73,0,0,0,0,
949,Riqui Puig,MF,0,17,0,0,0,0,
949,Sergi Roberto,DF,1,45,0,0,0,0,
949,Luuk de Jong,FW,0,45,0,0,0,0,
949,Alejandro Balde,DF,1,41,0,0,0,0,
949,Óscar Mingueza,DF,0,49,0,0,1,0,
949,Ronald Araújo,DF,1,90,1,0,1,0,
949,Eric García,DF,1,90,0,0,0,0,
949,Sergiño Dest,MF,1,90,0,0,0,0,
949,Marc-André ter Stegen,GK,1,90,0,0,0,0,
950,Memphis,FW,1,90,0,0,0,0,
950,Luuk de Jong,FW,1,67,0,0,0,0,
950,Philippe Coutinho,MF,0,23,0,0,0,0,
950,Yusuf Demir,FW,1,45,0,0,0,0,
950,Sergi Roberto,DF,0,45,0,0,1,0,
950,Gavi,MF,1,72,0,0,0,0,
950,Nicolás González,MF,0,18,0,0,0,0,
950,Sergio Busquets,MF,1,90,0,0,1,0,
950,Frenkie de Jong,MF,1,64,0,0,2,1,
950,Sergiño Dest,MF,1,79,0,0,0,0,
950,Riqui Puig,MF,0,11,0,0,0,0,
950,Ronald Araújo,DF,1,90,0,0,0,0,
950,Gerard Piqué,DF,1,90,0,0,0,0,
950,Óscar Mingueza,DF,1,90,0,0,0,0,
950,Marc-André ter Stegen,GK,1,90,0,0,0,0,
951,Memphis,FW,1,90,1,0,0,0,
951,Luuk de Jong,FW,1,80,1,0,0,0,
951,Ansu Fati,FW,0,10,1,0,0,0,
951,Philippe Coutinho,MF,1,58,0,0,0,0,
951,Riqui Puig,MF,0,32,0,0,0,0,
951,Gavi,MF,1,80,0,0,1,0,
951,Yusuf Demir,FW,0,10,0,0,0,0,
951,Sergio Busquets,MF,1,90,0,0,0,0,
951,Nicolás González,MF,1,90,0,0,0,0,
951,Sergiño Dest,MF,1,88,0,1,0,0,
951,Clément Lenglet,DF,0,2,0,0,0,0,
951,Eric García,DF,1,90,0,0,0,0,
951,Gerard Piqué,DF,1,90,0,0,0,0,
951,Óscar Mingueza,DF,1,80,0,0,0,0,
951,Ronald Araújo,DF,0,10,0,0,0,0,
951,Marc-André ter Stegen,GK,1,90,0,0,0,0,
952,Luuk de Jong,FW,1,67,0,0,0,0,
952,Ansu Fati,FW,0,23,0,0,0,0,
952,Memphis,FW,1,90,0,0,0,0,
952,Sergiño Dest,MF,1,90,0,0,1,0,
952,Sergi Roberto,DF,1,88,0,0,0,0,
952,Óscar Mingueza,DF,0,2,0,0,0,0,
952,Pedri,MF,1,67,0,0,0,0,
952,Philippe Coutinho,MF,0,23,0,0,0,0,
952,Frenkie de Jong,MF,1,90,0,0,0,0,
952,Sergio Busquets,MF,1,67,0,0,0,0,
952,Nicolás González,MF,0,23,0,0,1,0,
952,Ronald Araújo,DF,1,90,0,0,0,0,
952,Gerard Piqué,DF,1,32,0,0,1,0,
952,Gavi,MF,0,58,0,0,0,0,
952,Eric García,DF,1,86,0,0,2,1,
952,Marc-André ter Stegen,GK,1,90,0,0,0,0,
953,Memphis,FW,1,90,0,0,0,0,
953,Gavi,MF,1,74,0,0,1,0,
953,Riqui Puig,MF,0,16,0,0,0,0,
953,Philippe Coutinho,MF,1,63,0,0,0,0,
953,Ansu Fati,FW,0,27,0,0,0,0,
953,Frenkie de Jong,MF,1,90,0,0,0,0,
953,Sergio Busquets,MF,1,90,0,0,0,0,
953,Nicolás González,MF,1,45,0,0,0,0,
953,Sergi Roberto,DF,0,45,0,0,0,0,
953,Sergiño Dest,MF,1,85,0,0,0,0,
953,Clément Lenglet,DF,0,5,0,0,0,0,
953,Gerard Piqué,DF,1,90,0,0,0,0,
953,Ronald Araújo,DF,1,90,0,0,0,0,
953,Óscar Mingueza,DF,1,74,0,0,0,0,
953,Luuk de Jong,FW,0,16,0,0,0,0,
953,Marc-André ter Stegen,GK,1,90,0,0,0,0,
954,Ansu Fati,FW,1,58,1,0,0,0,
954,Philippe Coutinho,MF,0,32,1,0,0,0,
954,Memphis,FW,1,90,1,1,0,0,
954,Sergiño Dest,MF,1,86,0,1,0,0,
954,Sergio Agüero,FW,0,4,0,0,0,0,
954,Gavi,MF,1,70,0,0,1,0,
954,Nicolás González,MF,0,20,0,0,0,0,
954,Sergio Busquets,MF,1,90,0,0,1,0,
954,Frenkie de Jong,MF,1,90,0,0,0,0,
954,Jordi Alba,DF,1,90,0,0,0,0,
954,Eric García,DF,1,90,0,0,0,0,
954,Gerard Piqué,DF,1,90,0,0,0,0,
954,Sergi Roberto,DF,1,70,0,0,0,0,
954,Óscar Mingueza,DF,0,20,0,0,0,0,
954,Marc-André ter Stegen,GK,1,90,0,0,0,0,
955,Memphis,FW,1,74,0,0,0,0,
955,Sergio Agüero,FW,0,16,0,0,0,0,
955,Luuk de Jong,FW,1,45,0,0,0,0,
955,Ansu Fati,FW,0,45,0,0,0,0,
955,Sergiño Dest,MF,1,90,0,0,0,0,
955,Frenkie de Jong,MF,1,90,0,0,1,0,
955,Sergio Busquets,MF,1,90,0,0,0,0,
955,Gavi,MF,1,68,0,0,0,0,
955,Sergi Roberto,DF,0,22,0,0,0,0,
955,Jordi Alba,DF,1,90,0,1,0,0,
955,Clément Lenglet,DF,1,90,0,0,0,0,
955,Gerard Piqué,DF,1,90,1,0,0,0,
955,Óscar Mingueza,DF,1,45,0,0,0,0,
955,Philippe Coutinho,MF,0,45,0,0,0,0,
955,Marc-André ter Stegen,GK,1,90,0,0,0,0,
956,Memphis,FW,1,90,0,0,0,0,
956,Ansu Fati,FW,1,73,0,0,0,0,
956,Sergio Agüero,FW,0,17,1,0,0,0,
956,Sergiño Dest,MF,1,90,0,1,0,0,
956,Frenkie de Jong,MF,1,76,0,0,0,0,
956,Sergi Roberto,DF,0,14,0,0,0,0,
956,Sergio Busquets,MF,1,90,0,0,0,0,
956,Gavi,MF,1,84,0,0,0,0,
956,Luuk de Jong,FW,0,6,0,0,0,0,
956,Jordi Alba,DF,1,90,0,0,0,0,
956,Gerard Piqué,DF,1,90,0,0,1,0,
956,Eric García,DF,1,90,0,0,0,0,
956,Óscar Mingueza,DF,1,45,0,0,0,0,
956,Philippe Coutinho,MF,0,45,0,0,0,0,
956,Marc-André ter Stegen,GK,1,90,0,0,0,0,
957,Memphis,FW,1,90,0,0,0,0,
957,Sergio Agüero,FW,1,90,0,0,0,0,
957,Sergiño Dest,MF,1,90,0,0,0,0,
957,Philippe Coutinho,MF,1,73,0,0,1,0,
957,Gavi,MF,0,17,0,0,0,0,
957,Sergio Busquets,MF,1,90,0,0,0,0,
957,Nicolás González,MF,1,83,0,0,0,0,
957,Luuk de Jong,FW,0,7,0,0,0,0,
957,Jordi Alba,DF,1,90,0,0,0,0,
957,Eric García,DF,1,90,0,0,0,0,
957,Gerard Piqué,DF,1,90,0,0,1,0,
957,Sergi Roberto,DF,1,59,0,0,0,0,
957,Yusuf Demir,FW,0,31,0,0,0,0,
957,Marc-André ter Stegen,GK,1,90,0,0,0,0,
958,Memphis,FW,1,90,1,0,0,0,
958,Sergio Agüero,FW,1,40,0,0,0,0,
958,Philippe Coutinho,MF,0,50,0,0,0,0,
958,Sergiño Dest,MF,1,90,0,0,0,0,
958,Gavi,MF,1,69,0,0,0,0,
958,Riqui Puig,MF,0,21,0,0,0,0,
958,Sergio Busquets,MF,1,90,0,0,0,0,
958,Nicolás González,MF,1,79,0,0,0,0,
958,Alejandro Balde,DF,0,11,0,0,0,0,
958,Jordi Alba,DF,1,90,0,1,0,0,
958,Eric García,DF,1,90,0,0,0,0,
958,Gerard Piqué,DF,1,69,0,0,0,0,
958,Clément Lenglet,DF,0,21,0,0,0,0,
958,Óscar Mingueza,DF,1,79,0,0,0,0,
958,Abde Ezzalzouli,FW,0,11,0,0,0,0,
958,Marc-André ter Stegen,GK,1,90,0,0,0,0,
959,Ansu Fati,FW,1,86,1,0,0,0,
959,Alejandro Balde,DF,0,4,0,0,0,0,
959,Memphis,FW,1,90,0,0,0,0,
959,Gavi,MF,1,64,0,0,1,0,
959,Ousmane Dembélé,MF,0,26,0,0,0,0,
959,Nicolás González,MF,1,90,0,0,0,0,
959,Sergio Busquets,MF,1,90,0,0,0,0,
959,Frenkie de Jong,MF,1,90,0,0,0,0,
959,Jordi Alba,DF,1,90,0,0,0,0,
959,Clément Lenglet,DF,1,78,0,0,1,0,
959,Ronald Araújo,DF,0,12,0,0,0,0,
959,Eric García,DF,1,90,0,0,1,0,
959,Óscar Mingueza,DF,1,90,0,0,0,0,
959,Marc-André ter Stegen,GK,1,90,0,0,0,0,
960,Ansu Fati,FW,1,45,1,0,0,0,
960,Alejandro Balde,DF,0,45,0,0,0,0,
960,Memphis,FW,1,90,1,0,0,0,
960,Gavi,MF,1,79,0,0,0,0,
960,Abde Ezzalzouli,FW,0,11,0,0,1,0,
960,Frenkie de Jong,MF,1,90,0,0,1,0,
960,Sergio Busquets,MF,1,90,1,0,1,0,
960,Nicolás González,MF,1,58,0,1,0,0,
960,Riqui Puig,MF,0,32,0,0,0,0,
960,Jordi Alba,DF,1,90,0,2,1,0,
960,Clément Lenglet,DF,1,90,0,0,0,0,
960,Eric García,DF,1,45,0,0,1,0,
960,Ronald Araújo,DF,0,45,0,0,0,0,
960,Óscar Mingueza,DF,1,90,0,0,0,0,
960,Marc-André ter Stegen,GK,1,90,0,0,1,0,
961,Gavi,MF,1,69,0,0,0,0,
961,Philippe Coutinho,MF,0,21,0,0,0,0,
961,Memphis,FW,1,90,1,0,0,0,
961,Ilias Akhomach,FW,1,45,0,0,0,0,
961,Abde Ezzalzouli,FW,0,45,0,0,1,0,
961,Frenkie de Jong,MF,1,90,0,0,1,0,
961,Sergio Busquets,MF,1,77,0,0,0,0,
961,Riqui Puig,MF,0,13,0,0,0,0,
961,Nicolás González,MF,1,87,0,0,0,0,
961,Yusuf Demir,FW,0,3,0,0,0,0,
961,Jordi Alba,DF,1,90,0,0,0,0,
961,Eric García,DF,1,90,0,0,0,0,
961,Gerard Piqué,DF,1,90,0,0,0,0,
961,Óscar Mingueza,DF,1,87,0,0,1,0,
961,Ronald Araújo,DF,0,3,0,0,0,0,
961,Marc-André ter Stegen,GK,1,90,0,0,1,0,
962,Gavi,MF,1,90,0,0,0,0,
962,Memphis,FW,1,90,0,0,0,0,
962,Yusuf Demir,FW,1,65,0,0,0,0,
962,Ousmane Dembélé,MF,0,25,0,0,0,0,
962,Nicolás González,MF,1,90,0,0,0,0,
962,Sergio Busquets,MF,1,90,0,0,0,0,
962,Frenkie de Jong,MF,1,90,0,0,0,0,
962,Jordi Alba,DF,1,90,0,0,0,0,
962,Clément Lenglet,DF,1,85,0,0,0,0,
962,Sergiño Dest,MF,0,5,0,0,0,0,
962,Gerard Piqué,DF,1,90,0,0,1,0,
962,Ronald Araújo,DF,1,85,0,0,0,0,
962,Eric García,DF,0,5,0,0,0,0,
962,Marc-André ter Stegen,GK,1,90,0,0,0,0,
963,Gavi,MF,1,90,0,0,0,0,
963,Memphis,FW,1,90,1,0,0,0,
963,Abde Ezzalzouli,FW,1,65,0,0,0,0,
963,Ousmane Dembélé,MF,0,25,0,0,0,0,
963,Nicolás González,MF,1,79,0,0,0,0,
963,Philippe Coutinho,MF,0,11,1,0,0,0,
963,Sergio Busquets,MF,1,90,0,0,0,0,
963,Frenkie de Jong,MF,1,90,1,0,0,0,
963,Jordi Alba,DF,1,70,0,0,1,0,
963,Óscar Mingueza,DF,0,20,0,0,0,0,
963,Gerard Piqué,DF,1,90,0,0,1,0,
963,Ronald Araújo,DF,1,90,0,0,0,0,
963,Eric García,DF,1,90,0,0,0,0,
963,Marc-André ter Stegen,GK,1,90,0,0,0,0,
964,Philippe Coutinho,MF,1,58,0,0,0,0,
964,Ousmane Dembélé,MF,0,32,0,0,0,0,
964,Memphis,FW,1,90,0,0,0,0,
964,Abde Ezzalzouli,FW,1,81,0,0,0,0,
964,Gerard Piqué,DF,0,9,0,0,0,0,
964,Nicolás González,MF,1,58,0,0,1,0,
964,Frenkie de Jong,MF,0,32,0,0,0,0,
964,Sergio Busquets,MF,1,90,0,0,0,0,
964,Gavi,MF,1,35,0,0,0,0,
964,Riqui Puig,MF,0,55,0,0,0,0,
964,Jordi Alba,DF,1,90,0,0,0,0,
964,Clément Lenglet,DF,1,81,0,0,0,0,
964,Luuk de Jong,FW,0,9,0,0,0,0,
964,Ronald Araújo,DF,1,90,0,0,0,0,
964,Sergiño Dest,MF,1,90,0,0,0,0,
964,Marc-André ter Stegen,GK,1,90,0,0,0,0,
965,Ousmane Dembélé,MF,1,72,0,0,0,0,
965,Philippe Coutinho,MF,0,18,0,0,0,0,
965,Memphis,FW,1,90,0,0,0,0,
965,Sergiño Dest,MF,1,45,0,0,0,0,
965,Nicolás González,MF,0,45,0,0,0,0,
965,Frenkie de Jong,MF,1,72,0,0,0,0,
965,Riqui Puig,MF,0,18,0,0,0,0,
965,Sergio Busquets,MF,1,90,0,0,1,0,
965,Gavi,MF,1,85,0,0,0,0,
965,Yusuf Demir,FW,0,5,0,0,0,0,
965,Jordi Alba,DF,1,30,0,0,0,0,
965,Óscar Mingueza,DF,0,60,0,0,0,0,
965,Clément Lenglet,DF,1,90,0,0,0,0,
965,Gerard Piqué,DF,1,90,0,0,0,0,
965,Ronald Araújo,DF,1,90,0,0,1,0,
965,Marc-André ter Stegen,GK,1,90,0,0,0,0,
966,Abde Ezzalzouli,FW,1,89,1,0,0,0,
966,Ferran Jutglà,FW,0,1,0,0,0,0,
966,Ousmane Dembélé,MF,1,80,0,0,0,0,
966,Philippe Coutinho,MF,0,10,0,0,0,0,
966,Luuk de Jong,FW,1,90,0,0,0,0,
966,Sergio Busquets,MF,1,90,0,0,0,0,
966,Frenkie de Jong,MF,1,90,0,0,0,0,
966,Ronald Araújo,DF,1,90,0,0,0,0,
966,Gerard Piqué,DF,1,90,0,0,1,0,
966,Samuel Umtiti,DF,1,90,0,0,1,0,
966,Gavi,MF,1,90,0,1,1,0,
966,Nicolás González,MF,1,72,1,0,0,0,
966,Óscar Mingueza,DF,0,18,0,0,0,0,
966,Marc-André ter Stegen,GK,1,90,0,0,1,0,
967,Abde Ezzalzouli,FW,1,88,0,0,0,0,
967,Alejandro Balde,DF,0,2,0,0,0,0,
967,Ferran Jutglà,FW,1,71,1,0,0,0,
967,Nicolás González,MF,0,19,1,0,0,0,
967,Ousmane Dembélé,MF,1,90,0,1,0,0,
967,Gavi,MF,1,90,1,1,0,0,
967,Jordi Alba,DF,1,90,0,0,0,0,
967,Frenkie de Jong,MF,1,75,0,0,0,0,
967,Riqui Puig,MF,0,15,0,0,0,0,
967,Sergio Busquets,MF,1,90,0,0,0,0,
967,Clément Lenglet,DF,1,90,0,1,0,0,
967,Eric García,DF,1,90,0,0,1,0,
967,Ronald Araújo,DF,1,90,0,0,0,0,
967,Marc-André ter Stegen,GK,1,90,0,0,0,0,
968,Abde Ezzalzouli,FW,1,90,0,0,1,0,
968,Ferran Jutglà,FW,1,72,0,0,0,0,
968,Nicolás González,MF,0,18,0,0,0,0,
968,Ousmane Dembélé,MF,1,90,0,1,0,0,
968,Gavi,MF,1,90,0,0,1,0,
968,Sergio Busquets,MF,1,90,0,0,1,0,
968,Frenkie de Jong,MF,1,84,0,0,0,0,
968,Luuk de Jong,FW,0,6,0,0,0,0,
968,Jordi Alba,DF,1,90,0,0,0,0,
968,Eric García,DF,1,71,0,0,0,0,
968,Clément Lenglet,DF,0,19,0,0,0,0,
968,Gerard Piqué,DF,1,90,0,0,0,0,
968,Ronald Araújo,DF,1,90,1,0,0,0,
968,Marc-André ter Stegen,GK,1,90,0,0,0,0,
969,Ferran Jutglà,FW,1,90,0,0,1,0,
969,Luuk de Jong,FW,1,90,1,0,0,0,
969,Ilias Akhomach,FW,1,79,0,0,0,0,
969,Estanis,FW,0,11,0,0,0,0,
969,Riqui Puig,MF,1,90,0,0,0,0,
969,Frenkie de Jong,MF,1,90,0,0,0,0,
969,Nicolás González,MF,1,70,0,0,0,0,
969,Alvaro Sanz,MF,0,20,0,0,0,0,
969,Ronald Araújo,DF,1,90,0,0,0,0,
969,Eric García,DF,1,90,0,0,0,0,
969,Gerard Piqué,DF,1,90,0,0,0,0,
969,Óscar Mingueza,DF,1,75,0,1,0,0,
969,Clément Lenglet,DF,0,15,0,0,1,0,
969,Marc-André ter Stegen,GK,1,90,0,0,0,0,
970,Ferran Jutglà,FW,1,90,1,0,0,0,
970,Ilias Akhomach,FW,1,45,0,0,0,0,
970,Ousmane Dembélé,MF,0,45,1,0,0,0,
970,Jordi Alba,DF,1,90,0,0,0,0,
970,Riqui Puig,MF,1,45,0,0,0,0,
970,Frenkie de Jong,MF,0,28,0,0,1,0,
970,Alvaro Sanz,MF,0,17,0,0,0,0,
970,Nicolás González,MF,1,90,0,1,0,0,
970,Dani Alves,DF,1,90,0,0,0,0,
970,Sergio Busquets,MF,1,90,0,0,0,0,
970,Eric García,DF,1,90,0,0,0,0,
970,Óscar Mingueza,DF,1,90,0,1,0,0,
970,Ronald Araújo,DF,1,45,0,0,0,0,
970,Gerard Piqué,DF,0,45,0,0,0,0,
970,Neto,GK,1,90,0,0,0,0,
971,Ferran Jutglà,FW,1,60,0,0,0,0,
971,Abde Ezzalzouli,FW,0,30,0,0,1,0,
971,Luuk de Jong,FW,1,60,1,0,0,0,
971,Memphis,FW,0,30,0,0,1,0,
971,Ousmane Dembélé,MF,1,81,0,0,0,0,
971,Alvaro Sanz,MF,0,9,0,0,0,0,
971,Gavi,MF,1,78,0,0,2,1,
971,Sergio Busquets,MF,1,90,0,0,0,0,
971,Nicolás González,MF,1,90,0,0,0,0,
971,Jordi Alba,DF,1,90,0,0,0,0,
971,Eric García,DF,1,53,0,0,0,0,
971,Clément Lenglet,DF,0,37,0,0,1,0,
971,Gerard Piqué,DF,1,90,0,0,0,0,
971,Dani Alves,DF,1,90,0,1,0,0,
971,Marc-André ter Stegen,GK,1,90,0,0,0,0,
972,Ousmane Dembélé,MF,1,120,0,0,0,0,
972,Luuk de Jong,FW,1,65,1,0,0,0,
972,Ansu Fati,FW,0,55,1,0,0,0,
972,Ferrán Torres,FW,1,45,0,0,1,0,
972,Abde Ezzalzouli,FW,0,64,0,0,0,0,
972,Ferran Jutglà,FW,0,11,0,0,0,0,
972,Frenkie de Jong,MF,1,45,0,0,0,0,
972,Pedri,MF,0,75,0,0,0,0,
972,Sergio Busquets,MF,1,120,0,0,0,0,
972,Gavi,MF,1,77,0,0,0,0,
972,Memphis,FW,0,43,0,0,0,0,
972,Jordi Alba,DF,1,120,0,1,0,0,
972,Gerard Piqué,DF,1,120,0,0,0,0,
972,Ronald Araújo,DF,1,120,0,0,0,0,
972,Dani Alves,DF,1,77,0,0,1,0,
972,Nicolás González,MF,0,43,0,0,0,0,
972,Marc-André ter Stegen,GK,1,120,0,0,0,0,
973,Abde Ezzalzouli,FW,1,45,0,0,0,0,
973,Nicolás González,MF,0,75,0,0,0,0,
973,Ferran Jutglà,FW,1,120,0,0,0,0,
973,Ferrán Torres,FW,1,60,1,0,0,0,
973,Ansu Fati,FW,0,35,0,0,0,0,
973,Sergiño Dest,MF,0,25,0,0,0,0,
973,Gavi,MF,1,60,0,0,0,0,
973,Frenkie de Jong,MF,0,60,0,0,1,0,
973,Sergio Busquets,MF,1,120,0,1,0,0,
973,Pedri,MF,1,104,1,0,1,0,
973,Martin Braithwaite,FW,0,16,0,0,0,0,
973,Jordi Alba,DF,1,120,0,0,1,0,
973,Gerard Piqué,DF,1,120,0,0,1,0,
973,Ronald Araújo,DF,1,120,0,0,0,0,
973,Dani Alves,DF,1,120,0,1,0,0,
973,Marc-André ter Stegen,GK,1,120,0,0,0,0,
974,Abde Ezzalzouli,FW,1,70,0,0,0,0,
974,Nicolás González,MF,0,20,0,0,0,0,
974,Luuk de Jong,FW,1,83,0,0,0,0,
974,Ferran Jutglà,FW,0,7,0,0,0,0,
974,Ferrán Torres,FW,1,90,0,1,0,0,
974,Pedri,MF,1,89,0,0,0,0,
974,Clément Lenglet,DF,0,1,0,0,0,0,
974,Sergio Busquets,MF,1,90,0,0,0,0,
974,Frenkie de Jong,MF,1,90,1,0,0,0,
974,Jordi Alba,DF,1,90,0,0,0,0,
974,Ronald Araújo,DF,1,90,0,0,0,0,
974,Gerard Piqué,DF,1,90,0,0,0,0,
974,Sergiño Dest,MF,1,90,0,0,0,0,
974,Marc-André ter Stegen,GK,1,90,0,0,0,0,
975,Gavi,MF,1,70,1,0,0,0,
975,Sergiño Dest,MF,0,20,0,0,0,0,
975,Ferrán Torres,FW,1,90,0,1,0,0,
975,Adama Traoré,FW,1,60,0,1,0,0,
975,Pierre-Emerick Aubameyang,FW,0,30,0,0,0,0,
975,Frenkie de Jong,MF,1,90,0,0,1,0,
975,Sergio Busquets,MF,1,90,0,0,0,0,
975,Pedri,MF,1,65,0,0,0,0,
975,Nicolás González,MF,0,25,0,0,0,0,
975,Jordi Alba,DF,1,90,1,0,1,0,
975,Gerard Piqué,DF,1,90,0,0,0,0,
975,Ronald Araújo,DF,1,90,1,0,0,0,
975,Dani Alves,DF,1,68,1,1,0,1,
975,Marc-André ter Stegen,GK,1,90,0,0,0,0,
976,Gavi,MF,1,71,0,0,0,0,
976,Nicolás González,MF,0,19,0,0,1,0,
976,Ferrán Torres,FW,1,90,0,0,0,0,
976,Adama Traoré,FW,1,90,0,1,0,0,
976,Pedri,MF,1,87,1,0,0,0,
976,Luuk de Jong,FW,0,3,1,0,0,0,
976,Sergio Busquets,MF,1,90,0,0,0,0,
976,Frenkie de Jong,MF,1,61,0,0,0,0,
976,Pierre-Emerick Aubameyang,FW,0,29,0,0,0,0,
976,Jordi Alba,DF,1,71,0,1,0,0,
976,Ousmane Dembélé,MF,0,19,0,0,0,0,
976,Gerard Piqué,DF,1,89,0,0,2,1,
976,Ronald Araújo,DF,1,45,0,0,0,0,
976,Eric García,DF,0,45,0,0,1,0,
976,Sergiño Dest,MF,1,90,0,0,0,0,
976,Marc-André ter Stegen,GK,1,90,0,0,0,0,
977,Ferrán Torres,FW,1,90,1,0,0,0,
977,Pierre-Emerick Aubameyang,FW,1,85,0,0,0,0,
977,Luuk de Jong,FW,0,5,0,0,0,0,
977,Adama Traoré,FW,1,64,0,0,0,0,
977,Ousmane Dembélé,MF,0,26,0,0,0,0,
977,Pedri,MF,1,90,0,0,0,0,
977,Frenkie de Jong,MF,1,64,0,0,0,0,
977,Sergio Busquets,MF,0,26,0,0,0,0,
977,Nicolás González,MF,1,64,0,0,0,0,
977,Gavi,MF,0,26,0,0,0,0,
977,Jordi Alba,DF,1,90,0,0,0,0,
977,Eric García,DF,1,90,0,0,0,0,
977,Gerard Piqué,DF,1,90,0,0,0,0,
977,Óscar Mingueza,DF,1,80,0,0,0,0,
977,Sergiño Dest,MF,0,10,0,0,0,0,
977,Marc-André ter Stegen,GK,1,90,0,0,0,0,
978,Ferrán Torres,FW,1,90,0,0,0,0,
978,Pierre-Emerick Aubameyang,FW,1,80,3,0,0,0,
978,Luuk de Jong,FW,0,10,0,0,0,0,
978,Ousmane Dembélé,MF,1,70,0,1,0,0,
978,Nicolás González,MF,0,20,0,0,1,0,
978,Frenkie de Jong,MF,1,59,1,0,0,0,
978,Pedri,MF,0,31,0,1,0,0,
978,Sergio Busquets,MF,1,90,0,0,0,0,
978,Gavi,MF,1,80,0,1,0,0,
978,Adama Traoré,FW,0,10,0,0,0,0,
978,Jordi Alba,DF,1,90,0,1,1,0,
978,Eric García,DF,1,45,0,0,0,0,
978,Óscar Mingueza,DF,0,45,0,0,0,0,
978,Ronald Araújo,DF,1,90,0,0,1,0,
978,Sergiño Dest,MF,1,90,0,0,1,0,
978,Marc-André ter Stegen,GK,1,90,0,0,0,0,
979,Ferrán Torres,FW,1,81,0,1,0,0,
979,Riqui Puig,MF,0,9,0,0,0,0,
979,Pierre-Emerick Aubameyang,FW,1,74,1,0,0,0,
979,Luuk de Jong,FW,0,16,0,0,0,0,
979,Adama Traoré,FW,1,74,0,2,0,0,
979,Ousmane Dembélé,MF,0,16,0,0,0,0,
979,Pedri,MF,1,74,0,0,0,0,
979,Nicolás González,MF,0,16,0,0,0,0,
979,Frenkie de Jong,MF,1,90,1,0,0,0,
979,Sergio Busquets,MF,1,61,0,0,0,0,
979,Gavi,MF,0,29,0,0,1,0,
979,Jordi Alba,DF,1,90,1,0,0,0,
979,Ronald Araújo,DF,1,90,0,0,0,0,
979,Gerard Piqué,DF,1,90,1,0,0,0,
979,Sergiño Dest,MF,1,90,0,0,0,0,
979,Marc-André ter Stegen,GK,1,90,0,0,0,0,
980,Ferrán Torres,FW,1,66,0,0,0,0,
980,Ousmane Dembélé,MF,0,24,1,2,0,0,
980,Pierre-Emerick Aubameyang,FW,1,85,1,0,0,0,
980,Luuk de Jong,FW,0,5,1,0,0,0,
980,Adama Traoré,FW,1,81,0,0,0,0,
980,Memphis,FW,0,9,1,0,0,0,
980,Pedri,MF,1,90,0,0,0,0,
980,Sergio Busquets,MF,1,86,0,0,1,0,
980,Nicolás González,MF,0,4,0,0,0,0,
980,Gavi,MF,1,66,0,0,0,0,
980,Frenkie de Jong,MF,0,24,0,1,0,0,
980,Sergiño Dest,MF,1,90,0,0,0,0,
980,Gerard Piqué,DF,1,90,0,0,1,0,
980,Ronald Araújo,DF,1,90,0,0,0,0,
980,Dani Alves,DF,1,90,0,0,0,0,
980,Marc-André ter Stegen,GK,1,90,0,0,0,0,
981,Gavi,MF,1,45,0,0,0,0,
981,Ferrán Torres,FW,0,45,1,0,0,0,
981,Pierre-Emerick Aubameyang,FW,1,74,0,0,0,0,
981,Memphis,FW,0,16,1,0,1,0,
981,Ousmane Dembélé,MF,1,74,0,0,1,0,
981,Adama Traoré,FW,0,16,0,0,0,0,
981,Frenkie de Jong,MF,1,67,0,0,0,0,
981,Nicolás González,MF,0,23,0,0,1,0,
981,Sergio Busquets,MF,1,90,0,0,0,0,
981,Pedri,MF,1,90,0,0,0,0,
981,Jordi Alba,DF,1,90,0,1,0,0,
981,Gerard Piqué,DF,1,90,0,0,1,0,
981,Ronald Araújo,DF,1,90,0,0,1,0,
981,Dani Alves,DF,1,84,0,0,1,0,
981,Sergiño Dest,MF,0,6,0,0,0,0,
981,Marc-André ter Stegen,GK,1,90,0,0,0,0,
982,Ferrán Torres,FW,1,45,0,0,0,0,
982,Ousmane Dembélé,MF,0,45,0,0,0,0,
982,Memphis,FW,1,60,0,0,1,0,
982,Pierre-Emerick Aubameyang,FW,0,30,0,0,0,0,
982,Adama Traoré,FW,1,79,0,0,0,0,
982,Luuk de Jong,FW,0,11,0,0,0,0,
982,Pedri,MF,1,90,0,0,0,0,
982,Frenkie de Jong,MF,1,90,0,0,0,0,
982,Nicolás González,MF,1,45,0,0,0,0,
982,Sergio Busquets,MF,0,45,0,0,0,0,
982,Jordi Alba,DF,1,90,0,0,1,0,
982,Eric García,DF,1,90,0,0,0,0,
982,Ronald Araújo,DF,1,45,0,0,0,0,
982,Gerard Piqué,DF,0,45,0,0,0,0,
982,Sergiño Dest,MF,1,90,0,0,0,0,
982,Marc-André ter Stegen,GK,1,90,0,0,0,0,
983,Ferrán Torres,FW,1,79,2,0,0,0,
983,Martin Braithwaite,FW,0,11,0,0,0,0,
983,Pierre-Emerick Aubameyang,FW,1,72,1,0,0,0,
983,Memphis,FW,0,18,0,0,0,0,
983,Ousmane Dembélé,MF,1,90,0,2,0,0,
983,Gavi,MF,1,90,0,0,0,0,
983,Sergio Busquets,MF,1,90,0,0,0,0,
983,Pedri,MF,1,72,0,0,0,0,
983,Riqui Puig,MF,0,18,1,0,0,0,
983,Jordi Alba,DF,1,78,0,0,0,0,
983,Óscar Mingueza,DF,0,12,0,0,0,0,
983,Eric García,DF,1,90,0,0,0,0,
983,Gerard Piqué,DF,1,61,0,0,0,0,
983,Clément Lenglet,DF,0,29,0,0,0,0,
983,Dani Alves,DF,1,90,0,0,0,0,
983,Marc-André ter Stegen,GK,1,90,0,0,0,0,
984,Pierre-Emerick Aubameyang,FW,1,80,1,0,0,0,
984,Memphis,FW,0,10,0,0,0,0,
984,Ferrán Torres,FW,1,90,0,1,0,0,
984,Adama Traoré,FW,1,45,0,0,0,0,
984,Ousmane Dembélé,MF,0,45,0,0,0,0,
984,Pedri,MF,1,90,1,0,0,0,
984,Frenkie de Jong,MF,1,66,0,1,0,0,
984,Gavi,MF,0,24,0,0,1,0,
984,Sergio Busquets,MF,1,90,0,0,1,0,
984,Jordi Alba,DF,1,90,0,0,1,0,
984,Gerard Piqué,DF,1,80,0,0,0,0,
984,Clément Lenglet,DF,0,10,0,0,0,0,
984,Eric García,DF,1,90,0,0,1,0,
984,Sergiño Dest,MF,1,55,0,0,0,0,
984,Ronald Araújo,DF,0,35,0,0,0,0,
984,Marc-André ter Stegen,GK,1,90,0,0,0,0,
985,Ferrán Torres,FW,1,90,1,1,0,0,
985,Pierre-Emerick Aubameyang,FW,1,70,2,1,0,0,
985,Memphis,FW,0,20,0,0,0,0,
985,Ousmane Dembélé,MF,1,79,0,2,0,0,
985,Adama Traoré,FW,0,11,0,0,0,0,
985,Pedri,MF,1,85,0,0,0,0,
985,Nicolás González,MF,0,5,0,0,1,0,
985,Sergio Busquets,MF,1,90,0,0,1,0,
985,Frenkie de Jong,MF,1,70,0,0,1,0,
985,Gavi,MF,0,20,0,0,0,0,
985,Jordi Alba,DF,1,85,0,0,1,0,
985,Dani Alves,DF,0,5,0,0,0,0,
985,Eric García,DF,1,90,0,0,0,0,
985,Gerard Piqué,DF,1,90,0,0,0,0,
985,Ronald Araújo,DF,1,90,1,0,0,0,
985,Marc-André ter Stegen,GK,1,90,0,0,0,0,
986,Ferrán Torres,FW,1,90,0,0,0,0,
986,Pierre-Emerick Aubameyang,FW,1,80,0,0,0,0,
986,Memphis,FW,0,10,0,0,0,0,
986,Ousmane Dembélé,MF,1,89,0,1,1,0,
986,Nicolás González,MF,0,1,0,0,0,0,
986,Pedri,MF,1,90,1,0,0,0,
986,Sergio Busquets,MF,1,90,0,0,1,0,
986,Frenkie de Jong,MF,1,73,0,0,0,0,
986,Gavi,MF,0,17,0,0,0,0,
986,Jordi Alba,DF,1,90,0,0,0,0,
986,Gerard Piqué,DF,1,90,0,0,1,0,
986,Ronald Araújo,DF,1,90,0,0,0,0,
986,Dani Alves,DF,1,90,0,0,0,0,
986,Marc-André ter Stegen,GK,1,90,0,0,0,0,
987,Ferrán Torres,FW,1,90,1,0,0,0,
987,Pierre-Emerick Aubameyang,FW,1,90,0,0,0,0,
987,Adama Traoré,FW,1,61,0,0,0,0,
987,Ousmane Dembélé,MF,0,29,0,0,0,0,
987,Gavi,MF,1,61,0,0,0,0,
987,Frenkie de Jong,MF,0,29,0,1,0,0,
987,Sergio Busquets,MF,1,90,0,0,0,0,
987,Pedri,MF,1,90,0,0,0,0,
987,Jordi Alba,DF,1,90,0,0,0,0,
987,Eric García,DF,1,90,0,0,0,0,
987,Gerard Piqué,DF,1,22,0,0,0,0,
987,Clément Lenglet,DF,0,68,0,0,0,0,
987,Ronald Araújo,DF,1,90,0,0,0,0,
987,Marc-André ter Stegen,GK,1,90,0,0,0,0,
988,Ferrán Torres,FW,1,90,0,0,0,0,
988,Pierre-Emerick Aubameyang,FW,1,83,1,0,0,0,
988,Luuk de Jong,FW,0,7,1,0,0,0,
988,Ousmane Dembélé,MF,1,83,0,1,0,0,
988,Adama Traoré,FW,0,7,0,0,0,0,
988,Frenkie de Jong,MF,1,56,0,0,0,0,
988,Gavi,MF,0,34,0,1,0,0,
988,Sergio Busquets,MF,1,90,0,0,0,0,
988,Nicolás González,MF,1,55,0,0,0,0,
988,Pedri,MF,0,35,1,0,0,0,
988,Jordi Alba,DF,1,90,0,1,0,0,
988,Eric García,DF,1,90,0,0,0,0,
988,Ronald Araújo,DF,1,90,0,0,1,0,
988,Dani Alves,DF,1,80,0,0,0,0,
988,Clément Lenglet,DF,0,10,0,0,0,0,
988,Marc-André ter Stegen,GK,1,90,0,0,0,0,
989,Ferrán Torres,FW,1,79,0,0,0,0,
989,Memphis,FW,0,11,1,0,0,0,
989,Pierre-Emerick Aubameyang,FW,1,60,0,0,0,0,
989,Adama Traoré,FW,0,30,0,0,0,0,
989,Ousmane Dembélé,MF,1,90,0,0,1,0,
989,Pedri,MF,1,45,0,0,0,0,
989,Frenkie de Jong,MF,0,45,0,0,0,0,
989,Sergio Busquets,MF,1,90,1,0,0,0,
989,Gavi,MF,1,90,0,0,1,0,
989,Jordi Alba,DF,1,90,0,0,0,0,
989,Ronald Araújo,DF,1,90,0,0,0,0,
989,Eric García,DF,1,69,0,0,1,0,
989,Luuk de Jong,FW,0,21,0,0,0,0,
989,Óscar Mingueza,DF,1,60,0,0,0,0,
989,Sergiño Dest,MF,0,30,0,0,0,0,
989,Marc-André ter Stegen,GK,1,90,0,0,0,0,
990,Ferrán Torres,FW,1,90,0,0,1,0,
990,Memphis,FW,1,60,0,0,0,0,
990,Pierre-Emerick Aubameyang,FW,0,30,0,0,0,0,
990,Ousmane Dembélé,MF,1,90,0,0,0,0,
990,Gavi,MF,1,90,0,0,0,0,
990,Sergio Busquets,MF,1,90,0,0,1,0,
990,Frenkie de Jong,MF,1,76,0,0,0,0,
990,Luuk de Jong,FW,0,14,0,0,0,0,
990,Jordi Alba,DF,1,90,0,0,1,0,
990,Clément Lenglet,DF,1,76,0,0,0,0,
990,Adama Traoré,FW,0,14,0,0,0,0,
990,Eric García,DF,1,90,0,0,0,0,
990,Sergiño Dest,MF,1,89,0,0,1,0,
990,Óscar Mingueza,DF,0,1,0,0,0,0,
990,Marc-André ter Stegen,GK,1,90,0,0,0,0,
991,Ferrán Torres,FW,1,90,0,1,0,0,
991,Pierre-Emerick Aubameyang,FW,1,81,1,0,0,0,
991,Luuk de Jong,FW,0,9,0,0,0,0,
991,Ousmane Dembélé,MF,1,90,0,0,0,0,
991,Frenkie de Jong,MF,1,90,0,0,0,0,
991,Sergio Busquets,MF,1,90,0,0,0,0,
991,Gavi,MF,1,90,0,0,1,0,
991,Jordi Alba,DF,1,90,0,0,0,0,
991,Gerard Piqué,DF,1,81,0,0,0,0,
991,Clément Lenglet,DF,0,9,0,0,0,0,
991,Ronald Araújo,DF,1,54,0,0,1,0,
991,Eric García,DF,0,36,0,0,0,0,
991,Dani Alves,DF,1,65,0,0,0,0,
991,Sergiño Dest,MF,0,25,0,0,0,0,
991,Marc-André ter Stegen,GK,1,90,0,0,0,0,
992,Ferrán Torres,FW,1,59,0,0,0,0,
992,Memphis,FW,0,31,0,0,0,0,
992,Pierre-Emerick Aubameyang,FW,1,70,0,0,0,0,
992,Luuk de Jong,FW,0,20,0,0,1,0,
992,Ousmane Dembélé,MF,1,90,0,0,1,0,
992,Gavi,MF,1,90,0,0,1,0,
992,Sergio Busquets,MF,1,90,0,0,0,0,
992,Frenkie de Jong,MF,1,59,0,0,0,0,
992,Nicolás González,MF,0,31,0,0,0,0,
992,Jordi Alba,DF,1,90,0,0,1,0,
992,Eric García,DF,1,70,0,0,0,0,
992,Adama Traoré,FW,0,20,0,0,0,0,
992,Ronald Araújo,DF,1,90,0,0,0,0,
992,Sergiño Dest,MF,1,45,0,0,0,0,
992,Clément Lenglet,DF,0,45,0,0,0,0,
992,Marc-André ter Stegen,GK,1,90,0,0,0,0,
993,Memphis,FW,1,90,1,0,0,0,
993,Pierre-Emerick Aubameyang,FW,1,74,0,0,0,0,
993,Ansu Fati,FW,0,16,0,0,0,0,
993,Ferrán Torres,FW,1,74,0,0,0,0,
993,Ousmane Dembélé,MF,0,16,0,0,0,0,
993,Gavi,MF,1,90,0,0,1,0,
993,Sergio Busquets,MF,1,90,1,0,0,0,
993,Frenkie de Jong,MF,1,90,0,0,0,0,
993,Jordi Alba,DF,1,90,0,1,1,0,
993,Gerard Piqué,DF,1,27,0,0,0,0,
993,Eric García,DF,0,63,0,0,0,0,
993,Ronald Araújo,DF,1,90,0,0,0,0,
993,Dani Alves,DF,1,88,0,0,0,0,
993,Clément Lenglet,DF,0,2,0,0,0,0,
993,Marc-André ter Stegen,GK,1,90,0,0,0,0,
994,Memphis,FW,1,65,0,0,0,0,
994,Pierre-Emerick Aubameyang,FW,0,25,0,0,0,0,
994,Ferrán Torres,FW,1,74,0,0,0,0,
994,Ansu Fati,FW,0,16,1,0,0,0,
994,Ousmane Dembélé,MF,1,73,0,0,0,0,
994,Adama Traoré,FW,0,17,0,0,0,0,
994,Gavi,MF,1,78,0,0,0,0,
994,Riqui Puig,MF,0,12,0,0,0,0,
994,Sergio Busquets,MF,1,90,0,0,1,0,
994,Frenkie de Jong,MF,1,90,0,0,0,0,
994,Jordi Alba,DF,1,90,1,1,0,0,
994,Eric García,DF,1,90,0,0,0,0,
994,Ronald Araújo,DF,1,90,0,0,0,0,
994,Dani Alves,DF,1,90,0,1,1,0,
994,Neto,GK,1,90,0,0,0,0,
995,Pierre-Emerick Aubameyang,FW,1,83,2,0,0,0,
995,Luuk de Jong,FW,0,7,0,0,0,0,
995,Ferrán Torres,FW,1,45,0,0,0,0,
995,Riqui Puig,MF,0,45,0,0,0,0,
995,Memphis,FW,1,63,1,0,0,0,
995,Ansu Fati,FW,0,27,0,0,0,0,
995,Ousmane Dembélé,MF,1,90,0,2,0,0,
995,Frenkie de Jong,MF,1,90,0,0,1,0,
995,Gavi,MF,1,90,0,0,0,0,
995,Jordi Alba,DF,1,90,0,0,1,0,
995,Eric García,DF,1,90,0,0,1,0,
995,Ronald Araújo,DF,1,67,0,0,0,0,
995,Clément Lenglet,DF,0,23,0,0,0,0,
995,Dani Alves,DF,1,88,0,0,0,0,
995,Óscar Mingueza,DF,0,2,0,0,0,0,
995,Marc-André ter Stegen,GK,1,90,0,0,0,0,
996,Memphis,FW,1,70,0,0,0,0,
996,Luuk de Jong,FW,0,20,0,0,0,0,
996,Pierre-Emerick Aubameyang,FW,1,60,0,0,0,0,
996,Ansu Fati,FW,0,30,0,0,0,0,
996,Ferrán Torres,FW,1,90,0,0,0,0,
996,Riqui Puig,MF,1,90,0,0,0,0,
996,Sergio Busquets,MF,1,90,0,0,1,0,
996,Gavi,MF,1,90,0,0,0,0,
996,Alejandro Balde,DF,1,89,0,0,0,0,
996,Mika Mármol,DF,0,1,0,0,0,0,
996,Clément Lenglet,DF,1,90,0,0,1,0,
996,Óscar Mingueza,DF,1,90,0,0,0,0,
996,Dani Alves,DF,1,90,0,0,0,0,
996,Marc-André ter Stegen,GK,1,90,0,0,0,0,
997,Ferrán Torres,FW,1,70,0,0,0,0,
997,Memphis,FW,0,20,0,0,0,0,
997,Pierre-Emerick Aubameyang,FW,1,56,0,0,0,0,
997,Ansu Fati,FW,0,34,0,0,0,0,
997,Adama Traoré,FW,1,56,0,0,0,0,
997,Ousmane Dembélé,MF,0,34,0,0,0,0,
997,Gavi,MF,1,70,0,0,1,0,
997,Riqui Puig,MF,0,20,0,0,0,0,
997,Sergio Busquets,MF,1,90,0,0,1,0,
997,Frenkie de Jong,MF,1,90,0,0,0,0,
997,Jordi Alba,DF,1,90,0,0,1,0,
997,Clément Lenglet,DF,1,90,0,0,0,0,
997,Ronald Araújo,DF,1,90,0,0,0,0,
997,Dani Alves,DF,1,80,0,0,0,0,
997,Óscar Mingueza,DF,0,10,0,0,0,0,
997,Marc-André ter Stegen,GK,1,90,0,0,0,0,
998,Ousmane Dembélé,MF,1,90,0,0,1,0,
998,Robert Lewandowski,FW,1,90,0,0,0,0,
998,Raphinha,FW,1,59,0,0,0,0,
998,Ansu Fati,FW,0,31,0,0,0,0,
998,Pedri,MF,1,71,0,0,0,0,
998,Franck Kessié,MF,0,19,0,0,0,0,
998,Sergio Busquets,MF,1,89,0,0,2,1,
998,Gavi,MF,1,59,0,0,0,0,
998,Frenkie de Jong,MF,0,31,0,0,0,0,
998,Jordi Alba,DF,1,81,0,0,0,0,
998,Pierre-Emerick Aubameyang,FW,0,9,0,0,0,0,
998,Eric García,DF,1,90,0,0,0,0,
998,Andreas Christensen,DF,1,59,0,0,0,0,
998,Sergi Roberto,DF,0,31,0,0,0,0,
998,Ronald Araújo,DF,1,90,0,0,0,0,
998,Marc-André ter Stegen,GK,1,90,0,0,0,0,
999,Alejandro Balde,DF,1,63,0,1,0,0,
999,Raphinha,FW,0,27,0,0,0,0,
999,Ousmane Dembélé,MF,1,71,1,0,0,0,
999,Jordi Alba,DF,0,19,0,0,0,0,
999,Robert Lewandowski,FW,1,90,2,0,0,0,
999,Ferrán Torres,FW,1,63,0,0,0,0,
999,Ansu Fati,FW,0,27,1,2,0,0,
999,Pedri,MF,1,90,0,0,0,0,
999,Ronald Araújo,DF,1,90,0,0,1,0,
999,Andreas Christensen,DF,1,90,0,0,0,0,
999,Eric García,DF,1,90,0,0,0,0,
999,Gavi,MF,1,84,0,0,0,0,
999,Franck Kessié,MF,0,6,0,0,0,0,
999,Frenkie de Jong,MF,1,84,0,0,0,0,
999,Sergi Roberto,DF,0,6,0,0,0,0,
999,Marc-André ter Stegen,GK,1,90,0,0,0,0,
