id_partido,fecha,equipo_rival,resultado,fase,minuto,jugador_implicado,tipo_evento,detalle_accion,etiqueta_partido
2936489711,"Wednesday November 5, 2014",Ajax,0-2,Fase de Grupos,8,Javier Mascherano,Tarjeta Amarilla,0:0  — Yellow Card,"Fase de Grupos vs Ajax (Wednesday November 5, 2014)"
2936489711,"Wednesday November 5, 2014",Ajax,0-2,Fase de Grupos,9,Anwar El Ghazi,Tarjeta Amarilla,0:0  — Yellow Card,"Fase de Grupos vs Ajax (Wednesday November 5, 2014)"
2936489711,"Wednesday November 5, 2014",Ajax,0-2,Fase de Grupos,34,Joël Veltman,Tarjeta Amarilla,0:0  — Yellow Card,"Fase de Grupos vs Ajax (Wednesday November 5, 2014)"
2936489711,"Wednesday November 5, 2014",Ajax,0-2,Fase de Grupos,36,Lionel Messi,Gol,Asistencia de Marc Bartra,"Fase de Grupos vs Ajax (Wednesday November 5, 2014)"
2936489711,"Wednesday November 5, 2014",Ajax,0-2,Fase de Grupos,40,Niklas Moisander,Tarjeta Amarilla,0:1  — Yellow Card,"Fase de Grupos vs Ajax (Wednesday November 5, 2014)"
2936489711,"Wednesday November 5, 2014",Ajax,0-2,Fase de Grupos,42,Jordi Alba,Tarjeta Amarilla,0:1  — Yellow Card,"Fase de Grupos vs Ajax (Wednesday November 5, 2014)"
2936489711,"Wednesday November 5, 2014",Ajax,0-2,Fase de Grupos,45,Dani Alves,Tarjeta Amarilla,0:1  — Yellow Card,"Fase de Grupos vs Ajax (Wednesday November 5, 2014)"
2936489711,"Wednesday November 5, 2014",Ajax,0-2,Fase de Grupos,62,Arkadiusz Milik,Sustitución,Entra al campo (Sale Kolbeinn Sigþórsson),"Fase de Grupos vs Ajax (Wednesday November 5, 2014)"
2936489711,"Wednesday November 5, 2014",Ajax,0-2,Fase de Grupos,71,Joël Veltman,Tarjeta Roja,0:1  — Second Yellow Card,"Fase de Grupos vs Ajax (Wednesday November 5, 2014)"
2936489711,"Wednesday November 5, 2014",Ajax,0-2,Fase de Grupos,72,Jaïro Riedewald,Sustitución,Entra al campo (Sale Lucas Andersen),"Fase de Grupos vs Ajax (Wednesday November 5, 2014)"
2936489711,"Wednesday November 5, 2014",Ajax,0-2,Fase de Grupos,75,Pedro,Sustitución,Entra al campo (Sale Neymar),"Fase de Grupos vs Ajax (Wednesday November 5, 2014)"
2936489711,"Wednesday November 5, 2014",Ajax,0-2,Fase de Grupos,76,Lionel Messi,Gol,Asistencia de Pedro,"Fase de Grupos vs Ajax (Wednesday November 5, 2014)"
2936489711,"Wednesday November 5, 2014",Ajax,0-2,Fase de Grupos,80,Rafinha,Sustitución,Entra al campo (Sale Ivan Rakitić),"Fase de Grupos vs Ajax (Wednesday November 5, 2014)"
2936489711,"Wednesday November 5, 2014",Ajax,0-2,Fase de Grupos,80,Stefano Denswil,Sustitución,Entra al campo (Sale Thulani Serero),"Fase de Grupos vs Ajax (Wednesday November 5, 2014)"
2936489711,"Wednesday November 5, 2014",Ajax,0-2,Fase de Grupos,83,Adriano,Sustitución,Entra al campo (Sale Dani Alves),"Fase de Grupos vs Ajax (Wednesday November 5, 2014)"
2046986569,"Tuesday November 25, 2014",APOEL FC,0-4,Fase de Grupos,27,Luis Suárez,Gol,Asistencia de Jordi Alba,"Fase de Grupos vs APOEL FC (Tuesday November 25, 2014)"
2046986569,"Tuesday November 25, 2014",APOEL FC,0-4,Fase de Grupos,31,Carlão,Tarjeta Amarilla,0:1  — Yellow Card,"Fase de Grupos vs APOEL FC (Tuesday November 25, 2014)"
2046986569,"Tuesday November 25, 2014",APOEL FC,0-4,Fase de Grupos,33,Dani Alves,Tarjeta Amarilla,0:1  — Yellow Card,"Fase de Grupos vs APOEL FC (Tuesday November 25, 2014)"
2046986569,"Tuesday November 25, 2014",APOEL FC,0-4,Fase de Grupos,35,Rafinha,Tarjeta Amarilla,0:1  — Yellow Card,"Fase de Grupos vs APOEL FC (Tuesday November 25, 2014)"
2046986569,"Tuesday November 25, 2014",APOEL FC,0-4,Fase de Grupos,38,Lionel Messi,Gol,Asistencia de Rafinha,"Fase de Grupos vs APOEL FC (Tuesday November 25, 2014)"
2046986569,"Tuesday November 25, 2014",APOEL FC,0-4,Fase de Grupos,46,Giorgos Efrem,Sustitución,Entra al campo (Sale Stathis Aloneftis),"Fase de Grupos vs APOEL FC (Tuesday November 25, 2014)"
2046986569,"Tuesday November 25, 2014",APOEL FC,0-4,Fase de Grupos,54,João Guilherme,Tarjeta Amarilla,0:2  — Yellow Card,"Fase de Grupos vs APOEL FC (Tuesday November 25, 2014)"
2046986569,"Tuesday November 25, 2014",APOEL FC,0-4,Fase de Grupos,58,Lionel Messi,Gol,Asistencia de Dani Alves,"Fase de Grupos vs APOEL FC (Tuesday November 25, 2014)"
2046986569,"Tuesday November 25, 2014",APOEL FC,0-4,Fase de Grupos,62,Adriano,Sustitución,Entra al campo (Sale Jordi Alba),"Fase de Grupos vs APOEL FC (Tuesday November 25, 2014)"
2046986569,"Tuesday November 25, 2014",APOEL FC,0-4,Fase de Grupos,62,Xavi,Sustitución,Entra al campo (Sale Ivan Rakitić),"Fase de Grupos vs APOEL FC (Tuesday November 25, 2014)"
2046986569,"Tuesday November 25, 2014",APOEL FC,0-4,Fase de Grupos,63,Tomas De Vincenti,Sustitución,Entra al campo (Sale Gustavo Manduca),"Fase de Grupos vs APOEL FC (Tuesday November 25, 2014)"
2046986569,"Tuesday November 25, 2014",APOEL FC,0-4,Fase de Grupos,70,Rafinha,Tarjeta Roja,0:3  — Second Yellow Card,"Fase de Grupos vs APOEL FC (Tuesday November 25, 2014)"
2046986569,"Tuesday November 25, 2014",APOEL FC,0-4,Fase de Grupos,74,Rafik Djebbour,Sustitución,Entra al campo (Sale Vinicius),"Fase de Grupos vs APOEL FC (Tuesday November 25, 2014)"
2046986569,"Tuesday November 25, 2014",APOEL FC,0-4,Fase de Grupos,77,Sergio Busquets,Sustitución,Entra al campo (Sale Luis Suárez),"Fase de Grupos vs APOEL FC (Tuesday November 25, 2014)"
2046986569,"Tuesday November 25, 2014",APOEL FC,0-4,Fase de Grupos,84,João Guilherme,Tarjeta Roja,0:3  — Second Yellow Card,"Fase de Grupos vs APOEL FC (Tuesday November 25, 2014)"
2046986569,"Tuesday November 25, 2014",APOEL FC,0-4,Fase de Grupos,87,Lionel Messi,Gol,Asistencia de Pedro,"Fase de Grupos vs APOEL FC (Tuesday November 25, 2014)"
734762883,"Wednesday February 16, 2011",Arsenal,2-1,Octavos de Final,7,Alexandre Song,Tarjeta Amarilla,0:0  — Yellow Card,"Octavos de Final vs Arsenal (Wednesday February 16, 2011)"
734762883,"Wednesday February 16, 2011",Arsenal,2-1,Octavos de Final,26,David Villa,Gol,Goal,"Octavos de Final vs Arsenal (Wednesday February 16, 2011)"
734762883,"Wednesday February 16, 2011",Arsenal,2-1,Octavos de Final,28,Samir Nasri,Tarjeta Amarilla,0:1  — Yellow Card,"Octavos de Final vs Arsenal (Wednesday February 16, 2011)"
734762883,"Wednesday February 16, 2011",Arsenal,2-1,Octavos de Final,29,Andrés Iniesta,Tarjeta Amarilla,0:1  — Yellow Card,"Octavos de Final vs Arsenal (Wednesday February 16, 2011)"
734762883,"Wednesday February 16, 2011",Arsenal,2-1,Octavos de Final,58,Gerard Piqué,Tarjeta Amarilla,0:1  — Yellow Card,"Octavos de Final vs Arsenal (Wednesday February 16, 2011)"
734762883,"Wednesday February 16, 2011",Arsenal,2-1,Octavos de Final,68,Seydou Keita,Sustitución,Entra al campo (Sale David Villa),"Octavos de Final vs Arsenal (Wednesday February 16, 2011)"
734762883,"Wednesday February 16, 2011",Arsenal,2-1,Octavos de Final,68,Andrey Arshavin,Sustitución,Entra al campo (Sale Alexandre Song),"Octavos de Final vs Arsenal (Wednesday February 16, 2011)"
734762883,"Wednesday February 16, 2011",Arsenal,2-1,Octavos de Final,77,Nicklas Bendtner,Sustitución,Entra al campo (Sale Theo Walcott),"Octavos de Final vs Arsenal (Wednesday February 16, 2011)"
734762883,"Wednesday February 16, 2011",Arsenal,2-1,Octavos de Final,78,Robin van Persie,Gol,Goal,"Octavos de Final vs Arsenal (Wednesday February 16, 2011)"
734762883,"Wednesday February 16, 2011",Arsenal,2-1,Octavos de Final,83,Andrey Arshavin,Tarjeta Amarilla,1:1  — Yellow Card,"Octavos de Final vs Arsenal (Wednesday February 16, 2011)"
734762883,"Wednesday February 16, 2011",Arsenal,2-1,Octavos de Final,83,Andrey Arshavin,Gol,Goal,"Octavos de Final vs Arsenal (Wednesday February 16, 2011)"
734762883,"Wednesday February 16, 2011",Arsenal,2-1,Octavos de Final,86,Robin van Persie,Tarjeta Amarilla,2:1  — Yellow Card,"Octavos de Final vs Arsenal (Wednesday February 16, 2011)"
734762883,"Wednesday February 16, 2011",Arsenal,2-1,Octavos de Final,89,Adriano,Sustitución,Entra al campo (Sale Andrés Iniesta),"Octavos de Final vs Arsenal (Wednesday February 16, 2011)"
2877968264,"Tuesday October 21, 2014",Ajax,3-1,Fase de Grupos,7,Neymar,Gol,Asistencia de Lionel Messi,"Fase de Grupos vs Ajax (Tuesday October 21, 2014)"
2877968264,"Tuesday October 21, 2014",Ajax,3-1,Fase de Grupos,24,Lionel Messi,Gol,Asistencia de Andrés Iniesta,"Fase de Grupos vs Ajax (Tuesday October 21, 2014)"
2877968264,"Tuesday October 21, 2014",Ajax,3-1,Fase de Grupos,32,Joël Veltman,Tarjeta Amarilla,2:0  — Yellow Card,"Fase de Grupos vs Ajax (Tuesday October 21, 2014)"
2877968264,"Tuesday October 21, 2014",Ajax,3-1,Fase de Grupos,46,Arkadiusz Milik,Tarjeta Amarilla,2:0  for Ricardo Kishna — Substitute,"Fase de Grupos vs Ajax (Tuesday October 21, 2014)"
2877968264,"Tuesday October 21, 2014",Ajax,3-1,Fase de Grupos,56,Jaïro Riedewald,Sustitución,Entra al campo (Sale Niki Zimling),"Fase de Grupos vs Ajax (Tuesday October 21, 2014)"
2877968264,"Tuesday October 21, 2014",Ajax,3-1,Fase de Grupos,62,Sandro Ramírez,Sustitución,Entra al campo (Sale Neymar),"Fase de Grupos vs Ajax (Tuesday October 21, 2014)"
2877968264,"Tuesday October 21, 2014",Ajax,3-1,Fase de Grupos,67,Munir El Haddadi,Sustitución,Entra al campo (Sale Lionel Messi),"Fase de Grupos vs Ajax (Tuesday October 21, 2014)"
2877968264,"Tuesday October 21, 2014",Ajax,3-1,Fase de Grupos,69,Ricardo van Rhijn,Tarjeta Amarilla,2:0  — Yellow Card,"Fase de Grupos vs Ajax (Tuesday October 21, 2014)"
2877968264,"Tuesday October 21, 2014",Ajax,3-1,Fase de Grupos,73,Anwar El Ghazi,Sustitución,Entra al campo (Sale Kolbeinn Sigþórsson),"Fase de Grupos vs Ajax (Tuesday October 21, 2014)"
2877968264,"Tuesday October 21, 2014",Ajax,3-1,Fase de Grupos,76,Rafinha,Sustitución,Entra al campo (Sale Andrés Iniesta),"Fase de Grupos vs Ajax (Tuesday October 21, 2014)"
2877968264,"Tuesday October 21, 2014",Ajax,3-1,Fase de Grupos,80,Pedro,Tarjeta Amarilla,2:0  — Yellow Card,"Fase de Grupos vs Ajax (Tuesday October 21, 2014)"
2877968264,"Tuesday October 21, 2014",Ajax,3-1,Fase de Grupos,88,Anwar El Ghazi,Gol,Goal,"Fase de Grupos vs Ajax (Tuesday October 21, 2014)"
2877968264,"Tuesday October 21, 2014",Ajax,3-1,Fase de Grupos,90,Jaïro Riedewald,Tarjeta Amarilla,2:1  — Yellow Card,"Fase de Grupos vs Ajax (Tuesday October 21, 2014)"
2877968264,"Tuesday October 21, 2014",Ajax,3-1,Fase de Grupos,90+4,Sandro Ramírez,Gol,Asistencia de Rafinha,"Fase de Grupos vs Ajax (Tuesday October 21, 2014)"
247915284,"Wednesday September 17, 2014",APOEL FC,1-0,Fase de Grupos,12,Vinicius,Tarjeta Amarilla,0:0  — Yellow Card,"Fase de Grupos vs APOEL FC (Wednesday September 17, 2014)"
247915284,"Wednesday September 17, 2014",APOEL FC,1-0,Fase de Grupos,27,Marios Antoniades,Tarjeta Amarilla,0:0  — Yellow Card,"Fase de Grupos vs APOEL FC (Wednesday September 17, 2014)"
247915284,"Wednesday September 17, 2014",APOEL FC,1-0,Fase de Grupos,28,Gerard Piqué,Gol,Asistencia de Lionel Messi,"Fase de Grupos vs APOEL FC (Wednesday September 17, 2014)"
247915284,"Wednesday September 17, 2014",APOEL FC,1-0,Fase de Grupos,61,Andrés Iniesta,Sustitución,Entra al campo (Sale Xavi),"Fase de Grupos vs APOEL FC (Wednesday September 17, 2014)"
247915284,"Wednesday September 17, 2014",APOEL FC,1-0,Fase de Grupos,61,Gustavo Manduca,Sustitución,Entra al campo (Sale Tiago Gomes),"Fase de Grupos vs APOEL FC (Wednesday September 17, 2014)"
247915284,"Wednesday September 17, 2014",APOEL FC,1-0,Fase de Grupos,68,Sandro Ramírez,Sustitución,Entra al campo (Sale Munir El Haddadi),"Fase de Grupos vs APOEL FC (Wednesday September 17, 2014)"
247915284,"Wednesday September 17, 2014",APOEL FC,1-0,Fase de Grupos,75,Rafik Djebbour,Sustitución,Entra al campo (Sale Cillian Sheridan),"Fase de Grupos vs APOEL FC (Wednesday September 17, 2014)"
247915284,"Wednesday September 17, 2014",APOEL FC,1-0,Fase de Grupos,79,Rafinha,Sustitución,Entra al campo (Sale Sergi Roberto),"Fase de Grupos vs APOEL FC (Wednesday September 17, 2014)"
247915284,"Wednesday September 17, 2014",APOEL FC,1-0,Fase de Grupos,79,Constantinos Charalambides,Sustitución,Entra al campo (Sale Tomas De Vincenti),"Fase de Grupos vs APOEL FC (Wednesday September 17, 2014)"
427255149,"Tuesday March 8, 2011",Arsenal,3-1,Octavos de Final,16,Laurent Koscielny,Tarjeta Amarilla,0:0  — Yellow Card,"Octavos de Final vs Arsenal (Tuesday March 8, 2011)"
427255149,"Tuesday March 8, 2011",Arsenal,3-1,Octavos de Final,19,Manuel Almunia,Sustitución,Entra al campo (Sale Wojciech Szczęsny),"Octavos de Final vs Arsenal (Tuesday March 8, 2011)"
427255149,"Tuesday March 8, 2011",Arsenal,3-1,Octavos de Final,29,Bacary Sagna,Tarjeta Amarilla,0:0  — Yellow Card,"Octavos de Final vs Arsenal (Tuesday March 8, 2011)"
427255149,"Tuesday March 8, 2011",Arsenal,3-1,Octavos de Final,37,Jack Wilshere,Tarjeta Amarilla,0:0  — Yellow Card,"Octavos de Final vs Arsenal (Tuesday March 8, 2011)"
427255149,"Tuesday March 8, 2011",Arsenal,3-1,Octavos de Final,46,Robin van Persie,Tarjeta Amarilla,0:0  — Yellow Card,"Octavos de Final vs Arsenal (Tuesday March 8, 2011)"
427255149,"Tuesday March 8, 2011",Arsenal,3-1,Octavos de Final,48,Lionel Messi,Gol,Goal,"Octavos de Final vs Arsenal (Tuesday March 8, 2011)"
427255149,"Tuesday March 8, 2011",Arsenal,3-1,Octavos de Final,53,Sergio Busquets,Gol,Own Goal  Goal,"Octavos de Final vs Arsenal (Tuesday March 8, 2011)"
427255149,"Tuesday March 8, 2011",Arsenal,3-1,Octavos de Final,56,Robin van Persie,Tarjeta Roja,1:1  — Second Yellow Card,"Octavos de Final vs Arsenal (Tuesday March 8, 2011)"
427255149,"Tuesday March 8, 2011",Arsenal,3-1,Octavos de Final,69,Xavi,Gol,Goal,"Octavos de Final vs Arsenal (Tuesday March 8, 2011)"
427255149,"Tuesday March 8, 2011",Arsenal,3-1,Octavos de Final,71,Lionel Messi,Gol,De Penalti,"Octavos de Final vs Arsenal (Tuesday March 8, 2011)"
427255149,"Tuesday March 8, 2011",Arsenal,3-1,Octavos de Final,73,Andrey Arshavin,Sustitución,Entra al campo (Sale Tomáš Rosický),"Octavos de Final vs Arsenal (Tuesday March 8, 2011)"
427255149,"Tuesday March 8, 2011",Arsenal,3-1,Octavos de Final,78,Nicklas Bendtner,Sustitución,Entra al campo (Sale Cesc Fàbregas),"Octavos de Final vs Arsenal (Tuesday March 8, 2011)"
427255149,"Tuesday March 8, 2011",Arsenal,3-1,Octavos de Final,82,Ibrahim Afellay,Sustitución,Entra al campo (Sale David Villa),"Octavos de Final vs Arsenal (Tuesday March 8, 2011)"
427255149,"Tuesday March 8, 2011",Arsenal,3-1,Octavos de Final,88,Seydou Keita,Sustitución,Entra al campo (Sale Javier Mascherano),"Octavos de Final vs Arsenal (Tuesday March 8, 2011)"
427255149,"Tuesday March 8, 2011",Arsenal,3-1,Octavos de Final,90,Maxwell,Sustitución,Entra al campo (Sale Adriano),"Octavos de Final vs Arsenal (Tuesday March 8, 2011)"
305710489,"Wednesday May 17, 2006",Arsenal,2-1,Final,18,Manuel Almunia,Sustitución,Entra al campo (Sale Robert Pirès),"Final vs Arsenal (Wednesday May 17, 2006)"
305710489,"Wednesday May 17, 2006",Arsenal,2-1,Final,18,Jens Lehmann,Tarjeta Roja,0:0  — Red Card,"Final vs Arsenal (Wednesday May 17, 2006)"
305710489,"Wednesday May 17, 2006",Arsenal,2-1,Final,22,Emmanuel Eboué,Tarjeta Amarilla,0:0  — Yellow Card,"Final vs Arsenal (Wednesday May 17, 2006)"
305710489,"Wednesday May 17, 2006",Arsenal,2-1,Final,37,Sol Campbell,Gol,Goal,"Final vs Arsenal (Wednesday May 17, 2006)"
305710489,"Wednesday May 17, 2006",Arsenal,2-1,Final,46,Andrés Iniesta,Sustitución,Entra al campo (Sale Edmílson),"Final vs Arsenal (Wednesday May 17, 2006)"
305710489,"Wednesday May 17, 2006",Arsenal,2-1,Final,51,Thierry Henry,Tarjeta Amarilla,0:1  — Yellow Card,"Final vs Arsenal (Wednesday May 17, 2006)"
305710489,"Wednesday May 17, 2006",Arsenal,2-1,Final,61,Henrik Larsson,Sustitución,Entra al campo (Sale Mark van Bommel),"Final vs Arsenal (Wednesday May 17, 2006)"
305710489,"Wednesday May 17, 2006",Arsenal,2-1,Final,69,Oleguer Presas,Tarjeta Amarilla,0:1  — Yellow Card,"Final vs Arsenal (Wednesday May 17, 2006)"
305710489,"Wednesday May 17, 2006",Arsenal,2-1,Final,71,Juliano Belletti,Sustitución,Entra al campo (Sale Oleguer Presas),"Final vs Arsenal (Wednesday May 17, 2006)"
305710489,"Wednesday May 17, 2006",Arsenal,2-1,Final,74,Mathieu Flamini,Sustitución,Entra al campo (Sale Cesc Fàbregas),"Final vs Arsenal (Wednesday May 17, 2006)"
305710489,"Wednesday May 17, 2006",Arsenal,2-1,Final,76,Samuel Eto'o,Gol,Goal,"Final vs Arsenal (Wednesday May 17, 2006)"
305710489,"Wednesday May 17, 2006",Arsenal,2-1,Final,81,Juliano Belletti,Gol,Goal,"Final vs Arsenal (Wednesday May 17, 2006)"
305710489,"Wednesday May 17, 2006",Arsenal,2-1,Final,85,José Antonio Reyes,Sustitución,Entra al campo (Sale Alexander Hleb),"Final vs Arsenal (Wednesday May 17, 2006)"
305710489,"Wednesday May 17, 2006",Arsenal,2-1,Final,90+3,Henrik Larsson,Tarjeta Amarilla,2:1  — Yellow Card,"Final vs Arsenal (Wednesday May 17, 2006)"
3901541334,"Tuesday November 4, 2008",Basel,1-1,Fase de Grupos,59,Marko Perović,Sustitución,Entra desde el banquillo,"Fase de Grupos vs Basel (Tuesday November 4, 2008)"
3901541334,"Tuesday November 4, 2008",Basel,1-1,Fase de Grupos,60,Lionel Messi,Sustitución,Entra al campo (Sale Víctor Sánchez),"Fase de Grupos vs Basel (Tuesday November 4, 2008)"
3901541334,"Tuesday November 4, 2008",Basel,1-1,Fase de Grupos,60,Xavi,Sustitución,Entra al campo (Sale Bojan Krkić),"Fase de Grupos vs Basel (Tuesday November 4, 2008)"
3901541334,"Tuesday November 4, 2008",Basel,1-1,Fase de Grupos,62,Lionel Messi,Gol,Goal,"Fase de Grupos vs Basel (Tuesday November 4, 2008)"
3901541334,"Tuesday November 4, 2008",Basel,1-1,Fase de Grupos,67,Samuel Eto'o,Sustitución,Entra al campo (Sale Andrés Iniesta),"Fase de Grupos vs Basel (Tuesday November 4, 2008)"
3901541334,"Tuesday November 4, 2008",Basel,1-1,Fase de Grupos,69,Eren Derdiyok,Sustitución,Entra al campo (Sale Marco Streller),"Fase de Grupos vs Basel (Tuesday November 4, 2008)"
3901541334,"Tuesday November 4, 2008",Basel,1-1,Fase de Grupos,82,Eren Derdiyok,Gol,Goal,"Fase de Grupos vs Basel (Tuesday November 4, 2008)"
3901541334,"Tuesday November 4, 2008",Basel,1-1,Fase de Grupos,83,Marcos Gelabert,Sustitución,Entra al campo (Sale Valentin Stocker),"Fase de Grupos vs Basel (Tuesday November 4, 2008)"
3901541334,"Tuesday November 4, 2008",Basel,1-1,Fase de Grupos,89,Franco Costanzo,Tarjeta Amarilla,1:1  — Yellow Card,"Fase de Grupos vs Basel (Tuesday November 4, 2008)"
3665978002,"Wednesday April 8, 2009",Bayern Munich,4-0,Cuartos de Final,9,Lionel Messi,Gol,Goal,"Cuartos de Final vs Bayern Munich (Wednesday April 8, 2009)"
3665978002,"Wednesday April 8, 2009",Bayern Munich,4-0,Cuartos de Final,12,Samuel Eto'o,Gol,Goal,"Cuartos de Final vs Bayern Munich (Wednesday April 8, 2009)"
3665978002,"Wednesday April 8, 2009",Bayern Munich,4-0,Cuartos de Final,17,Lionel Messi,Tarjeta Amarilla,2:0  — Yellow Card,"Cuartos de Final vs Bayern Munich (Wednesday April 8, 2009)"
3665978002,"Wednesday April 8, 2009",Bayern Munich,4-0,Cuartos de Final,38,Lionel Messi,Gol,Goal,"Cuartos de Final vs Bayern Munich (Wednesday April 8, 2009)"
3665978002,"Wednesday April 8, 2009",Bayern Munich,4-0,Cuartos de Final,43,Thierry Henry,Gol,Goal,"Cuartos de Final vs Bayern Munich (Wednesday April 8, 2009)"
3665978002,"Wednesday April 8, 2009",Bayern Munich,4-0,Cuartos de Final,46,Andreas Ottl,Sustitución,Entra al campo (Sale Hamit Altıntop),"Cuartos de Final vs Bayern Munich (Wednesday April 8, 2009)"
3665978002,"Wednesday April 8, 2009",Bayern Munich,4-0,Cuartos de Final,48,Christian Lell,Tarjeta Amarilla,4:0  — Yellow Card,"Cuartos de Final vs Bayern Munich (Wednesday April 8, 2009)"
3665978002,"Wednesday April 8, 2009",Bayern Munich,4-0,Cuartos de Final,57,Martín Demichelis,Tarjeta Amarilla,4:0  — Yellow Card,"Cuartos de Final vs Bayern Munich (Wednesday April 8, 2009)"
3665978002,"Wednesday April 8, 2009",Bayern Munich,4-0,Cuartos de Final,74,Seydou Keita,Sustitución,Entra al campo (Sale Thierry Henry),"Cuartos de Final vs Bayern Munich (Wednesday April 8, 2009)"
3665978002,"Wednesday April 8, 2009",Bayern Munich,4-0,Cuartos de Final,77,José Sosa,Sustitución,Entra al campo (Sale Zé Roberto),"Cuartos de Final vs Bayern Munich (Wednesday April 8, 2009)"
3665978002,"Wednesday April 8, 2009",Bayern Munich,4-0,Cuartos de Final,81,Sergio Busquets,Sustitución,Entra al campo (Sale Yaya Touré),"Cuartos de Final vs Bayern Munich (Wednesday April 8, 2009)"
3665978002,"Wednesday April 8, 2009",Bayern Munich,4-0,Cuartos de Final,89,Bojan Krkić,Sustitución,Entra al campo (Sale Samuel Eto'o),"Cuartos de Final vs Bayern Munich (Wednesday April 8, 2009)"
3665978002,"Wednesday April 8, 2009",Bayern Munich,4-0,Cuartos de Final,90,Rafael Márquez,Tarjeta Amarilla,4:0  — Yellow Card,"Cuartos de Final vs Bayern Munich (Wednesday April 8, 2009)"
3058439297,"Wednesday May 6, 2015",Bayern Munich,3-0,Semifinales,35,Xabi Alonso,Tarjeta Amarilla,0:0  — Yellow Card,"Semifinales vs Bayern Munich (Wednesday May 6, 2015)"
3058439297,"Wednesday May 6, 2015",Bayern Munich,3-0,Semifinales,46,Dani Alves,Tarjeta Amarilla,0:0  — Yellow Card,"Semifinales vs Bayern Munich (Wednesday May 6, 2015)"
3058439297,"Wednesday May 6, 2015",Bayern Munich,3-0,Semifinales,52,Medhi Benatia,Tarjeta Amarilla,0:0  — Yellow Card,"Semifinales vs Bayern Munich (Wednesday May 6, 2015)"
3058439297,"Wednesday May 6, 2015",Bayern Munich,3-0,Semifinales,57,Juan Bernat,Tarjeta Amarilla,0:0  — Yellow Card,"Semifinales vs Bayern Munich (Wednesday May 6, 2015)"
3058439297,"Wednesday May 6, 2015",Bayern Munich,3-0,Semifinales,66,Gerard Piqué,Tarjeta Amarilla,0:0  — Yellow Card,"Semifinales vs Bayern Munich (Wednesday May 6, 2015)"
3058439297,"Wednesday May 6, 2015",Bayern Munich,3-0,Semifinales,69,Neymar,Tarjeta Amarilla,0:0  — Yellow Card,"Semifinales vs Bayern Munich (Wednesday May 6, 2015)"
3058439297,"Wednesday May 6, 2015",Bayern Munich,3-0,Semifinales,77,Lionel Messi,Gol,Asistencia de Dani Alves,"Semifinales vs Bayern Munich (Wednesday May 6, 2015)"
3058439297,"Wednesday May 6, 2015",Bayern Munich,3-0,Semifinales,79,Mario Götze,Sustitución,Entra al campo (Sale Thomas Müller),"Semifinales vs Bayern Munich (Wednesday May 6, 2015)"
3058439297,"Wednesday May 6, 2015",Bayern Munich,3-0,Semifinales,80,Lionel Messi,Gol,Asistencia de Ivan Rakitić,"Semifinales vs Bayern Munich (Wednesday May 6, 2015)"
3058439297,"Wednesday May 6, 2015",Bayern Munich,3-0,Semifinales,82,Xavi,Sustitución,Entra al campo (Sale Ivan Rakitić),"Semifinales vs Bayern Munich (Wednesday May 6, 2015)"
3058439297,"Wednesday May 6, 2015",Bayern Munich,3-0,Semifinales,87,Rafinha,Sustitución,Entra al campo (Sale Andrés Iniesta),"Semifinales vs Bayern Munich (Wednesday May 6, 2015)"
3058439297,"Wednesday May 6, 2015",Bayern Munich,3-0,Semifinales,89,Marc Bartra,Sustitución,Entra al campo (Sale Javier Mascherano),"Semifinales vs Bayern Munich (Wednesday May 6, 2015)"
3058439297,"Wednesday May 6, 2015",Bayern Munich,3-0,Semifinales,90+4,Neymar,Gol,Asistencia de Lionel Messi,"Semifinales vs Bayern Munich (Wednesday May 6, 2015)"
2327558886,"Wednesday April 5, 2006",Benfica,2-0,Cuartos de Final,9,Deco,Tarjeta Amarilla,0:0  — Yellow Card,"Cuartos de Final vs Benfica (Wednesday April 5, 2006)"
2327558886,"Wednesday April 5, 2006",Benfica,2-0,Cuartos de Final,19,Ronaldinho,Gol,Goal,"Cuartos de Final vs Benfica (Wednesday April 5, 2006)"
2327558886,"Wednesday April 5, 2006",Benfica,2-0,Cuartos de Final,51,Samuel Eto'o,Tarjeta Amarilla,1:0  — Yellow Card,"Cuartos de Final vs Benfica (Wednesday April 5, 2006)"
2327558886,"Wednesday April 5, 2006",Benfica,2-0,Cuartos de Final,55,Giorgos Karagounis,Sustitución,Entra al campo (Sale Geovanni),"Cuartos de Final vs Benfica (Wednesday April 5, 2006)"
2327558886,"Wednesday April 5, 2006",Benfica,2-0,Cuartos de Final,62,Manuel Fernandes,Tarjeta Amarilla,1:0  — Yellow Card,"Cuartos de Final vs Benfica (Wednesday April 5, 2006)"
2327558886,"Wednesday April 5, 2006",Benfica,2-0,Cuartos de Final,64,Luisão,Tarjeta Amarilla,1:0  — Yellow Card,"Cuartos de Final vs Benfica (Wednesday April 5, 2006)"
2327558886,"Wednesday April 5, 2006",Benfica,2-0,Cuartos de Final,72,Laurent Robert,Sustitución,Entra al campo (Sale Beto),"Cuartos de Final vs Benfica (Wednesday April 5, 2006)"
2327558886,"Wednesday April 5, 2006",Benfica,2-0,Cuartos de Final,82,Marcel Augusto Ortolan,Sustitución,Entra al campo (Sale Manuel Fernandes),"Cuartos de Final vs Benfica (Wednesday April 5, 2006)"
2327558886,"Wednesday April 5, 2006",Benfica,2-0,Cuartos de Final,83,Anderson,Tarjeta Amarilla,1:0  — Yellow Card,"Cuartos de Final vs Benfica (Wednesday April 5, 2006)"
2327558886,"Wednesday April 5, 2006",Benfica,2-0,Cuartos de Final,85,Edmílson,Sustitución,Entra al campo (Sale Mark van Bommel),"Cuartos de Final vs Benfica (Wednesday April 5, 2006)"
2327558886,"Wednesday April 5, 2006",Benfica,2-0,Cuartos de Final,86,Ludovic Giuly,Sustitución,Entra al campo (Sale Henrik Larsson),"Cuartos de Final vs Benfica (Wednesday April 5, 2006)"
2327558886,"Wednesday April 5, 2006",Benfica,2-0,Cuartos de Final,89,Samuel Eto'o,Gol,Goal,"Cuartos de Final vs Benfica (Wednesday April 5, 2006)"
3751565131,"Tuesday April 28, 2009",Chelsea,0-0,Semifinales,26,Alex,Tarjeta Amarilla,0:0  — Yellow Card,"Semifinales vs Chelsea (Tuesday April 28, 2009)"
3751565131,"Tuesday April 28, 2009",Chelsea,0-0,Semifinales,29,Michael Ballack,Tarjeta Amarilla,0:0  — Yellow Card,"Semifinales vs Chelsea (Tuesday April 28, 2009)"
3751565131,"Tuesday April 28, 2009",Chelsea,0-0,Semifinales,37,Yaya Touré,Tarjeta Amarilla,0:0  — Yellow Card,"Semifinales vs Chelsea (Tuesday April 28, 2009)"
3751565131,"Tuesday April 28, 2009",Chelsea,0-0,Semifinales,52,Carles Puyol,Sustitución,Entra al campo (Sale Rafael Márquez),"Semifinales vs Chelsea (Tuesday April 28, 2009)"
3751565131,"Tuesday April 28, 2009",Chelsea,0-0,Semifinales,71,Juliano Belletti,Sustitución,Entra al campo (Sale Frank Lampard),"Semifinales vs Chelsea (Tuesday April 28, 2009)"
3751565131,"Tuesday April 28, 2009",Chelsea,0-0,Semifinales,74,Carles Puyol,Tarjeta Amarilla,0:0  — Yellow Card,"Semifinales vs Chelsea (Tuesday April 28, 2009)"
3751565131,"Tuesday April 28, 2009",Chelsea,0-0,Semifinales,82,Bojan Krkić,Sustitución,Entra al campo (Sale Samuel Eto'o),"Semifinales vs Chelsea (Tuesday April 28, 2009)"
3751565131,"Tuesday April 28, 2009",Chelsea,0-0,Semifinales,87,Alexander Hleb,Sustitución,Entra al campo (Sale Thierry Henry),"Semifinales vs Chelsea (Tuesday April 28, 2009)"
3751565131,"Tuesday April 28, 2009",Chelsea,0-0,Semifinales,90+5,Nicolas Anelka,Sustitución,Entra al campo (Sale Michael Ballack),"Semifinales vs Chelsea (Tuesday April 28, 2009)"
1862612193,"Tuesday March 7, 2006",Chelsea,1-1,Octavos de Final,12,Joe Cole,Tarjeta Amarilla,0:0  — Yellow Card,"Octavos de Final vs Chelsea (Tuesday March 7, 2006)"
1862612193,"Tuesday March 7, 2006",Chelsea,1-1,Octavos de Final,25,Henrik Larsson,Sustitución,Entra al campo (Sale Lionel Messi),"Octavos de Final vs Chelsea (Tuesday March 7, 2006)"
1862612193,"Tuesday March 7, 2006",Chelsea,1-1,Octavos de Final,43,Thiago Motta,Tarjeta Amarilla,0:0  — Yellow Card,"Octavos de Final vs Chelsea (Tuesday March 7, 2006)"
1862612193,"Tuesday March 7, 2006",Chelsea,1-1,Octavos de Final,58,Hernán Crespo,Sustitución,Entra al campo (Sale Damien Duff),"Octavos de Final vs Chelsea (Tuesday March 7, 2006)"
1862612193,"Tuesday March 7, 2006",Chelsea,1-1,Octavos de Final,58,Eiður Guðjohnsen,Sustitución,Entra al campo (Sale Didier Drogba),"Octavos de Final vs Chelsea (Tuesday March 7, 2006)"
1862612193,"Tuesday March 7, 2006",Chelsea,1-1,Octavos de Final,77,Carles Puyol,Tarjeta Amarilla,0:0  — Yellow Card,"Octavos de Final vs Chelsea (Tuesday March 7, 2006)"
1862612193,"Tuesday March 7, 2006",Chelsea,1-1,Octavos de Final,78,Ronaldinho,Gol,Goal,"Octavos de Final vs Chelsea (Tuesday March 7, 2006)"
1862612193,"Tuesday March 7, 2006",Chelsea,1-1,Octavos de Final,83,Robert Huth,Sustitución,Entra al campo (Sale Joe Cole),"Octavos de Final vs Chelsea (Tuesday March 7, 2006)"
1862612193,"Tuesday March 7, 2006",Chelsea,1-1,Octavos de Final,90+2,Frank Lampard,Gol,De Penalti,"Octavos de Final vs Chelsea (Tuesday March 7, 2006)"
312587718,"Wednesday October 20, 2010",FC Copenhagen,2-0,Fase de Grupos,19,Lionel Messi,Gol,Goal,"Fase de Grupos vs FC Copenhagen (Wednesday October 20, 2010)"
312587718,"Wednesday October 20, 2010",FC Copenhagen,2-0,Fase de Grupos,61,Dame N'Doye,Tarjeta Amarilla,1:0  — Yellow Card,"Fase de Grupos vs FC Copenhagen (Wednesday October 20, 2010)"
312587718,"Wednesday October 20, 2010",FC Copenhagen,2-0,Fase de Grupos,62,Christian Bolaños,Sustitución,Entra al campo (Sale Martin Vingaard),"Fase de Grupos vs FC Copenhagen (Wednesday October 20, 2010)"
312587718,"Wednesday October 20, 2010",FC Copenhagen,2-0,Fase de Grupos,68,Zdeněk Pospěch,Tarjeta Amarilla,1:0  — Yellow Card,"Fase de Grupos vs FC Copenhagen (Wednesday October 20, 2010)"
312587718,"Wednesday October 20, 2010",FC Copenhagen,2-0,Fase de Grupos,73,Xavi,Sustitución,Entra al campo (Sale Maxwell),"Fase de Grupos vs FC Copenhagen (Wednesday October 20, 2010)"
312587718,"Wednesday October 20, 2010",FC Copenhagen,2-0,Fase de Grupos,73,Pedro,Sustitución,Entra al campo (Sale David Villa),"Fase de Grupos vs FC Copenhagen (Wednesday October 20, 2010)"
312587718,"Wednesday October 20, 2010",FC Copenhagen,2-0,Fase de Grupos,74,Kenneth Zohore,Sustitución,Entra al campo (Sale César Santin),"Fase de Grupos vs FC Copenhagen (Wednesday October 20, 2010)"
312587718,"Wednesday October 20, 2010",FC Copenhagen,2-0,Fase de Grupos,81,Andrés Iniesta,Tarjeta Amarilla,1:0  — Yellow Card,"Fase de Grupos vs FC Copenhagen (Wednesday October 20, 2010)"
312587718,"Wednesday October 20, 2010",FC Copenhagen,2-0,Fase de Grupos,89,Seydou Keita,Sustitución,Entra al campo (Sale Andrés Iniesta),"Fase de Grupos vs FC Copenhagen (Wednesday October 20, 2010)"
312587718,"Wednesday October 20, 2010",FC Copenhagen,2-0,Fase de Grupos,89,Peter Larsson,Sustitución,Entra al campo (Sale Oscar Wendt),"Fase de Grupos vs FC Copenhagen (Wednesday October 20, 2010)"
312587718,"Wednesday October 20, 2010",FC Copenhagen,2-0,Fase de Grupos,90+2,Lionel Messi,Gol,Goal,"Fase de Grupos vs FC Copenhagen (Wednesday October 20, 2010)"
163669189,"Wednesday March 11, 2009",Lyon,5-2,Octavos de Final,12,Cris,Tarjeta Amarilla,0:0  — Yellow Card,"Octavos de Final vs Lyon (Wednesday March 11, 2009)"
163669189,"Wednesday March 11, 2009",Lyon,5-2,Octavos de Final,25,Thierry Henry,Gol,Goal,"Octavos de Final vs Lyon (Wednesday March 11, 2009)"
163669189,"Wednesday March 11, 2009",Lyon,5-2,Octavos de Final,27,Thierry Henry,Gol,Goal,"Octavos de Final vs Lyon (Wednesday March 11, 2009)"
163669189,"Wednesday March 11, 2009",Lyon,5-2,Octavos de Final,35,Juninho Pernambucano,Tarjeta Amarilla,2:0  — Yellow Card,"Octavos de Final vs Lyon (Wednesday March 11, 2009)"
163669189,"Wednesday March 11, 2009",Lyon,5-2,Octavos de Final,40,Lionel Messi,Gol,Goal,"Octavos de Final vs Lyon (Wednesday March 11, 2009)"
163669189,"Wednesday March 11, 2009",Lyon,5-2,Octavos de Final,43,Samuel Eto'o,Gol,Goal,"Octavos de Final vs Lyon (Wednesday March 11, 2009)"
163669189,"Wednesday March 11, 2009",Lyon,5-2,Octavos de Final,44,Jean Makoun,Gol,Goal,"Octavos de Final vs Lyon (Wednesday March 11, 2009)"
163669189,"Wednesday March 11, 2009",Lyon,5-2,Octavos de Final,46,Thierry Henry,Tarjeta Amarilla,4:1  — Yellow Card,"Octavos de Final vs Lyon (Wednesday March 11, 2009)"
163669189,"Wednesday March 11, 2009",Lyon,5-2,Octavos de Final,46,Mathieu Bodmer,Sustitución,Entra al campo (Sale François Clerc),"Octavos de Final vs Lyon (Wednesday March 11, 2009)"
163669189,"Wednesday March 11, 2009",Lyon,5-2,Octavos de Final,48,Juninho Pernambucano,Gol,Goal,"Octavos de Final vs Lyon (Wednesday March 11, 2009)"
163669189,"Wednesday March 11, 2009",Lyon,5-2,Octavos de Final,49,César Delgado,Tarjeta Amarilla,4:2  — Yellow Card,"Octavos de Final vs Lyon (Wednesday March 11, 2009)"
163669189,"Wednesday March 11, 2009",Lyon,5-2,Octavos de Final,61,Kim Källström,Sustitución,Entra al campo (Sale César Delgado),"Octavos de Final vs Lyon (Wednesday March 11, 2009)"
163669189,"Wednesday March 11, 2009",Lyon,5-2,Octavos de Final,64,Fabio Grosso,Tarjeta Amarilla,4:2  — Yellow Card,"Octavos de Final vs Lyon (Wednesday March 11, 2009)"
163669189,"Wednesday March 11, 2009",Lyon,5-2,Octavos de Final,70,Jean Makoun,Tarjeta Amarilla,4:2  — Yellow Card,"Octavos de Final vs Lyon (Wednesday March 11, 2009)"
163669189,"Wednesday March 11, 2009",Lyon,5-2,Octavos de Final,75,Seydou Keita,Sustitución,Entra al campo (Sale Thierry Henry),"Octavos de Final vs Lyon (Wednesday March 11, 2009)"
163669189,"Wednesday March 11, 2009",Lyon,5-2,Octavos de Final,76,Jérémy Toulalan,Tarjeta Amarilla,4:2  — Yellow Card,"Octavos de Final vs Lyon (Wednesday March 11, 2009)"
163669189,"Wednesday March 11, 2009",Lyon,5-2,Octavos de Final,85,Abdul Kader Keïta,Sustitución,Entra al campo (Sale Ederson),"Octavos de Final vs Lyon (Wednesday March 11, 2009)"
163669189,"Wednesday March 11, 2009",Lyon,5-2,Octavos de Final,87,Bojan Krkić,Sustitución,Entra al campo (Sale Samuel Eto'o),"Octavos de Final vs Lyon (Wednesday March 11, 2009)"
163669189,"Wednesday March 11, 2009",Lyon,5-2,Octavos de Final,90+1,Juninho Pernambucano,Tarjeta Roja,4:2  — Second Yellow Card,"Octavos de Final vs Lyon (Wednesday March 11, 2009)"
163669189,"Wednesday March 11, 2009",Lyon,5-2,Octavos de Final,90+2,Alexander Hleb,Sustitución,Entra al campo (Sale Andrés Iniesta),"Octavos de Final vs Lyon (Wednesday March 11, 2009)"
163669189,"Wednesday March 11, 2009",Lyon,5-2,Octavos de Final,90+5,Seydou Keita,Gol,Goal,"Octavos de Final vs Lyon (Wednesday March 11, 2009)"
1397392838,"Wednesday March 18, 2015",Manchester City,1-0,Octavos de Final,15,Fernandinho,Tarjeta Amarilla,0:0  — Yellow Card,"Octavos de Final vs Manchester City (Wednesday March 18, 2015)"
1397392838,"Wednesday March 18, 2015",Manchester City,1-0,Octavos de Final,20,Aleksandar Kolarov,Tarjeta Amarilla,0:0  — Yellow Card,"Octavos de Final vs Manchester City (Wednesday March 18, 2015)"
1397392838,"Wednesday March 18, 2015",Manchester City,1-0,Octavos de Final,27,David Silva,Tarjeta Amarilla,0:0  — Yellow Card,"Octavos de Final vs Manchester City (Wednesday March 18, 2015)"
1397392838,"Wednesday March 18, 2015",Manchester City,1-0,Octavos de Final,31,Ivan Rakitić,Gol,Asistencia de Lionel Messi,"Octavos de Final vs Manchester City (Wednesday March 18, 2015)"
1397392838,"Wednesday March 18, 2015",Manchester City,1-0,Octavos de Final,36,Samir Nasri,Tarjeta Amarilla,1:0  — Yellow Card,"Octavos de Final vs Manchester City (Wednesday March 18, 2015)"
1397392838,"Wednesday March 18, 2015",Manchester City,1-0,Octavos de Final,46,Jesús Navas,Sustitución,Entra al campo (Sale Samir Nasri),"Octavos de Final vs Manchester City (Wednesday March 18, 2015)"
1397392838,"Wednesday March 18, 2015",Manchester City,1-0,Octavos de Final,72,Wilfried Bony,Sustitución,Entra al campo (Sale Yaya Touré),"Octavos de Final vs Manchester City (Wednesday March 18, 2015)"
1397392838,"Wednesday March 18, 2015",Manchester City,1-0,Octavos de Final,78,Sergio Agüero,Sustitución,Entra desde el banquillo,"Octavos de Final vs Manchester City (Wednesday March 18, 2015)"
1397392838,"Wednesday March 18, 2015",Manchester City,1-0,Octavos de Final,80,Dani Alves,Tarjeta Amarilla,1:0  — Yellow Card,"Octavos de Final vs Manchester City (Wednesday March 18, 2015)"
1397392838,"Wednesday March 18, 2015",Manchester City,1-0,Octavos de Final,82,Martín Demichelis,Tarjeta Amarilla,1:0  — Yellow Card,"Octavos de Final vs Manchester City (Wednesday March 18, 2015)"
1397392838,"Wednesday March 18, 2015",Manchester City,1-0,Octavos de Final,84,Rafinha,Sustitución,Entra al campo (Sale Ivan Rakitić),"Octavos de Final vs Manchester City (Wednesday March 18, 2015)"
1397392838,"Wednesday March 18, 2015",Manchester City,1-0,Octavos de Final,87,Frank Lampard,Sustitución,Entra al campo (Sale James Milner),"Octavos de Final vs Manchester City (Wednesday March 18, 2015)"
1397392838,"Wednesday March 18, 2015",Manchester City,1-0,Octavos de Final,90+1,Adriano,Sustitución,Entra al campo (Sale Dani Alves),"Octavos de Final vs Manchester City (Wednesday March 18, 2015)"
1920658952,"Saturday May 28, 2011",Manchester United,3-1,Final,27,Pedro,Gol,Goal,"Final vs Manchester United (Saturday May 28, 2011)"
1920658952,"Saturday May 28, 2011",Manchester United,3-1,Final,34,Wayne Rooney,Gol,Goal,"Final vs Manchester United (Saturday May 28, 2011)"
1920658952,"Saturday May 28, 2011",Manchester United,3-1,Final,54,Lionel Messi,Gol,Goal,"Final vs Manchester United (Saturday May 28, 2011)"
1920658952,"Saturday May 28, 2011",Manchester United,3-1,Final,60,Dani Alves,Tarjeta Amarilla,2:1  — Yellow Card,"Final vs Manchester United (Saturday May 28, 2011)"
1920658952,"Saturday May 28, 2011",Manchester United,3-1,Final,61,Michael Carrick,Tarjeta Amarilla,2:1  — Yellow Card,"Final vs Manchester United (Saturday May 28, 2011)"
1920658952,"Saturday May 28, 2011",Manchester United,3-1,Final,69,David Villa,Gol,Goal,"Final vs Manchester United (Saturday May 28, 2011)"
1920658952,"Saturday May 28, 2011",Manchester United,3-1,Final,69,Nani,Sustitución,Entra al campo (Sale Fábio),"Final vs Manchester United (Saturday May 28, 2011)"
1920658952,"Saturday May 28, 2011",Manchester United,3-1,Final,77,Paul Scholes,Sustitución,Entra al campo (Sale Michael Carrick),"Final vs Manchester United (Saturday May 28, 2011)"
1920658952,"Saturday May 28, 2011",Manchester United,3-1,Final,79,Antonio Valencia,Tarjeta Amarilla,3:1  — Yellow Card,"Final vs Manchester United (Saturday May 28, 2011)"
1920658952,"Saturday May 28, 2011",Manchester United,3-1,Final,85,Víctor Valdés,Tarjeta Amarilla,3:1  — Yellow Card,"Final vs Manchester United (Saturday May 28, 2011)"
1920658952,"Saturday May 28, 2011",Manchester United,3-1,Final,86,Seydou Keita,Sustitución,Entra al campo (Sale David Villa),"Final vs Manchester United (Saturday May 28, 2011)"
1920658952,"Saturday May 28, 2011",Manchester United,3-1,Final,88,Carles Puyol,Sustitución,Entra al campo (Sale Dani Alves),"Final vs Manchester United (Saturday May 28, 2011)"
1920658952,"Saturday May 28, 2011",Manchester United,3-1,Final,90+2,Ibrahim Afellay,Sustitución,Entra al campo (Sale Pedro),"Final vs Manchester United (Saturday May 28, 2011)"
1244528538,"Wednesday May 27, 2009",Manchester United,2-0,Final,10,Samuel Eto'o,Gol,Goal,"Final vs Manchester United (Wednesday May 27, 2009)"
1244528538,"Wednesday May 27, 2009",Manchester United,2-0,Final,16,Gerard Piqué,Tarjeta Amarilla,1:0  — Yellow Card,"Final vs Manchester United (Wednesday May 27, 2009)"
1244528538,"Wednesday May 27, 2009",Manchester United,2-0,Final,46,Carlos Tevez,Sustitución,Entra al campo (Sale Anderson),"Final vs Manchester United (Wednesday May 27, 2009)"
1244528538,"Wednesday May 27, 2009",Manchester United,2-0,Final,66,Dimitar Berbatov,Sustitución,Entra al campo (Sale Park Ji-sung),"Final vs Manchester United (Wednesday May 27, 2009)"
1244528538,"Wednesday May 27, 2009",Manchester United,2-0,Final,70,Lionel Messi,Gol,Goal,"Final vs Manchester United (Wednesday May 27, 2009)"
1244528538,"Wednesday May 27, 2009",Manchester United,2-0,Final,72,Seydou Keita,Sustitución,Entra al campo (Sale Thierry Henry),"Final vs Manchester United (Wednesday May 27, 2009)"
1244528538,"Wednesday May 27, 2009",Manchester United,2-0,Final,75,Paul Scholes,Sustitución,Entra al campo (Sale Ryan Giggs),"Final vs Manchester United (Wednesday May 27, 2009)"
1244528538,"Wednesday May 27, 2009",Manchester United,2-0,Final,78,Cristiano Ronaldo,Tarjeta Amarilla,2:0  — Yellow Card,"Final vs Manchester United (Wednesday May 27, 2009)"
1244528538,"Wednesday May 27, 2009",Manchester United,2-0,Final,80,Paul Scholes,Tarjeta Amarilla,2:0  — Yellow Card,"Final vs Manchester United (Wednesday May 27, 2009)"
1244528538,"Wednesday May 27, 2009",Manchester United,2-0,Final,90+2,Pedro,Sustitución,Entra al campo (Sale Andrés Iniesta),"Final vs Manchester United (Wednesday May 27, 2009)"
1244528538,"Wednesday May 27, 2009",Manchester United,2-0,Final,90+3,Nemanja Vidić,Tarjeta Amarilla,2:0  — Yellow Card,"Final vs Manchester United (Wednesday May 27, 2009)"
2105134653,"Wednesday April 26, 2006",Milan,0-0,Semifinales,44,Alessandro Costacurta,Tarjeta Amarilla,0:0  — Yellow Card,"Semifinales vs Milan (Wednesday April 26, 2006)"
2105134653,"Wednesday April 26, 2006",Milan,0-0,Semifinales,64,Cafú,Sustitución,Entra al campo (Sale Alessandro Costacurta),"Semifinales vs Milan (Wednesday April 26, 2006)"
2105134653,"Wednesday April 26, 2006",Milan,0-0,Semifinales,68,Rui Costa,Sustitución,Entra al campo (Sale Gennaro Gattuso),"Semifinales vs Milan (Wednesday April 26, 2006)"
2105134653,"Wednesday April 26, 2006",Milan,0-0,Semifinales,69,Henrik Larsson,Sustitución,Entra al campo (Sale Ludovic Giuly),"Semifinales vs Milan (Wednesday April 26, 2006)"
2105134653,"Wednesday April 26, 2006",Milan,0-0,Semifinales,79,Alberto Gilardino,Sustitución,Entra al campo (Sale Filippo Inzaghi),"Semifinales vs Milan (Wednesday April 26, 2006)"
2105134653,"Wednesday April 26, 2006",Milan,0-0,Semifinales,89,Mark van Bommel,Sustitución,Entra al campo (Sale Samuel Eto'o),"Semifinales vs Milan (Wednesday April 26, 2006)"
2105134653,"Wednesday April 26, 2006",Milan,0-0,Semifinales,90,Edmílson,Tarjeta Amarilla,0:0  — Yellow Card,"Semifinales vs Milan (Wednesday April 26, 2006)"
2906876591,"Tuesday September 14, 2010",Panathinaikos,5-1,Fase de Grupos,20,Sidney Govou,Gol,Goal,"Fase de Grupos vs Panathinaikos (Tuesday September 14, 2010)"
2906876591,"Tuesday September 14, 2010",Panathinaikos,5-1,Fase de Grupos,22,Lionel Messi,Gol,Goal,"Fase de Grupos vs Panathinaikos (Tuesday September 14, 2010)"
2906876591,"Tuesday September 14, 2010",Panathinaikos,5-1,Fase de Grupos,33,David Villa,Gol,Goal,"Fase de Grupos vs Panathinaikos (Tuesday September 14, 2010)"
2906876591,"Tuesday September 14, 2010",Panathinaikos,5-1,Fase de Grupos,45,Lionel Messi,Gol,Goal,"Fase de Grupos vs Panathinaikos (Tuesday September 14, 2010)"
2906876591,"Tuesday September 14, 2010",Panathinaikos,5-1,Fase de Grupos,64,Giorgos Karagounis,Sustitución,Entra al campo (Sale Kostas Katsouranis),"Fase de Grupos vs Panathinaikos (Tuesday September 14, 2010)"
2906876591,"Tuesday September 14, 2010",Panathinaikos,5-1,Fase de Grupos,69,Bojan Krkić,Sustitución,Entra al campo (Sale David Villa),"Fase de Grupos vs Panathinaikos (Tuesday September 14, 2010)"
2906876591,"Tuesday September 14, 2010",Panathinaikos,5-1,Fase de Grupos,70,Luis García,Sustitución,Entra al campo (Sale Sidney Govou),"Fase de Grupos vs Panathinaikos (Tuesday September 14, 2010)"
2906876591,"Tuesday September 14, 2010",Panathinaikos,5-1,Fase de Grupos,75,Gabriel Milito,Sustitución,Entra al campo (Sale Gerard Piqué),"Fase de Grupos vs Panathinaikos (Tuesday September 14, 2010)"
2906876591,"Tuesday September 14, 2010",Panathinaikos,5-1,Fase de Grupos,78,Pedro,Gol,Goal,"Fase de Grupos vs Panathinaikos (Tuesday September 14, 2010)"
2906876591,"Tuesday September 14, 2010",Panathinaikos,5-1,Fase de Grupos,79,Javier Mascherano,Sustitución,Entra al campo (Sale Xavi),"Fase de Grupos vs Panathinaikos (Tuesday September 14, 2010)"
2906876591,"Tuesday September 14, 2010",Panathinaikos,5-1,Fase de Grupos,80,Sotiris Ninis,Sustitución,Entra al campo (Sale Sebastián Leto),"Fase de Grupos vs Panathinaikos (Tuesday September 14, 2010)"
2906876591,"Tuesday September 14, 2010",Panathinaikos,5-1,Fase de Grupos,85,Giorgos Karagounis,Tarjeta Amarilla,4:1  — Yellow Card,"Fase de Grupos vs Panathinaikos (Tuesday September 14, 2010)"
2906876591,"Tuesday September 14, 2010",Panathinaikos,5-1,Fase de Grupos,90+3,Dani Alves,Gol,Goal,"Fase de Grupos vs Panathinaikos (Tuesday September 14, 2010)"
3769343567,"Wednesday November 2, 2005",Panathinaikos,5-0,Fase de Grupos,1,Mark van Bommel,Gol,Goal,"Fase de Grupos vs Panathinaikos (Wednesday November 2, 2005)"
3769343567,"Wednesday November 2, 2005",Panathinaikos,5-0,Fase de Grupos,14,Samuel Eto'o,Gol,Goal,"Fase de Grupos vs Panathinaikos (Wednesday November 2, 2005)"
3769343567,"Wednesday November 2, 2005",Panathinaikos,5-0,Fase de Grupos,34,Lionel Messi,Gol,Goal,"Fase de Grupos vs Panathinaikos (Wednesday November 2, 2005)"
3769343567,"Wednesday November 2, 2005",Panathinaikos,5-0,Fase de Grupos,40,Samuel Eto'o,Gol,Goal,"Fase de Grupos vs Panathinaikos (Wednesday November 2, 2005)"
3769343567,"Wednesday November 2, 2005",Panathinaikos,5-0,Fase de Grupos,46,Ilias Kotsios,Sustitución,Entra al campo (Sale Igor Bišćan),"Fase de Grupos vs Panathinaikos (Wednesday November 2, 2005)"
3769343567,"Wednesday November 2, 2005",Panathinaikos,5-0,Fase de Grupos,51,Thiago Motta,Sustitución,Entra al campo (Sale Andrés Iniesta),"Fase de Grupos vs Panathinaikos (Wednesday November 2, 2005)"
3769343567,"Wednesday November 2, 2005",Panathinaikos,5-0,Fase de Grupos,61,Gabri García,Sustitución,Entra al campo (Sale Mark van Bommel),"Fase de Grupos vs Panathinaikos (Wednesday November 2, 2005)"
3769343567,"Wednesday November 2, 2005",Panathinaikos,5-0,Fase de Grupos,61,Alexandros Tziolis,Sustitución,Entra al campo (Sale Filippos Darlas),"Fase de Grupos vs Panathinaikos (Wednesday November 2, 2005)"
3769343567,"Wednesday November 2, 2005",Panathinaikos,5-0,Fase de Grupos,65,Samuel Eto'o,Gol,Goal,"Fase de Grupos vs Panathinaikos (Wednesday November 2, 2005)"
3769343567,"Wednesday November 2, 2005",Panathinaikos,5-0,Fase de Grupos,71,Santiago Ezquerro,Sustitución,Entra al campo (Sale Xavi),"Fase de Grupos vs Panathinaikos (Wednesday November 2, 2005)"
3769343567,"Wednesday November 2, 2005",Panathinaikos,5-0,Fase de Grupos,71,Nasief Morris,Tarjeta Amarilla,5:0  — Yellow Card,"Fase de Grupos vs Panathinaikos (Wednesday November 2, 2005)"
3769343567,"Wednesday November 2, 2005",Panathinaikos,5-0,Fase de Grupos,79,Nordin Wooter,Sustitución,Entra al campo (Sale Anthony Šerić),"Fase de Grupos vs Panathinaikos (Wednesday November 2, 2005)"
209727079,"Tuesday April 21, 2015",Paris Saint-Germain,2-0,Cuartos de Final,3,David Luiz,Tarjeta Amarilla,0:0  — Yellow Card,"Cuartos de Final vs Paris Saint-Germain (Tuesday April 21, 2015)"
209727079,"Tuesday April 21, 2015",Paris Saint-Germain,2-0,Cuartos de Final,14,Neymar,Gol,Asistencia de Andrés Iniesta,"Cuartos de Final vs Paris Saint-Germain (Tuesday April 21, 2015)"
209727079,"Tuesday April 21, 2015",Paris Saint-Germain,2-0,Cuartos de Final,34,Neymar,Gol,Asistencia de Dani Alves,"Cuartos de Final vs Paris Saint-Germain (Tuesday April 21, 2015)"
209727079,"Tuesday April 21, 2015",Paris Saint-Germain,2-0,Cuartos de Final,46,Xavi,Sustitución,Entra al campo (Sale Andrés Iniesta),"Cuartos de Final vs Paris Saint-Germain (Tuesday April 21, 2015)"
209727079,"Tuesday April 21, 2015",Paris Saint-Germain,2-0,Cuartos de Final,55,Sergi Roberto,Sustitución,Entra al campo (Sale Sergio Busquets),"Cuartos de Final vs Paris Saint-Germain (Tuesday April 21, 2015)"
209727079,"Tuesday April 21, 2015",Paris Saint-Germain,2-0,Cuartos de Final,66,Lucas Moura,Sustitución,Entra al campo (Sale Yohan Cabaye),"Cuartos de Final vs Paris Saint-Germain (Tuesday April 21, 2015)"
209727079,"Tuesday April 21, 2015",Paris Saint-Germain,2-0,Cuartos de Final,75,Pedro,Sustitución,Entra al campo (Sale Luis Suárez),"Cuartos de Final vs Paris Saint-Germain (Tuesday April 21, 2015)"
209727079,"Tuesday April 21, 2015",Paris Saint-Germain,2-0,Cuartos de Final,80,Ezequiel Lavezzi,Sustitución,Entra al campo (Sale Edinson Cavani),"Cuartos de Final vs Paris Saint-Germain (Tuesday April 21, 2015)"
209727079,"Tuesday April 21, 2015",Paris Saint-Germain,2-0,Cuartos de Final,80,Adrien Rabiot,Sustitución,Entra al campo (Sale Blaise Matuidi),"Cuartos de Final vs Paris Saint-Germain (Tuesday April 21, 2015)"
477976557,"Wednesday December 10, 2014",Paris Saint-Germain,3-1,Fase de Grupos,15,Zlatan Ibrahimović,Gol,Asistencia de Blaise Matuidi,"Fase de Grupos vs Paris Saint-Germain (Wednesday December 10, 2014)"
477976557,"Wednesday December 10, 2014",Paris Saint-Germain,3-1,Fase de Grupos,19,Lionel Messi,Gol,Asistencia de Luis Suárez,"Fase de Grupos vs Paris Saint-Germain (Wednesday December 10, 2014)"
477976557,"Wednesday December 10, 2014",Paris Saint-Germain,3-1,Fase de Grupos,41,Neymar,Gol,Asistencia de Andrés Iniesta,"Fase de Grupos vs Paris Saint-Germain (Wednesday December 10, 2014)"
477976557,"Wednesday December 10, 2014",Paris Saint-Germain,3-1,Fase de Grupos,57,Edinson Cavani,Tarjeta Amarilla,2:1  — Yellow Card,"Fase de Grupos vs Paris Saint-Germain (Wednesday December 10, 2014)"
477976557,"Wednesday December 10, 2014",Paris Saint-Germain,3-1,Fase de Grupos,62,Javier Pastore,Sustitución,Entra al campo (Sale Marco Verratti),"Fase de Grupos vs Paris Saint-Germain (Wednesday December 10, 2014)"
477976557,"Wednesday December 10, 2014",Paris Saint-Germain,3-1,Fase de Grupos,67,Ivan Rakitić,Sustitución,Entra al campo (Sale Pedro),"Fase de Grupos vs Paris Saint-Germain (Wednesday December 10, 2014)"
477976557,"Wednesday December 10, 2014",Paris Saint-Germain,3-1,Fase de Grupos,73,Xavi,Sustitución,Entra al campo (Sale Andrés Iniesta),"Fase de Grupos vs Paris Saint-Germain (Wednesday December 10, 2014)"
477976557,"Wednesday December 10, 2014",Paris Saint-Germain,3-1,Fase de Grupos,75,Ezequiel Lavezzi,Sustitución,Entra al campo (Sale Blaise Matuidi),"Fase de Grupos vs Paris Saint-Germain (Wednesday December 10, 2014)"
477976557,"Wednesday December 10, 2014",Paris Saint-Germain,3-1,Fase de Grupos,77,Luis Suárez,Gol,Asistencia de Neymar,"Fase de Grupos vs Paris Saint-Germain (Wednesday December 10, 2014)"
477976557,"Wednesday December 10, 2014",Paris Saint-Germain,3-1,Fase de Grupos,90+2,Adriano,Sustitución,Entra al campo (Sale Marc Bartra),"Fase de Grupos vs Paris Saint-Germain (Wednesday December 10, 2014)"
1787474204,"Tuesday May 3, 2011",Real Madrid,1-1,Semifinales,13,Ricardo Carvalho,Tarjeta Amarilla,0:0  — Yellow Card,"Semifinales vs Real Madrid (Tuesday May 3, 2011)"
1787474204,"Tuesday May 3, 2011",Real Madrid,1-1,Semifinales,54,Pedro,Gol,Goal,"Semifinales vs Real Madrid (Tuesday May 3, 2011)"
1787474204,"Tuesday May 3, 2011",Real Madrid,1-1,Semifinales,55,Emmanuel Adebayor,Sustitución,Entra al campo (Sale Gonzalo Higuaín),"Semifinales vs Real Madrid (Tuesday May 3, 2011)"
1787474204,"Tuesday May 3, 2011",Real Madrid,1-1,Semifinales,58,Lassana Diarra,Tarjeta Amarilla,1:0  — Yellow Card,"Semifinales vs Real Madrid (Tuesday May 3, 2011)"
1787474204,"Tuesday May 3, 2011",Real Madrid,1-1,Semifinales,60,Mesut Özil,Sustitución,Entra al campo (Sale Kaká),"Semifinales vs Real Madrid (Tuesday May 3, 2011)"
1787474204,"Tuesday May 3, 2011",Real Madrid,1-1,Semifinales,64,Marcelo,Gol,Goal,"Semifinales vs Real Madrid (Tuesday May 3, 2011)"
1787474204,"Tuesday May 3, 2011",Real Madrid,1-1,Semifinales,69,Xabi Alonso,Tarjeta Amarilla,1:1  — Yellow Card,"Semifinales vs Real Madrid (Tuesday May 3, 2011)"
1787474204,"Tuesday May 3, 2011",Real Madrid,1-1,Semifinales,74,Seydou Keita,Sustitución,Entra al campo (Sale David Villa),"Semifinales vs Real Madrid (Tuesday May 3, 2011)"
1787474204,"Tuesday May 3, 2011",Real Madrid,1-1,Semifinales,75,Marcelo,Tarjeta Amarilla,1:1  — Yellow Card,"Semifinales vs Real Madrid (Tuesday May 3, 2011)"
1787474204,"Tuesday May 3, 2011",Real Madrid,1-1,Semifinales,82,Pedro,Tarjeta Amarilla,1:1  — Yellow Card,"Semifinales vs Real Madrid (Tuesday May 3, 2011)"
1787474204,"Tuesday May 3, 2011",Real Madrid,1-1,Semifinales,85,Emmanuel Adebayor,Tarjeta Amarilla,1:1  — Yellow Card,"Semifinales vs Real Madrid (Tuesday May 3, 2011)"
1787474204,"Tuesday May 3, 2011",Real Madrid,1-1,Semifinales,90,Éric Abidal,Sustitución,Entra al campo (Sale Carles Puyol),"Semifinales vs Real Madrid (Tuesday May 3, 2011)"
1787474204,"Tuesday May 3, 2011",Real Madrid,1-1,Semifinales,90+2,Ibrahim Afellay,Sustitución,Entra al campo (Sale Pedro),"Semifinales vs Real Madrid (Tuesday May 3, 2011)"
644256419,"Tuesday December 7, 2010",Rubin Kazan,2-0,Fase de Grupos,13,Víctor Vázquez,Sustitución,Entra al campo (Sale Jeffrén Suárez),"Fase de Grupos vs Rubin Kazan (Tuesday December 7, 2010)"
644256419,"Tuesday December 7, 2010",Rubin Kazan,2-0,Fase de Grupos,24,Sergey Ryzhikov,Tarjeta Amarilla,0:0  — Yellow Card,"Fase de Grupos vs Rubin Kazan (Tuesday December 7, 2010)"
644256419,"Tuesday December 7, 2010",Rubin Kazan,2-0,Fase de Grupos,35,Marc Bartra,Sustitución,Entra al campo (Sale Bojan Krkić),"Fase de Grupos vs Rubin Kazan (Tuesday December 7, 2010)"
644256419,"Tuesday December 7, 2010",Rubin Kazan,2-0,Fase de Grupos,51,Andreu Fontàs,Gol,Goal,"Fase de Grupos vs Rubin Kazan (Tuesday December 7, 2010)"
644256419,"Tuesday December 7, 2010",Rubin Kazan,2-0,Fase de Grupos,62,Alan Kasaev,Sustitución,Entra al campo (Sale Aleksandr Ryazantsev),"Fase de Grupos vs Rubin Kazan (Tuesday December 7, 2010)"
644256419,"Tuesday December 7, 2010",Rubin Kazan,2-0,Fase de Grupos,63,Lionel Messi,Sustitución,Entra al campo (Sale Jonathan dos Santos),"Fase de Grupos vs Rubin Kazan (Tuesday December 7, 2010)"
644256419,"Tuesday December 7, 2010",Rubin Kazan,2-0,Fase de Grupos,66,Aleksei Medvedev,Sustitución,Entra al campo (Sale Obafemi Martins),"Fase de Grupos vs Rubin Kazan (Tuesday December 7, 2010)"
644256419,"Tuesday December 7, 2010",Rubin Kazan,2-0,Fase de Grupos,75,Pyotr Bystrov,Sustitución,Entra al campo (Sale Gökdeniz Karadeniz),"Fase de Grupos vs Rubin Kazan (Tuesday December 7, 2010)"
644256419,"Tuesday December 7, 2010",Rubin Kazan,2-0,Fase de Grupos,83,Víctor Vázquez,Gol,Goal,"Fase de Grupos vs Rubin Kazan (Tuesday December 7, 2010)"
519435061,"Tuesday December 9, 2008",Shakhtar Donetsk,2-3,Fase de Grupos,31,Oleksandr Hladkyy,Gol,Goal,"Fase de Grupos vs Shakhtar Donetsk (Tuesday December 9, 2008)"
519435061,"Tuesday December 9, 2008",Shakhtar Donetsk,2-3,Fase de Grupos,50,Bojan Krkić,Tarjeta Amarilla,0:1  — Yellow Card,"Fase de Grupos vs Shakhtar Donetsk (Tuesday December 9, 2008)"
519435061,"Tuesday December 9, 2008",Shakhtar Donetsk,2-3,Fase de Grupos,58,Oleksandr Hladkyy,Gol,Goal,"Fase de Grupos vs Shakhtar Donetsk (Tuesday December 9, 2008)"
519435061,"Tuesday December 9, 2008",Shakhtar Donetsk,2-3,Fase de Grupos,59,Sylvinho,Gol,Goal,"Fase de Grupos vs Shakhtar Donetsk (Tuesday December 9, 2008)"
519435061,"Tuesday December 9, 2008",Shakhtar Donetsk,2-3,Fase de Grupos,65,Tomáš Hübschman,Tarjeta Amarilla,1:2  — Yellow Card,"Fase de Grupos vs Shakhtar Donetsk (Tuesday December 9, 2008)"
519435061,"Tuesday December 9, 2008",Shakhtar Donetsk,2-3,Fase de Grupos,67,Brandão,Sustitución,Entra al campo (Sale Jádson),"Fase de Grupos vs Shakhtar Donetsk (Tuesday December 9, 2008)"
519435061,"Tuesday December 9, 2008",Shakhtar Donetsk,2-3,Fase de Grupos,76,Fernandinho,Gol,Goal,"Fase de Grupos vs Shakhtar Donetsk (Tuesday December 9, 2008)"
519435061,"Tuesday December 9, 2008",Shakhtar Donetsk,2-3,Fase de Grupos,76,Eiður Guðjohnsen,Sustitución,Entra al campo (Sale Pedro),"Fase de Grupos vs Shakhtar Donetsk (Tuesday December 9, 2008)"
519435061,"Tuesday December 9, 2008",Shakhtar Donetsk,2-3,Fase de Grupos,78,Luiz Adriano,Sustitución,Entra al campo (Sale Fernandinho),"Fase de Grupos vs Shakhtar Donetsk (Tuesday December 9, 2008)"
519435061,"Tuesday December 9, 2008",Shakhtar Donetsk,2-3,Fase de Grupos,83,Sergio Busquets,Gol,Goal,"Fase de Grupos vs Shakhtar Donetsk (Tuesday December 9, 2008)"
519435061,"Tuesday December 9, 2008",Shakhtar Donetsk,2-3,Fase de Grupos,86,Brandão,Tarjeta Amarilla,2:3  — Yellow Card,"Fase de Grupos vs Shakhtar Donetsk (Tuesday December 9, 2008)"
519435061,"Tuesday December 9, 2008",Shakhtar Donetsk,2-3,Fase de Grupos,87,Luiz Adriano,Tarjeta Amarilla,2:3  — Yellow Card,"Fase de Grupos vs Shakhtar Donetsk (Tuesday December 9, 2008)"
519435061,"Tuesday December 9, 2008",Shakhtar Donetsk,2-3,Fase de Grupos,87,Oleksandr Hladkyy,Tarjeta Amarilla,2:3  — Yellow Card,"Fase de Grupos vs Shakhtar Donetsk (Tuesday December 9, 2008)"
519435061,"Tuesday December 9, 2008",Shakhtar Donetsk,2-3,Fase de Grupos,89,Oleksandr Kucher,Tarjeta Amarilla,2:3  — Yellow Card,"Fase de Grupos vs Shakhtar Donetsk (Tuesday December 9, 2008)"
519435061,"Tuesday December 9, 2008",Shakhtar Donetsk,2-3,Fase de Grupos,90+1,Andriy Pyatov,Tarjeta Amarilla,2:3  — Yellow Card,"Fase de Grupos vs Shakhtar Donetsk (Tuesday December 9, 2008)"
1807500392,"Wednesday April 6, 2011",Shakhtar Donetsk,5-1,Cuartos de Final,2,Andrés Iniesta,Gol,Goal,"Cuartos de Final vs Shakhtar Donetsk (Wednesday April 6, 2011)"
1807500392,"Wednesday April 6, 2011",Shakhtar Donetsk,5-1,Cuartos de Final,34,Dani Alves,Gol,Goal,"Cuartos de Final vs Shakhtar Donetsk (Wednesday April 6, 2011)"
1807500392,"Wednesday April 6, 2011",Shakhtar Donetsk,5-1,Cuartos de Final,51,Răzvan Raț,Tarjeta Amarilla,2:0  — Yellow Card,"Cuartos de Final vs Shakhtar Donetsk (Wednesday April 6, 2011)"
1807500392,"Wednesday April 6, 2011",Shakhtar Donetsk,5-1,Cuartos de Final,53,Gerard Piqué,Gol,Goal,"Cuartos de Final vs Shakhtar Donetsk (Wednesday April 6, 2011)"
1807500392,"Wednesday April 6, 2011",Shakhtar Donetsk,5-1,Cuartos de Final,59,Andrés Iniesta,Tarjeta Amarilla,3:0  — Yellow Card,"Cuartos de Final vs Shakhtar Donetsk (Wednesday April 6, 2011)"
1807500392,"Wednesday April 6, 2011",Shakhtar Donetsk,5-1,Cuartos de Final,60,Yaroslav Rakitskiy,Gol,Goal,"Cuartos de Final vs Shakhtar Donetsk (Wednesday April 6, 2011)"
1807500392,"Wednesday April 6, 2011",Shakhtar Donetsk,5-1,Cuartos de Final,61,Seydou Keita,Gol,Goal,"Cuartos de Final vs Shakhtar Donetsk (Wednesday April 6, 2011)"
1807500392,"Wednesday April 6, 2011",Shakhtar Donetsk,5-1,Cuartos de Final,66,Yaroslav Rakitskiy,Tarjeta Amarilla,4:1  — Yellow Card,"Cuartos de Final vs Shakhtar Donetsk (Wednesday April 6, 2011)"
1807500392,"Wednesday April 6, 2011",Shakhtar Donetsk,5-1,Cuartos de Final,70,Fernandinho,Sustitución,Entra al campo (Sale Jádson),"Cuartos de Final vs Shakhtar Donetsk (Wednesday April 6, 2011)"
1807500392,"Wednesday April 6, 2011",Shakhtar Donetsk,5-1,Cuartos de Final,70,Pedro,Sustitución,Entra al campo (Sale David Villa),"Cuartos de Final vs Shakhtar Donetsk (Wednesday April 6, 2011)"
1807500392,"Wednesday April 6, 2011",Shakhtar Donetsk,5-1,Cuartos de Final,75,Alex Teixeira,Sustitución,Entra al campo (Sale Willian),"Cuartos de Final vs Shakhtar Donetsk (Wednesday April 6, 2011)"
1807500392,"Wednesday April 6, 2011",Shakhtar Donetsk,5-1,Cuartos de Final,77,Maxwell,Sustitución,Entra al campo (Sale Adriano),"Cuartos de Final vs Shakhtar Donetsk (Wednesday April 6, 2011)"
1807500392,"Wednesday April 6, 2011",Shakhtar Donetsk,5-1,Cuartos de Final,77,Fernandinho,Tarjeta Amarilla,4:1  — Yellow Card,"Cuartos de Final vs Shakhtar Donetsk (Wednesday April 6, 2011)"
1807500392,"Wednesday April 6, 2011",Shakhtar Donetsk,5-1,Cuartos de Final,82,Tomáš Hübschman,Sustitución,Entra desde el banquillo,"Cuartos de Final vs Shakhtar Donetsk (Wednesday April 6, 2011)"
1807500392,"Wednesday April 6, 2011",Shakhtar Donetsk,5-1,Cuartos de Final,86,Xavi,Gol,Goal,"Cuartos de Final vs Shakhtar Donetsk (Wednesday April 6, 2011)"
1807500392,"Wednesday April 6, 2011",Shakhtar Donetsk,5-1,Cuartos de Final,90+1,Ibrahim Afellay,Sustitución,Entra al campo (Sale Andrés Iniesta),"Cuartos de Final vs Shakhtar Donetsk (Wednesday April 6, 2011)"
2677851521,"Tuesday September 16, 2008",Sporting CP,3-1,Fase de Grupos,21,Rafael Márquez,Gol,Goal,"Fase de Grupos vs Sporting CP (Tuesday September 16, 2008)"
2677851521,"Tuesday September 16, 2008",Sporting CP,3-1,Fase de Grupos,60,Samuel Eto'o,Gol,De Penalti,"Fase de Grupos vs Sporting CP (Tuesday September 16, 2008)"
2677851521,"Tuesday September 16, 2008",Sporting CP,3-1,Fase de Grupos,62,Hélder Postiga,Sustitución,Entra al campo (Sale Yannick Djaló),"Fase de Grupos vs Sporting CP (Tuesday September 16, 2008)"
2677851521,"Tuesday September 16, 2008",Sporting CP,3-1,Fase de Grupos,66,Yaya Touré,Sustitución,Entra al campo (Sale Samuel Eto'o),"Fase de Grupos vs Sporting CP (Tuesday September 16, 2008)"
2677851521,"Tuesday September 16, 2008",Sporting CP,3-1,Fase de Grupos,66,Miguel Veloso,Sustitución,Entra al campo (Sale Leandro Romagnoli),"Fase de Grupos vs Sporting CP (Tuesday September 16, 2008)"
2677851521,"Tuesday September 16, 2008",Sporting CP,3-1,Fase de Grupos,70,Gerard Piqué,Tarjeta Amarilla,2:0  — Yellow Card,"Fase de Grupos vs Sporting CP (Tuesday September 16, 2008)"
2677851521,"Tuesday September 16, 2008",Sporting CP,3-1,Fase de Grupos,72,Tonel,Gol,Goal,"Fase de Grupos vs Sporting CP (Tuesday September 16, 2008)"
2677851521,"Tuesday September 16, 2008",Sporting CP,3-1,Fase de Grupos,75,Pedro,Sustitución,Entra al campo (Sale Thierry Henry),"Fase de Grupos vs Sporting CP (Tuesday September 16, 2008)"
2677851521,"Tuesday September 16, 2008",Sporting CP,3-1,Fase de Grupos,79,Bruno Pereirinha,Sustitución,Entra al campo (Sale Marco Caneira),"Fase de Grupos vs Sporting CP (Tuesday September 16, 2008)"
2677851521,"Tuesday September 16, 2008",Sporting CP,3-1,Fase de Grupos,85,Fábio Rochemback,Tarjeta Amarilla,2:1  — Yellow Card,"Fase de Grupos vs Sporting CP (Tuesday September 16, 2008)"
2677851521,"Tuesday September 16, 2008",Sporting CP,3-1,Fase de Grupos,87,Xavi,Gol,Goal,"Fase de Grupos vs Sporting CP (Tuesday September 16, 2008)"
2677851521,"Tuesday September 16, 2008",Sporting CP,3-1,Fase de Grupos,89,Sylvinho,Sustitución,Entra al campo (Sale Carles Puyol),"Fase de Grupos vs Sporting CP (Tuesday September 16, 2008)"
3952036007,"Tuesday September 27, 2005",Udinese,4-1,Fase de Grupos,12,José Luís Vidigal,Tarjeta Amarilla,0:0  — Yellow Card,"Fase de Grupos vs Udinese (Tuesday September 27, 2005)"
3952036007,"Tuesday September 27, 2005",Udinese,4-1,Fase de Grupos,13,Ronaldinho,Gol,Goal,"Fase de Grupos vs Udinese (Tuesday September 27, 2005)"
3952036007,"Tuesday September 27, 2005",Udinese,4-1,Fase de Grupos,24,Felipe dal Belo,Gol,Goal,"Fase de Grupos vs Udinese (Tuesday September 27, 2005)"
3952036007,"Tuesday September 27, 2005",Udinese,4-1,Fase de Grupos,32,Ronaldinho,Gol,Goal,"Fase de Grupos vs Udinese (Tuesday September 27, 2005)"
3952036007,"Tuesday September 27, 2005",Udinese,4-1,Fase de Grupos,33,Juárez,Sustitución,Entra al campo (Sale Cesare Natali),"Fase de Grupos vs Udinese (Tuesday September 27, 2005)"
3952036007,"Tuesday September 27, 2005",Udinese,4-1,Fase de Grupos,41,Deco,Gol,Goal,"Fase de Grupos vs Udinese (Tuesday September 27, 2005)"
3952036007,"Tuesday September 27, 2005",Udinese,4-1,Fase de Grupos,49,José Luís Vidigal,Tarjeta Roja,3:1  — Second Yellow Card,"Fase de Grupos vs Udinese (Tuesday September 27, 2005)"
3952036007,"Tuesday September 27, 2005",Udinese,4-1,Fase de Grupos,51,Stefano Mauri,Sustitución,Entra al campo (Sale Antonio Di Natale),"Fase de Grupos vs Udinese (Tuesday September 27, 2005)"
3952036007,"Tuesday September 27, 2005",Udinese,4-1,Fase de Grupos,59,Mark van Bommel,Tarjeta Amarilla,3:1  — Yellow Card,"Fase de Grupos vs Udinese (Tuesday September 27, 2005)"
3952036007,"Tuesday September 27, 2005",Udinese,4-1,Fase de Grupos,62,Andrés Iniesta,Sustitución,Entra al campo (Sale Mark van Bommel),"Fase de Grupos vs Udinese (Tuesday September 27, 2005)"
3952036007,"Tuesday September 27, 2005",Udinese,4-1,Fase de Grupos,70,Santiago Ezquerro,Sustitución,Entra al campo (Sale Lionel Messi),"Fase de Grupos vs Udinese (Tuesday September 27, 2005)"
3952036007,"Tuesday September 27, 2005",Udinese,4-1,Fase de Grupos,73,David Di Michele,Sustitución,Entra al campo (Sale Sulley Muntari),"Fase de Grupos vs Udinese (Tuesday September 27, 2005)"
3952036007,"Tuesday September 27, 2005",Udinese,4-1,Fase de Grupos,78,Carles Puyol,Tarjeta Amarilla,3:1  — Yellow Card,"Fase de Grupos vs Udinese (Tuesday September 27, 2005)"
3952036007,"Tuesday September 27, 2005",Udinese,4-1,Fase de Grupos,81,Henrik Larsson,Sustitución,Entra al campo (Sale Samuel Eto'o),"Fase de Grupos vs Udinese (Tuesday September 27, 2005)"
3952036007,"Tuesday September 27, 2005",Udinese,4-1,Fase de Grupos,90,Ronaldinho,Gol,De Penalti,"Fase de Grupos vs Udinese (Tuesday September 27, 2005)"
3952036007,"Tuesday September 27, 2005",Udinese,4-1,Fase de Grupos,90+2,David Di Michele,Tarjeta Amarilla,4:1  — Yellow Card,"Fase de Grupos vs Udinese (Tuesday September 27, 2005)"
397917736,"Tuesday November 22, 2005",Werder Bremen,3-1,Fase de Grupos,10,Frank Fahrenhorst,Tarjeta Amarilla,0:0  — Yellow Card,"Fase de Grupos vs Werder Bremen (Tuesday November 22, 2005)"
397917736,"Tuesday November 22, 2005",Werder Bremen,3-1,Fase de Grupos,14,Gabri García,Gol,Goal,"Fase de Grupos vs Werder Bremen (Tuesday November 22, 2005)"
397917736,"Tuesday November 22, 2005",Werder Bremen,3-1,Fase de Grupos,22,Tim Borowski,Gol,De Penalti,"Fase de Grupos vs Werder Bremen (Tuesday November 22, 2005)"
397917736,"Tuesday November 22, 2005",Werder Bremen,3-1,Fase de Grupos,26,Ronaldinho,Gol,Goal,"Fase de Grupos vs Werder Bremen (Tuesday November 22, 2005)"
397917736,"Tuesday November 22, 2005",Werder Bremen,3-1,Fase de Grupos,29,Rafael Márquez,Tarjeta Amarilla,2:1  — Yellow Card,"Fase de Grupos vs Werder Bremen (Tuesday November 22, 2005)"
397917736,"Tuesday November 22, 2005",Werder Bremen,3-1,Fase de Grupos,58,Aaron Hunt,Sustitución,Entra al campo (Sale Miroslav Klose),"Fase de Grupos vs Werder Bremen (Tuesday November 22, 2005)"
397917736,"Tuesday November 22, 2005",Werder Bremen,3-1,Fase de Grupos,65,Santiago Ezquerro,Sustitución,Entra al campo (Sale Ludovic Giuly),"Fase de Grupos vs Werder Bremen (Tuesday November 22, 2005)"
397917736,"Tuesday November 22, 2005",Werder Bremen,3-1,Fase de Grupos,71,Henrik Larsson,Gol,Goal,"Fase de Grupos vs Werder Bremen (Tuesday November 22, 2005)"
397917736,"Tuesday November 22, 2005",Werder Bremen,3-1,Fase de Grupos,74,Juliano Belletti,Sustitución,Entra al campo (Sale Rafael Márquez),"Fase de Grupos vs Werder Bremen (Tuesday November 22, 2005)"
397917736,"Tuesday November 22, 2005",Werder Bremen,3-1,Fase de Grupos,77,Andrés Iniesta,Sustitución,Entra al campo (Sale Gabri García),"Fase de Grupos vs Werder Bremen (Tuesday November 22, 2005)"
1557471118,"Wednesday August 13, 2008",Wisła Kraków,4-0,Fase Eliminatoria,15,Mauro Cantoro,Tarjeta Amarilla,0:0  — Yellow Card,"Fase Eliminatoria vs Wisła Kraków (Wednesday August 13, 2008)"
1557471118,"Wednesday August 13, 2008",Wisła Kraków,4-0,Fase Eliminatoria,17,Samuel Eto'o,Gol,Goal,"Fase Eliminatoria vs Wisła Kraków (Wednesday August 13, 2008)"
1557471118,"Wednesday August 13, 2008",Wisła Kraków,4-0,Fase Eliminatoria,24,Xavi,Gol,Goal,"Fase Eliminatoria vs Wisła Kraków (Wednesday August 13, 2008)"
1557471118,"Wednesday August 13, 2008",Wisła Kraków,4-0,Fase Eliminatoria,46,Marek Zieńczuk,Sustitución,Entra al campo (Sale Tomáš Jirsák),"Fase Eliminatoria vs Wisła Kraków (Wednesday August 13, 2008)"
1557471118,"Wednesday August 13, 2008",Wisła Kraków,4-0,Fase Eliminatoria,49,Thierry Henry,Gol,Goal,"Fase Eliminatoria vs Wisła Kraków (Wednesday August 13, 2008)"
1557471118,"Wednesday August 13, 2008",Wisła Kraków,4-0,Fase Eliminatoria,61,Yaya Touré,Sustitución,Entra al campo (Sale Pedro),"Fase Eliminatoria vs Wisła Kraków (Wednesday August 13, 2008)"
1557471118,"Wednesday August 13, 2008",Wisła Kraków,4-0,Fase Eliminatoria,67,Andrzej Niedzielan,Sustitución,Entra al campo (Sale Rafał Boguski),"Fase Eliminatoria vs Wisła Kraków (Wednesday August 13, 2008)"
1557471118,"Wednesday August 13, 2008",Wisła Kraków,4-0,Fase Eliminatoria,76,Gerard Piqué,Sustitución,Entra al campo (Sale Dani Alves),"Fase Eliminatoria vs Wisła Kraków (Wednesday August 13, 2008)"
1557471118,"Wednesday August 13, 2008",Wisła Kraków,4-0,Fase Eliminatoria,83,Samuel Eto'o,Gol,Goal,"Fase Eliminatoria vs Wisła Kraków (Wednesday August 13, 2008)"
1557471118,"Wednesday August 13, 2008",Wisła Kraków,4-0,Fase Eliminatoria,84,Samuel Eto'o,Tarjeta Amarilla,4:0  — Yellow Card,"Fase Eliminatoria vs Wisła Kraków (Wednesday August 13, 2008)"
1557471118,"Wednesday August 13, 2008",Wisła Kraków,4-0,Fase Eliminatoria,84,Alexander Hleb,Sustitución,Entra al campo (Sale Thierry Henry),"Fase Eliminatoria vs Wisła Kraków (Wednesday August 13, 2008)"
1557471118,"Wednesday August 13, 2008",Wisła Kraków,4-0,Fase Eliminatoria,84,Patryk Małecki,Sustitución,Entra al campo (Sale Wojciech Łobodziński),"Fase Eliminatoria vs Wisła Kraków (Wednesday August 13, 2008)"
1526859631,"Wednesday October 22, 2008",Basel,0-5,Fase de Grupos,4,Lionel Messi,Gol,Goal,"Fase de Grupos vs Basel (Wednesday October 22, 2008)"
1526859631,"Wednesday October 22, 2008",Basel,0-5,Fase de Grupos,15,Sergio Busquets,Gol,Goal,"Fase de Grupos vs Basel (Wednesday October 22, 2008)"
1526859631,"Wednesday October 22, 2008",Basel,0-5,Fase de Grupos,22,Bojan Krkić,Gol,Goal,"Fase de Grupos vs Basel (Wednesday October 22, 2008)"
1526859631,"Wednesday October 22, 2008",Basel,0-5,Fase de Grupos,43,Eduardo Rubio,Tarjeta Amarilla,0:3  — Yellow Card,"Fase de Grupos vs Basel (Wednesday October 22, 2008)"
1526859631,"Wednesday October 22, 2008",Basel,0-5,Fase de Grupos,46,Bojan Krkić,Gol,Goal,"Fase de Grupos vs Basel (Wednesday October 22, 2008)"
1526859631,"Wednesday October 22, 2008",Basel,0-5,Fase de Grupos,46,Valentin Stocker,Sustitución,Entra al campo (Sale Eduardo Rubio),"Fase de Grupos vs Basel (Wednesday October 22, 2008)"
1526859631,"Wednesday October 22, 2008",Basel,0-5,Fase de Grupos,48,Xavi,Gol,Goal,"Fase de Grupos vs Basel (Wednesday October 22, 2008)"
1526859631,"Wednesday October 22, 2008",Basel,0-5,Fase de Grupos,53,Martín Cáceres,Sustitución,Entra al campo (Sale Rafael Márquez),"Fase de Grupos vs Basel (Wednesday October 22, 2008)"
1526859631,"Wednesday October 22, 2008",Basel,0-5,Fase de Grupos,55,Jürgen Gjasula,Sustitución,Entra al campo (Sale Scott Chipperfield),"Fase de Grupos vs Basel (Wednesday October 22, 2008)"
1526859631,"Wednesday October 22, 2008",Basel,0-5,Fase de Grupos,57,Thierry Henry,Sustitución,Entra al campo (Sale Xavi),"Fase de Grupos vs Basel (Wednesday October 22, 2008)"
1526859631,"Wednesday October 22, 2008",Basel,0-5,Fase de Grupos,67,Víctor Sánchez,Sustitución,Entra al campo (Sale Yaya Touré),"Fase de Grupos vs Basel (Wednesday October 22, 2008)"
1526859631,"Wednesday October 22, 2008",Basel,0-5,Fase de Grupos,71,Marco Streller,Sustitución,Entra desde el banquillo,"Fase de Grupos vs Basel (Wednesday October 22, 2008)"
1526859631,"Wednesday October 22, 2008",Basel,0-5,Fase de Grupos,86,David Abraham,Tarjeta Amarilla,0:5  — Yellow Card,"Fase de Grupos vs Basel (Wednesday October 22, 2008)"
2185755613,"Tuesday April 14, 2009",Bayern Munich,1-1,Cuartos de Final,18,Dani Alves,Tarjeta Amarilla,0:0  — Yellow Card,"Cuartos de Final vs Bayern Munich (Tuesday April 14, 2009)"
2185755613,"Tuesday April 14, 2009",Bayern Munich,1-1,Cuartos de Final,25,Carles Puyol,Tarjeta Amarilla,0:0  — Yellow Card,"Cuartos de Final vs Bayern Munich (Tuesday April 14, 2009)"
2185755613,"Tuesday April 14, 2009",Bayern Munich,1-1,Cuartos de Final,36,Lúcio,Tarjeta Amarilla,0:0  — Yellow Card,"Cuartos de Final vs Bayern Munich (Tuesday April 14, 2009)"
2185755613,"Tuesday April 14, 2009",Bayern Munich,1-1,Cuartos de Final,42,Martín Demichelis,Tarjeta Amarilla,0:0  — Yellow Card,"Cuartos de Final vs Bayern Munich (Tuesday April 14, 2009)"
2185755613,"Tuesday April 14, 2009",Bayern Munich,1-1,Cuartos de Final,47,Franck Ribéry,Gol,Goal,"Cuartos de Final vs Bayern Munich (Tuesday April 14, 2009)"
2185755613,"Tuesday April 14, 2009",Bayern Munich,1-1,Cuartos de Final,73,Seydou Keita,Gol,Goal,"Cuartos de Final vs Bayern Munich (Tuesday April 14, 2009)"
2185755613,"Tuesday April 14, 2009",Bayern Munich,1-1,Cuartos de Final,78,Alexander Hleb,Sustitución,Entra al campo (Sale Andrés Iniesta),"Cuartos de Final vs Bayern Munich (Tuesday April 14, 2009)"
2185755613,"Tuesday April 14, 2009",Bayern Munich,1-1,Cuartos de Final,78,Hamit Altıntop,Sustitución,Entra al campo (Sale Zé Roberto),"Cuartos de Final vs Bayern Munich (Tuesday April 14, 2009)"
2185755613,"Tuesday April 14, 2009",Bayern Munich,1-1,Cuartos de Final,78,Tim Borowski,Sustitución,Entra al campo (Sale José Sosa),"Cuartos de Final vs Bayern Munich (Tuesday April 14, 2009)"
2185755613,"Tuesday April 14, 2009",Bayern Munich,1-1,Cuartos de Final,82,Tim Borowski,Tarjeta Amarilla,1:1  — Yellow Card,"Cuartos de Final vs Bayern Munich (Tuesday April 14, 2009)"
2185755613,"Tuesday April 14, 2009",Bayern Munich,1-1,Cuartos de Final,84,Christian Lell,Tarjeta Amarilla,1:1  — Yellow Card,"Cuartos de Final vs Bayern Munich (Tuesday April 14, 2009)"
2351030834,"Tuesday May 12, 2015",Bayern Munich,3-2,Semifinales,7,Medhi Benatia,Gol,Asistencia de Xabi Alonso,"Semifinales vs Bayern Munich (Tuesday May 12, 2015)"
2351030834,"Tuesday May 12, 2015",Bayern Munich,3-2,Semifinales,15,Neymar,Gol,Asistencia de Luis Suárez,"Semifinales vs Bayern Munich (Tuesday May 12, 2015)"
2351030834,"Tuesday May 12, 2015",Bayern Munich,3-2,Semifinales,29,Neymar,Gol,Asistencia de Luis Suárez,"Semifinales vs Bayern Munich (Tuesday May 12, 2015)"
2351030834,"Tuesday May 12, 2015",Bayern Munich,3-2,Semifinales,41,Rafinha,Tarjeta Amarilla,1:2  — Yellow Card,"Semifinales vs Bayern Munich (Tuesday May 12, 2015)"
2351030834,"Tuesday May 12, 2015",Bayern Munich,3-2,Semifinales,45+2,Thiago Alcántara,Tarjeta Amarilla,1:2  — Yellow Card,"Semifinales vs Bayern Munich (Tuesday May 12, 2015)"
2351030834,"Tuesday May 12, 2015",Bayern Munich,3-2,Semifinales,46,Pedro,Sustitución,Entra al campo (Sale Luis Suárez),"Semifinales vs Bayern Munich (Tuesday May 12, 2015)"
2351030834,"Tuesday May 12, 2015",Bayern Munich,3-2,Semifinales,59,Robert Lewandowski,Gol,Asistencia de Bastian Schweinsteiger,"Semifinales vs Bayern Munich (Tuesday May 12, 2015)"
2351030834,"Tuesday May 12, 2015",Bayern Munich,3-2,Semifinales,64,Ivan Rakitić,Tarjeta Amarilla,2:2  — Yellow Card,"Semifinales vs Bayern Munich (Tuesday May 12, 2015)"
2351030834,"Tuesday May 12, 2015",Bayern Munich,3-2,Semifinales,68,Sebastian Rode,Sustitución,Entra al campo (Sale Philipp Lahm),"Semifinales vs Bayern Munich (Tuesday May 12, 2015)"
2351030834,"Tuesday May 12, 2015",Bayern Munich,3-2,Semifinales,71,Jérémy Mathieu,Sustitución,Entra al campo (Sale Ivan Rakitić),"Semifinales vs Bayern Munich (Tuesday May 12, 2015)"
2351030834,"Tuesday May 12, 2015",Bayern Munich,3-2,Semifinales,74,Thomas Müller,Gol,Asistencia de Bastian Schweinsteiger,"Semifinales vs Bayern Munich (Tuesday May 12, 2015)"
2351030834,"Tuesday May 12, 2015",Bayern Munich,3-2,Semifinales,75,Xavi,Sustitución,Entra al campo (Sale Andrés Iniesta),"Semifinales vs Bayern Munich (Tuesday May 12, 2015)"
2351030834,"Tuesday May 12, 2015",Bayern Munich,3-2,Semifinales,76,Robert Lewandowski,Tarjeta Amarilla,3:2  — Yellow Card,"Semifinales vs Bayern Munich (Tuesday May 12, 2015)"
2351030834,"Tuesday May 12, 2015",Bayern Munich,3-2,Semifinales,81,Xabi Alonso,Tarjeta Amarilla,3:2  — Yellow Card,"Semifinales vs Bayern Munich (Tuesday May 12, 2015)"
2351030834,"Tuesday May 12, 2015",Bayern Munich,3-2,Semifinales,84,Sebastian Rode,Tarjeta Amarilla,3:2  — Yellow Card,"Semifinales vs Bayern Munich (Tuesday May 12, 2015)"
2351030834,"Tuesday May 12, 2015",Bayern Munich,3-2,Semifinales,85,Pedro,Tarjeta Amarilla,3:2  — Yellow Card,"Semifinales vs Bayern Munich (Tuesday May 12, 2015)"
2351030834,"Tuesday May 12, 2015",Bayern Munich,3-2,Semifinales,87,Javi Martínez,Sustitución,Entra al campo (Sale Bastian Schweinsteiger),"Semifinales vs Bayern Munich (Tuesday May 12, 2015)"
2351030834,"Tuesday May 12, 2015",Bayern Munich,3-2,Semifinales,87,Mario Götze,Sustitución,Entra al campo (Sale Thomas Müller),"Semifinales vs Bayern Munich (Tuesday May 12, 2015)"
36386981,"Tuesday March 28, 2006",Benfica,0-0,Cuartos de Final,46,Fabrizio Miccoli,Sustitución,Entra al campo (Sale Laurent Robert),"Cuartos de Final vs Benfica (Tuesday March 28, 2006)"
36386981,"Tuesday March 28, 2006",Benfica,0-0,Cuartos de Final,58,Andrés Iniesta,Tarjeta Amarilla,0:0  — Yellow Card,"Cuartos de Final vs Benfica (Tuesday March 28, 2006)"
36386981,"Tuesday March 28, 2006",Benfica,0-0,Cuartos de Final,68,Giorgos Karagounis,Sustitución,Entra al campo (Sale Geovanni),"Cuartos de Final vs Benfica (Tuesday March 28, 2006)"
36386981,"Tuesday March 28, 2006",Benfica,0-0,Cuartos de Final,72,Fabrizio Miccoli,Tarjeta Amarilla,0:0  — Yellow Card,"Cuartos de Final vs Benfica (Tuesday March 28, 2006)"
36386981,"Tuesday March 28, 2006",Benfica,0-0,Cuartos de Final,73,Deco,Tarjeta Amarilla,0:0  — Yellow Card,"Cuartos de Final vs Benfica (Tuesday March 28, 2006)"
36386981,"Tuesday March 28, 2006",Benfica,0-0,Cuartos de Final,76,Gabri García,Sustitución,Entra al campo (Sale Henrik Larsson),"Cuartos de Final vs Benfica (Tuesday March 28, 2006)"
36386981,"Tuesday March 28, 2006",Benfica,0-0,Cuartos de Final,76,Ludovic Giuly,Sustitución,Entra al campo (Sale Deco),"Cuartos de Final vs Benfica (Tuesday March 28, 2006)"
36386981,"Tuesday March 28, 2006",Benfica,0-0,Cuartos de Final,87,Juliano Belletti,Tarjeta Amarilla,0:0  — Yellow Card,"Cuartos de Final vs Benfica (Tuesday March 28, 2006)"
3523700492,"Wednesday May 6, 2009",Chelsea,1-1,Semifinales,9,Michael Essien,Gol,Goal,"Semifinales vs Chelsea (Wednesday May 6, 2009)"
3523700492,"Wednesday May 6, 2009",Chelsea,1-1,Semifinales,30,Dani Alves,Tarjeta Amarilla,1:0  — Yellow Card,"Semifinales vs Chelsea (Wednesday May 6, 2009)"
3523700492,"Wednesday May 6, 2009",Chelsea,1-1,Semifinales,66,Éric Abidal,Tarjeta Roja,1:0  — Red Card,"Semifinales vs Chelsea (Wednesday May 6, 2009)"
3523700492,"Wednesday May 6, 2009",Chelsea,1-1,Semifinales,72,Juliano Belletti,Sustitución,Entra al campo (Sale Didier Drogba),"Semifinales vs Chelsea (Wednesday May 6, 2009)"
3523700492,"Wednesday May 6, 2009",Chelsea,1-1,Semifinales,74,Michael Essien,Tarjeta Amarilla,1:0  — Yellow Card,"Semifinales vs Chelsea (Wednesday May 6, 2009)"
3523700492,"Wednesday May 6, 2009",Chelsea,1-1,Semifinales,77,Alex,Tarjeta Amarilla,1:0  — Yellow Card,"Semifinales vs Chelsea (Wednesday May 6, 2009)"
3523700492,"Wednesday May 6, 2009",Chelsea,1-1,Semifinales,85,Bojan Krkić,Sustitución,Entra al campo (Sale Sergio Busquets),"Semifinales vs Chelsea (Wednesday May 6, 2009)"
3523700492,"Wednesday May 6, 2009",Chelsea,1-1,Semifinales,90+1,Samuel Eto'o,Tarjeta Amarilla,1:0  — Yellow Card,"Semifinales vs Chelsea (Wednesday May 6, 2009)"
3523700492,"Wednesday May 6, 2009",Chelsea,1-1,Semifinales,90+3,Andrés Iniesta,Gol,Goal,"Semifinales vs Chelsea (Wednesday May 6, 2009)"
3523700492,"Wednesday May 6, 2009",Chelsea,1-1,Semifinales,90+4,Andrés Iniesta,Tarjeta Amarilla,1:1  — Yellow Card,"Semifinales vs Chelsea (Wednesday May 6, 2009)"
3523700492,"Wednesday May 6, 2009",Chelsea,1-1,Semifinales,90+6,Eiður Guðjohnsen,Sustitución,Entra al campo (Sale Andrés Iniesta),"Semifinales vs Chelsea (Wednesday May 6, 2009)"
3523700492,"Wednesday May 6, 2009",Chelsea,1-1,Semifinales,90+6,Michael Ballack,Tarjeta Amarilla,1:1  — Yellow Card,"Semifinales vs Chelsea (Wednesday May 6, 2009)"
3523700492,"Wednesday May 6, 2009",Chelsea,1-1,Semifinales,90+7,Sylvinho,Sustitución,Entra al campo (Sale Samuel Eto'o),"Semifinales vs Chelsea (Wednesday May 6, 2009)"
3523700492,"Wednesday May 6, 2009",Chelsea,1-1,Semifinales,90+9,Didier Drogba,Tarjeta Amarilla,1:1  — Yellow Card,"Semifinales vs Chelsea (Wednesday May 6, 2009)"
2978057826,"Tuesday November 2, 2010",FC Copenhagen,1-1,Fase de Grupos,12,Víctor Valdés,Tarjeta Amarilla,0:0  — Yellow Card,"Fase de Grupos vs FC Copenhagen (Tuesday November 2, 2010)"
2978057826,"Tuesday November 2, 2010",FC Copenhagen,1-1,Fase de Grupos,31,Lionel Messi,Gol,Goal,"Fase de Grupos vs FC Copenhagen (Tuesday November 2, 2010)"
2978057826,"Tuesday November 2, 2010",FC Copenhagen,1-1,Fase de Grupos,32,Claudemir de Souza,Gol,Goal,"Fase de Grupos vs FC Copenhagen (Tuesday November 2, 2010)"
2978057826,"Tuesday November 2, 2010",FC Copenhagen,1-1,Fase de Grupos,50,Sergio Busquets,Tarjeta Amarilla,1:1  — Yellow Card,"Fase de Grupos vs FC Copenhagen (Tuesday November 2, 2010)"
2978057826,"Tuesday November 2, 2010",FC Copenhagen,1-1,Fase de Grupos,80,Pedro,Sustitución,Entra al campo (Sale David Villa),"Fase de Grupos vs FC Copenhagen (Tuesday November 2, 2010)"
2978057826,"Tuesday November 2, 2010",FC Copenhagen,1-1,Fase de Grupos,89,Zdeněk Pospěch,Tarjeta Amarilla,1:1  — Yellow Card,"Fase de Grupos vs FC Copenhagen (Tuesday November 2, 2010)"
2978057826,"Tuesday November 2, 2010",FC Copenhagen,1-1,Fase de Grupos,90,Sölvi Ottesen,Sustitución,Entra al campo (Sale Martin Vingaard),"Fase de Grupos vs FC Copenhagen (Tuesday November 2, 2010)"
2978057826,"Tuesday November 2, 2010",FC Copenhagen,1-1,Fase de Grupos,90+1,Thomas Delaney,Sustitución,Entra al campo (Sale Christian Bolaños),"Fase de Grupos vs FC Copenhagen (Tuesday November 2, 2010)"
804430251,"Saturday June 6, 2015",Juventus,1-3,Final,4,Ivan Rakitić,Gol,Asistencia de Andrés Iniesta,"Final vs Juventus (Saturday June 6, 2015)"
804430251,"Saturday June 6, 2015",Juventus,1-3,Final,11,Arturo Vidal,Tarjeta Amarilla,0:1  — Yellow Card,"Final vs Juventus (Saturday June 6, 2015)"
804430251,"Saturday June 6, 2015",Juventus,1-3,Final,41,Paul Pogba,Tarjeta Amarilla,0:1  — Yellow Card,"Final vs Juventus (Saturday June 6, 2015)"
804430251,"Saturday June 6, 2015",Juventus,1-3,Final,55,Álvaro Morata,Gol,Asistencia de Carlos Tevez,"Final vs Juventus (Saturday June 6, 2015)"
804430251,"Saturday June 6, 2015",Juventus,1-3,Final,69,Luis Suárez,Gol,Asistencia de Lionel Messi,"Final vs Juventus (Saturday June 6, 2015)"
804430251,"Saturday June 6, 2015",Juventus,1-3,Final,70,Luis Suárez,Tarjeta Amarilla,1:2  — Yellow Card,"Final vs Juventus (Saturday June 6, 2015)"
804430251,"Saturday June 6, 2015",Juventus,1-3,Final,78,Xavi,Sustitución,Entra al campo (Sale Andrés Iniesta),"Final vs Juventus (Saturday June 6, 2015)"
804430251,"Saturday June 6, 2015",Juventus,1-3,Final,79,Roberto Pereyra,Sustitución,Entra al campo (Sale Arturo Vidal),"Final vs Juventus (Saturday June 6, 2015)"
804430251,"Saturday June 6, 2015",Juventus,1-3,Final,85,Fernando Llorente,Sustitución,Entra al campo (Sale Álvaro Morata),"Final vs Juventus (Saturday June 6, 2015)"
804430251,"Saturday June 6, 2015",Juventus,1-3,Final,89,Kingsley Coman,Sustitución,Entra al campo (Sale Patrice Evra),"Final vs Juventus (Saturday June 6, 2015)"
804430251,"Saturday June 6, 2015",Juventus,1-3,Final,90+1,Jérémy Mathieu,Sustitución,Entra al campo (Sale Ivan Rakitić),"Final vs Juventus (Saturday June 6, 2015)"
804430251,"Saturday June 6, 2015",Juventus,1-3,Final,90+5,Pedro,Sustitución,Entra al campo (Sale Luis Suárez),"Final vs Juventus (Saturday June 6, 2015)"
804430251,"Saturday June 6, 2015",Juventus,1-3,Final,90+7,Neymar,Gol,Asistencia de Pedro,"Final vs Juventus (Saturday June 6, 2015)"
1538718126,"Tuesday February 24, 2009",Lyon,1-1,Octavos de Final,7,Juninho Pernambucano,Gol,Goal,"Octavos de Final vs Lyon (Tuesday February 24, 2009)"
1538718126,"Tuesday February 24, 2009",Lyon,1-1,Octavos de Final,24,Jérémy Toulalan,Tarjeta Amarilla,1:0  — Yellow Card,"Octavos de Final vs Lyon (Tuesday February 24, 2009)"
1538718126,"Tuesday February 24, 2009",Lyon,1-1,Octavos de Final,32,Fabio Grosso,Tarjeta Amarilla,1:0  — Yellow Card,"Octavos de Final vs Lyon (Tuesday February 24, 2009)"
1538718126,"Tuesday February 24, 2009",Lyon,1-1,Octavos de Final,34,Dani Alves,Tarjeta Amarilla,1:0  — Yellow Card,"Octavos de Final vs Lyon (Tuesday February 24, 2009)"
1538718126,"Tuesday February 24, 2009",Lyon,1-1,Octavos de Final,61,Carles Puyol,Tarjeta Amarilla,1:0  — Yellow Card,"Octavos de Final vs Lyon (Tuesday February 24, 2009)"
1538718126,"Tuesday February 24, 2009",Lyon,1-1,Octavos de Final,63,Sergio Busquets,Tarjeta Amarilla,1:0  — Yellow Card,"Octavos de Final vs Lyon (Tuesday February 24, 2009)"
1538718126,"Tuesday February 24, 2009",Lyon,1-1,Octavos de Final,65,César Delgado,Sustitución,Entra al campo (Sale Ederson),"Octavos de Final vs Lyon (Tuesday February 24, 2009)"
1538718126,"Tuesday February 24, 2009",Lyon,1-1,Octavos de Final,67,Thierry Henry,Gol,Goal,"Octavos de Final vs Lyon (Tuesday February 24, 2009)"
1538718126,"Tuesday February 24, 2009",Lyon,1-1,Octavos de Final,77,Seydou Keita,Sustitución,Entra al campo (Sale Sergio Busquets),"Octavos de Final vs Lyon (Tuesday February 24, 2009)"
1538718126,"Tuesday February 24, 2009",Lyon,1-1,Octavos de Final,79,Kim Källström,Sustitución,Entra al campo (Sale Juninho Pernambucano),"Octavos de Final vs Lyon (Tuesday February 24, 2009)"
1538718126,"Tuesday February 24, 2009",Lyon,1-1,Octavos de Final,87,Cris,Tarjeta Amarilla,1:1  — Yellow Card,"Octavos de Final vs Lyon (Tuesday February 24, 2009)"
1538718126,"Tuesday February 24, 2009",Lyon,1-1,Octavos de Final,88,Miralem Pjanić,Sustitución,Entra al campo (Sale Abdul Kader Keïta),"Octavos de Final vs Lyon (Tuesday February 24, 2009)"
216097974,"Tuesday February 24, 2015",Manchester City,1-2,Octavos de Final,16,Luis Suárez,Gol,Goal,"Octavos de Final vs Manchester City (Tuesday February 24, 2015)"
216097974,"Tuesday February 24, 2015",Manchester City,1-2,Octavos de Final,30,Luis Suárez,Gol,Asistencia de Jordi Alba,"Octavos de Final vs Manchester City (Tuesday February 24, 2015)"
216097974,"Tuesday February 24, 2015",Manchester City,1-2,Octavos de Final,41,Ivan Rakitić,Tarjeta Amarilla,0:2  — Yellow Card,"Octavos de Final vs Manchester City (Tuesday February 24, 2015)"
216097974,"Tuesday February 24, 2015",Manchester City,1-2,Octavos de Final,45,Dani Alves,Tarjeta Amarilla,0:2  — Yellow Card,"Octavos de Final vs Manchester City (Tuesday February 24, 2015)"
216097974,"Tuesday February 24, 2015",Manchester City,1-2,Octavos de Final,59,Gaël Clichy,Tarjeta Amarilla,0:2  — Yellow Card,"Octavos de Final vs Manchester City (Tuesday February 24, 2015)"
216097974,"Tuesday February 24, 2015",Manchester City,1-2,Octavos de Final,62,Fernandinho,Sustitución,Entra al campo (Sale Samir Nasri),"Octavos de Final vs Manchester City (Tuesday February 24, 2015)"
216097974,"Tuesday February 24, 2015",Manchester City,1-2,Octavos de Final,68,Wilfried Bony,Sustitución,Entra al campo (Sale Edin Džeko),"Octavos de Final vs Manchester City (Tuesday February 24, 2015)"
216097974,"Tuesday February 24, 2015",Manchester City,1-2,Octavos de Final,69,Sergio Agüero,Gol,Asistencia de David Silva,"Octavos de Final vs Manchester City (Tuesday February 24, 2015)"
216097974,"Tuesday February 24, 2015",Manchester City,1-2,Octavos de Final,71,Jérémy Mathieu,Sustitución,Entra al campo (Sale Ivan Rakitić),"Octavos de Final vs Manchester City (Tuesday February 24, 2015)"
216097974,"Tuesday February 24, 2015",Manchester City,1-2,Octavos de Final,74,Gaël Clichy,Tarjeta Roja,1:2  — Second Yellow Card,"Octavos de Final vs Manchester City (Tuesday February 24, 2015)"
216097974,"Tuesday February 24, 2015",Manchester City,1-2,Octavos de Final,75,Adriano,Sustitución,Entra al campo (Sale Dani Alves),"Octavos de Final vs Manchester City (Tuesday February 24, 2015)"
216097974,"Tuesday February 24, 2015",Manchester City,1-2,Octavos de Final,78,Bacary Sagna,Sustitución,Entra al campo (Sale David Silva),"Octavos de Final vs Manchester City (Tuesday February 24, 2015)"
216097974,"Tuesday February 24, 2015",Manchester City,1-2,Octavos de Final,80,Pedro,Sustitución,Entra al campo (Sale Neymar),"Octavos de Final vs Manchester City (Tuesday February 24, 2015)"
216097974,"Tuesday February 24, 2015",Manchester City,1-2,Octavos de Final,88,Adriano,Tarjeta Amarilla,1:2  — Yellow Card,"Octavos de Final vs Manchester City (Tuesday February 24, 2015)"
216097974,"Tuesday February 24, 2015",Manchester City,1-2,Octavos de Final,90,Fernando,Tarjeta Amarilla,1:2  — Yellow Card,"Octavos de Final vs Manchester City (Tuesday February 24, 2015)"
216097974,"Tuesday February 24, 2015",Manchester City,1-2,Octavos de Final,90+4,Lionel Messi,Tarjeta Amarilla,1:2  Penalty Miss — Yellow Card,"Octavos de Final vs Manchester City (Tuesday February 24, 2015)"
2234542152,"Wednesday November 24, 2010",Panathinaikos,0-3,Fase de Grupos,27,Pedro,Gol,Goal,"Fase de Grupos vs Panathinaikos (Wednesday November 24, 2010)"
2234542152,"Wednesday November 24, 2010",Panathinaikos,0-3,Fase de Grupos,31,Gerard Piqué,Tarjeta Amarilla,0:1  — Yellow Card,"Fase de Grupos vs Panathinaikos (Wednesday November 24, 2010)"
2234542152,"Wednesday November 24, 2010",Panathinaikos,0-3,Fase de Grupos,46,Elini Dimoutsos,Sustitución,Entra al campo (Sale Stergos Marinos),"Fase de Grupos vs Panathinaikos (Wednesday November 24, 2010)"
2234542152,"Wednesday November 24, 2010",Panathinaikos,0-3,Fase de Grupos,62,Lionel Messi,Gol,Goal,"Fase de Grupos vs Panathinaikos (Wednesday November 24, 2010)"
2234542152,"Wednesday November 24, 2010",Panathinaikos,0-3,Fase de Grupos,63,Antonis Petropoulos,Sustitución,Entra al campo (Sale Luis García),"Fase de Grupos vs Panathinaikos (Wednesday November 24, 2010)"
2234542152,"Wednesday November 24, 2010",Panathinaikos,0-3,Fase de Grupos,66,Elini Dimoutsos,Tarjeta Amarilla,0:2  — Yellow Card,"Fase de Grupos vs Panathinaikos (Wednesday November 24, 2010)"
2234542152,"Wednesday November 24, 2010",Panathinaikos,0-3,Fase de Grupos,67,Damien Plessis,Sustitución,Entra al campo (Sale Kostas Katsouranis),"Fase de Grupos vs Panathinaikos (Wednesday November 24, 2010)"
2234542152,"Wednesday November 24, 2010",Panathinaikos,0-3,Fase de Grupos,69,Pedro,Gol,Goal,"Fase de Grupos vs Panathinaikos (Wednesday November 24, 2010)"
2234542152,"Wednesday November 24, 2010",Panathinaikos,0-3,Fase de Grupos,71,Seydou Keita,Sustitución,Entra al campo (Sale Xavi),"Fase de Grupos vs Panathinaikos (Wednesday November 24, 2010)"
2234542152,"Wednesday November 24, 2010",Panathinaikos,0-3,Fase de Grupos,72,Éric Abidal,Sustitución,Entra al campo (Sale Gerard Piqué),"Fase de Grupos vs Panathinaikos (Wednesday November 24, 2010)"
2234542152,"Wednesday November 24, 2010",Panathinaikos,0-3,Fase de Grupos,76,Maxwell,Sustitución,Entra al campo (Sale Adriano),"Fase de Grupos vs Panathinaikos (Wednesday November 24, 2010)"
2892255717,"Tuesday September 30, 2014",Paris Saint-Germain,3-2,Fase de Grupos,9,Dani Alves,Tarjeta Amarilla,0:0  — Yellow Card,"Fase de Grupos vs Paris Saint-Germain (Tuesday September 30, 2014)"
2892255717,"Tuesday September 30, 2014",Paris Saint-Germain,3-2,Fase de Grupos,10,David Luiz,Gol,Asistencia de Lucas Moura,"Fase de Grupos vs Paris Saint-Germain (Tuesday September 30, 2014)"
2892255717,"Tuesday September 30, 2014",Paris Saint-Germain,3-2,Fase de Grupos,11,Lionel Messi,Gol,Asistencia de Andrés Iniesta,"Fase de Grupos vs Paris Saint-Germain (Tuesday September 30, 2014)"
2892255717,"Tuesday September 30, 2014",Paris Saint-Germain,3-2,Fase de Grupos,26,Marco Verratti,Gol,Asistencia de Thiago Motta,"Fase de Grupos vs Paris Saint-Germain (Tuesday September 30, 2014)"
2892255717,"Tuesday September 30, 2014",Paris Saint-Germain,3-2,Fase de Grupos,28,Marco Verratti,Tarjeta Amarilla,2:1  — Yellow Card,"Fase de Grupos vs Paris Saint-Germain (Tuesday September 30, 2014)"
2892255717,"Tuesday September 30, 2014",Paris Saint-Germain,3-2,Fase de Grupos,44,Blaise Matuidi,Tarjeta Amarilla,2:1  — Yellow Card,"Fase de Grupos vs Paris Saint-Germain (Tuesday September 30, 2014)"
2892255717,"Tuesday September 30, 2014",Paris Saint-Germain,3-2,Fase de Grupos,54,Blaise Matuidi,Gol,Asistencia de Gregory van der Wiel,"Fase de Grupos vs Paris Saint-Germain (Tuesday September 30, 2014)"
2892255717,"Tuesday September 30, 2014",Paris Saint-Germain,3-2,Fase de Grupos,56,Neymar,Gol,Asistencia de Dani Alves,"Fase de Grupos vs Paris Saint-Germain (Tuesday September 30, 2014)"
2892255717,"Tuesday September 30, 2014",Paris Saint-Germain,3-2,Fase de Grupos,62,Munir El Haddadi,Sustitución,Entra al campo (Sale Pedro),"Fase de Grupos vs Paris Saint-Germain (Tuesday September 30, 2014)"
2892255717,"Tuesday September 30, 2014",Paris Saint-Germain,3-2,Fase de Grupos,66,Gregory van der Wiel,Tarjeta Amarilla,3:2  — Yellow Card,"Fase de Grupos vs Paris Saint-Germain (Tuesday September 30, 2014)"
2892255717,"Tuesday September 30, 2014",Paris Saint-Germain,3-2,Fase de Grupos,69,Xavi,Sustitución,Entra al campo (Sale Ivan Rakitić),"Fase de Grupos vs Paris Saint-Germain (Tuesday September 30, 2014)"
2892255717,"Tuesday September 30, 2014",Paris Saint-Germain,3-2,Fase de Grupos,71,Yohan Cabaye,Sustitución,Entra al campo (Sale Marco Verratti),"Fase de Grupos vs Paris Saint-Germain (Tuesday September 30, 2014)"
2892255717,"Tuesday September 30, 2014",Paris Saint-Germain,3-2,Fase de Grupos,83,Sandro Ramírez,Sustitución,Entra al campo (Sale Dani Alves),"Fase de Grupos vs Paris Saint-Germain (Tuesday September 30, 2014)"
2892255717,"Tuesday September 30, 2014",Paris Saint-Germain,3-2,Fase de Grupos,86,Clément Chantôme,Sustitución,Entra al campo (Sale Javier Pastore),"Fase de Grupos vs Paris Saint-Germain (Tuesday September 30, 2014)"
2892255717,"Tuesday September 30, 2014",Paris Saint-Germain,3-2,Fase de Grupos,90+1,Jean-Christophe Bahebeck,Sustitución,Entra al campo (Sale Lucas Moura),"Fase de Grupos vs Paris Saint-Germain (Tuesday September 30, 2014)"
4030629189,"Wednesday April 15, 2015",Paris Saint-Germain,1-3,Cuartos de Final,18,Neymar,Gol,Asistencia de Lionel Messi,"Cuartos de Final vs Paris Saint-Germain (Wednesday April 15, 2015)"
4030629189,"Wednesday April 15, 2015",Paris Saint-Germain,1-3,Cuartos de Final,21,David Luiz,Sustitución,Entra al campo (Sale Thiago Silva),"Cuartos de Final vs Paris Saint-Germain (Wednesday April 15, 2015)"
4030629189,"Wednesday April 15, 2015",Paris Saint-Germain,1-3,Cuartos de Final,32,Gerard Piqué,Tarjeta Amarilla,0:1  — Yellow Card,"Cuartos de Final vs Paris Saint-Germain (Wednesday April 15, 2015)"
4030629189,"Wednesday April 15, 2015",Paris Saint-Germain,1-3,Cuartos de Final,37,Yohan Cabaye,Tarjeta Amarilla,0:1  — Yellow Card,"Cuartos de Final vs Paris Saint-Germain (Wednesday April 15, 2015)"
4030629189,"Wednesday April 15, 2015",Paris Saint-Germain,1-3,Cuartos de Final,54,Lionel Messi,Tarjeta Amarilla,0:1  — Yellow Card,"Cuartos de Final vs Paris Saint-Germain (Wednesday April 15, 2015)"
4030629189,"Wednesday April 15, 2015",Paris Saint-Germain,1-3,Cuartos de Final,54,Xavi,Sustitución,Entra al campo (Sale Andrés Iniesta),"Cuartos de Final vs Paris Saint-Germain (Wednesday April 15, 2015)"
4030629189,"Wednesday April 15, 2015",Paris Saint-Germain,1-3,Cuartos de Final,65,Lucas Moura,Sustitución,Entra al campo (Sale Adrien Rabiot),"Cuartos de Final vs Paris Saint-Germain (Wednesday April 15, 2015)"
4030629189,"Wednesday April 15, 2015",Paris Saint-Germain,1-3,Cuartos de Final,67,Luis Suárez,Gol,Goal,"Cuartos de Final vs Paris Saint-Germain (Wednesday April 15, 2015)"
4030629189,"Wednesday April 15, 2015",Paris Saint-Germain,1-3,Cuartos de Final,74,Jérémy Mathieu,Sustitución,Entra al campo (Sale Ivan Rakitić),"Cuartos de Final vs Paris Saint-Germain (Wednesday April 15, 2015)"
4030629189,"Wednesday April 15, 2015",Paris Saint-Germain,1-3,Cuartos de Final,79,Luis Suárez,Gol,Asistencia de Javier Mascherano,"Cuartos de Final vs Paris Saint-Germain (Wednesday April 15, 2015)"
4030629189,"Wednesday April 15, 2015",Paris Saint-Germain,1-3,Cuartos de Final,80,Adriano,Sustitución,Entra al campo (Sale Martín Montoya),"Cuartos de Final vs Paris Saint-Germain (Wednesday April 15, 2015)"
4030629189,"Wednesday April 15, 2015",Paris Saint-Germain,1-3,Cuartos de Final,82,Gregory van der Wiel,Gol,Goal,"Cuartos de Final vs Paris Saint-Germain (Wednesday April 15, 2015)"
1904890530,"Wednesday April 27, 2011",Real Madrid,0-2,Semifinales,40,Álvaro Arbeloa,Tarjeta Amarilla,0:0  — Yellow Card,"Semifinales vs Real Madrid (Wednesday April 27, 2011)"
1904890530,"Wednesday April 27, 2011",Real Madrid,0-2,Semifinales,44,Dani Alves,Tarjeta Amarilla,0:0  — Yellow Card,"Semifinales vs Real Madrid (Wednesday April 27, 2011)"
1904890530,"Wednesday April 27, 2011",Real Madrid,0-2,Semifinales,46,Emmanuel Adebayor,Sustitución,Entra al campo (Sale Mesut Özil),"Semifinales vs Real Madrid (Wednesday April 27, 2011)"
1904890530,"Wednesday April 27, 2011",Real Madrid,0-2,Semifinales,47,José Manuel Pinto,Tarjeta Roja,0:0  — Red Card,"Semifinales vs Real Madrid (Wednesday April 27, 2011)"
1904890530,"Wednesday April 27, 2011",Real Madrid,0-2,Semifinales,53,Sergio Ramos,Tarjeta Amarilla,0:0  — Yellow Card,"Semifinales vs Real Madrid (Wednesday April 27, 2011)"
1904890530,"Wednesday April 27, 2011",Real Madrid,0-2,Semifinales,57,Javier Mascherano,Tarjeta Amarilla,0:0  — Yellow Card,"Semifinales vs Real Madrid (Wednesday April 27, 2011)"
1904890530,"Wednesday April 27, 2011",Real Madrid,0-2,Semifinales,61,Pepe,Tarjeta Roja,0:0  — Red Card,"Semifinales vs Real Madrid (Wednesday April 27, 2011)"
1904890530,"Wednesday April 27, 2011",Real Madrid,0-2,Semifinales,71,Ibrahim Afellay,Sustitución,Entra al campo (Sale Pedro),"Semifinales vs Real Madrid (Wednesday April 27, 2011)"
1904890530,"Wednesday April 27, 2011",Real Madrid,0-2,Semifinales,76,Lionel Messi,Gol,Goal,"Semifinales vs Real Madrid (Wednesday April 27, 2011)"
1904890530,"Wednesday April 27, 2011",Real Madrid,0-2,Semifinales,83,Emmanuel Adebayor,Tarjeta Amarilla,0:1  — Yellow Card,"Semifinales vs Real Madrid (Wednesday April 27, 2011)"
1904890530,"Wednesday April 27, 2011",Real Madrid,0-2,Semifinales,87,Lionel Messi,Gol,Goal,"Semifinales vs Real Madrid (Wednesday April 27, 2011)"
1904890530,"Wednesday April 27, 2011",Real Madrid,0-2,Semifinales,90+1,Sergi Roberto,Sustitución,Entra al campo (Sale David Villa),"Semifinales vs Real Madrid (Wednesday April 27, 2011)"
2119380205,"Wednesday September 29, 2010",Rubin Kazan,1-1,Fase de Grupos,30,Christian Noboa,Gol,De Penalti,"Fase de Grupos vs Rubin Kazan (Wednesday September 29, 2010)"
2119380205,"Wednesday September 29, 2010",Rubin Kazan,1-1,Fase de Grupos,40,Lasha Salukvadze,Tarjeta Amarilla,1:0  — Yellow Card,"Fase de Grupos vs Rubin Kazan (Wednesday September 29, 2010)"
2119380205,"Wednesday September 29, 2010",Rubin Kazan,1-1,Fase de Grupos,52,Carles Puyol,Tarjeta Amarilla,1:0  — Yellow Card,"Fase de Grupos vs Rubin Kazan (Wednesday September 29, 2010)"
2119380205,"Wednesday September 29, 2010",Rubin Kazan,1-1,Fase de Grupos,60,David Villa,Gol,De Penalti,"Fase de Grupos vs Rubin Kazan (Wednesday September 29, 2010)"
2119380205,"Wednesday September 29, 2010",Rubin Kazan,1-1,Fase de Grupos,60,Lionel Messi,Sustitución,Entra al campo (Sale Javier Mascherano),"Fase de Grupos vs Rubin Kazan (Wednesday September 29, 2010)"
2119380205,"Wednesday September 29, 2010",Rubin Kazan,1-1,Fase de Grupos,62,MacBeth Sibaya,Sustitución,Entra al campo (Sale Sergei Kornilenko),"Fase de Grupos vs Rubin Kazan (Wednesday September 29, 2010)"
2119380205,"Wednesday September 29, 2010",Rubin Kazan,1-1,Fase de Grupos,64,Obafemi Martins,Sustitución,Entra al campo (Sale Gökdeniz Karadeniz),"Fase de Grupos vs Rubin Kazan (Wednesday September 29, 2010)"
2119380205,"Wednesday September 29, 2010",Rubin Kazan,1-1,Fase de Grupos,74,Cristian Ansaldi,Tarjeta Amarilla,1:1  — Yellow Card,"Fase de Grupos vs Rubin Kazan (Wednesday September 29, 2010)"
2119380205,"Wednesday September 29, 2010",Rubin Kazan,1-1,Fase de Grupos,80,MacBeth Sibaya,Tarjeta Amarilla,1:1  — Yellow Card,"Fase de Grupos vs Rubin Kazan (Wednesday September 29, 2010)"
2119380205,"Wednesday September 29, 2010",Rubin Kazan,1-1,Fase de Grupos,86,Bojan Krkić,Sustitución,Entra al campo (Sale David Villa),"Fase de Grupos vs Rubin Kazan (Wednesday September 29, 2010)"
2119380205,"Wednesday September 29, 2010",Rubin Kazan,1-1,Fase de Grupos,88,Bibras Natkho,Sustitución,Entra al campo (Sale Christian Noboa),"Fase de Grupos vs Rubin Kazan (Wednesday September 29, 2010)"
2119380205,"Wednesday September 29, 2010",Rubin Kazan,1-1,Fase de Grupos,90+1,Gerard Piqué,Tarjeta Amarilla,1:1  — Yellow Card,"Fase de Grupos vs Rubin Kazan (Wednesday September 29, 2010)"
2314908959,"Tuesday April 12, 2011",Shakhtar Donetsk,0-1,Cuartos de Final,43,Lionel Messi,Gol,Goal,"Cuartos de Final vs Shakhtar Donetsk (Tuesday April 12, 2011)"
2314908959,"Tuesday April 12, 2011",Shakhtar Donetsk,0-1,Cuartos de Final,56,Henrikh Mkhitaryan,Tarjeta Amarilla,0:1  — Yellow Card,"Cuartos de Final vs Shakhtar Donetsk (Tuesday April 12, 2011)"
2314908959,"Tuesday April 12, 2011",Shakhtar Donetsk,0-1,Cuartos de Final,58,Douglas Costa,Sustitución,Entra desde el banquillo,"Cuartos de Final vs Shakhtar Donetsk (Tuesday April 12, 2011)"
2314908959,"Tuesday April 12, 2011",Shakhtar Donetsk,0-1,Cuartos de Final,60,Mykola Ischenko,Tarjeta Amarilla,0:1  — Yellow Card,"Cuartos de Final vs Shakhtar Donetsk (Tuesday April 12, 2011)"
2314908959,"Tuesday April 12, 2011",Shakhtar Donetsk,0-1,Cuartos de Final,66,Pedro,Sustitución,Entra al campo (Sale Xavi),"Cuartos de Final vs Shakhtar Donetsk (Tuesday April 12, 2011)"
2314908959,"Tuesday April 12, 2011",Shakhtar Donetsk,0-1,Cuartos de Final,66,Marcelo Martins Moreno,Sustitución,Entra al campo (Sale Luiz Adriano),"Cuartos de Final vs Shakhtar Donetsk (Tuesday April 12, 2011)"
2314908959,"Tuesday April 12, 2011",Shakhtar Donetsk,0-1,Cuartos de Final,70,Gabriel Milito,Sustitución,Entra al campo (Sale Gerard Piqué),"Cuartos de Final vs Shakhtar Donetsk (Tuesday April 12, 2011)"
2314908959,"Tuesday April 12, 2011",Shakhtar Donetsk,0-1,Cuartos de Final,71,Gabriel Milito,Tarjeta Amarilla,0:1  — Yellow Card,"Cuartos de Final vs Shakhtar Donetsk (Tuesday April 12, 2011)"
2314908959,"Tuesday April 12, 2011",Shakhtar Donetsk,0-1,Cuartos de Final,75,Jeffrén Suárez,Sustitución,Entra al campo (Sale David Villa),"Cuartos de Final vs Shakhtar Donetsk (Tuesday April 12, 2011)"
2314908959,"Tuesday April 12, 2011",Shakhtar Donetsk,0-1,Cuartos de Final,75,Fernandinho,Sustitución,Entra al campo (Sale Tomáš Hübschman),"Cuartos de Final vs Shakhtar Donetsk (Tuesday April 12, 2011)"
1864629331,"Wednesday October 1, 2008",Shakhtar Donetsk,1-2,Fase de Grupos,41,Xavi,Tarjeta Amarilla,0:0  — Yellow Card,"Fase de Grupos vs Shakhtar Donetsk (Wednesday October 1, 2008)"
1864629331,"Wednesday October 1, 2008",Shakhtar Donetsk,1-2,Fase de Grupos,45,Ilsinho,Gol,Goal,"Fase de Grupos vs Shakhtar Donetsk (Wednesday October 1, 2008)"
1864629331,"Wednesday October 1, 2008",Shakhtar Donetsk,1-2,Fase de Grupos,47,Darijo Srna,Tarjeta Amarilla,1:0  — Yellow Card,"Fase de Grupos vs Shakhtar Donetsk (Wednesday October 1, 2008)"
1864629331,"Wednesday October 1, 2008",Shakhtar Donetsk,1-2,Fase de Grupos,58,Fernandinho,Tarjeta Amarilla,1:0  — Yellow Card,"Fase de Grupos vs Shakhtar Donetsk (Wednesday October 1, 2008)"
1864629331,"Wednesday October 1, 2008",Shakhtar Donetsk,1-2,Fase de Grupos,60,Lionel Messi,Sustitución,Entra al campo (Sale Thierry Henry),"Fase de Grupos vs Shakhtar Donetsk (Wednesday October 1, 2008)"
1864629331,"Wednesday October 1, 2008",Shakhtar Donetsk,1-2,Fase de Grupos,69,Dmytro Chygrynskiy,Tarjeta Amarilla,1:0  — Yellow Card,"Fase de Grupos vs Shakhtar Donetsk (Wednesday October 1, 2008)"
1864629331,"Wednesday October 1, 2008",Shakhtar Donetsk,1-2,Fase de Grupos,72,Yevhen Seleznyov,Sustitución,Entra al campo (Sale Luiz Adriano),"Fase de Grupos vs Shakhtar Donetsk (Wednesday October 1, 2008)"
1864629331,"Wednesday October 1, 2008",Shakhtar Donetsk,1-2,Fase de Grupos,74,Bojan Krkić,Sustitución,Entra al campo (Sale Samuel Eto'o),"Fase de Grupos vs Shakhtar Donetsk (Wednesday October 1, 2008)"
1864629331,"Wednesday October 1, 2008",Shakhtar Donetsk,1-2,Fase de Grupos,78,Seydou Keita,Tarjeta Amarilla,1:0  — Yellow Card,"Fase de Grupos vs Shakhtar Donetsk (Wednesday October 1, 2008)"
1864629331,"Wednesday October 1, 2008",Shakhtar Donetsk,1-2,Fase de Grupos,81,Eiður Guðjohnsen,Sustitución,Entra al campo (Sale Seydou Keita),"Fase de Grupos vs Shakhtar Donetsk (Wednesday October 1, 2008)"
1864629331,"Wednesday October 1, 2008",Shakhtar Donetsk,1-2,Fase de Grupos,86,Willian,Sustitución,Entra al campo (Sale Ilsinho),"Fase de Grupos vs Shakhtar Donetsk (Wednesday October 1, 2008)"
1864629331,"Wednesday October 1, 2008",Shakhtar Donetsk,1-2,Fase de Grupos,87,Lionel Messi,Gol,Goal,"Fase de Grupos vs Shakhtar Donetsk (Wednesday October 1, 2008)"
1864629331,"Wednesday October 1, 2008",Shakhtar Donetsk,1-2,Fase de Grupos,88,Rafael Márquez,Tarjeta Amarilla,1:1  — Yellow Card,"Fase de Grupos vs Shakhtar Donetsk (Wednesday October 1, 2008)"
1864629331,"Wednesday October 1, 2008",Shakhtar Donetsk,1-2,Fase de Grupos,88,Brandão,Tarjeta Amarilla,1:1  — Yellow Card,"Fase de Grupos vs Shakhtar Donetsk (Wednesday October 1, 2008)"
1864629331,"Wednesday October 1, 2008",Shakhtar Donetsk,1-2,Fase de Grupos,90+3,Andrés Iniesta,Tarjeta Amarilla,1:1  — Yellow Card,"Fase de Grupos vs Shakhtar Donetsk (Wednesday October 1, 2008)"
1864629331,"Wednesday October 1, 2008",Shakhtar Donetsk,1-2,Fase de Grupos,90+3,Mariusz Lewandowski,Sustitución,Entra al campo (Sale Igor Duljaj),"Fase de Grupos vs Shakhtar Donetsk (Wednesday October 1, 2008)"
1864629331,"Wednesday October 1, 2008",Shakhtar Donetsk,1-2,Fase de Grupos,90+4,Lionel Messi,Gol,Goal,"Fase de Grupos vs Shakhtar Donetsk (Wednesday October 1, 2008)"
2489349317,"Wednesday November 26, 2008",Sporting CP,2-5,Fase de Grupos,14,Thierry Henry,Gol,Goal,"Fase de Grupos vs Sporting CP (Wednesday November 26, 2008)"
2489349317,"Wednesday November 26, 2008",Sporting CP,2-5,Fase de Grupos,17,Gerard Piqué,Gol,Goal,"Fase de Grupos vs Sporting CP (Wednesday November 26, 2008)"
2489349317,"Wednesday November 26, 2008",Sporting CP,2-5,Fase de Grupos,33,Sergio Busquets,Tarjeta Amarilla,0:2  — Yellow Card,"Fase de Grupos vs Sporting CP (Wednesday November 26, 2008)"
2489349317,"Wednesday November 26, 2008",Sporting CP,2-5,Fase de Grupos,46,Bojan Krkić,Sustitución,Entra al campo (Sale Thierry Henry),"Fase de Grupos vs Sporting CP (Wednesday November 26, 2008)"
2489349317,"Wednesday November 26, 2008",Sporting CP,2-5,Fase de Grupos,46,Derlei,Sustitución,Entra al campo (Sale Leandro Romagnoli),"Fase de Grupos vs Sporting CP (Wednesday November 26, 2008)"
2489349317,"Wednesday November 26, 2008",Sporting CP,2-5,Fase de Grupos,49,Lionel Messi,Gol,Goal,"Fase de Grupos vs Sporting CP (Wednesday November 26, 2008)"
2489349317,"Wednesday November 26, 2008",Sporting CP,2-5,Fase de Grupos,54,Marco Caneira,Tarjeta Amarilla,0:3  — Yellow Card,"Fase de Grupos vs Sporting CP (Wednesday November 26, 2008)"
2489349317,"Wednesday November 26, 2008",Sporting CP,2-5,Fase de Grupos,57,Pedro,Sustitución,Entra al campo (Sale Lionel Messi),"Fase de Grupos vs Sporting CP (Wednesday November 26, 2008)"
2489349317,"Wednesday November 26, 2008",Sporting CP,2-5,Fase de Grupos,63,Rafael Márquez,Tarjeta Amarilla,0:3  — Yellow Card,"Fase de Grupos vs Sporting CP (Wednesday November 26, 2008)"
2489349317,"Wednesday November 26, 2008",Sporting CP,2-5,Fase de Grupos,65,Miguel Veloso,Gol,Goal,"Fase de Grupos vs Sporting CP (Wednesday November 26, 2008)"
2489349317,"Wednesday November 26, 2008",Sporting CP,2-5,Fase de Grupos,66,Liédson,Gol,Goal,"Fase de Grupos vs Sporting CP (Wednesday November 26, 2008)"
2489349317,"Wednesday November 26, 2008",Sporting CP,2-5,Fase de Grupos,67,Marco Caneira,Gol,Own Goal  Goal,"Fase de Grupos vs Sporting CP (Wednesday November 26, 2008)"
2489349317,"Wednesday November 26, 2008",Sporting CP,2-5,Fase de Grupos,71,Rui Patrício,Tarjeta Roja,2:4  — Red Card,"Fase de Grupos vs Sporting CP (Wednesday November 26, 2008)"
2489349317,"Wednesday November 26, 2008",Sporting CP,2-5,Fase de Grupos,73,Bojan Krkić,Gol,De Penalti,"Fase de Grupos vs Sporting CP (Wednesday November 26, 2008)"
2489349317,"Wednesday November 26, 2008",Sporting CP,2-5,Fase de Grupos,73,Tiago Ferreira,Sustitución,Entra al campo (Sale Yannick Djaló),"Fase de Grupos vs Sporting CP (Wednesday November 26, 2008)"
2489349317,"Wednesday November 26, 2008",Sporting CP,2-5,Fase de Grupos,74,Seydou Keita,Sustitución,Entra al campo (Sale Xavi),"Fase de Grupos vs Sporting CP (Wednesday November 26, 2008)"
2489349317,"Wednesday November 26, 2008",Sporting CP,2-5,Fase de Grupos,79,Hélder Postiga,Sustitución,Entra al campo (Sale Liédson),"Fase de Grupos vs Sporting CP (Wednesday November 26, 2008)"
2621348047,"Tuesday August 26, 2008",Wisła Kraków,1-0,Fase Eliminatoria,46,Piotr Brożek,Tarjeta Amarilla,0:0  — Yellow Card,"Fase Eliminatoria vs Wisła Kraków (Tuesday August 26, 2008)"
2621348047,"Tuesday August 26, 2008",Wisła Kraków,1-0,Fase Eliminatoria,52,Cléber Guedes de Lima,Gol,Goal,"Fase Eliminatoria vs Wisła Kraków (Tuesday August 26, 2008)"
2621348047,"Tuesday August 26, 2008",Wisła Kraków,1-0,Fase Eliminatoria,53,Rafał Boguski,Tarjeta Amarilla,1:0  — Yellow Card,"Fase Eliminatoria vs Wisła Kraków (Tuesday August 26, 2008)"
2621348047,"Tuesday August 26, 2008",Wisła Kraków,1-0,Fase Eliminatoria,57,Eiður Guðjohnsen,Sustitución,Entra al campo (Sale Xavi),"Fase Eliminatoria vs Wisła Kraków (Tuesday August 26, 2008)"
2621348047,"Tuesday August 26, 2008",Wisła Kraków,1-0,Fase Eliminatoria,66,Alexander Hleb,Sustitución,Entra al campo (Sale Andrés Iniesta),"Fase Eliminatoria vs Wisła Kraków (Tuesday August 26, 2008)"
2621348047,"Tuesday August 26, 2008",Wisła Kraków,1-0,Fase Eliminatoria,68,Andrzej Niedzielan,Sustitución,Entra al campo (Sale Rafał Boguski),"Fase Eliminatoria vs Wisła Kraków (Tuesday August 26, 2008)"
2621348047,"Tuesday August 26, 2008",Wisła Kraków,1-0,Fase Eliminatoria,75,Bojan Krkić,Sustitución,Entra al campo (Sale Samuel Eto'o),"Fase Eliminatoria vs Wisła Kraków (Tuesday August 26, 2008)"
2621348047,"Tuesday August 26, 2008",Wisła Kraków,1-0,Fase Eliminatoria,82,Patryk Małecki,Sustitución,Entra al campo (Sale Wojciech Łobodziński),"Fase Eliminatoria vs Wisła Kraków (Tuesday August 26, 2008)"
2621348047,"Tuesday August 26, 2008",Wisła Kraków,1-0,Fase Eliminatoria,90+1,Thierry Henry,Tarjeta Amarilla,1:0  — Yellow Card,"Fase Eliminatoria vs Wisła Kraków (Tuesday August 26, 2008)"
2621348047,"Tuesday August 26, 2008",Wisła Kraków,1-0,Fase Eliminatoria,90+1,Tomasz Dawidowski,Sustitución,Entra al campo (Sale Marek Zieńczuk),"Fase Eliminatoria vs Wisła Kraków (Tuesday August 26, 2008)"
1119671309,"Wednesday March 31, 2010",Arsenal,2-2,Cuartos de Final,21,Andrey Arshavin,Tarjeta Amarilla,0:0  — Yellow Card,"Cuartos de Final vs Arsenal (Wednesday March 31, 2010)"
1119671309,"Wednesday March 31, 2010",Arsenal,2-2,Cuartos de Final,27,Emmanuel Eboué,Sustitución,Entra al campo (Sale Andrey Arshavin),"Cuartos de Final vs Arsenal (Wednesday March 31, 2010)"
1119671309,"Wednesday March 31, 2010",Arsenal,2-2,Cuartos de Final,40,Alexandre Song,Tarjeta Amarilla,0:0  — Yellow Card,"Cuartos de Final vs Arsenal (Wednesday March 31, 2010)"
1119671309,"Wednesday March 31, 2010",Arsenal,2-2,Cuartos de Final,44,Cesc Fàbregas,Tarjeta Amarilla,0:0  — Yellow Card,"Cuartos de Final vs Arsenal (Wednesday March 31, 2010)"
1119671309,"Wednesday March 31, 2010",Arsenal,2-2,Cuartos de Final,44,Denílson,Sustitución,Entra al campo (Sale William Gallas),"Cuartos de Final vs Arsenal (Wednesday March 31, 2010)"
1119671309,"Wednesday March 31, 2010",Arsenal,2-2,Cuartos de Final,46,Zlatan Ibrahimović,Gol,Goal,"Cuartos de Final vs Arsenal (Wednesday March 31, 2010)"
1119671309,"Wednesday March 31, 2010",Arsenal,2-2,Cuartos de Final,59,Zlatan Ibrahimović,Gol,Goal,"Cuartos de Final vs Arsenal (Wednesday March 31, 2010)"
1119671309,"Wednesday March 31, 2010",Arsenal,2-2,Cuartos de Final,66,Theo Walcott,Sustitución,Entra al campo (Sale Bacary Sagna),"Cuartos de Final vs Arsenal (Wednesday March 31, 2010)"
1119671309,"Wednesday March 31, 2010",Arsenal,2-2,Cuartos de Final,69,Theo Walcott,Gol,Goal,"Cuartos de Final vs Arsenal (Wednesday March 31, 2010)"
1119671309,"Wednesday March 31, 2010",Arsenal,2-2,Cuartos de Final,72,Gerard Piqué,Tarjeta Amarilla,1:2  — Yellow Card,"Cuartos de Final vs Arsenal (Wednesday March 31, 2010)"
1119671309,"Wednesday March 31, 2010",Arsenal,2-2,Cuartos de Final,74,Emmanuel Eboué,Tarjeta Amarilla,1:2  — Yellow Card,"Cuartos de Final vs Arsenal (Wednesday March 31, 2010)"
1119671309,"Wednesday March 31, 2010",Arsenal,2-2,Cuartos de Final,77,Thierry Henry,Sustitución,Entra al campo (Sale Zlatan Ibrahimović),"Cuartos de Final vs Arsenal (Wednesday March 31, 2010)"
1119671309,"Wednesday March 31, 2010",Arsenal,2-2,Cuartos de Final,79,Abou Diaby,Tarjeta Amarilla,1:2  — Yellow Card,"Cuartos de Final vs Arsenal (Wednesday March 31, 2010)"
1119671309,"Wednesday March 31, 2010",Arsenal,2-2,Cuartos de Final,84,Carles Puyol,Tarjeta Roja,1:2  — Red Card,"Cuartos de Final vs Arsenal (Wednesday March 31, 2010)"
1119671309,"Wednesday March 31, 2010",Arsenal,2-2,Cuartos de Final,85,Cesc Fàbregas,Gol,De Penalti,"Cuartos de Final vs Arsenal (Wednesday March 31, 2010)"
1119671309,"Wednesday March 31, 2010",Arsenal,2-2,Cuartos de Final,87,Gabriel Milito,Sustitución,Entra al campo (Sale Lionel Messi),"Cuartos de Final vs Arsenal (Wednesday March 31, 2010)"
811079349,"Tuesday April 6, 2010",Arsenal,4-1,Cuartos de Final,18,Nicklas Bendtner,Gol,Goal,"Cuartos de Final vs Arsenal (Tuesday April 6, 2010)"
811079349,"Tuesday April 6, 2010",Arsenal,4-1,Cuartos de Final,21,Lionel Messi,Gol,Goal,"Cuartos de Final vs Arsenal (Tuesday April 6, 2010)"
811079349,"Tuesday April 6, 2010",Arsenal,4-1,Cuartos de Final,31,Denílson,Tarjeta Amarilla,1:1  — Yellow Card,"Cuartos de Final vs Arsenal (Tuesday April 6, 2010)"
811079349,"Tuesday April 6, 2010",Arsenal,4-1,Cuartos de Final,37,Lionel Messi,Gol,Goal,"Cuartos de Final vs Arsenal (Tuesday April 6, 2010)"
811079349,"Tuesday April 6, 2010",Arsenal,4-1,Cuartos de Final,42,Lionel Messi,Gol,Goal,"Cuartos de Final vs Arsenal (Tuesday April 6, 2010)"
811079349,"Tuesday April 6, 2010",Arsenal,4-1,Cuartos de Final,44,Tomáš Rosický,Tarjeta Amarilla,3:1  — Yellow Card,"Cuartos de Final vs Arsenal (Tuesday April 6, 2010)"
811079349,"Tuesday April 6, 2010",Arsenal,4-1,Cuartos de Final,53,Maxwell,Sustitución,Entra al campo (Sale Éric Abidal),"Cuartos de Final vs Arsenal (Tuesday April 6, 2010)"
811079349,"Tuesday April 6, 2010",Arsenal,4-1,Cuartos de Final,56,Yaya Touré,Sustitución,Entra al campo (Sale Bojan Krkić),"Cuartos de Final vs Arsenal (Tuesday April 6, 2010)"
811079349,"Tuesday April 6, 2010",Arsenal,4-1,Cuartos de Final,63,Emmanuel Eboué,Sustitución,Entra al campo (Sale Mikaël Silvestre),"Cuartos de Final vs Arsenal (Tuesday April 6, 2010)"
811079349,"Tuesday April 6, 2010",Arsenal,4-1,Cuartos de Final,67,Emmanuel Eboué,Tarjeta Amarilla,3:1  — Yellow Card,"Cuartos de Final vs Arsenal (Tuesday April 6, 2010)"
811079349,"Tuesday April 6, 2010",Arsenal,4-1,Cuartos de Final,73,Eduardo da Silva,Sustitución,Entra al campo (Sale Tomáš Rosický),"Cuartos de Final vs Arsenal (Tuesday April 6, 2010)"
811079349,"Tuesday April 6, 2010",Arsenal,4-1,Cuartos de Final,86,Andrés Iniesta,Sustitución,Entra al campo (Sale Pedro),"Cuartos de Final vs Arsenal (Tuesday April 6, 2010)"
811079349,"Tuesday April 6, 2010",Arsenal,4-1,Cuartos de Final,88,Lionel Messi,Gol,Goal,"Cuartos de Final vs Arsenal (Tuesday April 6, 2010)"
1454484498,"Wednesday January 29, 2025",Atalanta,2-2,Fase Eliminatoria,47,Lamine Yamal,Gol,Asistencia de Raphinha,"Fase Eliminatoria vs Atalanta (Wednesday January 29, 2025)"
1454484498,"Wednesday January 29, 2025",Atalanta,2-2,Fase Eliminatoria,51,Sead Kolašinac,Tarjeta Amarilla,1:0  — Yellow Card,"Fase Eliminatoria vs Atalanta (Wednesday January 29, 2025)"
1454484498,"Wednesday January 29, 2025",Atalanta,2-2,Fase Eliminatoria,55,Giorgio Scalvini,Sustitución,Entra al campo (Sale Sead Kolašinac),"Fase Eliminatoria vs Atalanta (Wednesday January 29, 2025)"
1454484498,"Wednesday January 29, 2025",Atalanta,2-2,Fase Eliminatoria,67,Éderson,Gol,Asistencia de Davide Zappacosta,"Fase Eliminatoria vs Atalanta (Wednesday January 29, 2025)"
1454484498,"Wednesday January 29, 2025",Atalanta,2-2,Fase Eliminatoria,69,Ferrán Torres,Sustitución,Entra al campo (Sale Robert Lewandowski),"Fase Eliminatoria vs Atalanta (Wednesday January 29, 2025)"
1454484498,"Wednesday January 29, 2025",Atalanta,2-2,Fase Eliminatoria,69,Pau Cubarsí,Sustitución,Entra al campo (Sale Eric García),"Fase Eliminatoria vs Atalanta (Wednesday January 29, 2025)"
1454484498,"Wednesday January 29, 2025",Atalanta,2-2,Fase Eliminatoria,69,Fermin López,Sustitución,Entra al campo (Sale Gavi),"Fase Eliminatoria vs Atalanta (Wednesday January 29, 2025)"
1454484498,"Wednesday January 29, 2025",Atalanta,2-2,Fase Eliminatoria,72,Ronald Araújo,Gol,Asistencia de Raphinha,"Fase Eliminatoria vs Atalanta (Wednesday January 29, 2025)"
1454484498,"Wednesday January 29, 2025",Atalanta,2-2,Fase Eliminatoria,77,Nicolò Zaniolo,Sustitución,Entra al campo (Sale Mateo Retegui),"Fase Eliminatoria vs Atalanta (Wednesday January 29, 2025)"
1454484498,"Wednesday January 29, 2025",Atalanta,2-2,Fase Eliminatoria,77,Matteo Ruggeri,Sustitución,Entra al campo (Sale Davide Zappacosta),"Fase Eliminatoria vs Atalanta (Wednesday January 29, 2025)"
1454484498,"Wednesday January 29, 2025",Atalanta,2-2,Fase Eliminatoria,77,Juan Cuadrado,Sustitución,Entra al campo (Sale Raoul Bellanova),"Fase Eliminatoria vs Atalanta (Wednesday January 29, 2025)"
1454484498,"Wednesday January 29, 2025",Atalanta,2-2,Fase Eliminatoria,79,Mario Pašalić,Gol,Asistencia de Marten de Roon,"Fase Eliminatoria vs Atalanta (Wednesday January 29, 2025)"
1454484498,"Wednesday January 29, 2025",Atalanta,2-2,Fase Eliminatoria,80,Marc Casado,Sustitución,Entra al campo (Sale Pedri),"Fase Eliminatoria vs Atalanta (Wednesday January 29, 2025)"
1454484498,"Wednesday January 29, 2025",Atalanta,2-2,Fase Eliminatoria,87,Marco Brescianini,Sustitución,Entra al campo (Sale Charles De Ketelaere),"Fase Eliminatoria vs Atalanta (Wednesday January 29, 2025)"
1454484498,"Wednesday January 29, 2025",Atalanta,2-2,Fase Eliminatoria,90+3,Marten de Roon,Tarjeta Amarilla,2:2  — Yellow Card,"Fase Eliminatoria vs Atalanta (Wednesday January 29, 2025)"
1454484498,"Wednesday January 29, 2025",Atalanta,2-2,Fase Eliminatoria,90+6,Pau Victor,Sustitución,Entra al campo (Sale Lamine Yamal),"Fase Eliminatoria vs Atalanta (Wednesday January 29, 2025)"
1454484498,"Wednesday January 29, 2025",Atalanta,2-2,Fase Eliminatoria,90+7,Éderson,Tarjeta Amarilla,2:2  — Yellow Card,"Fase Eliminatoria vs Atalanta (Wednesday January 29, 2025)"
1454484498,"Wednesday January 29, 2025",Atalanta,2-2,Fase Eliminatoria,90+7,Mario Pašalić,Tarjeta Amarilla,2:2  — Yellow Card,"Fase Eliminatoria vs Atalanta (Wednesday January 29, 2025)"
2518727313,"Tuesday December 6, 2011",BATE Borisov,4-0,Fase de Grupos,35,Sergi Roberto,Gol,Goal,"Fase de Grupos vs BATE Borisov (Tuesday December 6, 2011)"
2518727313,"Tuesday December 6, 2011",BATE Borisov,4-0,Fase de Grupos,44,Alyaksandr Yurevich,Tarjeta Amarilla,1:0  — Yellow Card,"Fase de Grupos vs BATE Borisov (Tuesday December 6, 2011)"
2518727313,"Tuesday December 6, 2011",BATE Borisov,4-0,Fase de Grupos,58,Marc Muniesa,Sustitución,Entra al campo (Sale Jonathan dos Santos),"Fase de Grupos vs BATE Borisov (Tuesday December 6, 2011)"
2518727313,"Tuesday December 6, 2011",BATE Borisov,4-0,Fase de Grupos,60,Martín Montoya,Gol,Goal,"Fase de Grupos vs BATE Borisov (Tuesday December 6, 2011)"
2518727313,"Tuesday December 6, 2011",BATE Borisov,4-0,Fase de Grupos,63,Pedro,Gol,Goal,"Fase de Grupos vs BATE Borisov (Tuesday December 6, 2011)"
2518727313,"Tuesday December 6, 2011",BATE Borisov,4-0,Fase de Grupos,64,Mikhail Gordeichuk,Sustitución,Entra al campo (Sale Alyaksandr Pawlaw),"Fase de Grupos vs BATE Borisov (Tuesday December 6, 2011)"
2518727313,"Tuesday December 6, 2011",BATE Borisov,4-0,Fase de Grupos,67,Edhar Alyakhnovich,Sustitución,Entra al campo (Sale Dzmitry Likhtarovich),"Fase de Grupos vs BATE Borisov (Tuesday December 6, 2011)"
2518727313,"Tuesday December 6, 2011",BATE Borisov,4-0,Fase de Grupos,70,Gerard Deulofeu,Sustitución,Entra al campo (Sale Rafinha),"Fase de Grupos vs BATE Borisov (Tuesday December 6, 2011)"
2518727313,"Tuesday December 6, 2011",BATE Borisov,4-0,Fase de Grupos,77,Mateja Kežman,Sustitución,Entra al campo (Sale Renan Bardini Bressan),"Fase de Grupos vs BATE Borisov (Tuesday December 6, 2011)"
2518727313,"Tuesday December 6, 2011",BATE Borisov,4-0,Fase de Grupos,79,Martí Riverola,Sustitución,Entra al campo (Sale Sergi Roberto),"Fase de Grupos vs BATE Borisov (Tuesday December 6, 2011)"
2518727313,"Tuesday December 6, 2011",BATE Borisov,4-0,Fase de Grupos,89,Pedro,Gol,De Penalti,"Fase de Grupos vs BATE Borisov (Tuesday December 6, 2011)"
4249962027,"Wednesday May 1, 2013",Bayern Munich,0-3,Semifinales,32,Arjen Robben,Tarjeta Amarilla,0:0  — Yellow Card,"Semifinales vs Bayern Munich (Wednesday May 1, 2013)"
4249962027,"Wednesday May 1, 2013",Bayern Munich,0-3,Semifinales,46,Dani Alves,Tarjeta Amarilla,0:0  — Yellow Card,"Semifinales vs Bayern Munich (Wednesday May 1, 2013)"
4249962027,"Wednesday May 1, 2013",Bayern Munich,0-3,Semifinales,49,Arjen Robben,Gol,Goal,"Semifinales vs Bayern Munich (Wednesday May 1, 2013)"
4249962027,"Wednesday May 1, 2013",Bayern Munich,0-3,Semifinales,55,Alexis Sánchez,Sustitución,Entra al campo (Sale Xavi),"Semifinales vs Bayern Munich (Wednesday May 1, 2013)"
4249962027,"Wednesday May 1, 2013",Bayern Munich,0-3,Semifinales,64,Thiago Alcántara,Sustitución,Entra al campo (Sale Andrés Iniesta),"Semifinales vs Bayern Munich (Wednesday May 1, 2013)"
4249962027,"Wednesday May 1, 2013",Bayern Munich,0-3,Semifinales,66,Luiz Gustavo,Sustitución,Entra al campo (Sale Bastian Schweinsteiger),"Semifinales vs Bayern Munich (Wednesday May 1, 2013)"
4249962027,"Wednesday May 1, 2013",Bayern Munich,0-3,Semifinales,72,Gerard Piqué,Gol,Own Goal  Substitute,"Semifinales vs Bayern Munich (Wednesday May 1, 2013)"
4249962027,"Wednesday May 1, 2013",Bayern Munich,0-3,Semifinales,74,Anatoliy Tymoshchuk,Sustitución,Entra al campo (Sale Javi Martínez),"Semifinales vs Bayern Munich (Wednesday May 1, 2013)"
4249962027,"Wednesday May 1, 2013",Bayern Munich,0-3,Semifinales,76,Thomas Müller,Gol,Goal,"Semifinales vs Bayern Munich (Wednesday May 1, 2013)"
4249962027,"Wednesday May 1, 2013",Bayern Munich,0-3,Semifinales,77,Rafinha,Sustitución,Entra al campo (Sale Philipp Lahm),"Semifinales vs Bayern Munich (Wednesday May 1, 2013)"
4249962027,"Wednesday May 1, 2013",Bayern Munich,0-3,Semifinales,78,Gerard Piqué,Tarjeta Amarilla,0:3  — Yellow Card,"Semifinales vs Bayern Munich (Wednesday May 1, 2013)"
4249962027,"Wednesday May 1, 2013",Bayern Munich,0-3,Semifinales,87,Martín Montoya,Sustitución,Entra al campo (Sale Marc Bartra),"Semifinales vs Bayern Munich (Wednesday May 1, 2013)"
1762238166,"Wednesday October 23, 2024",Bayern Munich,4-1,Fase Eliminatoria,1,Raphinha,Gol,Asistencia de Fermin López,"Fase Eliminatoria vs Bayern Munich (Wednesday October 23, 2024)"
1762238166,"Wednesday October 23, 2024",Bayern Munich,4-1,Fase Eliminatoria,18,Harry Kane,Gol,Asistencia de Serge Gnabry,"Fase Eliminatoria vs Bayern Munich (Wednesday October 23, 2024)"
1762238166,"Wednesday October 23, 2024",Bayern Munich,4-1,Fase Eliminatoria,27,Joshua Kimmich,Tarjeta Amarilla,1:1  — Yellow Card,"Fase Eliminatoria vs Bayern Munich (Wednesday October 23, 2024)"
1762238166,"Wednesday October 23, 2024",Bayern Munich,4-1,Fase Eliminatoria,36,Robert Lewandowski,Gol,Asistencia de Fermin López,"Fase Eliminatoria vs Bayern Munich (Wednesday October 23, 2024)"
1762238166,"Wednesday October 23, 2024",Bayern Munich,4-1,Fase Eliminatoria,45,Raphinha,Gol,Asistencia de Marc Casado,"Fase Eliminatoria vs Bayern Munich (Wednesday October 23, 2024)"
1762238166,"Wednesday October 23, 2024",Bayern Munich,4-1,Fase Eliminatoria,56,Raphinha,Gol,Asistencia de Lamine Yamal,"Fase Eliminatoria vs Bayern Munich (Wednesday October 23, 2024)"
1762238166,"Wednesday October 23, 2024",Bayern Munich,4-1,Fase Eliminatoria,60,Leon Goretzka,Sustitución,Entra al campo (Sale João Palhinha),"Fase Eliminatoria vs Bayern Munich (Wednesday October 23, 2024)"
1762238166,"Wednesday October 23, 2024",Bayern Munich,4-1,Fase Eliminatoria,60,Kingsley Coman,Sustitución,Entra al campo (Sale Serge Gnabry),"Fase Eliminatoria vs Bayern Munich (Wednesday October 23, 2024)"
1762238166,"Wednesday October 23, 2024",Bayern Munich,4-1,Fase Eliminatoria,60,Jamal Musiala,Sustitución,Entra al campo (Sale Thomas Müller),"Fase Eliminatoria vs Bayern Munich (Wednesday October 23, 2024)"
1762238166,"Wednesday October 23, 2024",Bayern Munich,4-1,Fase Eliminatoria,60,Leroy Sané,Sustitución,Entra al campo (Sale Michael Olise),"Fase Eliminatoria vs Bayern Munich (Wednesday October 23, 2024)"
1762238166,"Wednesday October 23, 2024",Bayern Munich,4-1,Fase Eliminatoria,61,Frenkie de Jong,Sustitución,Entra al campo (Sale Fermin López),"Fase Eliminatoria vs Bayern Munich (Wednesday October 23, 2024)"
1762238166,"Wednesday October 23, 2024",Bayern Munich,4-1,Fase Eliminatoria,76,Dani Olmo,Sustitución,Entra al campo (Sale Raphinha),"Fase Eliminatoria vs Bayern Munich (Wednesday October 23, 2024)"
1762238166,"Wednesday October 23, 2024",Bayern Munich,4-1,Fase Eliminatoria,85,Ansu Fati,Sustitución,Entra al campo (Sale Lamine Yamal),"Fase Eliminatoria vs Bayern Munich (Wednesday October 23, 2024)"
1762238166,"Wednesday October 23, 2024",Bayern Munich,4-1,Fase Eliminatoria,85,Konrad Laimer,Sustitución,Entra al campo (Sale Raphaël Guerreiro),"Fase Eliminatoria vs Bayern Munich (Wednesday October 23, 2024)"
1762238166,"Wednesday October 23, 2024",Bayern Munich,4-1,Fase Eliminatoria,85,Gavi,Sustitución,Entra al campo (Sale Pedri),"Fase Eliminatoria vs Bayern Munich (Wednesday October 23, 2024)"
1762238166,"Wednesday October 23, 2024",Bayern Munich,4-1,Fase Eliminatoria,85,Pau Victor,Sustitución,Entra al campo (Sale Robert Lewandowski),"Fase Eliminatoria vs Bayern Munich (Wednesday October 23, 2024)"
1762238166,"Wednesday October 23, 2024",Bayern Munich,4-1,Fase Eliminatoria,90,Leon Goretzka,Tarjeta Amarilla,4:1  — Yellow Card,"Fase Eliminatoria vs Bayern Munich (Wednesday October 23, 2024)"
1625913280,"Tuesday March 11, 2025",Benfica,3-1,Octavos de Final,11,Raphinha,Gol,Asistencia de Lamine Yamal,"Octavos de Final vs Benfica (Tuesday March 11, 2025)"
1625913280,"Tuesday March 11, 2025",Benfica,3-1,Octavos de Final,13,Nicolás Otamendi,Gol,Goal,"Octavos de Final vs Benfica (Tuesday March 11, 2025)"
1625913280,"Tuesday March 11, 2025",Benfica,3-1,Octavos de Final,27,Lamine Yamal,Gol,Asistencia de Raphinha,"Octavos de Final vs Benfica (Tuesday March 11, 2025)"
1625913280,"Tuesday March 11, 2025",Benfica,3-1,Octavos de Final,42,Raphinha,Gol,Asistencia de Alejandro Balde,"Octavos de Final vs Benfica (Tuesday March 11, 2025)"
1625913280,"Tuesday March 11, 2025",Benfica,3-1,Octavos de Final,48,António Silva,Tarjeta Amarilla,3:1  — Yellow Card,"Octavos de Final vs Benfica (Tuesday March 11, 2025)"
1625913280,"Tuesday March 11, 2025",Benfica,3-1,Octavos de Final,56,Renato Sanches,Sustitución,Entra al campo (Sale Kerem Aktürkoğlu),"Octavos de Final vs Benfica (Tuesday March 11, 2025)"
1625913280,"Tuesday March 11, 2025",Benfica,3-1,Octavos de Final,56,Zeki Amdouni,Sustitución,Entra al campo (Sale Andreas Schjelderup),"Octavos de Final vs Benfica (Tuesday March 11, 2025)"
1625913280,"Tuesday March 11, 2025",Benfica,3-1,Octavos de Final,70,Ferrán Torres,Sustitución,Entra al campo (Sale Robert Lewandowski),"Octavos de Final vs Benfica (Tuesday March 11, 2025)"
1625913280,"Tuesday March 11, 2025",Benfica,3-1,Octavos de Final,70,Leandro Barreiro Martins,Sustitución,Entra al campo (Sale Florentino Luís),"Octavos de Final vs Benfica (Tuesday March 11, 2025)"
1625913280,"Tuesday March 11, 2025",Benfica,3-1,Octavos de Final,70,Andrea Belotti,Sustitución,Entra al campo (Sale Orkun Kökçü),"Octavos de Final vs Benfica (Tuesday March 11, 2025)"
1625913280,"Tuesday March 11, 2025",Benfica,3-1,Octavos de Final,70,Gavi,Sustitución,Entra al campo (Sale Dani Olmo),"Octavos de Final vs Benfica (Tuesday March 11, 2025)"
1625913280,"Tuesday March 11, 2025",Benfica,3-1,Octavos de Final,82,Fermin López,Sustitución,Entra al campo (Sale Lamine Yamal),"Octavos de Final vs Benfica (Tuesday March 11, 2025)"
1625913280,"Tuesday March 11, 2025",Benfica,3-1,Octavos de Final,82,Marc Casado,Sustitución,Entra al campo (Sale Frenkie de Jong),"Octavos de Final vs Benfica (Tuesday March 11, 2025)"
1625913280,"Tuesday March 11, 2025",Benfica,3-1,Octavos de Final,84,João Rêgo,Sustitución,Entra al campo (Sale Tomás Araújo),"Octavos de Final vs Benfica (Tuesday March 11, 2025)"
1625913280,"Tuesday March 11, 2025",Benfica,3-1,Octavos de Final,87,Eric García,Sustitución,Entra al campo (Sale Iñigo Martínez),"Octavos de Final vs Benfica (Tuesday March 11, 2025)"
3549303109,"Wednesday December 5, 2012",Benfica,0-0,Fase de Grupos,43,Nolito,Tarjeta Amarilla,0:0  — Yellow Card,"Fase de Grupos vs Benfica (Wednesday December 5, 2012)"
3549303109,"Wednesday December 5, 2012",Benfica,0-0,Fase de Grupos,49,Rafinha,Tarjeta Amarilla,0:0  — Yellow Card,"Fase de Grupos vs Benfica (Wednesday December 5, 2012)"
3549303109,"Wednesday December 5, 2012",Benfica,0-0,Fase de Grupos,56,Ezequiel Garay,Tarjeta Amarilla,0:0  — Yellow Card,"Fase de Grupos vs Benfica (Wednesday December 5, 2012)"
3549303109,"Wednesday December 5, 2012",Benfica,0-0,Fase de Grupos,58,Lionel Messi,Sustitución,Entra al campo (Sale Rafinha),"Fase de Grupos vs Benfica (Wednesday December 5, 2012)"
3549303109,"Wednesday December 5, 2012",Benfica,0-0,Fase de Grupos,59,Luisão,Tarjeta Amarilla,0:0  — Yellow Card,"Fase de Grupos vs Benfica (Wednesday December 5, 2012)"
3549303109,"Wednesday December 5, 2012",Benfica,0-0,Fase de Grupos,60,Adriano,Tarjeta Amarilla,0:0  — Yellow Card,"Fase de Grupos vs Benfica (Wednesday December 5, 2012)"
3549303109,"Wednesday December 5, 2012",Benfica,0-0,Fase de Grupos,63,Bruno César,Sustitución,Entra al campo (Sale Nolito),"Fase de Grupos vs Benfica (Wednesday December 5, 2012)"
3549303109,"Wednesday December 5, 2012",Benfica,0-0,Fase de Grupos,66,Gerard Piqué,Sustitución,Entra al campo (Sale Adriano),"Fase de Grupos vs Benfica (Wednesday December 5, 2012)"
3549303109,"Wednesday December 5, 2012",Benfica,0-0,Fase de Grupos,74,André Almeida,Sustitución,Entra al campo (Sale Rodrigo),"Fase de Grupos vs Benfica (Wednesday December 5, 2012)"
3549303109,"Wednesday December 5, 2012",Benfica,0-0,Fase de Grupos,74,Óscar Cardozo,Tarjeta Amarilla,0:0  for Lima — Substitute,"Fase de Grupos vs Benfica (Wednesday December 5, 2012)"
3549303109,"Wednesday December 5, 2012",Benfica,0-0,Fase de Grupos,78,Gerard Deulofeu,Sustitución,Entra al campo (Sale Cristian Tello),"Fase de Grupos vs Benfica (Wednesday December 5, 2012)"
3549303109,"Wednesday December 5, 2012",Benfica,0-0,Fase de Grupos,78,Nemanja Matić,Tarjeta Amarilla,0:0  — Yellow Card,"Fase de Grupos vs Benfica (Wednesday December 5, 2012)"
1064559555,"Tuesday November 26, 2024",Brest,3-0,Fase Eliminatoria,10,Robert Lewandowski,Gol,De Penalti,"Fase Eliminatoria vs Brest (Tuesday November 26, 2024)"
1064559555,"Tuesday November 26, 2024",Brest,3-0,Fase Eliminatoria,24,Kenny Lala,Tarjeta Amarilla,1:0  — Yellow Card,"Fase Eliminatoria vs Brest (Tuesday November 26, 2024)"
1064559555,"Tuesday November 26, 2024",Brest,3-0,Fase Eliminatoria,59,Mama Samba Baldé,Sustitución,Entra al campo (Sale Abdallah Sima),"Fase Eliminatoria vs Brest (Tuesday November 26, 2024)"
1064559555,"Tuesday November 26, 2024",Brest,3-0,Fase Eliminatoria,63,Mahdi Camara,Tarjeta Amarilla,1:0  — Yellow Card,"Fase Eliminatoria vs Brest (Tuesday November 26, 2024)"
1064559555,"Tuesday November 26, 2024",Brest,3-0,Fase Eliminatoria,66,Dani Olmo,Gol,Asistencia de Gerard Martín,"Fase Eliminatoria vs Brest (Tuesday November 26, 2024)"
1064559555,"Tuesday November 26, 2024",Brest,3-0,Fase Eliminatoria,68,Gavi,Sustitución,Entra al campo (Sale Dani Olmo),"Fase Eliminatoria vs Brest (Tuesday November 26, 2024)"
1064559555,"Tuesday November 26, 2024",Brest,3-0,Fase Eliminatoria,69,Romain Faivre,Sustitución,Entra al campo (Sale Mahdi Camara),"Fase Eliminatoria vs Brest (Tuesday November 26, 2024)"
1064559555,"Tuesday November 26, 2024",Brest,3-0,Fase Eliminatoria,69,Mathias Pereira Lage,Sustitución,Entra al campo (Sale Kamory Doumbia),"Fase Eliminatoria vs Brest (Tuesday November 26, 2024)"
1064559555,"Tuesday November 26, 2024",Brest,3-0,Fase Eliminatoria,74,Ludovic Ajorque,Tarjeta Amarilla,2:0  — Yellow Card,"Fase Eliminatoria vs Brest (Tuesday November 26, 2024)"
1064559555,"Tuesday November 26, 2024",Brest,3-0,Fase Eliminatoria,77,Jonas Martin,Sustitución,Entra al campo (Sale Edimilson Fernandes),"Fase Eliminatoria vs Brest (Tuesday November 26, 2024)"
1064559555,"Tuesday November 26, 2024",Brest,3-0,Fase Eliminatoria,78,Alejandro Balde,Sustitución,Entra al campo (Sale Gerard Martín),"Fase Eliminatoria vs Brest (Tuesday November 26, 2024)"
1064559555,"Tuesday November 26, 2024",Brest,3-0,Fase Eliminatoria,78,Pablo Torre,Sustitución,Entra al campo (Sale Fermin López),"Fase Eliminatoria vs Brest (Tuesday November 26, 2024)"
1064559555,"Tuesday November 26, 2024",Brest,3-0,Fase Eliminatoria,78,Romain Del Castillo,Sustitución,Entra al campo (Sale Ludovic Ajorque),"Fase Eliminatoria vs Brest (Tuesday November 26, 2024)"
1064559555,"Tuesday November 26, 2024",Brest,3-0,Fase Eliminatoria,81,Julien Le Cardinal,Tarjeta Amarilla,2:0  — Yellow Card,"Fase Eliminatoria vs Brest (Tuesday November 26, 2024)"
1064559555,"Tuesday November 26, 2024",Brest,3-0,Fase Eliminatoria,88,Frenkie de Jong,Sustitución,Entra al campo (Sale Pedri),"Fase Eliminatoria vs Brest (Tuesday November 26, 2024)"
1064559555,"Tuesday November 26, 2024",Brest,3-0,Fase Eliminatoria,90+2,Robert Lewandowski,Gol,Asistencia de Alejandro Balde,"Fase Eliminatoria vs Brest (Tuesday November 26, 2024)"
488726885,"Tuesday March 4, 2008",Celtic,1-0,Octavos de Final,3,Xavi,Gol,Goal,"Octavos de Final vs Celtic (Tuesday March 4, 2008)"
488726885,"Tuesday March 4, 2008",Celtic,1-0,Octavos de Final,38,Thierry Henry,Sustitución,Entra al campo (Sale Lionel Messi),"Octavos de Final vs Celtic (Tuesday March 4, 2008)"
488726885,"Tuesday March 4, 2008",Celtic,1-0,Octavos de Final,46,Evander Sno,Sustitución,Entra al campo (Sale Massimo Donati),"Octavos de Final vs Celtic (Tuesday March 4, 2008)"
488726885,"Tuesday March 4, 2008",Celtic,1-0,Octavos de Final,55,Georgios Samaras,Sustitución,Entra al campo (Sale Jan Vennegoor of Hesselink),"Octavos de Final vs Celtic (Tuesday March 4, 2008)"
488726885,"Tuesday March 4, 2008",Celtic,1-0,Octavos de Final,68,Edmílson,Sustitución,Entra al campo (Sale Yaya Touré),"Octavos de Final vs Celtic (Tuesday March 4, 2008)"
488726885,"Tuesday March 4, 2008",Celtic,1-0,Octavos de Final,78,Scott McDonald,Sustitución,Entra al campo (Sale Paul Hartley),"Octavos de Final vs Celtic (Tuesday March 4, 2008)"
488726885,"Tuesday March 4, 2008",Celtic,1-0,Octavos de Final,82,Eiður Guðjohnsen,Sustitución,Entra al campo (Sale Xavi),"Octavos de Final vs Celtic (Tuesday March 4, 2008)"
488726885,"Tuesday March 4, 2008",Celtic,1-0,Octavos de Final,89,Scott Brown,Tarjeta Amarilla,1:0  — Yellow Card,"Octavos de Final vs Celtic (Tuesday March 4, 2008)"
663604594,"Tuesday October 23, 2012",Celtic,2-1,Fase de Grupos,18,Georgios Samaras,Gol,Goal,"Fase de Grupos vs Celtic (Tuesday October 23, 2012)"
663604594,"Tuesday October 23, 2012",Celtic,2-1,Fase de Grupos,43,James Forrest,Sustitución,Entra al campo (Sale Georgios Samaras),"Fase de Grupos vs Celtic (Tuesday October 23, 2012)"
663604594,"Tuesday October 23, 2012",Celtic,2-1,Fase de Grupos,45,Andrés Iniesta,Gol,Goal,"Fase de Grupos vs Celtic (Tuesday October 23, 2012)"
663604594,"Tuesday October 23, 2012",Celtic,2-1,Fase de Grupos,63,Kris Commons,Sustitución,Entra al campo (Sale Scott Brown),"Fase de Grupos vs Celtic (Tuesday October 23, 2012)"
663604594,"Tuesday October 23, 2012",Celtic,2-1,Fase de Grupos,71,Javier Mascherano,Tarjeta Amarilla,1:1  — Yellow Card,"Fase de Grupos vs Celtic (Tuesday October 23, 2012)"
663604594,"Tuesday October 23, 2012",Celtic,2-1,Fase de Grupos,76,Cristian Tello,Sustitución,Entra al campo (Sale Pedro),"Fase de Grupos vs Celtic (Tuesday October 23, 2012)"
663604594,"Tuesday October 23, 2012",Celtic,2-1,Fase de Grupos,76,Beram Kayal,Sustitución,Entra al campo (Sale Charlie Mulgrew),"Fase de Grupos vs Celtic (Tuesday October 23, 2012)"
663604594,"Tuesday October 23, 2012",Celtic,2-1,Fase de Grupos,80,Adriano,Tarjeta Amarilla,1:1  — Yellow Card,"Fase de Grupos vs Celtic (Tuesday October 23, 2012)"
663604594,"Tuesday October 23, 2012",Celtic,2-1,Fase de Grupos,80,David Villa,Sustitución,Entra al campo (Sale Alexis Sánchez),"Fase de Grupos vs Celtic (Tuesday October 23, 2012)"
663604594,"Tuesday October 23, 2012",Celtic,2-1,Fase de Grupos,90+1,James Forrest,Tarjeta Amarilla,1:1  — Yellow Card,"Fase de Grupos vs Celtic (Tuesday October 23, 2012)"
663604594,"Tuesday October 23, 2012",Celtic,2-1,Fase de Grupos,90+4,Jordi Alba,Gol,Goal,"Fase de Grupos vs Celtic (Tuesday October 23, 2012)"
4160621388,"Tuesday April 24, 2012",Chelsea,2-2,Semifinales,12,José Bosingwa,Sustitución,Entra al campo (Sale Gary Cahill),"Semifinales vs Chelsea (Tuesday April 24, 2012)"
4160621388,"Tuesday April 24, 2012",Chelsea,2-2,Semifinales,26,Dani Alves,Sustitución,Entra al campo (Sale Gerard Piqué),"Semifinales vs Chelsea (Tuesday April 24, 2012)"
4160621388,"Tuesday April 24, 2012",Chelsea,2-2,Semifinales,32,John Obi Mikel,Tarjeta Amarilla,0:0  — Yellow Card,"Semifinales vs Chelsea (Tuesday April 24, 2012)"
4160621388,"Tuesday April 24, 2012",Chelsea,2-2,Semifinales,35,Sergio Busquets,Gol,Goal,"Semifinales vs Chelsea (Tuesday April 24, 2012)"
4160621388,"Tuesday April 24, 2012",Chelsea,2-2,Semifinales,37,John Terry,Tarjeta Roja,1:0  — Red Card,"Semifinales vs Chelsea (Tuesday April 24, 2012)"
4160621388,"Tuesday April 24, 2012",Chelsea,2-2,Semifinales,43,Andrés Iniesta,Gol,Goal,"Semifinales vs Chelsea (Tuesday April 24, 2012)"
4160621388,"Tuesday April 24, 2012",Chelsea,2-2,Semifinales,44,Ramires,Tarjeta Amarilla,2:0  — Yellow Card,"Semifinales vs Chelsea (Tuesday April 24, 2012)"
4160621388,"Tuesday April 24, 2012",Chelsea,2-2,Semifinales,46,Ramires,Gol,Goal,"Semifinales vs Chelsea (Tuesday April 24, 2012)"
4160621388,"Tuesday April 24, 2012",Chelsea,2-2,Semifinales,48,Branislav Ivanović,Tarjeta Amarilla,2:1  — Yellow Card,"Semifinales vs Chelsea (Tuesday April 24, 2012)"
4160621388,"Tuesday April 24, 2012",Chelsea,2-2,Semifinales,50,Andrés Iniesta,Tarjeta Amarilla,2:1  — Yellow Card,"Semifinales vs Chelsea (Tuesday April 24, 2012)"
4160621388,"Tuesday April 24, 2012",Chelsea,2-2,Semifinales,58,Salomon Kalou,Sustitución,Entra al campo (Sale Juan Mata),"Semifinales vs Chelsea (Tuesday April 24, 2012)"
4160621388,"Tuesday April 24, 2012",Chelsea,2-2,Semifinales,59,Petr Čech,Tarjeta Amarilla,2:1  — Yellow Card,"Semifinales vs Chelsea (Tuesday April 24, 2012)"
4160621388,"Tuesday April 24, 2012",Chelsea,2-2,Semifinales,68,Cristian Tello,Sustitución,Entra al campo (Sale Isaac Cuenca),"Semifinales vs Chelsea (Tuesday April 24, 2012)"
4160621388,"Tuesday April 24, 2012",Chelsea,2-2,Semifinales,71,Lionel Messi,Tarjeta Amarilla,2:1  — Yellow Card,"Semifinales vs Chelsea (Tuesday April 24, 2012)"
4160621388,"Tuesday April 24, 2012",Chelsea,2-2,Semifinales,72,Frank Lampard,Tarjeta Amarilla,2:1  — Yellow Card,"Semifinales vs Chelsea (Tuesday April 24, 2012)"
4160621388,"Tuesday April 24, 2012",Chelsea,2-2,Semifinales,74,Seydou Keita,Sustitución,Entra al campo (Sale Cesc Fàbregas),"Semifinales vs Chelsea (Tuesday April 24, 2012)"
4160621388,"Tuesday April 24, 2012",Chelsea,2-2,Semifinales,80,Fernando Torres,Sustitución,Entra al campo (Sale Didier Drogba),"Semifinales vs Chelsea (Tuesday April 24, 2012)"
4160621388,"Tuesday April 24, 2012",Chelsea,2-2,Semifinales,89,Raul Meireles,Tarjeta Amarilla,2:1  — Yellow Card,"Semifinales vs Chelsea (Tuesday April 24, 2012)"
4160621388,"Tuesday April 24, 2012",Chelsea,2-2,Semifinales,90+2,Fernando Torres,Gol,Goal,"Semifinales vs Chelsea (Tuesday April 24, 2012)"
3644679072,"Wednesday April 9, 2025",Dortmund,4-0,Cuartos de Final,24,Karim Adeyemi,Tarjeta Amarilla,0:0  — Yellow Card,"Cuartos de Final vs Dortmund (Wednesday April 9, 2025)"
3644679072,"Wednesday April 9, 2025",Dortmund,4-0,Cuartos de Final,25,Raphinha,Gol,Asistencia de Pau Cubarsí,"Cuartos de Final vs Dortmund (Wednesday April 9, 2025)"
3644679072,"Wednesday April 9, 2025",Dortmund,4-0,Cuartos de Final,46,Maximilian Beier,Sustitución,Entra al campo (Sale Karim Adeyemi),"Cuartos de Final vs Dortmund (Wednesday April 9, 2025)"
3644679072,"Wednesday April 9, 2025",Dortmund,4-0,Cuartos de Final,48,Robert Lewandowski,Gol,Asistencia de Raphinha,"Cuartos de Final vs Dortmund (Wednesday April 9, 2025)"
3644679072,"Wednesday April 9, 2025",Dortmund,4-0,Cuartos de Final,66,Robert Lewandowski,Gol,Asistencia de Fermin López,"Cuartos de Final vs Dortmund (Wednesday April 9, 2025)"
3644679072,"Wednesday April 9, 2025",Dortmund,4-0,Cuartos de Final,68,Salih Özcan,Sustitución,Entra al campo (Sale Felix Nmecha),"Cuartos de Final vs Dortmund (Wednesday April 9, 2025)"
3644679072,"Wednesday April 9, 2025",Dortmund,4-0,Cuartos de Final,68,Gio Reyna,Sustitución,Entra al campo (Sale Carney Chukwuemeka),"Cuartos de Final vs Dortmund (Wednesday April 9, 2025)"
3644679072,"Wednesday April 9, 2025",Dortmund,4-0,Cuartos de Final,74,Gavi,Sustitución,Entra al campo (Sale Fermin López),"Cuartos de Final vs Dortmund (Wednesday April 9, 2025)"
3644679072,"Wednesday April 9, 2025",Dortmund,4-0,Cuartos de Final,74,Serhou Guirassy,Tarjeta Amarilla,3:0  — Yellow Card,"Cuartos de Final vs Dortmund (Wednesday April 9, 2025)"
3644679072,"Wednesday April 9, 2025",Dortmund,4-0,Cuartos de Final,77,Lamine Yamal,Gol,Asistencia de Raphinha,"Cuartos de Final vs Dortmund (Wednesday April 9, 2025)"
3644679072,"Wednesday April 9, 2025",Dortmund,4-0,Cuartos de Final,79,Julien Duranville,Sustitución,Entra al campo (Sale Jamie Gittens),"Cuartos de Final vs Dortmund (Wednesday April 9, 2025)"
3644679072,"Wednesday April 9, 2025",Dortmund,4-0,Cuartos de Final,79,Niklas Süle,Sustitución,Entra al campo (Sale Julian Ryerson),"Cuartos de Final vs Dortmund (Wednesday April 9, 2025)"
3644679072,"Wednesday April 9, 2025",Dortmund,4-0,Cuartos de Final,81,Eric García,Sustitución,Entra al campo (Sale Pedri),"Cuartos de Final vs Dortmund (Wednesday April 9, 2025)"
3644679072,"Wednesday April 9, 2025",Dortmund,4-0,Cuartos de Final,81,Ronald Araújo,Sustitución,Entra al campo (Sale Iñigo Martínez),"Cuartos de Final vs Dortmund (Wednesday April 9, 2025)"
3644679072,"Wednesday April 9, 2025",Dortmund,4-0,Cuartos de Final,81,Ferrán Torres,Sustitución,Entra al campo (Sale Robert Lewandowski),"Cuartos de Final vs Dortmund (Wednesday April 9, 2025)"
3644679072,"Wednesday April 9, 2025",Dortmund,4-0,Cuartos de Final,86,Ansu Fati,Sustitución,Entra al campo (Sale Lamine Yamal),"Cuartos de Final vs Dortmund (Wednesday April 9, 2025)"
3348664141,"Tuesday September 29, 2009",Dynamo Kyiv,2-0,Fase de Grupos,26,Lionel Messi,Gol,Goal,"Fase de Grupos vs Dynamo Kyiv (Tuesday September 29, 2009)"
3348664141,"Tuesday September 29, 2009",Dynamo Kyiv,2-0,Fase de Grupos,37,Gérson Magrão,Tarjeta Amarilla,1:0  — Yellow Card,"Fase de Grupos vs Dynamo Kyiv (Tuesday September 29, 2009)"
3348664141,"Tuesday September 29, 2009",Dynamo Kyiv,2-0,Fase de Grupos,46,Pedro,Sustitución,Entra al campo (Sale Andrés Iniesta),"Fase de Grupos vs Dynamo Kyiv (Tuesday September 29, 2009)"
3348664141,"Tuesday September 29, 2009",Dynamo Kyiv,2-0,Fase de Grupos,46,Tiberiu Ghioane,Sustitución,Entra al campo (Sale Ayila Yussuf),"Fase de Grupos vs Dynamo Kyiv (Tuesday September 29, 2009)"
3348664141,"Tuesday September 29, 2009",Dynamo Kyiv,2-0,Fase de Grupos,55,Leandro Almeida Silva,Tarjeta Amarilla,1:0  — Yellow Card,"Fase de Grupos vs Dynamo Kyiv (Tuesday September 29, 2009)"
3348664141,"Tuesday September 29, 2009",Dynamo Kyiv,2-0,Fase de Grupos,68,Sergio Busquets,Sustitución,Entra al campo (Sale Yaya Touré),"Fase de Grupos vs Dynamo Kyiv (Tuesday September 29, 2009)"
3348664141,"Tuesday September 29, 2009",Dynamo Kyiv,2-0,Fase de Grupos,73,Betão,Sustitución,Entra al campo (Sale Gérson Magrão),"Fase de Grupos vs Dynamo Kyiv (Tuesday September 29, 2009)"
3348664141,"Tuesday September 29, 2009",Dynamo Kyiv,2-0,Fase de Grupos,76,Pedro,Gol,Goal,"Fase de Grupos vs Dynamo Kyiv (Tuesday September 29, 2009)"
3348664141,"Tuesday September 29, 2009",Dynamo Kyiv,2-0,Fase de Grupos,85,Jeffrén Suárez,Sustitución,Entra al campo (Sale Zlatan Ibrahimović),"Fase de Grupos vs Dynamo Kyiv (Tuesday September 29, 2009)"
3348664141,"Tuesday September 29, 2009",Dynamo Kyiv,2-0,Fase de Grupos,86,Miloš Ninković,Sustitución,Entra al campo (Sale Oleh Husyev),"Fase de Grupos vs Dynamo Kyiv (Tuesday September 29, 2009)"
2666450370,"Tuesday November 24, 2009",Internazionale,2-0,Fase de Grupos,10,Gerard Piqué,Gol,Goal,"Fase de Grupos vs Internazionale (Tuesday November 24, 2009)"
2666450370,"Tuesday November 24, 2009",Internazionale,2-0,Fase de Grupos,18,Thiago Motta,Tarjeta Amarilla,1:0  — Yellow Card,"Fase de Grupos vs Internazionale (Tuesday November 24, 2009)"
2666450370,"Tuesday November 24, 2009",Internazionale,2-0,Fase de Grupos,26,Pedro,Gol,Goal,"Fase de Grupos vs Internazionale (Tuesday November 24, 2009)"
2666450370,"Tuesday November 24, 2009",Internazionale,2-0,Fase de Grupos,34,Carles Puyol,Tarjeta Amarilla,2:0  — Yellow Card,"Fase de Grupos vs Internazionale (Tuesday November 24, 2009)"
2666450370,"Tuesday November 24, 2009",Internazionale,2-0,Fase de Grupos,46,Sulley Muntari,Sustitución,Entra al campo (Sale Esteban Cambiasso),"Fase de Grupos vs Internazionale (Tuesday November 24, 2009)"
2666450370,"Tuesday November 24, 2009",Internazionale,2-0,Fase de Grupos,50,Pedro,Tarjeta Amarilla,2:0  — Yellow Card,"Fase de Grupos vs Internazionale (Tuesday November 24, 2009)"
2666450370,"Tuesday November 24, 2009",Internazionale,2-0,Fase de Grupos,71,Mario Balotelli,Sustitución,Entra al campo (Sale Dejan Stanković),"Fase de Grupos vs Internazionale (Tuesday November 24, 2009)"
2666450370,"Tuesday November 24, 2009",Internazionale,2-0,Fase de Grupos,80,Cristian Chivu,Tarjeta Amarilla,2:0  — Yellow Card,"Fase de Grupos vs Internazionale (Tuesday November 24, 2009)"
2666450370,"Tuesday November 24, 2009",Internazionale,2-0,Fase de Grupos,81,Ricardo Quaresma,Tarjeta Amarilla,2:0  for Diego Milito — Substitute,"Fase de Grupos vs Internazionale (Tuesday November 24, 2009)"
2666450370,"Tuesday November 24, 2009",Internazionale,2-0,Fase de Grupos,85,Bojan Krkić,Sustitución,Entra al campo (Sale Pedro),"Fase de Grupos vs Internazionale (Tuesday November 24, 2009)"
2666450370,"Tuesday November 24, 2009",Internazionale,2-0,Fase de Grupos,89,Maxwell,Sustitución,Entra al campo (Sale Éric Abidal),"Fase de Grupos vs Internazionale (Tuesday November 24, 2009)"
2666450370,"Tuesday November 24, 2009",Internazionale,2-0,Fase de Grupos,89,Javier Zanetti,Tarjeta Amarilla,2:0  — Yellow Card,"Fase de Grupos vs Internazionale (Tuesday November 24, 2009)"
2666450370,"Tuesday November 24, 2009",Internazionale,2-0,Fase de Grupos,90+4,Jonathan dos Santos,Sustitución,Entra al campo (Sale Andrés Iniesta),"Fase de Grupos vs Internazionale (Tuesday November 24, 2009)"
4128204904,"Wednesday April 28, 2010",Internazionale,1-0,Semifinales,10,Thiago Motta,Tarjeta Amarilla,0:0  — Yellow Card,"Semifinales vs Internazionale (Wednesday April 28, 2010)"
4128204904,"Wednesday April 28, 2010",Internazionale,1-0,Semifinales,27,Pedro,Tarjeta Amarilla,0:0  — Yellow Card,"Semifinales vs Internazionale (Wednesday April 28, 2010)"
4128204904,"Wednesday April 28, 2010",Internazionale,1-0,Semifinales,28,Thiago Motta,Tarjeta Roja,0:0  — Red Card,"Semifinales vs Internazionale (Wednesday April 28, 2010)"
4128204904,"Wednesday April 28, 2010",Internazionale,1-0,Semifinales,34,Júlio César,Tarjeta Amarilla,0:0  — Yellow Card,"Semifinales vs Internazionale (Wednesday April 28, 2010)"
4128204904,"Wednesday April 28, 2010",Internazionale,1-0,Semifinales,43,Cristian Chivu,Tarjeta Amarilla,0:0  — Yellow Card,"Semifinales vs Internazionale (Wednesday April 28, 2010)"
4128204904,"Wednesday April 28, 2010",Internazionale,1-0,Semifinales,46,Maxwell,Sustitución,Entra al campo (Sale Gabriel Milito),"Semifinales vs Internazionale (Wednesday April 28, 2010)"
4128204904,"Wednesday April 28, 2010",Internazionale,1-0,Semifinales,63,Jeffrén Suárez,Sustitución,Entra al campo (Sale Sergio Busquets),"Semifinales vs Internazionale (Wednesday April 28, 2010)"
4128204904,"Wednesday April 28, 2010",Internazionale,1-0,Semifinales,63,Bojan Krkić,Sustitución,Entra al campo (Sale Zlatan Ibrahimović),"Semifinales vs Internazionale (Wednesday April 28, 2010)"
4128204904,"Wednesday April 28, 2010",Internazionale,1-0,Semifinales,66,Sulley Muntari,Sustitución,Entra al campo (Sale Wesley Sneijder),"Semifinales vs Internazionale (Wednesday April 28, 2010)"
4128204904,"Wednesday April 28, 2010",Internazionale,1-0,Semifinales,81,Iván Córdoba,Sustitución,Entra al campo (Sale Diego Milito),"Semifinales vs Internazionale (Wednesday April 28, 2010)"
4128204904,"Wednesday April 28, 2010",Internazionale,1-0,Semifinales,82,Lúcio,Tarjeta Amarilla,0:0  — Yellow Card,"Semifinales vs Internazionale (Wednesday April 28, 2010)"
4128204904,"Wednesday April 28, 2010",Internazionale,1-0,Semifinales,82,Sulley Muntari,Tarjeta Amarilla,0:0  — Yellow Card,"Semifinales vs Internazionale (Wednesday April 28, 2010)"
4128204904,"Wednesday April 28, 2010",Internazionale,1-0,Semifinales,84,Gerard Piqué,Gol,Goal,"Semifinales vs Internazionale (Wednesday April 28, 2010)"
4128204904,"Wednesday April 28, 2010",Internazionale,1-0,Semifinales,86,McDonald Mariga,Sustitución,Entra al campo (Sale Samuel Eto'o),"Semifinales vs Internazionale (Wednesday April 28, 2010)"
4261159470,"Wednesday April 30, 2025",Internazionale,3-3,Semifinales,1,Marcus Thuram,Gol,Asistencia de Denzel Dumfries,"Semifinales vs Internazionale (Wednesday April 30, 2025)"
4261159470,"Wednesday April 30, 2025",Internazionale,3-3,Semifinales,21,Denzel Dumfries,Gol,Asistencia de Francesco Acerbi,"Semifinales vs Internazionale (Wednesday April 30, 2025)"
4261159470,"Wednesday April 30, 2025",Internazionale,3-3,Semifinales,24,Lamine Yamal,Gol,Goal,"Semifinales vs Internazionale (Wednesday April 30, 2025)"
4261159470,"Wednesday April 30, 2025",Internazionale,3-3,Semifinales,38,Ferrán Torres,Gol,Asistencia de Raphinha,"Semifinales vs Internazionale (Wednesday April 30, 2025)"
4261159470,"Wednesday April 30, 2025",Internazionale,3-3,Semifinales,42,Eric García,Sustitución,Entra al campo (Sale Jules Koundé),"Semifinales vs Internazionale (Wednesday April 30, 2025)"
4261159470,"Wednesday April 30, 2025",Internazionale,3-3,Semifinales,46,Ronald Araújo,Sustitución,Entra al campo (Sale Gerard Martín),"Semifinales vs Internazionale (Wednesday April 30, 2025)"
4261159470,"Wednesday April 30, 2025",Internazionale,3-3,Semifinales,46,Mehdi Taremi,Sustitución,Entra al campo (Sale Lautaro Martínez),"Semifinales vs Internazionale (Wednesday April 30, 2025)"
4261159470,"Wednesday April 30, 2025",Internazionale,3-3,Semifinales,56,Carlos Augusto,Sustitución,Entra al campo (Sale Federico Dimarco),"Semifinales vs Internazionale (Wednesday April 30, 2025)"
4261159470,"Wednesday April 30, 2025",Internazionale,3-3,Semifinales,59,Hakan Çalhanoğlu,Tarjeta Amarilla,2:2  — Yellow Card,"Semifinales vs Internazionale (Wednesday April 30, 2025)"
4261159470,"Wednesday April 30, 2025",Internazionale,3-3,Semifinales,63,Denzel Dumfries,Gol,Asistencia de Hakan Çalhanoğlu,"Semifinales vs Internazionale (Wednesday April 30, 2025)"
4261159470,"Wednesday April 30, 2025",Internazionale,3-3,Semifinales,65,Yann Sommer,Gol,Own Goal  Goal,"Semifinales vs Internazionale (Wednesday April 30, 2025)"
4261159470,"Wednesday April 30, 2025",Internazionale,3-3,Semifinales,68,Fermin López,Sustitución,Entra al campo (Sale Dani Olmo),"Semifinales vs Internazionale (Wednesday April 30, 2025)"
4261159470,"Wednesday April 30, 2025",Internazionale,3-3,Semifinales,70,Pau Cubarsí,Tarjeta Amarilla,3:3  — Yellow Card,"Semifinales vs Internazionale (Wednesday April 30, 2025)"
4261159470,"Wednesday April 30, 2025",Internazionale,3-3,Semifinales,71,Davide Frattesi,Sustitución,Entra al campo (Sale Hakan Çalhanoğlu),"Semifinales vs Internazionale (Wednesday April 30, 2025)"
4261159470,"Wednesday April 30, 2025",Internazionale,3-3,Semifinales,81,Matteo Darmian,Sustitución,Entra al campo (Sale Denzel Dumfries),"Semifinales vs Internazionale (Wednesday April 30, 2025)"
4261159470,"Wednesday April 30, 2025",Internazionale,3-3,Semifinales,81,Piotr Zieliński,Sustitución,Entra al campo (Sale Marcus Thuram),"Semifinales vs Internazionale (Wednesday April 30, 2025)"
4261159470,"Wednesday April 30, 2025",Internazionale,3-3,Semifinales,83,Andreas Christensen,Sustitución,Entra al campo (Sale Pau Cubarsí),"Semifinales vs Internazionale (Wednesday April 30, 2025)"
4261159470,"Wednesday April 30, 2025",Internazionale,3-3,Semifinales,83,Gavi,Sustitución,Entra al campo (Sale Pedri),"Semifinales vs Internazionale (Wednesday April 30, 2025)"
3695035955,"Wednesday October 24, 2018",Internazionale,2-0,Fase de Grupos,32,Rafinha,Gol,Asistencia de Luis Suárez,"Fase de Grupos vs Internazionale (Wednesday October 24, 2018)"
3695035955,"Wednesday October 24, 2018",Internazionale,2-0,Fase de Grupos,46,Matteo Politano,Sustitución,Entra al campo (Sale Antonio Candreva),"Fase de Grupos vs Internazionale (Wednesday October 24, 2018)"
3695035955,"Wednesday October 24, 2018",Internazionale,2-0,Fase de Grupos,62,Luis Suárez,Tarjeta Amarilla,1:0  — Yellow Card,"Fase de Grupos vs Internazionale (Wednesday October 24, 2018)"
3695035955,"Wednesday October 24, 2018",Internazionale,2-0,Fase de Grupos,63,Lautaro Martínez,Sustitución,Entra al campo (Sale Borja Valero),"Fase de Grupos vs Internazionale (Wednesday October 24, 2018)"
3695035955,"Wednesday October 24, 2018",Internazionale,2-0,Fase de Grupos,72,Nélson Semedo,Sustitución,Entra al campo (Sale Rafinha),"Fase de Grupos vs Internazionale (Wednesday October 24, 2018)"
3695035955,"Wednesday October 24, 2018",Internazionale,2-0,Fase de Grupos,73,Marcelo Brozović,Tarjeta Amarilla,1:0  — Yellow Card,"Fase de Grupos vs Internazionale (Wednesday October 24, 2018)"
3695035955,"Wednesday October 24, 2018",Internazionale,2-0,Fase de Grupos,74,Milan Škriniar,Tarjeta Amarilla,1:0  — Yellow Card,"Fase de Grupos vs Internazionale (Wednesday October 24, 2018)"
3695035955,"Wednesday October 24, 2018",Internazionale,2-0,Fase de Grupos,77,Keita Baldé,Sustitución,Entra al campo (Sale Ivan Perišić),"Fase de Grupos vs Internazionale (Wednesday October 24, 2018)"
3695035955,"Wednesday October 24, 2018",Internazionale,2-0,Fase de Grupos,78,Arturo Vidal,Sustitución,Entra al campo (Sale Arthur Melo),"Fase de Grupos vs Internazionale (Wednesday October 24, 2018)"
3695035955,"Wednesday October 24, 2018",Internazionale,2-0,Fase de Grupos,83,Jordi Alba,Gol,Asistencia de Ivan Rakitić,"Fase de Grupos vs Internazionale (Wednesday October 24, 2018)"
3695035955,"Wednesday October 24, 2018",Internazionale,2-0,Fase de Grupos,85,Lautaro Martínez,Tarjeta Amarilla,2:0  — Yellow Card,"Fase de Grupos vs Internazionale (Wednesday October 24, 2018)"
3695035955,"Wednesday October 24, 2018",Internazionale,2-0,Fase de Grupos,88,Munir El Haddadi,Sustitución,Entra al campo (Sale Philippe Coutinho),"Fase de Grupos vs Internazionale (Wednesday October 24, 2018)"
2272297403,"Wednesday March 7, 2012",Leverkusen,7-1,Octavos de Final,12,Simon Rolfes,Tarjeta Amarilla,0:0  — Yellow Card,"Octavos de Final vs Leverkusen (Wednesday March 7, 2012)"
2272297403,"Wednesday March 7, 2012",Leverkusen,7-1,Octavos de Final,25,Lionel Messi,Gol,Goal,"Octavos de Final vs Leverkusen (Wednesday March 7, 2012)"
2272297403,"Wednesday March 7, 2012",Leverkusen,7-1,Octavos de Final,42,Lionel Messi,Gol,Goal,"Octavos de Final vs Leverkusen (Wednesday March 7, 2012)"
2272297403,"Wednesday March 7, 2012",Leverkusen,7-1,Octavos de Final,45,Gonzalo Castro,Tarjeta Amarilla,2:0  — Yellow Card,"Octavos de Final vs Leverkusen (Wednesday March 7, 2012)"
2272297403,"Wednesday March 7, 2012",Leverkusen,7-1,Octavos de Final,49,Lionel Messi,Gol,Goal,"Octavos de Final vs Leverkusen (Wednesday March 7, 2012)"
2272297403,"Wednesday March 7, 2012",Leverkusen,7-1,Octavos de Final,53,Cristian Tello,Sustitución,Entra al campo (Sale Andrés Iniesta),"Octavos de Final vs Leverkusen (Wednesday March 7, 2012)"
2272297403,"Wednesday March 7, 2012",Leverkusen,7-1,Octavos de Final,54,Seydou Keita,Sustitución,Entra al campo (Sale Xavi),"Octavos de Final vs Leverkusen (Wednesday March 7, 2012)"
2272297403,"Wednesday March 7, 2012",Leverkusen,7-1,Octavos de Final,55,André Schürrle,Sustitución,Entra al campo (Sale Lars Bender),"Octavos de Final vs Leverkusen (Wednesday March 7, 2012)"
2272297403,"Wednesday March 7, 2012",Leverkusen,7-1,Octavos de Final,55,Karim Bellarabi,Sustitución,Entra al campo (Sale Eren Derdiyok),"Octavos de Final vs Leverkusen (Wednesday March 7, 2012)"
2272297403,"Wednesday March 7, 2012",Leverkusen,7-1,Octavos de Final,55,Cristian Tello,Gol,Goal,"Octavos de Final vs Leverkusen (Wednesday March 7, 2012)"
2272297403,"Wednesday March 7, 2012",Leverkusen,7-1,Octavos de Final,58,Lionel Messi,Gol,Goal,"Octavos de Final vs Leverkusen (Wednesday March 7, 2012)"
2272297403,"Wednesday March 7, 2012",Leverkusen,7-1,Octavos de Final,62,Cristian Tello,Gol,Goal,"Octavos de Final vs Leverkusen (Wednesday March 7, 2012)"
2272297403,"Wednesday March 7, 2012",Leverkusen,7-1,Octavos de Final,63,Marc Muniesa,Sustitución,Entra al campo (Sale Adriano),"Octavos de Final vs Leverkusen (Wednesday March 7, 2012)"
2272297403,"Wednesday March 7, 2012",Leverkusen,7-1,Octavos de Final,67,Bastian Oczipka,Sustitución,Entra al campo (Sale Renato Augusto),"Octavos de Final vs Leverkusen (Wednesday March 7, 2012)"
2272297403,"Wednesday March 7, 2012",Leverkusen,7-1,Octavos de Final,84,Lionel Messi,Gol,Goal,"Octavos de Final vs Leverkusen (Wednesday March 7, 2012)"
2272297403,"Wednesday March 7, 2012",Leverkusen,7-1,Octavos de Final,90+1,Karim Bellarabi,Gol,Goal,"Octavos de Final vs Leverkusen (Wednesday March 7, 2012)"
301968115,"Wednesday May 1, 2019",Liverpool,3-0,Semifinales,24,Jordan Henderson,Sustitución,Entra al campo (Sale Naby Keïta),"Semifinales vs Liverpool (Wednesday May 1, 2019)"
301968115,"Wednesday May 1, 2019",Liverpool,3-0,Semifinales,26,Luis Suárez,Gol,Asistencia de Jordi Alba,"Semifinales vs Liverpool (Wednesday May 1, 2019)"
301968115,"Wednesday May 1, 2019",Liverpool,3-0,Semifinales,39,Clément Lenglet,Tarjeta Amarilla,1:0  — Yellow Card,"Semifinales vs Liverpool (Wednesday May 1, 2019)"
301968115,"Wednesday May 1, 2019",Liverpool,3-0,Semifinales,60,Nélson Semedo,Sustitución,Entra al campo (Sale Philippe Coutinho),"Semifinales vs Liverpool (Wednesday May 1, 2019)"
301968115,"Wednesday May 1, 2019",Liverpool,3-0,Semifinales,75,Lionel Messi,Gol,Asistencia de Luis Suárez,"Semifinales vs Liverpool (Wednesday May 1, 2019)"
301968115,"Wednesday May 1, 2019",Liverpool,3-0,Semifinales,78,Roberto Firmino,Sustitución,Entra al campo (Sale Georginio Wijnaldum),"Semifinales vs Liverpool (Wednesday May 1, 2019)"
301968115,"Wednesday May 1, 2019",Liverpool,3-0,Semifinales,81,Luis Suárez,Tarjeta Amarilla,2:0  — Yellow Card,"Semifinales vs Liverpool (Wednesday May 1, 2019)"
301968115,"Wednesday May 1, 2019",Liverpool,3-0,Semifinales,81,Fabinho,Tarjeta Amarilla,2:0  — Yellow Card,"Semifinales vs Liverpool (Wednesday May 1, 2019)"
301968115,"Wednesday May 1, 2019",Liverpool,3-0,Semifinales,82,Lionel Messi,Gol,Goal,"Semifinales vs Liverpool (Wednesday May 1, 2019)"
301968115,"Wednesday May 1, 2019",Liverpool,3-0,Semifinales,85,Divock Origi,Sustitución,Entra al campo (Sale James Milner),"Semifinales vs Liverpool (Wednesday May 1, 2019)"
301968115,"Wednesday May 1, 2019",Liverpool,3-0,Semifinales,86,Jordi Alba,Tarjeta Amarilla,3:0  — Yellow Card,"Semifinales vs Liverpool (Wednesday May 1, 2019)"
301968115,"Wednesday May 1, 2019",Liverpool,3-0,Semifinales,90+3,Ousmane Dembélé,Sustitución,Entra al campo (Sale Luis Suárez),"Semifinales vs Liverpool (Wednesday May 1, 2019)"
301968115,"Wednesday May 1, 2019",Liverpool,3-0,Semifinales,90+3,Carles Aleñá,Sustitución,Entra al campo (Sale Sergi Roberto),"Semifinales vs Liverpool (Wednesday May 1, 2019)"
1133375982,"Wednesday March 13, 2019",Lyon,5-1,Octavos de Final,18,Lionel Messi,Gol,De Penalti,"Octavos de Final vs Lyon (Wednesday March 13, 2019)"
1133375982,"Wednesday March 13, 2019",Lyon,5-1,Octavos de Final,31,Philippe Coutinho,Gol,Asistencia de Luis Suárez,"Octavos de Final vs Lyon (Wednesday March 13, 2019)"
1133375982,"Wednesday March 13, 2019",Lyon,5-1,Octavos de Final,33,Fernando Marçal,Tarjeta Amarilla,2:0  — Yellow Card,"Octavos de Final vs Lyon (Wednesday March 13, 2019)"
1133375982,"Wednesday March 13, 2019",Lyon,5-1,Octavos de Final,34,Mathieu Gorgelin,Sustitución,Entra al campo (Sale Anthony Lopes),"Octavos de Final vs Lyon (Wednesday March 13, 2019)"
1133375982,"Wednesday March 13, 2019",Lyon,5-1,Octavos de Final,45+4,Moussa Dembélé,Tarjeta Amarilla,2:0  — Yellow Card,"Octavos de Final vs Lyon (Wednesday March 13, 2019)"
1133375982,"Wednesday March 13, 2019",Lyon,5-1,Octavos de Final,49,Clément Lenglet,Tarjeta Amarilla,2:0  — Yellow Card,"Octavos de Final vs Lyon (Wednesday March 13, 2019)"
1133375982,"Wednesday March 13, 2019",Lyon,5-1,Octavos de Final,58,Lucas Tousart,Gol,Goal,"Octavos de Final vs Lyon (Wednesday March 13, 2019)"
1133375982,"Wednesday March 13, 2019",Lyon,5-1,Octavos de Final,70,Ousmane Dembélé,Sustitución,Entra al campo (Sale Philippe Coutinho),"Octavos de Final vs Lyon (Wednesday March 13, 2019)"
1133375982,"Wednesday March 13, 2019",Lyon,5-1,Octavos de Final,73,Bertrand Traoré,Sustitución,Entra al campo (Sale Memphis),"Octavos de Final vs Lyon (Wednesday March 13, 2019)"
1133375982,"Wednesday March 13, 2019",Lyon,5-1,Octavos de Final,74,Arturo Vidal,Sustitución,Entra al campo (Sale Arthur Melo),"Octavos de Final vs Lyon (Wednesday March 13, 2019)"
1133375982,"Wednesday March 13, 2019",Lyon,5-1,Octavos de Final,77,Maxwel Cornet,Sustitución,Entra al campo (Sale Ferland Mendy),"Octavos de Final vs Lyon (Wednesday March 13, 2019)"
1133375982,"Wednesday March 13, 2019",Lyon,5-1,Octavos de Final,78,Lionel Messi,Gol,Goal,"Octavos de Final vs Lyon (Wednesday March 13, 2019)"
1133375982,"Wednesday March 13, 2019",Lyon,5-1,Octavos de Final,81,Gerard Piqué,Gol,Asistencia de Lionel Messi,"Octavos de Final vs Lyon (Wednesday March 13, 2019)"
1133375982,"Wednesday March 13, 2019",Lyon,5-1,Octavos de Final,83,Nélson Semedo,Sustitución,Entra al campo (Sale Sergi Roberto),"Octavos de Final vs Lyon (Wednesday March 13, 2019)"
1133375982,"Wednesday March 13, 2019",Lyon,5-1,Octavos de Final,86,Ousmane Dembélé,Gol,Asistencia de Lionel Messi,"Octavos de Final vs Lyon (Wednesday March 13, 2019)"
2947926159,"Wednesday September 19, 2007",Lyon,3-0,Fase de Grupos,21,François Clerc,Gol,Own Goal,"Fase de Grupos vs Lyon (Wednesday September 19, 2007)"
2947926159,"Wednesday September 19, 2007",Lyon,3-0,Fase de Grupos,33,Yaya Touré,Tarjeta Amarilla,1:0  — Yellow Card,"Fase de Grupos vs Lyon (Wednesday September 19, 2007)"
2947926159,"Wednesday September 19, 2007",Lyon,3-0,Fase de Grupos,62,Milan Baroš,Sustitución,Entra al campo (Sale Nadir Belhadj),"Fase de Grupos vs Lyon (Wednesday September 19, 2007)"
2947926159,"Wednesday September 19, 2007",Lyon,3-0,Fase de Grupos,66,Andrés Iniesta,Sustitución,Entra al campo (Sale Ronaldinho),"Fase de Grupos vs Lyon (Wednesday September 19, 2007)"
2947926159,"Wednesday September 19, 2007",Lyon,3-0,Fase de Grupos,71,Thierry Henry,Tarjeta Amarilla,1:0  — Yellow Card,"Fase de Grupos vs Lyon (Wednesday September 19, 2007)"
2947926159,"Wednesday September 19, 2007",Lyon,3-0,Fase de Grupos,76,Hatem Ben Arfa,Sustitución,Entra al campo (Sale Karim Benzema),"Fase de Grupos vs Lyon (Wednesday September 19, 2007)"
2947926159,"Wednesday September 19, 2007",Lyon,3-0,Fase de Grupos,79,Giovani dos Santos,Sustitución,Entra al campo (Sale Xavi),"Fase de Grupos vs Lyon (Wednesday September 19, 2007)"
2947926159,"Wednesday September 19, 2007",Lyon,3-0,Fase de Grupos,82,Lionel Messi,Gol,Goal,"Fase de Grupos vs Lyon (Wednesday September 19, 2007)"
2947926159,"Wednesday September 19, 2007",Lyon,3-0,Fase de Grupos,83,Abdul Kader Keïta,Sustitución,Entra al campo (Sale Kim Källström),"Fase de Grupos vs Lyon (Wednesday September 19, 2007)"
2947926159,"Wednesday September 19, 2007",Lyon,3-0,Fase de Grupos,88,Bojan Krkić,Sustitución,Entra al campo (Sale Lionel Messi),"Fase de Grupos vs Lyon (Wednesday September 19, 2007)"
2947926159,"Wednesday September 19, 2007",Lyon,3-0,Fase de Grupos,90+1,Thierry Henry,Gol,Goal,"Fase de Grupos vs Lyon (Wednesday September 19, 2007)"
579903398,"Tuesday April 16, 2019",Manchester United,3-0,Cuartos de Final,16,Lionel Messi,Gol,Goal,"Cuartos de Final vs Manchester United (Tuesday April 16, 2019)"
579903398,"Tuesday April 16, 2019",Manchester United,3-0,Cuartos de Final,20,Lionel Messi,Gol,Goal,"Cuartos de Final vs Manchester United (Tuesday April 16, 2019)"
579903398,"Tuesday April 16, 2019",Manchester United,3-0,Cuartos de Final,61,Philippe Coutinho,Gol,Asistencia de Jordi Alba,"Cuartos de Final vs Manchester United (Tuesday April 16, 2019)"
579903398,"Tuesday April 16, 2019",Manchester United,3-0,Cuartos de Final,65,Diogo Dalot,Sustitución,Entra al campo (Sale Anthony Martial),"Cuartos de Final vs Manchester United (Tuesday April 16, 2019)"
579903398,"Tuesday April 16, 2019",Manchester United,3-0,Cuartos de Final,71,Nélson Semedo,Sustitución,Entra al campo (Sale Sergi Roberto),"Cuartos de Final vs Manchester United (Tuesday April 16, 2019)"
579903398,"Tuesday April 16, 2019",Manchester United,3-0,Cuartos de Final,73,Romelu Lukaku,Sustitución,Entra al campo (Sale Marcus Rashford),"Cuartos de Final vs Manchester United (Tuesday April 16, 2019)"
579903398,"Tuesday April 16, 2019",Manchester United,3-0,Cuartos de Final,75,Arturo Vidal,Sustitución,Entra al campo (Sale Arthur Melo),"Cuartos de Final vs Manchester United (Tuesday April 16, 2019)"
579903398,"Tuesday April 16, 2019",Manchester United,3-0,Cuartos de Final,77,Luis Suárez,Tarjeta Amarilla,3:0  — Yellow Card,"Cuartos de Final vs Manchester United (Tuesday April 16, 2019)"
579903398,"Tuesday April 16, 2019",Manchester United,3-0,Cuartos de Final,80,Alexis Sánchez,Sustitución,Entra al campo (Sale Jesse Lingard),"Cuartos de Final vs Manchester United (Tuesday April 16, 2019)"
579903398,"Tuesday April 16, 2019",Manchester United,3-0,Cuartos de Final,81,Ousmane Dembélé,Sustitución,Entra al campo (Sale Philippe Coutinho),"Cuartos de Final vs Manchester United (Tuesday April 16, 2019)"
2063922866,"Wednesday April 23, 2008",Manchester United,0-0,Semifinales,44,Rafael Márquez,Tarjeta Amarilla,0:0  — Yellow Card,"Semifinales vs Manchester United (Wednesday April 23, 2008)"
2063922866,"Wednesday April 23, 2008",Manchester United,0-0,Semifinales,62,Bojan Krkić,Sustitución,Entra al campo (Sale Lionel Messi),"Semifinales vs Manchester United (Wednesday April 23, 2008)"
2063922866,"Wednesday April 23, 2008",Manchester United,0-0,Semifinales,73,Owen Hargreaves,Tarjeta Amarilla,0:0  — Yellow Card,"Semifinales vs Manchester United (Wednesday April 23, 2008)"
2063922866,"Wednesday April 23, 2008",Manchester United,0-0,Semifinales,76,Nani,Sustitución,Entra al campo (Sale Wayne Rooney),"Semifinales vs Manchester United (Wednesday April 23, 2008)"
2063922866,"Wednesday April 23, 2008",Manchester United,0-0,Semifinales,77,Thierry Henry,Sustitución,Entra al campo (Sale Deco),"Semifinales vs Manchester United (Wednesday April 23, 2008)"
2063922866,"Wednesday April 23, 2008",Manchester United,0-0,Semifinales,85,Ryan Giggs,Sustitución,Entra al campo (Sale Carlos Tevez),"Semifinales vs Manchester United (Wednesday April 23, 2008)"
2406645602,"Tuesday April 3, 2012",Milan,3-1,Cuartos de Final,10,Luca Antonini,Tarjeta Amarilla,0:0  — Yellow Card,"Cuartos de Final vs Milan (Tuesday April 3, 2012)"
2406645602,"Tuesday April 3, 2012",Milan,3-1,Cuartos de Final,11,Lionel Messi,Gol,De Penalti,"Cuartos de Final vs Milan (Tuesday April 3, 2012)"
2406645602,"Tuesday April 3, 2012",Milan,3-1,Cuartos de Final,32,Antonio Nocerino,Gol,Goal,"Cuartos de Final vs Milan (Tuesday April 3, 2012)"
2406645602,"Tuesday April 3, 2012",Milan,3-1,Cuartos de Final,40,Alessandro Nesta,Tarjeta Amarilla,1:1  — Yellow Card,"Cuartos de Final vs Milan (Tuesday April 3, 2012)"
2406645602,"Tuesday April 3, 2012",Milan,3-1,Cuartos de Final,41,Lionel Messi,Gol,De Penalti,"Cuartos de Final vs Milan (Tuesday April 3, 2012)"
2406645602,"Tuesday April 3, 2012",Milan,3-1,Cuartos de Final,41,Clarence Seedorf,Tarjeta Amarilla,2:1  — Yellow Card,"Cuartos de Final vs Milan (Tuesday April 3, 2012)"
2406645602,"Tuesday April 3, 2012",Milan,3-1,Cuartos de Final,53,Andrés Iniesta,Gol,Goal,"Cuartos de Final vs Milan (Tuesday April 3, 2012)"
2406645602,"Tuesday April 3, 2012",Milan,3-1,Cuartos de Final,61,Alberto Aquilani,Sustitución,Entra al campo (Sale Clarence Seedorf),"Cuartos de Final vs Milan (Tuesday April 3, 2012)"
2406645602,"Tuesday April 3, 2012",Milan,3-1,Cuartos de Final,63,Thiago Alcántara,Sustitución,Entra al campo (Sale Xavi),"Cuartos de Final vs Milan (Tuesday April 3, 2012)"
2406645602,"Tuesday April 3, 2012",Milan,3-1,Cuartos de Final,66,Javier Mascherano,Tarjeta Amarilla,3:1  — Yellow Card,"Cuartos de Final vs Milan (Tuesday April 3, 2012)"
2406645602,"Tuesday April 3, 2012",Milan,3-1,Cuartos de Final,69,Alexandre Pato,Sustitución,Entra al campo (Sale Kevin-Prince Boateng),"Cuartos de Final vs Milan (Tuesday April 3, 2012)"
2406645602,"Tuesday April 3, 2012",Milan,3-1,Cuartos de Final,75,Adriano,Sustitución,Entra al campo (Sale Gerard Piqué),"Cuartos de Final vs Milan (Tuesday April 3, 2012)"
2406645602,"Tuesday April 3, 2012",Milan,3-1,Cuartos de Final,77,Robinho,Tarjeta Amarilla,3:1  — Yellow Card,"Cuartos de Final vs Milan (Tuesday April 3, 2012)"
2406645602,"Tuesday April 3, 2012",Milan,3-1,Cuartos de Final,78,Seydou Keita,Sustitución,Entra al campo (Sale Cesc Fàbregas),"Cuartos de Final vs Milan (Tuesday April 3, 2012)"
2406645602,"Tuesday April 3, 2012",Milan,3-1,Cuartos de Final,83,Maxi López,Sustitución,Entra al campo (Sale Alexandre Pato),"Cuartos de Final vs Milan (Tuesday April 3, 2012)"
2406645602,"Tuesday April 3, 2012",Milan,3-1,Cuartos de Final,86,Isaac Cuenca,Tarjeta Amarilla,3:1  — Yellow Card,"Cuartos de Final vs Milan (Tuesday April 3, 2012)"
2406645602,"Tuesday April 3, 2012",Milan,3-1,Cuartos de Final,90+1,Philippe Mexès,Tarjeta Amarilla,3:1  — Yellow Card,"Cuartos de Final vs Milan (Tuesday April 3, 2012)"
2406645602,"Tuesday April 3, 2012",Milan,3-1,Cuartos de Final,90+2,Maxi López,Tarjeta Amarilla,3:1  — Yellow Card,"Cuartos de Final vs Milan (Tuesday April 3, 2012)"
2406645602,"Tuesday April 3, 2012",Milan,3-1,Cuartos de Final,90+3,Antonio Nocerino,Tarjeta Amarilla,3:1  — Yellow Card,"Cuartos de Final vs Milan (Tuesday April 3, 2012)"
1702439428,"Tuesday March 12, 2013",Milan,4-0,Octavos de Final,5,Lionel Messi,Gol,Goal,"Octavos de Final vs Milan (Tuesday March 12, 2013)"
1702439428,"Tuesday March 12, 2013",Milan,4-0,Octavos de Final,22,Kevin-Prince Boateng,Tarjeta Amarilla,1:0  — Yellow Card,"Octavos de Final vs Milan (Tuesday March 12, 2013)"
1702439428,"Tuesday March 12, 2013",Milan,4-0,Octavos de Final,40,Lionel Messi,Gol,Goal,"Octavos de Final vs Milan (Tuesday March 12, 2013)"
1702439428,"Tuesday March 12, 2013",Milan,4-0,Octavos de Final,41,Pedro,Tarjeta Amarilla,2:0  — Yellow Card,"Octavos de Final vs Milan (Tuesday March 12, 2013)"
1702439428,"Tuesday March 12, 2013",Milan,4-0,Octavos de Final,46,Mathieu Flamini,Tarjeta Amarilla,2:0  — Yellow Card,"Octavos de Final vs Milan (Tuesday March 12, 2013)"
1702439428,"Tuesday March 12, 2013",Milan,4-0,Octavos de Final,54,Philippe Mexès,Tarjeta Amarilla,2:0  — Yellow Card,"Octavos de Final vs Milan (Tuesday March 12, 2013)"
1702439428,"Tuesday March 12, 2013",Milan,4-0,Octavos de Final,55,David Villa,Gol,Goal,"Octavos de Final vs Milan (Tuesday March 12, 2013)"
1702439428,"Tuesday March 12, 2013",Milan,4-0,Octavos de Final,60,Robinho,Sustitución,Entra al campo (Sale Massimo Ambrosini),"Octavos de Final vs Milan (Tuesday March 12, 2013)"
1702439428,"Tuesday March 12, 2013",Milan,4-0,Octavos de Final,60,Sulley Muntari,Sustitución,Entra al campo (Sale M'Baye Niang),"Octavos de Final vs Milan (Tuesday March 12, 2013)"
1702439428,"Tuesday March 12, 2013",Milan,4-0,Octavos de Final,74,Bojan Krkić,Sustitución,Entra al campo (Sale Mathieu Flamini),"Octavos de Final vs Milan (Tuesday March 12, 2013)"
1702439428,"Tuesday March 12, 2013",Milan,4-0,Octavos de Final,75,Alexis Sánchez,Sustitución,Entra al campo (Sale David Villa),"Octavos de Final vs Milan (Tuesday March 12, 2013)"
1702439428,"Tuesday March 12, 2013",Milan,4-0,Octavos de Final,77,Carles Puyol,Sustitución,Entra al campo (Sale Javier Mascherano),"Octavos de Final vs Milan (Tuesday March 12, 2013)"
1702439428,"Tuesday March 12, 2013",Milan,4-0,Octavos de Final,84,Adriano,Sustitución,Entra al campo (Sale Pedro),"Octavos de Final vs Milan (Tuesday March 12, 2013)"
1702439428,"Tuesday March 12, 2013",Milan,4-0,Octavos de Final,90+2,Jordi Alba,Gol,Goal,"Octavos de Final vs Milan (Tuesday March 12, 2013)"
2502649658,"Tuesday September 13, 2011",Milan,2-2,Fase de Grupos,1,Alexandre Pato,Gol,Goal,"Fase de Grupos vs Milan (Tuesday September 13, 2011)"
2502649658,"Tuesday September 13, 2011",Milan,2-2,Fase de Grupos,18,Mark van Bommel,Tarjeta Amarilla,0:1  — Yellow Card,"Fase de Grupos vs Milan (Tuesday September 13, 2011)"
2502649658,"Tuesday September 13, 2011",Milan,2-2,Fase de Grupos,33,Massimo Ambrosini,Sustitución,Entra al campo (Sale Kevin-Prince Boateng),"Fase de Grupos vs Milan (Tuesday September 13, 2011)"
2502649658,"Tuesday September 13, 2011",Milan,2-2,Fase de Grupos,36,Pedro,Gol,Goal,"Fase de Grupos vs Milan (Tuesday September 13, 2011)"
2502649658,"Tuesday September 13, 2011",Milan,2-2,Fase de Grupos,39,Cesc Fàbregas,Sustitución,Entra al campo (Sale Andrés Iniesta),"Fase de Grupos vs Milan (Tuesday September 13, 2011)"
2502649658,"Tuesday September 13, 2011",Milan,2-2,Fase de Grupos,50,David Villa,Gol,Goal,"Fase de Grupos vs Milan (Tuesday September 13, 2011)"
2502649658,"Tuesday September 13, 2011",Milan,2-2,Fase de Grupos,52,David Villa,Tarjeta Amarilla,2:1  — Yellow Card,"Fase de Grupos vs Milan (Tuesday September 13, 2011)"
2502649658,"Tuesday September 13, 2011",Milan,2-2,Fase de Grupos,57,Alessandro Nesta,Tarjeta Amarilla,2:1  — Yellow Card,"Fase de Grupos vs Milan (Tuesday September 13, 2011)"
2502649658,"Tuesday September 13, 2011",Milan,2-2,Fase de Grupos,62,Urby Emanuelson,Sustitución,Entra al campo (Sale Antonio Cassano),"Fase de Grupos vs Milan (Tuesday September 13, 2011)"
2502649658,"Tuesday September 13, 2011",Milan,2-2,Fase de Grupos,67,Carles Puyol,Sustitución,Entra al campo (Sale Seydou Keita),"Fase de Grupos vs Milan (Tuesday September 13, 2011)"
2502649658,"Tuesday September 13, 2011",Milan,2-2,Fase de Grupos,70,Dani Alves,Tarjeta Amarilla,2:1  — Yellow Card,"Fase de Grupos vs Milan (Tuesday September 13, 2011)"
2502649658,"Tuesday September 13, 2011",Milan,2-2,Fase de Grupos,78,Alberto Aquilani,Sustitución,Entra al campo (Sale Mark van Bommel),"Fase de Grupos vs Milan (Tuesday September 13, 2011)"
2502649658,"Tuesday September 13, 2011",Milan,2-2,Fase de Grupos,84,Ibrahim Afellay,Sustitución,Entra al campo (Sale David Villa),"Fase de Grupos vs Milan (Tuesday September 13, 2011)"
2502649658,"Tuesday September 13, 2011",Milan,2-2,Fase de Grupos,90+2,Carles Puyol,Tarjeta Amarilla,2:1  — Yellow Card,"Fase de Grupos vs Milan (Tuesday September 13, 2011)"
2502649658,"Tuesday September 13, 2011",Milan,2-2,Fase de Grupos,90+2,Thiago Silva,Gol,Goal,"Fase de Grupos vs Milan (Tuesday September 13, 2011)"
164556935,"Wednesday April 10, 2013",Paris Saint-Germain,1-1,Cuartos de Final,42,Adriano,Tarjeta Amarilla,0:0  — Yellow Card,"Cuartos de Final vs Paris Saint-Germain (Wednesday April 10, 2013)"
164556935,"Wednesday April 10, 2013",Paris Saint-Germain,1-1,Cuartos de Final,50,Javier Pastore,Gol,Goal,"Cuartos de Final vs Paris Saint-Germain (Wednesday April 10, 2013)"
164556935,"Wednesday April 10, 2013",Paris Saint-Germain,1-1,Cuartos de Final,62,Marc Bartra,Sustitución,Entra al campo (Sale Cesc Fàbregas),"Cuartos de Final vs Paris Saint-Germain (Wednesday April 10, 2013)"
164556935,"Wednesday April 10, 2013",Paris Saint-Germain,1-1,Cuartos de Final,62,Lionel Messi,Sustitución,Entra al campo (Sale Adriano),"Cuartos de Final vs Paris Saint-Germain (Wednesday April 10, 2013)"
164556935,"Wednesday April 10, 2013",Paris Saint-Germain,1-1,Cuartos de Final,71,Pedro,Gol,Goal,"Cuartos de Final vs Paris Saint-Germain (Wednesday April 10, 2013)"
164556935,"Wednesday April 10, 2013",Paris Saint-Germain,1-1,Cuartos de Final,80,Ezequiel Lavezzi,Tarjeta Amarilla,1:1  — Yellow Card,"Cuartos de Final vs Paris Saint-Germain (Wednesday April 10, 2013)"
164556935,"Wednesday April 10, 2013",Paris Saint-Germain,1-1,Cuartos de Final,81,Kévin Gameiro,Sustitución,Entra al campo (Sale Ezequiel Lavezzi),"Cuartos de Final vs Paris Saint-Germain (Wednesday April 10, 2013)"
164556935,"Wednesday April 10, 2013",Paris Saint-Germain,1-1,Cuartos de Final,83,David Beckham,Sustitución,Entra al campo (Sale Marco Verratti),"Cuartos de Final vs Paris Saint-Germain (Wednesday April 10, 2013)"
164556935,"Wednesday April 10, 2013",Paris Saint-Germain,1-1,Cuartos de Final,84,Alexandre Song,Sustitución,Entra al campo (Sale David Villa),"Cuartos de Final vs Paris Saint-Germain (Wednesday April 10, 2013)"
164556935,"Wednesday April 10, 2013",Paris Saint-Germain,1-1,Cuartos de Final,86,Thiago Silva,Tarjeta Amarilla,1:1  — Yellow Card,"Cuartos de Final vs Paris Saint-Germain (Wednesday April 10, 2013)"
164556935,"Wednesday April 10, 2013",Paris Saint-Germain,1-1,Cuartos de Final,88,Gregory van der Wiel,Sustitución,Entra al campo (Sale Christophe Jallet),"Cuartos de Final vs Paris Saint-Germain (Wednesday April 10, 2013)"
164556935,"Wednesday April 10, 2013",Paris Saint-Germain,1-1,Cuartos de Final,89,David Beckham,Tarjeta Amarilla,1:1  — Yellow Card,"Cuartos de Final vs Paris Saint-Germain (Wednesday April 10, 2013)"
2058519939,"Tuesday September 18, 2018",PSV Eindhoven,4-0,Fase de Grupos,30,Nick Viergever,Tarjeta Amarilla,0:0  — Yellow Card,"Fase de Grupos vs PSV Eindhoven (Tuesday September 18, 2018)"
2058519939,"Tuesday September 18, 2018",PSV Eindhoven,4-0,Fase de Grupos,32,Lionel Messi,Gol,Goal,"Fase de Grupos vs PSV Eindhoven (Tuesday September 18, 2018)"
2058519939,"Tuesday September 18, 2018",PSV Eindhoven,4-0,Fase de Grupos,55,Samuel Umtiti,Tarjeta Amarilla,1:0  — Yellow Card,"Fase de Grupos vs PSV Eindhoven (Tuesday September 18, 2018)"
2058519939,"Tuesday September 18, 2018",PSV Eindhoven,4-0,Fase de Grupos,57,Luuk de Jong,Tarjeta Amarilla,1:0  — Yellow Card,"Fase de Grupos vs PSV Eindhoven (Tuesday September 18, 2018)"
2058519939,"Tuesday September 18, 2018",PSV Eindhoven,4-0,Fase de Grupos,66,Nicolas Isimat-Mirin,Sustitución,Entra al campo (Sale Nick Viergever),"Fase de Grupos vs PSV Eindhoven (Tuesday September 18, 2018)"
2058519939,"Tuesday September 18, 2018",PSV Eindhoven,4-0,Fase de Grupos,75,Ousmane Dembélé,Gol,Asistencia de Philippe Coutinho,"Fase de Grupos vs PSV Eindhoven (Tuesday September 18, 2018)"
2058519939,"Tuesday September 18, 2018",PSV Eindhoven,4-0,Fase de Grupos,77,Lionel Messi,Gol,Asistencia de Ivan Rakitić,"Fase de Grupos vs PSV Eindhoven (Tuesday September 18, 2018)"
2058519939,"Tuesday September 18, 2018",PSV Eindhoven,4-0,Fase de Grupos,78,Donyell Malen,Sustitución,Entra al campo (Sale Steven Bergwijn),"Fase de Grupos vs PSV Eindhoven (Tuesday September 18, 2018)"
2058519939,"Tuesday September 18, 2018",PSV Eindhoven,4-0,Fase de Grupos,79,Samuel Umtiti,Tarjeta Roja,3:0  — Second Yellow Card,"Fase de Grupos vs PSV Eindhoven (Tuesday September 18, 2018)"
2058519939,"Tuesday September 18, 2018",PSV Eindhoven,4-0,Fase de Grupos,80,Clément Lenglet,Sustitución,Entra al campo (Sale Philippe Coutinho),"Fase de Grupos vs PSV Eindhoven (Tuesday September 18, 2018)"
2058519939,"Tuesday September 18, 2018",PSV Eindhoven,4-0,Fase de Grupos,82,Erick Gutiérrez,Sustitución,Entra al campo (Sale Pablo Rosario),"Fase de Grupos vs PSV Eindhoven (Tuesday September 18, 2018)"
2058519939,"Tuesday September 18, 2018",PSV Eindhoven,4-0,Fase de Grupos,83,Arthur Melo,Sustitución,Entra al campo (Sale Ousmane Dembélé),"Fase de Grupos vs PSV Eindhoven (Tuesday September 18, 2018)"
2058519939,"Tuesday September 18, 2018",PSV Eindhoven,4-0,Fase de Grupos,85,Arturo Vidal,Sustitución,Entra al campo (Sale Ivan Rakitić),"Fase de Grupos vs PSV Eindhoven (Tuesday September 18, 2018)"
2058519939,"Tuesday September 18, 2018",PSV Eindhoven,4-0,Fase de Grupos,87,Lionel Messi,Gol,Asistencia de Luis Suárez,"Fase de Grupos vs PSV Eindhoven (Tuesday September 18, 2018)"
934494683,"Wednesday November 7, 2007",Rangers,2-0,Fase de Grupos,6,Thierry Henry,Gol,Goal,"Fase de Grupos vs Rangers (Wednesday November 7, 2007)"
934494683,"Wednesday November 7, 2007",Rangers,2-0,Fase de Grupos,43,Lionel Messi,Gol,Goal,"Fase de Grupos vs Rangers (Wednesday November 7, 2007)"
934494683,"Wednesday November 7, 2007",Rangers,2-0,Fase de Grupos,62,Jean-Claude Darcheville,Sustitución,Entra al campo (Sale Charlie Adam),"Fase de Grupos vs Rangers (Wednesday November 7, 2007)"
934494683,"Wednesday November 7, 2007",Rangers,2-0,Fase de Grupos,69,Nacho Novo,Sustitución,Entra al campo (Sale DaMarcus Beasley),"Fase de Grupos vs Rangers (Wednesday November 7, 2007)"
934494683,"Wednesday November 7, 2007",Rangers,2-0,Fase de Grupos,71,Eiður Guðjohnsen,Sustitución,Entra al campo (Sale Andrés Iniesta),"Fase de Grupos vs Rangers (Wednesday November 7, 2007)"
934494683,"Wednesday November 7, 2007",Rangers,2-0,Fase de Grupos,77,Bojan Krkić,Sustitución,Entra al campo (Sale Ronaldinho),"Fase de Grupos vs Rangers (Wednesday November 7, 2007)"
934494683,"Wednesday November 7, 2007",Rangers,2-0,Fase de Grupos,78,Steven Naismith,Sustitución,Entra al campo (Sale Daniel Cousin),"Fase de Grupos vs Rangers (Wednesday November 7, 2007)"
934494683,"Wednesday November 7, 2007",Rangers,2-0,Fase de Grupos,85,Oleguer Presas,Sustitución,Entra al campo (Sale Carles Puyol),"Fase de Grupos vs Rangers (Wednesday November 7, 2007)"
593342821,"Tuesday October 20, 2009",Rubin Kazan,1-2,Fase de Grupos,2,Aleksandr Ryazantsev,Gol,Goal,"Fase de Grupos vs Rubin Kazan (Tuesday October 20, 2009)"
593342821,"Tuesday October 20, 2009",Rubin Kazan,1-2,Fase de Grupos,43,Andrés Iniesta,Tarjeta Amarilla,0:1  — Yellow Card,"Fase de Grupos vs Rubin Kazan (Tuesday October 20, 2009)"
593342821,"Tuesday October 20, 2009",Rubin Kazan,1-2,Fase de Grupos,43,Rafał Murawski,Sustitución,Entra al campo (Sale Sergei Semak),"Fase de Grupos vs Rubin Kazan (Tuesday October 20, 2009)"
593342821,"Tuesday October 20, 2009",Rubin Kazan,1-2,Fase de Grupos,48,Zlatan Ibrahimović,Gol,Goal,"Fase de Grupos vs Rubin Kazan (Tuesday October 20, 2009)"
593342821,"Tuesday October 20, 2009",Rubin Kazan,1-2,Fase de Grupos,66,Bojan Krkić,Sustitución,Entra al campo (Sale Pedro),"Fase de Grupos vs Rubin Kazan (Tuesday October 20, 2009)"
593342821,"Tuesday October 20, 2009",Rubin Kazan,1-2,Fase de Grupos,73,Gökdeniz Karadeniz,Gol,Goal,"Fase de Grupos vs Rubin Kazan (Tuesday October 20, 2009)"
593342821,"Tuesday October 20, 2009",Rubin Kazan,1-2,Fase de Grupos,78,Rafał Murawski,Tarjeta Amarilla,1:2  — Yellow Card,"Fase de Grupos vs Rubin Kazan (Tuesday October 20, 2009)"
593342821,"Tuesday October 20, 2009",Rubin Kazan,1-2,Fase de Grupos,80,Seydou Keita,Sustitución,Entra al campo (Sale Rafael Márquez),"Fase de Grupos vs Rubin Kazan (Tuesday October 20, 2009)"
593342821,"Tuesday October 20, 2009",Rubin Kazan,1-2,Fase de Grupos,83,Alan Kasaev,Sustitución,Entra al campo (Sale Aleksandr Ryazantsev),"Fase de Grupos vs Rubin Kazan (Tuesday October 20, 2009)"
593342821,"Tuesday October 20, 2009",Rubin Kazan,1-2,Fase de Grupos,88,Dani Alves,Tarjeta Amarilla,1:2  — Yellow Card,"Fase de Grupos vs Rubin Kazan (Tuesday October 20, 2009)"
593342821,"Tuesday October 20, 2009",Rubin Kazan,1-2,Fase de Grupos,90,Cristian Ansaldi,Tarjeta Amarilla,1:2  — Yellow Card,"Fase de Grupos vs Rubin Kazan (Tuesday October 20, 2009)"
593342821,"Tuesday October 20, 2009",Rubin Kazan,1-2,Fase de Grupos,90+3,Sergio Busquets,Sustitución,Entra al campo (Sale Dani Alves),"Fase de Grupos vs Rubin Kazan (Tuesday October 20, 2009)"
593342821,"Tuesday October 20, 2009",Rubin Kazan,1-2,Fase de Grupos,90+3,Aleksei Vladislavovich Popov,Sustitución,Entra al campo (Sale Gökdeniz Karadeniz),"Fase de Grupos vs Rubin Kazan (Tuesday October 20, 2009)"
1956748926,"Wednesday April 9, 2008",Schalke 04,1-0,Cuartos de Final,10,Rafinha,Tarjeta Amarilla,0:0  — Yellow Card,"Cuartos de Final vs Schalke 04 (Wednesday April 9, 2008)"
1956748926,"Wednesday April 9, 2008",Schalke 04,1-0,Cuartos de Final,26,Heiko Westermann,Tarjeta Amarilla,0:0  — Yellow Card,"Cuartos de Final vs Schalke 04 (Wednesday April 9, 2008)"
1956748926,"Wednesday April 9, 2008",Schalke 04,1-0,Cuartos de Final,32,Carlos Grossmüller,Sustitución,Entra al campo (Sale Levan Kobiashvili),"Cuartos de Final vs Schalke 04 (Wednesday April 9, 2008)"
1956748926,"Wednesday April 9, 2008",Schalke 04,1-0,Cuartos de Final,43,Yaya Touré,Gol,Goal,"Cuartos de Final vs Schalke 04 (Wednesday April 9, 2008)"
1956748926,"Wednesday April 9, 2008",Schalke 04,1-0,Cuartos de Final,63,Carles Puyol,Tarjeta Amarilla,1:0  — Yellow Card,"Cuartos de Final vs Schalke 04 (Wednesday April 9, 2008)"
1956748926,"Wednesday April 9, 2008",Schalke 04,1-0,Cuartos de Final,69,Vicente Sánchez,Sustitución,Entra al campo (Sale Gerald Asamoah),"Cuartos de Final vs Schalke 04 (Wednesday April 9, 2008)"
1956748926,"Wednesday April 9, 2008",Schalke 04,1-0,Cuartos de Final,73,Giovani dos Santos,Sustitución,Entra al campo (Sale Bojan Krkić),"Cuartos de Final vs Schalke 04 (Wednesday April 9, 2008)"
1956748926,"Wednesday April 9, 2008",Schalke 04,1-0,Cuartos de Final,77,Søren Larsen,Sustitución,Entra al campo (Sale Rafinha),"Cuartos de Final vs Schalke 04 (Wednesday April 9, 2008)"
1956748926,"Wednesday April 9, 2008",Schalke 04,1-0,Cuartos de Final,81,Rafael Márquez,Sustitución,Entra al campo (Sale Yaya Touré),"Cuartos de Final vs Schalke 04 (Wednesday April 9, 2008)"
1956748926,"Wednesday April 9, 2008",Schalke 04,1-0,Cuartos de Final,90+1,Eiður Guðjohnsen,Sustitución,Entra al campo (Sale Thierry Henry),"Cuartos de Final vs Schalke 04 (Wednesday April 9, 2008)"
2663568509,"Wednesday September 19, 2012",Spartak Moscow,3-2,Fase de Grupos,12,Alexandre Song,Sustitución,Entra al campo (Sale Gerard Piqué),"Fase de Grupos vs Spartak Moscow (Wednesday September 19, 2012)"
2663568509,"Wednesday September 19, 2012",Spartak Moscow,3-2,Fase de Grupos,14,Cristian Tello,Gol,Goal,"Fase de Grupos vs Spartak Moscow (Wednesday September 19, 2012)"
2663568509,"Wednesday September 19, 2012",Spartak Moscow,3-2,Fase de Grupos,29,Dani Alves,Gol,Own Goal  Goal,"Fase de Grupos vs Spartak Moscow (Wednesday September 19, 2012)"
2663568509,"Wednesday September 19, 2012",Spartak Moscow,3-2,Fase de Grupos,31,Kirill Kombarov,Tarjeta Amarilla,1:1  — Yellow Card,"Fase de Grupos vs Spartak Moscow (Wednesday September 19, 2012)"
2663568509,"Wednesday September 19, 2012",Spartak Moscow,3-2,Fase de Grupos,34,Alexandre Song,Tarjeta Amarilla,1:1  — Yellow Card,"Fase de Grupos vs Spartak Moscow (Wednesday September 19, 2012)"
2663568509,"Wednesday September 19, 2012",Spartak Moscow,3-2,Fase de Grupos,42,Kim Källström,Tarjeta Amarilla,1:1  — Yellow Card,"Fase de Grupos vs Spartak Moscow (Wednesday September 19, 2012)"
2663568509,"Wednesday September 19, 2012",Spartak Moscow,3-2,Fase de Grupos,44,Emmanuel Emenike,Tarjeta Amarilla,1:1  — Yellow Card,"Fase de Grupos vs Spartak Moscow (Wednesday September 19, 2012)"
2663568509,"Wednesday September 19, 2012",Spartak Moscow,3-2,Fase de Grupos,46,Yevgeni Makeyev,Sustitución,Entra al campo (Sale Kirill Kombarov),"Fase de Grupos vs Spartak Moscow (Wednesday September 19, 2012)"
2663568509,"Wednesday September 19, 2012",Spartak Moscow,3-2,Fase de Grupos,59,Rômulo,Gol,Goal,"Fase de Grupos vs Spartak Moscow (Wednesday September 19, 2012)"
2663568509,"Wednesday September 19, 2012",Spartak Moscow,3-2,Fase de Grupos,64,Alexis Sánchez,Sustitución,Entra al campo (Sale Dani Alves),"Fase de Grupos vs Spartak Moscow (Wednesday September 19, 2012)"
2663568509,"Wednesday September 19, 2012",Spartak Moscow,3-2,Fase de Grupos,72,Lionel Messi,Gol,Goal,"Fase de Grupos vs Spartak Moscow (Wednesday September 19, 2012)"
2663568509,"Wednesday September 19, 2012",Spartak Moscow,3-2,Fase de Grupos,74,David Villa,Sustitución,Entra al campo (Sale Cristian Tello),"Fase de Grupos vs Spartak Moscow (Wednesday September 19, 2012)"
2663568509,"Wednesday September 19, 2012",Spartak Moscow,3-2,Fase de Grupos,75,Rômulo,Tarjeta Amarilla,2:2  — Yellow Card,"Fase de Grupos vs Spartak Moscow (Wednesday September 19, 2012)"
2663568509,"Wednesday September 19, 2012",Spartak Moscow,3-2,Fase de Grupos,77,Marek Suchý,Tarjeta Amarilla,2:2  — Yellow Card,"Fase de Grupos vs Spartak Moscow (Wednesday September 19, 2012)"
2663568509,"Wednesday September 19, 2012",Spartak Moscow,3-2,Fase de Grupos,78,José Manuel Jurado,Sustitución,Entra al campo (Sale Kim Källström),"Fase de Grupos vs Spartak Moscow (Wednesday September 19, 2012)"
2663568509,"Wednesday September 19, 2012",Spartak Moscow,3-2,Fase de Grupos,80,Lionel Messi,Gol,Goal,"Fase de Grupos vs Spartak Moscow (Wednesday September 19, 2012)"
2663568509,"Wednesday September 19, 2012",Spartak Moscow,3-2,Fase de Grupos,83,Artem Dzyuba,Sustitución,Entra al campo (Sale Ari),"Fase de Grupos vs Spartak Moscow (Wednesday September 19, 2012)"
2208806417,"Wednesday December 12, 2007",Stuttgart,3-1,Fase de Grupos,3,Antônio da Silva,Gol,Goal,"Fase de Grupos vs Stuttgart (Wednesday December 12, 2007)"
2208806417,"Wednesday December 12, 2007",Stuttgart,3-1,Fase de Grupos,36,Giovani dos Santos,Gol,Goal,"Fase de Grupos vs Stuttgart (Wednesday December 12, 2007)"
2208806417,"Wednesday December 12, 2007",Stuttgart,3-1,Fase de Grupos,36,Raphael Schäfer,Tarjeta Amarilla,1:1  — Yellow Card,"Fase de Grupos vs Stuttgart (Wednesday December 12, 2007)"
2208806417,"Wednesday December 12, 2007",Stuttgart,3-1,Fase de Grupos,49,Fernando Meira,Tarjeta Amarilla,1:1  — Yellow Card,"Fase de Grupos vs Stuttgart (Wednesday December 12, 2007)"
2208806417,"Wednesday December 12, 2007",Stuttgart,3-1,Fase de Grupos,52,Bojan Krkić,Sustitución,Entra al campo (Sale Eiður Guðjohnsen),"Fase de Grupos vs Stuttgart (Wednesday December 12, 2007)"
2208806417,"Wednesday December 12, 2007",Stuttgart,3-1,Fase de Grupos,57,Samuel Eto'o,Gol,Goal,"Fase de Grupos vs Stuttgart (Wednesday December 12, 2007)"
2208806417,"Wednesday December 12, 2007",Stuttgart,3-1,Fase de Grupos,58,Roberto Hilbert,Sustitución,Entra al campo (Sale Alexander Farnerud),"Fase de Grupos vs Stuttgart (Wednesday December 12, 2007)"
2208806417,"Wednesday December 12, 2007",Stuttgart,3-1,Fase de Grupos,62,Andrés Iniesta,Sustitución,Entra al campo (Sale Samuel Eto'o),"Fase de Grupos vs Stuttgart (Wednesday December 12, 2007)"
2208806417,"Wednesday December 12, 2007",Stuttgart,3-1,Fase de Grupos,67,Ronaldinho,Gol,Goal,"Fase de Grupos vs Stuttgart (Wednesday December 12, 2007)"
2208806417,"Wednesday December 12, 2007",Stuttgart,3-1,Fase de Grupos,70,Marc Crosas,Sustitución,Entra al campo (Sale Xavi),"Fase de Grupos vs Stuttgart (Wednesday December 12, 2007)"
2208806417,"Wednesday December 12, 2007",Stuttgart,3-1,Fase de Grupos,71,Manuel Fischer,Sustitución,Entra al campo (Sale Ciprian Marica),"Fase de Grupos vs Stuttgart (Wednesday December 12, 2007)"
2208806417,"Wednesday December 12, 2007",Stuttgart,3-1,Fase de Grupos,72,Silvio Meißner,Sustitución,Entra al campo (Sale Yıldıray Baştürk),"Fase de Grupos vs Stuttgart (Wednesday December 12, 2007)"
2208806417,"Wednesday December 12, 2007",Stuttgart,3-1,Fase de Grupos,90+2,Rafael Márquez,Tarjeta Amarilla,3:1  — Yellow Card,"Fase de Grupos vs Stuttgart (Wednesday December 12, 2007)"
1973980865,"Wednesday March 17, 2010",Stuttgart,4-0,Octavos de Final,13,Lionel Messi,Gol,Goal,"Octavos de Final vs Stuttgart (Wednesday March 17, 2010)"
1973980865,"Wednesday March 17, 2010",Stuttgart,4-0,Octavos de Final,22,Pedro,Gol,Goal,"Octavos de Final vs Stuttgart (Wednesday March 17, 2010)"
1973980865,"Wednesday March 17, 2010",Stuttgart,4-0,Octavos de Final,43,Jens Lehmann,Tarjeta Amarilla,2:0  — Yellow Card,"Octavos de Final vs Stuttgart (Wednesday March 17, 2010)"
1973980865,"Wednesday March 17, 2010",Stuttgart,4-0,Octavos de Final,45,Pavel Pogrebnyak,Tarjeta Amarilla,2:0  — Yellow Card,"Octavos de Final vs Stuttgart (Wednesday March 17, 2010)"
1973980865,"Wednesday March 17, 2010",Stuttgart,4-0,Octavos de Final,46,Timo Gebhart,Sustitución,Entra al campo (Sale Stefano Celozzi),"Octavos de Final vs Stuttgart (Wednesday March 17, 2010)"
1973980865,"Wednesday March 17, 2010",Stuttgart,4-0,Octavos de Final,54,Zdravko Kuzmanović,Tarjeta Amarilla,2:0  — Yellow Card,"Octavos de Final vs Stuttgart (Wednesday March 17, 2010)"
1973980865,"Wednesday March 17, 2010",Stuttgart,4-0,Octavos de Final,60,Lionel Messi,Gol,Goal,"Octavos de Final vs Stuttgart (Wednesday March 17, 2010)"
1973980865,"Wednesday March 17, 2010",Stuttgart,4-0,Octavos de Final,66,Zlatan Ibrahimović,Sustitución,Entra al campo (Sale Sergio Busquets),"Octavos de Final vs Stuttgart (Wednesday March 17, 2010)"
1973980865,"Wednesday March 17, 2010",Stuttgart,4-0,Octavos de Final,70,Ciprian Marica,Sustitución,Entra al campo (Sale Pavel Pogrebnyak),"Octavos de Final vs Stuttgart (Wednesday March 17, 2010)"
1973980865,"Wednesday March 17, 2010",Stuttgart,4-0,Octavos de Final,78,Gabriel Milito,Sustitución,Entra al campo (Sale Thierry Henry),"Octavos de Final vs Stuttgart (Wednesday March 17, 2010)"
1973980865,"Wednesday March 17, 2010",Stuttgart,4-0,Octavos de Final,88,Bojan Krkić,Sustitución,Entra al campo (Sale Andrés Iniesta),"Octavos de Final vs Stuttgart (Wednesday March 17, 2010)"
1973980865,"Wednesday March 17, 2010",Stuttgart,4-0,Octavos de Final,89,Bojan Krkić,Gol,Goal,"Octavos de Final vs Stuttgart (Wednesday March 17, 2010)"
3722402717,"Tuesday December 11, 2018",Tottenham Hotspur,1-1,Fase de Grupos,7,Ousmane Dembélé,Gol,Goal,"Fase de Grupos vs Tottenham Hotspur (Tuesday December 11, 2018)"
3722402717,"Tuesday December 11, 2018",Tottenham Hotspur,1-1,Fase de Grupos,15,Kyle Walker-Peters,Tarjeta Amarilla,1:0  — Yellow Card,"Fase de Grupos vs Tottenham Hotspur (Tuesday December 11, 2018)"
3722402717,"Tuesday December 11, 2018",Tottenham Hotspur,1-1,Fase de Grupos,46,Sergio Busquets,Sustitución,Entra al campo (Sale Ivan Rakitić),"Fase de Grupos vs Tottenham Hotspur (Tuesday December 11, 2018)"
3722402717,"Tuesday December 11, 2018",Tottenham Hotspur,1-1,Fase de Grupos,61,Érik Lamela,Sustitución,Entra al campo (Sale Kyle Walker-Peters),"Fase de Grupos vs Tottenham Hotspur (Tuesday December 11, 2018)"
3722402717,"Tuesday December 11, 2018",Tottenham Hotspur,1-1,Fase de Grupos,63,Lionel Messi,Sustitución,Entra al campo (Sale Munir El Haddadi),"Fase de Grupos vs Tottenham Hotspur (Tuesday December 11, 2018)"
3722402717,"Tuesday December 11, 2018",Tottenham Hotspur,1-1,Fase de Grupos,68,Nélson Semedo,Tarjeta Amarilla,1:0  — Yellow Card,"Fase de Grupos vs Tottenham Hotspur (Tuesday December 11, 2018)"
3722402717,"Tuesday December 11, 2018",Tottenham Hotspur,1-1,Fase de Grupos,71,Lucas Moura,Sustitución,Entra al campo (Sale Son Heung-min),"Fase de Grupos vs Tottenham Hotspur (Tuesday December 11, 2018)"
3722402717,"Tuesday December 11, 2018",Tottenham Hotspur,1-1,Fase de Grupos,76,Denis Suárez,Sustitución,Entra al campo (Sale Ousmane Dembélé),"Fase de Grupos vs Tottenham Hotspur (Tuesday December 11, 2018)"
3722402717,"Tuesday December 11, 2018",Tottenham Hotspur,1-1,Fase de Grupos,83,Fernando Llorente,Sustitución,Entra al campo (Sale Harry Winks),"Fase de Grupos vs Tottenham Hotspur (Tuesday December 11, 2018)"
3722402717,"Tuesday December 11, 2018",Tottenham Hotspur,1-1,Fase de Grupos,85,Lucas Moura,Gol,Asistencia de Harry Kane,"Fase de Grupos vs Tottenham Hotspur (Tuesday December 11, 2018)"
3891683120,"Wednesday October 19, 2011",Viktoria Plzeň,2-0,Fase de Grupos,10,Andrés Iniesta,Gol,Goal,"Fase de Grupos vs Viktoria Plzeň (Wednesday October 19, 2011)"
3891683120,"Wednesday October 19, 2011",Viktoria Plzeň,2-0,Fase de Grupos,58,Michal Ďuriš,Sustitución,Entra al campo (Sale Marek Bakoš),"Fase de Grupos vs Viktoria Plzeň (Wednesday October 19, 2011)"
3891683120,"Wednesday October 19, 2011",Viktoria Plzeň,2-0,Fase de Grupos,75,Martin Fillo,Sustitución,Entra al campo (Sale Václav Pilař),"Fase de Grupos vs Viktoria Plzeň (Wednesday October 19, 2011)"
3891683120,"Wednesday October 19, 2011",Viktoria Plzeň,2-0,Fase de Grupos,82,David Villa,Gol,Goal,"Fase de Grupos vs Viktoria Plzeň (Wednesday October 19, 2011)"
3891683120,"Wednesday October 19, 2011",Viktoria Plzeň,2-0,Fase de Grupos,85,Seydou Keita,Sustitución,Entra al campo (Sale Andrés Iniesta),"Fase de Grupos vs Viktoria Plzeň (Wednesday October 19, 2011)"
3891683120,"Wednesday October 19, 2011",Viktoria Plzeň,2-0,Fase de Grupos,86,Vladimír Darida,Sustitución,Entra al campo (Sale Milan Petržela),"Fase de Grupos vs Viktoria Plzeň (Wednesday October 19, 2011)"
3891683120,"Wednesday October 19, 2011",Viktoria Plzeň,2-0,Fase de Grupos,88,Isaac Cuenca,Sustitución,Entra al campo (Sale David Villa),"Fase de Grupos vs Viktoria Plzeň (Wednesday October 19, 2011)"
2306976000,"Tuesday October 1, 2024",Young Boys,5-0,Fase Eliminatoria,8,Robert Lewandowski,Gol,Asistencia de Raphinha,"Fase Eliminatoria vs Young Boys (Tuesday October 1, 2024)"
2306976000,"Tuesday October 1, 2024",Young Boys,5-0,Fase Eliminatoria,34,Raphinha,Gol,Goal,"Fase Eliminatoria vs Young Boys (Tuesday October 1, 2024)"
2306976000,"Tuesday October 1, 2024",Young Boys,5-0,Fase Eliminatoria,36,Ebrima Colley,Tarjeta Amarilla,2:0  — Yellow Card,"Fase Eliminatoria vs Young Boys (Tuesday October 1, 2024)"
2306976000,"Tuesday October 1, 2024",Young Boys,5-0,Fase Eliminatoria,37,Iñigo Martínez,Gol,Asistencia de Pedri,"Fase Eliminatoria vs Young Boys (Tuesday October 1, 2024)"
2306976000,"Tuesday October 1, 2024",Young Boys,5-0,Fase Eliminatoria,40,Filip Ugrinic,Tarjeta Amarilla,3:0  — Yellow Card,"Fase Eliminatoria vs Young Boys (Tuesday October 1, 2024)"
2306976000,"Tuesday October 1, 2024",Young Boys,5-0,Fase Eliminatoria,51,Robert Lewandowski,Gol,Asistencia de Iñigo Martínez,"Fase Eliminatoria vs Young Boys (Tuesday October 1, 2024)"
2306976000,"Tuesday October 1, 2024",Young Boys,5-0,Fase Eliminatoria,58,Zachary Athekame,Sustitución,Entra al campo (Sale Lewin Blum),"Fase Eliminatoria vs Young Boys (Tuesday October 1, 2024)"
2306976000,"Tuesday October 1, 2024",Young Boys,5-0,Fase Eliminatoria,58,Cheikh Niasse,Sustitución,Entra al campo (Sale Filip Ugrinic),"Fase Eliminatoria vs Young Boys (Tuesday October 1, 2024)"
2306976000,"Tuesday October 1, 2024",Young Boys,5-0,Fase Eliminatoria,64,Héctor Fort,Sustitución,Entra al campo (Sale Pau Cubarsí),"Fase Eliminatoria vs Young Boys (Tuesday October 1, 2024)"
2306976000,"Tuesday October 1, 2024",Young Boys,5-0,Fase Eliminatoria,64,Ansu Fati,Sustitución,Entra al campo (Sale Pedri),"Fase Eliminatoria vs Young Boys (Tuesday October 1, 2024)"
2306976000,"Tuesday October 1, 2024",Young Boys,5-0,Fase Eliminatoria,73,Alan Virginius,Sustitución,Entra al campo (Sale Ebrima Colley),"Fase Eliminatoria vs Young Boys (Tuesday October 1, 2024)"
2306976000,"Tuesday October 1, 2024",Young Boys,5-0,Fase Eliminatoria,73,Silvère Ganvoula M'Boussy,Sustitución,Entra al campo (Sale Cedric Itten),"Fase Eliminatoria vs Young Boys (Tuesday October 1, 2024)"
2306976000,"Tuesday October 1, 2024",Young Boys,5-0,Fase Eliminatoria,75,Pau Victor,Sustitución,Entra al campo (Sale Robert Lewandowski),"Fase Eliminatoria vs Young Boys (Tuesday October 1, 2024)"
2306976000,"Tuesday October 1, 2024",Young Boys,5-0,Fase Eliminatoria,75,Frenkie de Jong,Sustitución,Entra al campo (Sale Lamine Yamal),"Fase Eliminatoria vs Young Boys (Tuesday October 1, 2024)"
2306976000,"Tuesday October 1, 2024",Young Boys,5-0,Fase Eliminatoria,81,Mohamed Aly Camara,Gol,Own Goal  Substitute,"Fase Eliminatoria vs Young Boys (Tuesday October 1, 2024)"
2306976000,"Tuesday October 1, 2024",Young Boys,5-0,Fase Eliminatoria,82,Łukasz Łakomy,Sustitución,Entra al campo (Sale Kastriot Imeri),"Fase Eliminatoria vs Young Boys (Tuesday October 1, 2024)"
2306976000,"Tuesday October 1, 2024",Young Boys,5-0,Fase Eliminatoria,84,Andres Cuenca,Sustitución,Entra al campo (Sale Iñigo Martínez),"Fase Eliminatoria vs Young Boys (Tuesday October 1, 2024)"
119333816,"Wednesday September 28, 2011",BATE Borisov,0-5,Fase de Grupos,19,Alyaksandr Valadzko,Gol,Own Goal,"Fase de Grupos vs BATE Borisov (Wednesday September 28, 2011)"
119333816,"Wednesday September 28, 2011",BATE Borisov,0-5,Fase de Grupos,22,Pedro,Gol,Goal,"Fase de Grupos vs BATE Borisov (Wednesday September 28, 2011)"
119333816,"Wednesday September 28, 2011",BATE Borisov,0-5,Fase de Grupos,38,Lionel Messi,Gol,Goal,"Fase de Grupos vs BATE Borisov (Wednesday September 28, 2011)"
119333816,"Wednesday September 28, 2011",BATE Borisov,0-5,Fase de Grupos,56,Lionel Messi,Gol,Goal,"Fase de Grupos vs BATE Borisov (Wednesday September 28, 2011)"
119333816,"Wednesday September 28, 2011",BATE Borisov,0-5,Fase de Grupos,56,Maksim Skavysh,Sustitución,Entra al campo (Sale Mateja Kežman),"Fase de Grupos vs BATE Borisov (Wednesday September 28, 2011)"
119333816,"Wednesday September 28, 2011",BATE Borisov,0-5,Fase de Grupos,60,Kirill Aleksiyan,Sustitución,Entra al campo (Sale Filipp Rudik),"Fase de Grupos vs BATE Borisov (Wednesday September 28, 2011)"
119333816,"Wednesday September 28, 2011",BATE Borisov,0-5,Fase de Grupos,60,Cesc Fàbregas,Sustitución,Entra al campo (Sale Xavi),"Fase de Grupos vs BATE Borisov (Wednesday September 28, 2011)"
119333816,"Wednesday September 28, 2011",BATE Borisov,0-5,Fase de Grupos,61,Adriano,Sustitución,Entra al campo (Sale Éric Abidal),"Fase de Grupos vs BATE Borisov (Wednesday September 28, 2011)"
119333816,"Wednesday September 28, 2011",BATE Borisov,0-5,Fase de Grupos,69,Maxwell,Sustitución,Entra al campo (Sale Pedro),"Fase de Grupos vs BATE Borisov (Wednesday September 28, 2011)"
119333816,"Wednesday September 28, 2011",BATE Borisov,0-5,Fase de Grupos,77,Dani Alves,Tarjeta Amarilla,0:4  — Yellow Card,"Fase de Grupos vs BATE Borisov (Wednesday September 28, 2011)"
119333816,"Wednesday September 28, 2011",BATE Borisov,0-5,Fase de Grupos,81,Marko Simić,Tarjeta Amarilla,0:4  — Yellow Card,"Fase de Grupos vs BATE Borisov (Wednesday September 28, 2011)"
119333816,"Wednesday September 28, 2011",BATE Borisov,0-5,Fase de Grupos,82,Vadim Kurlovich,Sustitución,Entra al campo (Sale Renan Bardini Bressan),"Fase de Grupos vs BATE Borisov (Wednesday September 28, 2011)"
119333816,"Wednesday September 28, 2011",BATE Borisov,0-5,Fase de Grupos,90,David Villa,Gol,Goal,"Fase de Grupos vs BATE Borisov (Wednesday September 28, 2011)"
465517634,"Tuesday April 23, 2013",Bayern Munich,4-0,Semifinales,25,Thomas Müller,Gol,Goal,"Semifinales vs Bayern Munich (Tuesday April 23, 2013)"
465517634,"Tuesday April 23, 2013",Bayern Munich,4-0,Semifinales,37,Mario Gómez,Tarjeta Amarilla,1:0  — Yellow Card,"Semifinales vs Bayern Munich (Tuesday April 23, 2013)"
465517634,"Tuesday April 23, 2013",Bayern Munich,4-0,Semifinales,39,Marc Bartra,Tarjeta Amarilla,1:0  — Yellow Card,"Semifinales vs Bayern Munich (Tuesday April 23, 2013)"
465517634,"Tuesday April 23, 2013",Bayern Munich,4-0,Semifinales,46,Javi Martínez,Tarjeta Amarilla,1:0  — Yellow Card,"Semifinales vs Bayern Munich (Tuesday April 23, 2013)"
465517634,"Tuesday April 23, 2013",Bayern Munich,4-0,Semifinales,49,Mario Gómez,Gol,Goal,"Semifinales vs Bayern Munich (Tuesday April 23, 2013)"
465517634,"Tuesday April 23, 2013",Bayern Munich,4-0,Semifinales,71,Luiz Gustavo,Sustitución,Entra al campo (Sale Mario Gómez),"Semifinales vs Bayern Munich (Tuesday April 23, 2013)"
465517634,"Tuesday April 23, 2013",Bayern Munich,4-0,Semifinales,73,Arjen Robben,Gol,Goal,"Semifinales vs Bayern Munich (Tuesday April 23, 2013)"
465517634,"Tuesday April 23, 2013",Bayern Munich,4-0,Semifinales,82,Thomas Müller,Gol,Goal,"Semifinales vs Bayern Munich (Tuesday April 23, 2013)"
465517634,"Tuesday April 23, 2013",Bayern Munich,4-0,Semifinales,83,Claudio Pizarro,Sustitución,Entra al campo (Sale Thomas Müller),"Semifinales vs Bayern Munich (Tuesday April 23, 2013)"
465517634,"Tuesday April 23, 2013",Bayern Munich,4-0,Semifinales,83,David Villa,Sustitución,Entra al campo (Sale Pedro),"Semifinales vs Bayern Munich (Tuesday April 23, 2013)"
465517634,"Tuesday April 23, 2013",Bayern Munich,4-0,Semifinales,87,Alexis Sánchez,Tarjeta Amarilla,4:0  — Yellow Card,"Semifinales vs Bayern Munich (Tuesday April 23, 2013)"
465517634,"Tuesday April 23, 2013",Bayern Munich,4-0,Semifinales,87,Bastian Schweinsteiger,Tarjeta Amarilla,4:0  — Yellow Card,"Semifinales vs Bayern Munich (Tuesday April 23, 2013)"
465517634,"Tuesday April 23, 2013",Bayern Munich,4-0,Semifinales,89,Jordi Alba,Tarjeta Amarilla,4:0  — Yellow Card,"Semifinales vs Bayern Munich (Tuesday April 23, 2013)"
465517634,"Tuesday April 23, 2013",Bayern Munich,4-0,Semifinales,89,Xherdan Shaqiri,Sustitución,Entra al campo (Sale Franck Ribéry),"Semifinales vs Bayern Munich (Tuesday April 23, 2013)"
465517634,"Tuesday April 23, 2013",Bayern Munich,4-0,Semifinales,90+2,Andrés Iniesta,Tarjeta Amarilla,4:0  — Yellow Card,"Semifinales vs Bayern Munich (Tuesday April 23, 2013)"
3983383127,"Tuesday January 21, 2025",Benfica,4-5,Fase Eliminatoria,2,Vangelis Pavlidis,Gol,Asistencia de Álvaro Carreras,"Fase Eliminatoria vs Benfica (Tuesday January 21, 2025)"
3983383127,"Tuesday January 21, 2025",Benfica,4-5,Fase Eliminatoria,13,Robert Lewandowski,Gol,De Penalti,"Fase Eliminatoria vs Benfica (Tuesday January 21, 2025)"
3983383127,"Tuesday January 21, 2025",Benfica,4-5,Fase Eliminatoria,22,Vangelis Pavlidis,Gol,Goal,"Fase Eliminatoria vs Benfica (Tuesday January 21, 2025)"
3983383127,"Tuesday January 21, 2025",Benfica,4-5,Fase Eliminatoria,30,Vangelis Pavlidis,Gol,De Penalti,"Fase Eliminatoria vs Benfica (Tuesday January 21, 2025)"
3983383127,"Tuesday January 21, 2025",Benfica,4-5,Fase Eliminatoria,36,Gavi,Tarjeta Amarilla,3:1  — Yellow Card,"Fase Eliminatoria vs Benfica (Tuesday January 21, 2025)"
3983383127,"Tuesday January 21, 2025",Benfica,4-5,Fase Eliminatoria,61,Leandro Barreiro Martins,Sustitución,Entra al campo (Sale Fredrik Aursnes),"Fase Eliminatoria vs Benfica (Tuesday January 21, 2025)"
3983383127,"Tuesday January 21, 2025",Benfica,4-5,Fase Eliminatoria,62,Fermin López,Sustitución,Entra al campo (Sale Gavi),"Fase Eliminatoria vs Benfica (Tuesday January 21, 2025)"
3983383127,"Tuesday January 21, 2025",Benfica,4-5,Fase Eliminatoria,62,Frenkie de Jong,Sustitución,Entra al campo (Sale Marc Casado),"Fase Eliminatoria vs Benfica (Tuesday January 21, 2025)"
3983383127,"Tuesday January 21, 2025",Benfica,4-5,Fase Eliminatoria,64,Raphinha,Gol,Goal,"Fase Eliminatoria vs Benfica (Tuesday January 21, 2025)"
3983383127,"Tuesday January 21, 2025",Benfica,4-5,Fase Eliminatoria,66,Jules Koundé,Tarjeta Amarilla,3:2  — Yellow Card,"Fase Eliminatoria vs Benfica (Tuesday January 21, 2025)"
3983383127,"Tuesday January 21, 2025",Benfica,4-5,Fase Eliminatoria,68,Ronald Araújo,Gol,Own Goal  Yellow Card,"Fase Eliminatoria vs Benfica (Tuesday January 21, 2025)"
3983383127,"Tuesday January 21, 2025",Benfica,4-5,Fase Eliminatoria,71,Alexander Bah,Sustitución,Entra al campo (Sale Kerem Aktürkoğlu),"Fase Eliminatoria vs Benfica (Tuesday January 21, 2025)"
3983383127,"Tuesday January 21, 2025",Benfica,4-5,Fase Eliminatoria,71,Ángel Di María,Sustitución,Entra al campo (Sale Andreas Schjelderup),"Fase Eliminatoria vs Benfica (Tuesday January 21, 2025)"
3983383127,"Tuesday January 21, 2025",Benfica,4-5,Fase Eliminatoria,74,Eric García,Sustitución,Entra al campo (Sale Jules Koundé),"Fase Eliminatoria vs Benfica (Tuesday January 21, 2025)"
3983383127,"Tuesday January 21, 2025",Benfica,4-5,Fase Eliminatoria,74,Ferrán Torres,Sustitución,Entra al campo (Sale Alejandro Balde),"Fase Eliminatoria vs Benfica (Tuesday January 21, 2025)"
3983383127,"Tuesday January 21, 2025",Benfica,4-5,Fase Eliminatoria,76,Álvaro Carreras,Tarjeta Amarilla,4:2  — Yellow Card,"Fase Eliminatoria vs Benfica (Tuesday January 21, 2025)"
3983383127,"Tuesday January 21, 2025",Benfica,4-5,Fase Eliminatoria,78,Robert Lewandowski,Gol,De Penalti,"Fase Eliminatoria vs Benfica (Tuesday January 21, 2025)"
3983383127,"Tuesday January 21, 2025",Benfica,4-5,Fase Eliminatoria,80,Benjamín Rollheiser,Sustitución,Entra al campo (Sale Orkun Kökçü),"Fase Eliminatoria vs Benfica (Tuesday January 21, 2025)"
3983383127,"Tuesday January 21, 2025",Benfica,4-5,Fase Eliminatoria,80,Zeki Amdouni,Sustitución,Entra al campo (Sale Vangelis Pavlidis),"Fase Eliminatoria vs Benfica (Tuesday January 21, 2025)"
3983383127,"Tuesday January 21, 2025",Benfica,4-5,Fase Eliminatoria,86,Eric García,Gol,Asistencia de Pedri,"Fase Eliminatoria vs Benfica (Tuesday January 21, 2025)"
3983383127,"Tuesday January 21, 2025",Benfica,4-5,Fase Eliminatoria,90,Arthur Cabral,Tarjeta Roja,4:4  — Red Card,"Fase Eliminatoria vs Benfica (Tuesday January 21, 2025)"
3983383127,"Tuesday January 21, 2025",Benfica,4-5,Fase Eliminatoria,90+2,Gerard Martín,Sustitución,Entra al campo (Sale Lamine Yamal),"Fase Eliminatoria vs Benfica (Tuesday January 21, 2025)"
3983383127,"Tuesday January 21, 2025",Benfica,4-5,Fase Eliminatoria,90+4,Frenkie de Jong,Tarjeta Amarilla,4:4  — Yellow Card,"Fase Eliminatoria vs Benfica (Tuesday January 21, 2025)"
3983383127,"Tuesday January 21, 2025",Benfica,4-5,Fase Eliminatoria,90+6,Raphinha,Gol,Asistencia de Ferrán Torres,"Fase Eliminatoria vs Benfica (Tuesday January 21, 2025)"
3983383127,"Tuesday January 21, 2025",Benfica,4-5,Fase Eliminatoria,90+8,Fermin López,Tarjeta Amarilla,4:5  — Yellow Card,"Fase Eliminatoria vs Benfica (Tuesday January 21, 2025)"
1735501813,"Tuesday October 2, 2012",Benfica,0-2,Fase de Grupos,6,Alexis Sánchez,Gol,Goal,"Fase de Grupos vs Benfica (Tuesday October 2, 2012)"
1735501813,"Tuesday October 2, 2012",Benfica,0-2,Fase de Grupos,19,Cesc Fàbregas,Tarjeta Amarilla,0:1  — Yellow Card,"Fase de Grupos vs Benfica (Tuesday October 2, 2012)"
1735501813,"Tuesday October 2, 2012",Benfica,0-2,Fase de Grupos,28,Pedro,Tarjeta Amarilla,0:1  — Yellow Card,"Fase de Grupos vs Benfica (Tuesday October 2, 2012)"
1735501813,"Tuesday October 2, 2012",Benfica,0-2,Fase de Grupos,38,Bruno César,Tarjeta Amarilla,0:1  — Yellow Card,"Fase de Grupos vs Benfica (Tuesday October 2, 2012)"
1735501813,"Tuesday October 2, 2012",Benfica,0-2,Fase de Grupos,46,Carlos Martins,Sustitución,Entra al campo (Sale Bruno César),"Fase de Grupos vs Benfica (Tuesday October 2, 2012)"
1735501813,"Tuesday October 2, 2012",Benfica,0-2,Fase de Grupos,55,Cesc Fàbregas,Gol,Goal,"Fase de Grupos vs Benfica (Tuesday October 2, 2012)"
1735501813,"Tuesday October 2, 2012",Benfica,0-2,Fase de Grupos,60,Pablo Aimar,Sustitución,Entra al campo (Sale Enzo Pérez),"Fase de Grupos vs Benfica (Tuesday October 2, 2012)"
1735501813,"Tuesday October 2, 2012",Benfica,0-2,Fase de Grupos,72,Andrés Iniesta,Sustitución,Entra al campo (Sale Cesc Fàbregas),"Fase de Grupos vs Benfica (Tuesday October 2, 2012)"
1735501813,"Tuesday October 2, 2012",Benfica,0-2,Fase de Grupos,75,Nolito,Sustitución,Entra al campo (Sale Nicolás Gaitán),"Fase de Grupos vs Benfica (Tuesday October 2, 2012)"
1735501813,"Tuesday October 2, 2012",Benfica,0-2,Fase de Grupos,78,Alexandre Song,Sustitución,Entra al campo (Sale Carles Puyol),"Fase de Grupos vs Benfica (Tuesday October 2, 2012)"
1735501813,"Tuesday October 2, 2012",Benfica,0-2,Fase de Grupos,82,David Villa,Sustitución,Entra al campo (Sale Pedro),"Fase de Grupos vs Benfica (Tuesday October 2, 2012)"
1735501813,"Tuesday October 2, 2012",Benfica,0-2,Fase de Grupos,84,Carlos Martins,Tarjeta Amarilla,0:2  — Yellow Card,"Fase de Grupos vs Benfica (Tuesday October 2, 2012)"
1735501813,"Tuesday October 2, 2012",Benfica,0-2,Fase de Grupos,86,Nemanja Matić,Tarjeta Amarilla,0:2  — Yellow Card,"Fase de Grupos vs Benfica (Tuesday October 2, 2012)"
1735501813,"Tuesday October 2, 2012",Benfica,0-2,Fase de Grupos,88,Sergio Busquets,Tarjeta Roja,0:2  — Red Card,"Fase de Grupos vs Benfica (Tuesday October 2, 2012)"
1735501813,"Tuesday October 2, 2012",Benfica,0-2,Fase de Grupos,89,Jardel,Tarjeta Amarilla,0:2  — Yellow Card,"Fase de Grupos vs Benfica (Tuesday October 2, 2012)"
1692674544,"Wednesday March 5, 2025",Benfica,0-1,Octavos de Final,22,Pau Cubarsí,Tarjeta Roja,0:0  — Red Card,"Octavos de Final vs Benfica (Wednesday March 5, 2025)"
1692674544,"Wednesday March 5, 2025",Benfica,0-1,Octavos de Final,28,Ronald Araújo,Sustitución,Entra al campo (Sale Dani Olmo),"Octavos de Final vs Benfica (Wednesday March 5, 2025)"
1692674544,"Wednesday March 5, 2025",Benfica,0-1,Octavos de Final,45,Leandro Barreiro Martins,Tarjeta Amarilla,0:0  — Yellow Card,"Octavos de Final vs Benfica (Wednesday March 5, 2025)"
1692674544,"Wednesday March 5, 2025",Benfica,0-1,Octavos de Final,45+2,Iñigo Martínez,Tarjeta Amarilla,0:0  — Yellow Card,"Octavos de Final vs Benfica (Wednesday March 5, 2025)"
1692674544,"Wednesday March 5, 2025",Benfica,0-1,Octavos de Final,45+5,António Silva,Tarjeta Amarilla,0:0  — Yellow Card,"Octavos de Final vs Benfica (Wednesday March 5, 2025)"
1692674544,"Wednesday March 5, 2025",Benfica,0-1,Octavos de Final,56,Ferrán Torres,Sustitución,Entra al campo (Sale Lamine Yamal),"Octavos de Final vs Benfica (Wednesday March 5, 2025)"
1692674544,"Wednesday March 5, 2025",Benfica,0-1,Octavos de Final,57,Samuel Dahl,Sustitución,Entra al campo (Sale Tomás Araújo),"Octavos de Final vs Benfica (Wednesday March 5, 2025)"
1692674544,"Wednesday March 5, 2025",Benfica,0-1,Octavos de Final,61,Raphinha,Gol,Goal,"Octavos de Final vs Benfica (Wednesday March 5, 2025)"
1692674544,"Wednesday March 5, 2025",Benfica,0-1,Octavos de Final,70,Andrea Belotti,Sustitución,Entra al campo (Sale Leandro Barreiro Martins),"Octavos de Final vs Benfica (Wednesday March 5, 2025)"
1692674544,"Wednesday March 5, 2025",Benfica,0-1,Octavos de Final,70,João Rêgo,Sustitución,Entra al campo (Sale Andreas Schjelderup),"Octavos de Final vs Benfica (Wednesday March 5, 2025)"
1692674544,"Wednesday March 5, 2025",Benfica,0-1,Octavos de Final,73,Álvaro Carreras,Tarjeta Amarilla,0:1  — Yellow Card,"Octavos de Final vs Benfica (Wednesday March 5, 2025)"
1692674544,"Wednesday March 5, 2025",Benfica,0-1,Octavos de Final,79,Gerard Martín,Sustitución,Entra al campo (Sale Robert Lewandowski),"Octavos de Final vs Benfica (Wednesday March 5, 2025)"
1692674544,"Wednesday March 5, 2025",Benfica,0-1,Octavos de Final,79,Marc Casado,Sustitución,Entra al campo (Sale Frenkie de Jong),"Octavos de Final vs Benfica (Wednesday March 5, 2025)"
1692674544,"Wednesday March 5, 2025",Benfica,0-1,Octavos de Final,84,Arthur Cabral,Sustitución,Entra al campo (Sale Vangelis Pavlidis),"Octavos de Final vs Benfica (Wednesday March 5, 2025)"
1692674544,"Wednesday March 5, 2025",Benfica,0-1,Octavos de Final,84,Renato Sanches,Sustitución,Entra al campo (Sale Orkun Kökçü),"Octavos de Final vs Benfica (Wednesday March 5, 2025)"
1692674544,"Wednesday March 5, 2025",Benfica,0-1,Octavos de Final,90+1,João Rêgo,Tarjeta Amarilla,0:1  — Yellow Card,"Octavos de Final vs Benfica (Wednesday March 5, 2025)"
3136674987,"Wednesday February 20, 2008",Celtic,2-3,Octavos de Final,16,Jan Vennegoor of Hesselink,Gol,Goal,"Octavos de Final vs Celtic (Wednesday February 20, 2008)"
3136674987,"Wednesday February 20, 2008",Celtic,2-3,Octavos de Final,18,Lionel Messi,Gol,Goal,"Octavos de Final vs Celtic (Wednesday February 20, 2008)"
3136674987,"Wednesday February 20, 2008",Celtic,2-3,Octavos de Final,20,Barry Robson,Tarjeta Amarilla,1:1  — Yellow Card,"Octavos de Final vs Celtic (Wednesday February 20, 2008)"
3136674987,"Wednesday February 20, 2008",Celtic,2-3,Octavos de Final,30,Deco,Tarjeta Amarilla,1:1  — Yellow Card,"Octavos de Final vs Celtic (Wednesday February 20, 2008)"
3136674987,"Wednesday February 20, 2008",Celtic,2-3,Octavos de Final,38,Barry Robson,Gol,Goal,"Octavos de Final vs Celtic (Wednesday February 20, 2008)"
3136674987,"Wednesday February 20, 2008",Celtic,2-3,Octavos de Final,52,Thierry Henry,Gol,Goal,"Octavos de Final vs Celtic (Wednesday February 20, 2008)"
3136674987,"Wednesday February 20, 2008",Celtic,2-3,Octavos de Final,55,Georgios Samaras,Sustitución,Entra al campo (Sale Jan Vennegoor of Hesselink),"Octavos de Final vs Celtic (Wednesday February 20, 2008)"
3136674987,"Wednesday February 20, 2008",Celtic,2-3,Octavos de Final,61,Mark Wilson,Sustitución,Entra al campo (Sale Paul Caddis),"Octavos de Final vs Celtic (Wednesday February 20, 2008)"
3136674987,"Wednesday February 20, 2008",Celtic,2-3,Octavos de Final,61,Paul Hartley,Tarjeta Amarilla,2:2  — Yellow Card,"Octavos de Final vs Celtic (Wednesday February 20, 2008)"
3136674987,"Wednesday February 20, 2008",Celtic,2-3,Octavos de Final,65,Massimo Donati,Sustitución,Entra al campo (Sale Paul Hartley),"Octavos de Final vs Celtic (Wednesday February 20, 2008)"
3136674987,"Wednesday February 20, 2008",Celtic,2-3,Octavos de Final,66,Xavi,Sustitución,Entra al campo (Sale Deco),"Octavos de Final vs Celtic (Wednesday February 20, 2008)"
3136674987,"Wednesday February 20, 2008",Celtic,2-3,Octavos de Final,73,Samuel Eto'o,Sustitución,Entra al campo (Sale Ronaldinho),"Octavos de Final vs Celtic (Wednesday February 20, 2008)"
3136674987,"Wednesday February 20, 2008",Celtic,2-3,Octavos de Final,79,Lionel Messi,Gol,Goal,"Octavos de Final vs Celtic (Wednesday February 20, 2008)"
3136674987,"Wednesday February 20, 2008",Celtic,2-3,Octavos de Final,88,Eiður Guðjohnsen,Sustitución,Entra al campo (Sale Thierry Henry),"Octavos de Final vs Celtic (Wednesday February 20, 2008)"
3136674987,"Wednesday February 20, 2008",Celtic,2-3,Octavos de Final,90+3,Georgios Samaras,Tarjeta Amarilla,2:3  — Yellow Card,"Octavos de Final vs Celtic (Wednesday February 20, 2008)"
1961724987,"Wednesday November 7, 2012",Celtic,2-1,Fase de Grupos,13,Alexandre Song,Tarjeta Amarilla,0:0  — Yellow Card,"Fase de Grupos vs Celtic (Wednesday November 7, 2012)"
1961724987,"Wednesday November 7, 2012",Celtic,2-1,Fase de Grupos,21,Victor Wanyama,Gol,Goal,"Fase de Grupos vs Celtic (Wednesday November 7, 2012)"
1961724987,"Wednesday November 7, 2012",Celtic,2-1,Fase de Grupos,41,Miku,Tarjeta Amarilla,1:0  — Yellow Card,"Fase de Grupos vs Celtic (Wednesday November 7, 2012)"
1961724987,"Wednesday November 7, 2012",Celtic,2-1,Fase de Grupos,65,David Villa,Sustitución,Entra al campo (Sale Alexis Sánchez),"Fase de Grupos vs Celtic (Wednesday November 7, 2012)"
1961724987,"Wednesday November 7, 2012",Celtic,2-1,Fase de Grupos,66,Jordi Alba,Tarjeta Amarilla,1:0  — Yellow Card,"Fase de Grupos vs Celtic (Wednesday November 7, 2012)"
1961724987,"Wednesday November 7, 2012",Celtic,2-1,Fase de Grupos,71,Cesc Fàbregas,Sustitución,Entra al campo (Sale Alexandre Song),"Fase de Grupos vs Celtic (Wednesday November 7, 2012)"
1961724987,"Wednesday November 7, 2012",Celtic,2-1,Fase de Grupos,72,Gerard Piqué,Sustitución,Entra al campo (Sale Marc Bartra),"Fase de Grupos vs Celtic (Wednesday November 7, 2012)"
1961724987,"Wednesday November 7, 2012",Celtic,2-1,Fase de Grupos,72,Tony Watt,Sustitución,Entra al campo (Sale Mikael Lustig),"Fase de Grupos vs Celtic (Wednesday November 7, 2012)"
1961724987,"Wednesday November 7, 2012",Celtic,2-1,Fase de Grupos,79,Beram Kayal,Sustitución,Entra al campo (Sale Georgios Samaras),"Fase de Grupos vs Celtic (Wednesday November 7, 2012)"
1961724987,"Wednesday November 7, 2012",Celtic,2-1,Fase de Grupos,83,Tony Watt,Gol,Goal,"Fase de Grupos vs Celtic (Wednesday November 7, 2012)"
1961724987,"Wednesday November 7, 2012",Celtic,2-1,Fase de Grupos,90+1,Lionel Messi,Gol,Goal,"Fase de Grupos vs Celtic (Wednesday November 7, 2012)"
1939911265,"Wednesday April 18, 2012",Chelsea,1-0,Semifinales,47,Didier Drogba,Gol,Goal,"Semifinales vs Chelsea (Wednesday April 18, 2012)"
1939911265,"Wednesday April 18, 2012",Chelsea,1-0,Semifinales,66,Pedro,Sustitución,Entra al campo (Sale Alexis Sánchez),"Semifinales vs Chelsea (Wednesday April 18, 2012)"
1939911265,"Wednesday April 18, 2012",Chelsea,1-0,Semifinales,69,Ramires,Tarjeta Amarilla,1:0  — Yellow Card,"Semifinales vs Chelsea (Wednesday April 18, 2012)"
1939911265,"Wednesday April 18, 2012",Chelsea,1-0,Semifinales,71,Pedro,Tarjeta Amarilla,1:0  — Yellow Card,"Semifinales vs Chelsea (Wednesday April 18, 2012)"
1939911265,"Wednesday April 18, 2012",Chelsea,1-0,Semifinales,74,Salomon Kalou,Sustitución,Entra al campo (Sale Juan Mata),"Semifinales vs Chelsea (Wednesday April 18, 2012)"
1939911265,"Wednesday April 18, 2012",Chelsea,1-0,Semifinales,76,Sergio Busquets,Tarjeta Amarilla,1:0  — Yellow Card,"Semifinales vs Chelsea (Wednesday April 18, 2012)"
1939911265,"Wednesday April 18, 2012",Chelsea,1-0,Semifinales,78,Thiago Alcántara,Sustitución,Entra al campo (Sale Cesc Fàbregas),"Semifinales vs Chelsea (Wednesday April 18, 2012)"
1939911265,"Wednesday April 18, 2012",Chelsea,1-0,Semifinales,86,Didier Drogba,Tarjeta Amarilla,1:0  — Yellow Card,"Semifinales vs Chelsea (Wednesday April 18, 2012)"
1939911265,"Wednesday April 18, 2012",Chelsea,1-0,Semifinales,87,Isaac Cuenca,Sustitución,Entra al campo (Sale Xavi),"Semifinales vs Chelsea (Wednesday April 18, 2012)"
1939911265,"Wednesday April 18, 2012",Chelsea,1-0,Semifinales,88,José Bosingwa,Sustitución,Entra al campo (Sale Ramires),"Semifinales vs Chelsea (Wednesday April 18, 2012)"
2860897283,"Wednesday February 22, 2006",Chelsea,1-2,Octavos de Final,21,Carles Puyol,Tarjeta Amarilla,0:0  — Yellow Card,"Octavos de Final vs Chelsea (Wednesday February 22, 2006)"
2860897283,"Wednesday February 22, 2006",Chelsea,1-2,Octavos de Final,37,Asier del Horno,Tarjeta Roja,0:0  — Red Card,"Octavos de Final vs Chelsea (Wednesday February 22, 2006)"
2860897283,"Wednesday February 22, 2006",Chelsea,1-2,Octavos de Final,40,Geremi,Sustitución,Entra al campo (Sale Joe Cole),"Octavos de Final vs Chelsea (Wednesday February 22, 2006)"
2860897283,"Wednesday February 22, 2006",Chelsea,1-2,Octavos de Final,46,Didier Drogba,Sustitución,Entra al campo (Sale Hernán Crespo),"Octavos de Final vs Chelsea (Wednesday February 22, 2006)"
2860897283,"Wednesday February 22, 2006",Chelsea,1-2,Octavos de Final,59,Thiago Motta,Gol,Own Goal  Substitute,"Octavos de Final vs Chelsea (Wednesday February 22, 2006)"
2860897283,"Wednesday February 22, 2006",Chelsea,1-2,Octavos de Final,66,Henrik Larsson,Sustitución,Entra al campo (Sale Thiago Motta),"Octavos de Final vs Chelsea (Wednesday February 22, 2006)"
2860897283,"Wednesday February 22, 2006",Chelsea,1-2,Octavos de Final,69,Sylvinho,Sustitución,Entra al campo (Sale Giovanni van Bronckhorst),"Octavos de Final vs Chelsea (Wednesday February 22, 2006)"
2860897283,"Wednesday February 22, 2006",Chelsea,1-2,Octavos de Final,72,John Terry,Gol,Own Goal  Substitute,"Octavos de Final vs Chelsea (Wednesday February 22, 2006)"
2860897283,"Wednesday February 22, 2006",Chelsea,1-2,Octavos de Final,78,Shaun Wright-Phillips,Sustitución,Entra al campo (Sale Arjen Robben),"Octavos de Final vs Chelsea (Wednesday February 22, 2006)"
2860897283,"Wednesday February 22, 2006",Chelsea,1-2,Octavos de Final,80,Samuel Eto'o,Gol,Goal,"Octavos de Final vs Chelsea (Wednesday February 22, 2006)"
2860897283,"Wednesday February 22, 2006",Chelsea,1-2,Octavos de Final,85,Andrés Iniesta,Sustitución,Entra al campo (Sale Deco),"Octavos de Final vs Chelsea (Wednesday February 22, 2006)"
2860897283,"Wednesday February 22, 2006",Chelsea,1-2,Octavos de Final,86,Oleguer Presas,Tarjeta Amarilla,1:2  — Yellow Card,"Octavos de Final vs Chelsea (Wednesday February 22, 2006)"
3419752693,"Tuesday April 15, 2025",Dortmund,3-1,Cuartos de Final,11,Serhou Guirassy,Gol,De Penalti,"Cuartos de Final vs Dortmund (Tuesday April 15, 2025)"
3419752693,"Tuesday April 15, 2025",Dortmund,3-1,Cuartos de Final,35,Frenkie de Jong,Tarjeta Amarilla,1:0  — Yellow Card,"Cuartos de Final vs Dortmund (Tuesday April 15, 2025)"
3419752693,"Tuesday April 15, 2025",Dortmund,3-1,Cuartos de Final,49,Serhou Guirassy,Gol,Asistencia de Ramy Bensebaini,"Cuartos de Final vs Dortmund (Tuesday April 15, 2025)"
3419752693,"Tuesday April 15, 2025",Dortmund,3-1,Cuartos de Final,54,Ramy Bensebaini,Gol,Own Goal  Goal,"Cuartos de Final vs Dortmund (Tuesday April 15, 2025)"
3419752693,"Tuesday April 15, 2025",Dortmund,3-1,Cuartos de Final,56,Felix Nmecha,Tarjeta Amarilla,2:1  — Yellow Card,"Cuartos de Final vs Dortmund (Tuesday April 15, 2025)"
3419752693,"Tuesday April 15, 2025",Dortmund,3-1,Cuartos de Final,59,Pedri,Sustitución,Entra al campo (Sale Gavi),"Cuartos de Final vs Dortmund (Tuesday April 15, 2025)"
3419752693,"Tuesday April 15, 2025",Dortmund,3-1,Cuartos de Final,64,Julien Duranville,Sustitución,Entra al campo (Sale Maximilian Beier),"Cuartos de Final vs Dortmund (Tuesday April 15, 2025)"
3419752693,"Tuesday April 15, 2025",Dortmund,3-1,Cuartos de Final,64,Gio Reyna,Sustitución,Entra al campo (Sale Felix Nmecha),"Cuartos de Final vs Dortmund (Tuesday April 15, 2025)"
3419752693,"Tuesday April 15, 2025",Dortmund,3-1,Cuartos de Final,70,Ferrán Torres,Sustitución,Entra al campo (Sale Lamine Yamal),"Cuartos de Final vs Dortmund (Tuesday April 15, 2025)"
3419752693,"Tuesday April 15, 2025",Dortmund,3-1,Cuartos de Final,70,Eric García,Sustitución,Entra al campo (Sale Fermin López),"Cuartos de Final vs Dortmund (Tuesday April 15, 2025)"
3419752693,"Tuesday April 15, 2025",Dortmund,3-1,Cuartos de Final,76,Serhou Guirassy,Gol,Goal,"Cuartos de Final vs Dortmund (Tuesday April 15, 2025)"
3419752693,"Tuesday April 15, 2025",Dortmund,3-1,Cuartos de Final,77,Julian Brandt,Sustitución,Entra al campo (Sale Yan Couto),"Cuartos de Final vs Dortmund (Tuesday April 15, 2025)"
3419752693,"Tuesday April 15, 2025",Dortmund,3-1,Cuartos de Final,77,Jamie Gittens,Sustitución,Entra al campo (Sale Karim Adeyemi),"Cuartos de Final vs Dortmund (Tuesday April 15, 2025)"
3419752693,"Tuesday April 15, 2025",Dortmund,3-1,Cuartos de Final,86,Dani Olmo,Sustitución,Entra al campo (Sale Robert Lewandowski),"Cuartos de Final vs Dortmund (Tuesday April 15, 2025)"
2929137246,"Wednesday December 11, 2024",Dortmund,2-3,Fase Eliminatoria,42,Marcel Sabitzer,Tarjeta Amarilla,0:0  — Yellow Card,"Fase Eliminatoria vs Dortmund (Wednesday December 11, 2024)"
2929137246,"Wednesday December 11, 2024",Dortmund,2-3,Fase Eliminatoria,46,Yan Couto,Sustitución,Entra al campo (Sale Julian Ryerson),"Fase Eliminatoria vs Dortmund (Wednesday December 11, 2024)"
2929137246,"Wednesday December 11, 2024",Dortmund,2-3,Fase Eliminatoria,51,Felix Nmecha,Tarjeta Amarilla,0:0  — Yellow Card,"Fase Eliminatoria vs Dortmund (Wednesday December 11, 2024)"
2929137246,"Wednesday December 11, 2024",Dortmund,2-3,Fase Eliminatoria,52,Raphinha,Gol,Asistencia de Dani Olmo,"Fase Eliminatoria vs Dortmund (Wednesday December 11, 2024)"
2929137246,"Wednesday December 11, 2024",Dortmund,2-3,Fase Eliminatoria,57,Yan Couto,Tarjeta Amarilla,0:1  — Yellow Card,"Fase Eliminatoria vs Dortmund (Wednesday December 11, 2024)"
2929137246,"Wednesday December 11, 2024",Dortmund,2-3,Fase Eliminatoria,58,Pau Cubarsí,Tarjeta Amarilla,0:1  — Yellow Card,"Fase Eliminatoria vs Dortmund (Wednesday December 11, 2024)"
2929137246,"Wednesday December 11, 2024",Dortmund,2-3,Fase Eliminatoria,58,Ramy Bensebaini,Tarjeta Amarilla,0:1  — Yellow Card,"Fase Eliminatoria vs Dortmund (Wednesday December 11, 2024)"
2929137246,"Wednesday December 11, 2024",Dortmund,2-3,Fase Eliminatoria,60,Serhou Guirassy,Gol,De Penalti,"Fase Eliminatoria vs Dortmund (Wednesday December 11, 2024)"
2929137246,"Wednesday December 11, 2024",Dortmund,2-3,Fase Eliminatoria,71,Fermin López,Sustitución,Entra al campo (Sale Dani Olmo),"Fase Eliminatoria vs Dortmund (Wednesday December 11, 2024)"
2929137246,"Wednesday December 11, 2024",Dortmund,2-3,Fase Eliminatoria,71,Frenkie de Jong,Sustitución,Entra al campo (Sale Raphinha),"Fase Eliminatoria vs Dortmund (Wednesday December 11, 2024)"
2929137246,"Wednesday December 11, 2024",Dortmund,2-3,Fase Eliminatoria,71,Ferrán Torres,Sustitución,Entra al campo (Sale Robert Lewandowski),"Fase Eliminatoria vs Dortmund (Wednesday December 11, 2024)"
2929137246,"Wednesday December 11, 2024",Dortmund,2-3,Fase Eliminatoria,73,Donyell Malen,Sustitución,Entra al campo (Sale Julien Duranville),"Fase Eliminatoria vs Dortmund (Wednesday December 11, 2024)"
2929137246,"Wednesday December 11, 2024",Dortmund,2-3,Fase Eliminatoria,73,Pascal Groß,Sustitución,Entra al campo (Sale Gio Reyna),"Fase Eliminatoria vs Dortmund (Wednesday December 11, 2024)"
2929137246,"Wednesday December 11, 2024",Dortmund,2-3,Fase Eliminatoria,75,Ferrán Torres,Gol,Goal,"Fase Eliminatoria vs Dortmund (Wednesday December 11, 2024)"
2929137246,"Wednesday December 11, 2024",Dortmund,2-3,Fase Eliminatoria,78,Serhou Guirassy,Gol,Asistencia de Pascal Groß,"Fase Eliminatoria vs Dortmund (Wednesday December 11, 2024)"
2929137246,"Wednesday December 11, 2024",Dortmund,2-3,Fase Eliminatoria,85,Ferrán Torres,Gol,Asistencia de Lamine Yamal,"Fase Eliminatoria vs Dortmund (Wednesday December 11, 2024)"
2929137246,"Wednesday December 11, 2024",Dortmund,2-3,Fase Eliminatoria,90,Pau Victor,Sustitución,Entra al campo (Sale Lamine Yamal),"Fase Eliminatoria vs Dortmund (Wednesday December 11, 2024)"
2929137246,"Wednesday December 11, 2024",Dortmund,2-3,Fase Eliminatoria,90+2,Ferrán Torres,Tarjeta Amarilla,2:3  — Yellow Card,"Fase Eliminatoria vs Dortmund (Wednesday December 11, 2024)"
2929137246,"Wednesday December 11, 2024",Dortmund,2-3,Fase Eliminatoria,90+3,Eric García,Sustitución,Entra al campo (Sale Pedri),"Fase Eliminatoria vs Dortmund (Wednesday December 11, 2024)"
2469362148,"Wednesday December 9, 2009",Dynamo Kyiv,1-2,Fase de Grupos,2,Artem Milevskiy,Gol,Goal,"Fase de Grupos vs Dynamo Kyiv (Wednesday December 9, 2009)"
2469362148,"Wednesday December 9, 2009",Dynamo Kyiv,1-2,Fase de Grupos,33,Xavi,Gol,Goal,"Fase de Grupos vs Dynamo Kyiv (Wednesday December 9, 2009)"
2469362148,"Wednesday December 9, 2009",Dynamo Kyiv,1-2,Fase de Grupos,45,Gerard Piqué,Tarjeta Amarilla,1:1  — Yellow Card,"Fase de Grupos vs Dynamo Kyiv (Wednesday December 9, 2009)"
2469362148,"Wednesday December 9, 2009",Dynamo Kyiv,1-2,Fase de Grupos,51,Leandro Almeida Silva,Tarjeta Amarilla,1:1  — Yellow Card,"Fase de Grupos vs Dynamo Kyiv (Wednesday December 9, 2009)"
2469362148,"Wednesday December 9, 2009",Dynamo Kyiv,1-2,Fase de Grupos,55,Ognjen Vukojević,Tarjeta Amarilla,1:1  — Yellow Card,"Fase de Grupos vs Dynamo Kyiv (Wednesday December 9, 2009)"
2469362148,"Wednesday December 9, 2009",Dynamo Kyiv,1-2,Fase de Grupos,75,Miloš Ninković,Sustitución,Entra al campo (Sale Gérson Magrão),"Fase de Grupos vs Dynamo Kyiv (Wednesday December 9, 2009)"
2469362148,"Wednesday December 9, 2009",Dynamo Kyiv,1-2,Fase de Grupos,77,Zlatan Ibrahimović,Tarjeta Amarilla,1:1  — Yellow Card,"Fase de Grupos vs Dynamo Kyiv (Wednesday December 9, 2009)"
2469362148,"Wednesday December 9, 2009",Dynamo Kyiv,1-2,Fase de Grupos,78,Taras Mykhalyk,Tarjeta Amarilla,1:1  — Yellow Card,"Fase de Grupos vs Dynamo Kyiv (Wednesday December 9, 2009)"
2469362148,"Wednesday December 9, 2009",Dynamo Kyiv,1-2,Fase de Grupos,81,Xavi,Tarjeta Amarilla,1:1  — Yellow Card,"Fase de Grupos vs Dynamo Kyiv (Wednesday December 9, 2009)"
2469362148,"Wednesday December 9, 2009",Dynamo Kyiv,1-2,Fase de Grupos,82,Pedro,Sustitución,Entra al campo (Sale Andrés Iniesta),"Fase de Grupos vs Dynamo Kyiv (Wednesday December 9, 2009)"
2469362148,"Wednesday December 9, 2009",Dynamo Kyiv,1-2,Fase de Grupos,86,Lionel Messi,Gol,Goal,"Fase de Grupos vs Dynamo Kyiv (Wednesday December 9, 2009)"
2469362148,"Wednesday December 9, 2009",Dynamo Kyiv,1-2,Fase de Grupos,88,Rafael Márquez,Sustitución,Entra al campo (Sale Gerard Piqué),"Fase de Grupos vs Dynamo Kyiv (Wednesday December 9, 2009)"
2469362148,"Wednesday December 9, 2009",Dynamo Kyiv,1-2,Fase de Grupos,88,Andriy Shevchenko,Tarjeta Amarilla,1:2  — Yellow Card,"Fase de Grupos vs Dynamo Kyiv (Wednesday December 9, 2009)"
2868676722,"Tuesday April 20, 2010",Internazionale,3-1,Semifinales,12,Samuel Eto'o,Tarjeta Amarilla,0:0  — Yellow Card,"Semifinales vs Internazionale (Tuesday April 20, 2010)"
2868676722,"Tuesday April 20, 2010",Internazionale,3-1,Semifinales,19,Pedro,Gol,Goal,"Semifinales vs Internazionale (Tuesday April 20, 2010)"
2868676722,"Tuesday April 20, 2010",Internazionale,3-1,Semifinales,30,Wesley Sneijder,Gol,Goal,"Semifinales vs Internazionale (Tuesday April 20, 2010)"
2868676722,"Tuesday April 20, 2010",Internazionale,3-1,Semifinales,46,Sergio Busquets,Tarjeta Amarilla,1:1  — Yellow Card,"Semifinales vs Internazionale (Tuesday April 20, 2010)"
2868676722,"Tuesday April 20, 2010",Internazionale,3-1,Semifinales,48,Maicon Sisenando,Gol,Goal,"Semifinales vs Internazionale (Tuesday April 20, 2010)"
2868676722,"Tuesday April 20, 2010",Internazionale,3-1,Semifinales,51,Carles Puyol,Tarjeta Amarilla,2:1  — Yellow Card,"Semifinales vs Internazionale (Tuesday April 20, 2010)"
2868676722,"Tuesday April 20, 2010",Internazionale,3-1,Semifinales,56,Dejan Stanković,Sustitución,Entra al campo (Sale Goran Pandev),"Semifinales vs Internazionale (Tuesday April 20, 2010)"
2868676722,"Tuesday April 20, 2010",Internazionale,3-1,Semifinales,60,Gerard Piqué,Tarjeta Amarilla,2:1  — Yellow Card,"Semifinales vs Internazionale (Tuesday April 20, 2010)"
2868676722,"Tuesday April 20, 2010",Internazionale,3-1,Semifinales,61,Diego Milito,Gol,Goal,"Semifinales vs Internazionale (Tuesday April 20, 2010)"
2868676722,"Tuesday April 20, 2010",Internazionale,3-1,Semifinales,62,Éric Abidal,Sustitución,Entra al campo (Sale Zlatan Ibrahimović),"Semifinales vs Internazionale (Tuesday April 20, 2010)"
2868676722,"Tuesday April 20, 2010",Internazionale,3-1,Semifinales,68,Seydou Keita,Tarjeta Amarilla,3:1  — Yellow Card,"Semifinales vs Internazionale (Tuesday April 20, 2010)"
2868676722,"Tuesday April 20, 2010",Internazionale,3-1,Semifinales,73,Cristian Chivu,Sustitución,Entra al campo (Sale Maicon Sisenando),"Semifinales vs Internazionale (Tuesday April 20, 2010)"
2868676722,"Tuesday April 20, 2010",Internazionale,3-1,Semifinales,75,Mario Balotelli,Sustitución,Entra al campo (Sale Diego Milito),"Semifinales vs Internazionale (Tuesday April 20, 2010)"
2868676722,"Tuesday April 20, 2010",Internazionale,3-1,Semifinales,82,Dejan Stanković,Tarjeta Amarilla,3:1  — Yellow Card,"Semifinales vs Internazionale (Tuesday April 20, 2010)"
2868676722,"Tuesday April 20, 2010",Internazionale,3-1,Semifinales,84,Dani Alves,Tarjeta Amarilla,3:1  — Yellow Card,"Semifinales vs Internazionale (Tuesday April 20, 2010)"
4065096276,"Tuesday May 6, 2025",Internazionale,4-3,Semifinales,21,Lautaro Martínez,Gol,Asistencia de Denzel Dumfries,"Semifinales vs Internazionale (Tuesday May 6, 2025)"
4065096276,"Tuesday May 6, 2025",Internazionale,4-3,Semifinales,36,Hakan Çalhanoğlu,Tarjeta Amarilla,1:0  — Yellow Card,"Semifinales vs Internazionale (Tuesday May 6, 2025)"
4065096276,"Tuesday May 6, 2025",Internazionale,4-3,Semifinales,45,Hakan Çalhanoğlu,Gol,De Penalti,"Semifinales vs Internazionale (Tuesday May 6, 2025)"
4065096276,"Tuesday May 6, 2025",Internazionale,4-3,Semifinales,51,Iñigo Martínez,Tarjeta Amarilla,2:0  — Yellow Card,"Semifinales vs Internazionale (Tuesday May 6, 2025)"
4065096276,"Tuesday May 6, 2025",Internazionale,4-3,Semifinales,54,Eric García,Gol,Asistencia de Gerard Martín,"Semifinales vs Internazionale (Tuesday May 6, 2025)"
4065096276,"Tuesday May 6, 2025",Internazionale,4-3,Semifinales,55,Carlos Augusto,Sustitución,Entra al campo (Sale Federico Dimarco),"Semifinales vs Internazionale (Tuesday May 6, 2025)"
4065096276,"Tuesday May 6, 2025",Internazionale,4-3,Semifinales,60,Dani Olmo,Gol,Asistencia de Gerard Martín,"Semifinales vs Internazionale (Tuesday May 6, 2025)"
4065096276,"Tuesday May 6, 2025",Internazionale,4-3,Semifinales,68,Henrikh Mkhitaryan,Tarjeta Amarilla,2:2  — Yellow Card,"Semifinales vs Internazionale (Tuesday May 6, 2025)"
4065096276,"Tuesday May 6, 2025",Internazionale,4-3,Semifinales,71,Mehdi Taremi,Sustitución,Entra al campo (Sale Lautaro Martínez),"Semifinales vs Internazionale (Tuesday May 6, 2025)"
4065096276,"Tuesday May 6, 2025",Internazionale,4-3,Semifinales,71,Matteo Darmian,Sustitución,Entra al campo (Sale Yann Aurel Bisseck),"Semifinales vs Internazionale (Tuesday May 6, 2025)"
4065096276,"Tuesday May 6, 2025",Internazionale,4-3,Semifinales,76,Ronald Araújo,Sustitución,Entra al campo (Sale Iñigo Martínez),"Semifinales vs Internazionale (Tuesday May 6, 2025)"
4065096276,"Tuesday May 6, 2025",Internazionale,4-3,Semifinales,79,Davide Frattesi,Sustitución,Entra al campo (Sale Henrikh Mkhitaryan),"Semifinales vs Internazionale (Tuesday May 6, 2025)"
4065096276,"Tuesday May 6, 2025",Internazionale,4-3,Semifinales,79,Piotr Zieliński,Sustitución,Entra al campo (Sale Hakan Çalhanoğlu),"Semifinales vs Internazionale (Tuesday May 6, 2025)"
4065096276,"Tuesday May 6, 2025",Internazionale,4-3,Semifinales,83,Fermin López,Sustitución,Entra al campo (Sale Dani Olmo),"Semifinales vs Internazionale (Tuesday May 6, 2025)"
4065096276,"Tuesday May 6, 2025",Internazionale,4-3,Semifinales,87,Raphinha,Gol,Goal,"Semifinales vs Internazionale (Tuesday May 6, 2025)"
4065096276,"Tuesday May 6, 2025",Internazionale,4-3,Semifinales,90+1,Robert Lewandowski,Sustitución,Entra al campo (Sale Ferrán Torres),"Semifinales vs Internazionale (Tuesday May 6, 2025)"
4065096276,"Tuesday May 6, 2025",Internazionale,4-3,Semifinales,90+3,Francesco Acerbi,Gol,Asistencia de Denzel Dumfries,"Semifinales vs Internazionale (Tuesday May 6, 2025)"
4065096276,"Tuesday May 6, 2025",Internazionale,4-3,Semifinales,90+4,Francesco Acerbi,Tarjeta Amarilla,3:3  — Yellow Card,"Semifinales vs Internazionale (Tuesday May 6, 2025)"
4065096276,"Tuesday May 6, 2025",Internazionale,4-3,Semifinales,90+5,Pau Victor,Tarjeta Amarilla,3:3  — Yellow Card,"Semifinales vs Internazionale (Tuesday May 6, 2025)"
4065096276,"Tuesday May 6, 2025",Internazionale,4-3,Semifinales,91,Carlos Augusto,Tarjeta Amarilla,3:3  — Yellow Card,"Semifinales vs Internazionale (Tuesday May 6, 2025)"
4065096276,"Tuesday May 6, 2025",Internazionale,4-3,Semifinales,98,Héctor Fort,Sustitución,Entra al campo (Sale Eric García),"Semifinales vs Internazionale (Tuesday May 6, 2025)"
4065096276,"Tuesday May 6, 2025",Internazionale,4-3,Semifinales,99,Davide Frattesi,Gol,Asistencia de Mehdi Taremi,"Semifinales vs Internazionale (Tuesday May 6, 2025)"
4065096276,"Tuesday May 6, 2025",Internazionale,4-3,Semifinales,105,Gavi,Sustitución,Entra al campo (Sale Pau Cubarsí),"Semifinales vs Internazionale (Tuesday May 6, 2025)"
4065096276,"Tuesday May 6, 2025",Internazionale,4-3,Semifinales,105,Pau Victor,Sustitución,Entra al campo (Sale Pedri),"Semifinales vs Internazionale (Tuesday May 6, 2025)"
4065096276,"Tuesday May 6, 2025",Internazionale,4-3,Semifinales,108,Stefan de Vrij,Sustitución,Entra al campo (Sale Denzel Dumfries),"Semifinales vs Internazionale (Tuesday May 6, 2025)"
4065096276,"Tuesday May 6, 2025",Internazionale,4-3,Semifinales,118,Alessandro Bastoni,Tarjeta Amarilla,4:3  — Yellow Card,"Semifinales vs Internazionale (Tuesday May 6, 2025)"
220561913,"Tuesday November 6, 2018",Internazionale,1-1,Fase de Grupos,42,Ivan Rakitić,Tarjeta Amarilla,0:0  — Yellow Card,"Fase de Grupos vs Internazionale (Tuesday November 6, 2018)"
220561913,"Tuesday November 6, 2018",Internazionale,1-1,Fase de Grupos,63,Borja Valero,Sustitución,Entra al campo (Sale Radja Nainggolan),"Fase de Grupos vs Internazionale (Tuesday November 6, 2018)"
220561913,"Tuesday November 6, 2018",Internazionale,1-1,Fase de Grupos,74,Arturo Vidal,Sustitución,Entra al campo (Sale Arthur Melo),"Fase de Grupos vs Internazionale (Tuesday November 6, 2018)"
220561913,"Tuesday November 6, 2018",Internazionale,1-1,Fase de Grupos,81,Antonio Candreva,Sustitución,Entra al campo (Sale Matteo Politano),"Fase de Grupos vs Internazionale (Tuesday November 6, 2018)"
220561913,"Tuesday November 6, 2018",Internazionale,1-1,Fase de Grupos,81,Malcom,Sustitución,Entra al campo (Sale Ousmane Dembélé),"Fase de Grupos vs Internazionale (Tuesday November 6, 2018)"
220561913,"Tuesday November 6, 2018",Internazionale,1-1,Fase de Grupos,83,Malcom,Gol,Asistencia de Philippe Coutinho,"Fase de Grupos vs Internazionale (Tuesday November 6, 2018)"
220561913,"Tuesday November 6, 2018",Internazionale,1-1,Fase de Grupos,84,Marcelo Brozović,Tarjeta Amarilla,0:1  — Yellow Card,"Fase de Grupos vs Internazionale (Tuesday November 6, 2018)"
220561913,"Tuesday November 6, 2018",Internazionale,1-1,Fase de Grupos,85,Lautaro Martínez,Sustitución,Entra al campo (Sale Marcelo Brozović),"Fase de Grupos vs Internazionale (Tuesday November 6, 2018)"
220561913,"Tuesday November 6, 2018",Internazionale,1-1,Fase de Grupos,87,Mauro Icardi,Gol,Goal,"Fase de Grupos vs Internazionale (Tuesday November 6, 2018)"
220561913,"Tuesday November 6, 2018",Internazionale,1-1,Fase de Grupos,88,Ivan Perišić,Tarjeta Amarilla,1:1  — Yellow Card,"Fase de Grupos vs Internazionale (Tuesday November 6, 2018)"
1470824666,"Wednesday September 16, 2009",Internazionale,0-0,Fase de Grupos,54,Thierry Henry,Tarjeta Amarilla,0:0  — Yellow Card,"Fase de Grupos vs Internazionale (Wednesday September 16, 2009)"
1470824666,"Wednesday September 16, 2009",Internazionale,0-0,Fase de Grupos,62,Dejan Stanković,Sustitución,Entra al campo (Sale Sulley Muntari),"Fase de Grupos vs Internazionale (Wednesday September 16, 2009)"
1470824666,"Wednesday September 16, 2009",Internazionale,0-0,Fase de Grupos,77,Andrés Iniesta,Sustitución,Entra al campo (Sale Thierry Henry),"Fase de Grupos vs Internazionale (Wednesday September 16, 2009)"
1470824666,"Wednesday September 16, 2009",Internazionale,0-0,Fase de Grupos,80,Davide Santon,Sustitución,Entra al campo (Sale Wesley Sneijder),"Fase de Grupos vs Internazionale (Wednesday September 16, 2009)"
1470824666,"Wednesday September 16, 2009",Internazionale,0-0,Fase de Grupos,83,Yaya Touré,Tarjeta Amarilla,0:0  — Yellow Card,"Fase de Grupos vs Internazionale (Wednesday September 16, 2009)"
1470824666,"Wednesday September 16, 2009",Internazionale,0-0,Fase de Grupos,85,Mario Balotelli,Sustitución,Entra al campo (Sale Diego Milito),"Fase de Grupos vs Internazionale (Wednesday September 16, 2009)"
1470824666,"Wednesday September 16, 2009",Internazionale,0-0,Fase de Grupos,90,Cristian Chivu,Tarjeta Amarilla,0:0  — Yellow Card,"Fase de Grupos vs Internazionale (Wednesday September 16, 2009)"
3146496055,"Tuesday February 14, 2012",Leverkusen,1-3,Octavos de Final,7,Daniel Schwaab,Tarjeta Amarilla,0:0  — Yellow Card,"Octavos de Final vs Leverkusen (Tuesday February 14, 2012)"
3146496055,"Tuesday February 14, 2012",Leverkusen,1-3,Octavos de Final,41,Alexis Sánchez,Gol,Goal,"Octavos de Final vs Leverkusen (Tuesday February 14, 2012)"
3146496055,"Tuesday February 14, 2012",Leverkusen,1-3,Octavos de Final,52,Michal Kadlec,Gol,Goal,"Octavos de Final vs Leverkusen (Tuesday February 14, 2012)"
3146496055,"Tuesday February 14, 2012",Leverkusen,1-3,Octavos de Final,54,Vedran Ćorluka,Tarjeta Amarilla,1:1  — Yellow Card,"Octavos de Final vs Leverkusen (Tuesday February 14, 2012)"
3146496055,"Tuesday February 14, 2012",Leverkusen,1-3,Octavos de Final,55,Alexis Sánchez,Gol,Goal,"Octavos de Final vs Leverkusen (Tuesday February 14, 2012)"
3146496055,"Tuesday February 14, 2012",Leverkusen,1-3,Octavos de Final,61,Thiago Alcántara,Sustitución,Entra al campo (Sale Andrés Iniesta),"Octavos de Final vs Leverkusen (Tuesday February 14, 2012)"
3146496055,"Tuesday February 14, 2012",Leverkusen,1-3,Octavos de Final,70,Pedro,Sustitución,Entra al campo (Sale Adriano),"Octavos de Final vs Leverkusen (Tuesday February 14, 2012)"
3146496055,"Tuesday February 14, 2012",Leverkusen,1-3,Octavos de Final,77,Stefan Kießling,Sustitución,Entra al campo (Sale Simon Rolfes),"Octavos de Final vs Leverkusen (Tuesday February 14, 2012)"
3146496055,"Tuesday February 14, 2012",Leverkusen,1-3,Octavos de Final,80,Gonzalo Castro,Tarjeta Amarilla,1:2  — Yellow Card,"Octavos de Final vs Leverkusen (Tuesday February 14, 2012)"
3146496055,"Tuesday February 14, 2012",Leverkusen,1-3,Octavos de Final,86,Isaac Cuenca,Sustitución,Entra al campo (Sale Alexis Sánchez),"Octavos de Final vs Leverkusen (Tuesday February 14, 2012)"
3146496055,"Tuesday February 14, 2012",Leverkusen,1-3,Octavos de Final,87,Thiago Alcántara,Tarjeta Amarilla,1:2  — Yellow Card,"Octavos de Final vs Leverkusen (Tuesday February 14, 2012)"
3146496055,"Tuesday February 14, 2012",Leverkusen,1-3,Octavos de Final,88,Lionel Messi,Gol,Goal,"Octavos de Final vs Leverkusen (Tuesday February 14, 2012)"
3146496055,"Tuesday February 14, 2012",Leverkusen,1-3,Octavos de Final,90,Karim Bellarabi,Sustitución,Entra al campo (Sale André Schürrle),"Octavos de Final vs Leverkusen (Tuesday February 14, 2012)"
3146496055,"Tuesday February 14, 2012",Leverkusen,1-3,Octavos de Final,90+1,Danny da Costa,Sustitución,Entra al campo (Sale Vedran Ćorluka),"Octavos de Final vs Leverkusen (Tuesday February 14, 2012)"
1840977340,"Tuesday May 7, 2019",Liverpool,4-0,Semifinales,7,Divock Origi,Gol,Goal,"Semifinales vs Liverpool (Tuesday May 7, 2019)"
1840977340,"Tuesday May 7, 2019",Liverpool,4-0,Semifinales,11,Fabinho,Tarjeta Amarilla,1:0  — Yellow Card,"Semifinales vs Liverpool (Tuesday May 7, 2019)"
1840977340,"Tuesday May 7, 2019",Liverpool,4-0,Semifinales,45+1,Sergio Busquets,Tarjeta Amarilla,1:0  — Yellow Card,"Semifinales vs Liverpool (Tuesday May 7, 2019)"
1840977340,"Tuesday May 7, 2019",Liverpool,4-0,Semifinales,46,Georginio Wijnaldum,Sustitución,Entra al campo (Sale Andrew Robertson),"Semifinales vs Liverpool (Tuesday May 7, 2019)"
1840977340,"Tuesday May 7, 2019",Liverpool,4-0,Semifinales,53,Ivan Rakitić,Tarjeta Amarilla,1:0  — Yellow Card,"Semifinales vs Liverpool (Tuesday May 7, 2019)"
1840977340,"Tuesday May 7, 2019",Liverpool,4-0,Semifinales,54,Georginio Wijnaldum,Gol,Goal,"Semifinales vs Liverpool (Tuesday May 7, 2019)"
1840977340,"Tuesday May 7, 2019",Liverpool,4-0,Semifinales,56,Georginio Wijnaldum,Gol,Asistencia de Xherdan Shaqiri,"Semifinales vs Liverpool (Tuesday May 7, 2019)"
1840977340,"Tuesday May 7, 2019",Liverpool,4-0,Semifinales,60,Nélson Semedo,Sustitución,Entra al campo (Sale Philippe Coutinho),"Semifinales vs Liverpool (Tuesday May 7, 2019)"
1840977340,"Tuesday May 7, 2019",Liverpool,4-0,Semifinales,66,Joël Matip,Tarjeta Amarilla,3:0  — Yellow Card,"Semifinales vs Liverpool (Tuesday May 7, 2019)"
1840977340,"Tuesday May 7, 2019",Liverpool,4-0,Semifinales,75,Arthur Melo,Sustitución,Entra al campo (Sale Arturo Vidal),"Semifinales vs Liverpool (Tuesday May 7, 2019)"
1840977340,"Tuesday May 7, 2019",Liverpool,4-0,Semifinales,75,Nélson Semedo,Tarjeta Amarilla,3:0  — Yellow Card,"Semifinales vs Liverpool (Tuesday May 7, 2019)"
1840977340,"Tuesday May 7, 2019",Liverpool,4-0,Semifinales,79,Divock Origi,Gol,Asistencia de Trent Alexander-Arnold,"Semifinales vs Liverpool (Tuesday May 7, 2019)"
1840977340,"Tuesday May 7, 2019",Liverpool,4-0,Semifinales,80,Malcom,Sustitución,Entra al campo (Sale Ivan Rakitić),"Semifinales vs Liverpool (Tuesday May 7, 2019)"
1840977340,"Tuesday May 7, 2019",Liverpool,4-0,Semifinales,85,Joe Gomez,Sustitución,Entra al campo (Sale Divock Origi),"Semifinales vs Liverpool (Tuesday May 7, 2019)"
1840977340,"Tuesday May 7, 2019",Liverpool,4-0,Semifinales,90,Daniel Sturridge,Sustitución,Entra al campo (Sale Xherdan Shaqiri),"Semifinales vs Liverpool (Tuesday May 7, 2019)"
3735330618,"Tuesday February 19, 2019",Lyon,0-0,Octavos de Final,3,Houssem Aouar,Tarjeta Amarilla,0:0  — Yellow Card,"Octavos de Final vs Lyon (Tuesday February 19, 2019)"
3735330618,"Tuesday February 19, 2019",Lyon,0-0,Octavos de Final,33,Leo Dubois,Tarjeta Amarilla,0:0  — Yellow Card,"Octavos de Final vs Lyon (Tuesday February 19, 2019)"
3735330618,"Tuesday February 19, 2019",Lyon,0-0,Octavos de Final,67,Philippe Coutinho,Sustitución,Entra al campo (Sale Ousmane Dembélé),"Octavos de Final vs Lyon (Tuesday February 19, 2019)"
3735330618,"Tuesday February 19, 2019",Lyon,0-0,Octavos de Final,69,Lucas Tousart,Sustitución,Entra al campo (Sale Bertrand Traoré),"Octavos de Final vs Lyon (Tuesday February 19, 2019)"
3735330618,"Tuesday February 19, 2019",Lyon,0-0,Octavos de Final,76,Maxwel Cornet,Sustitución,Entra al campo (Sale Martin Terrier),"Octavos de Final vs Lyon (Tuesday February 19, 2019)"
3735330618,"Tuesday February 19, 2019",Lyon,0-0,Octavos de Final,80,Sergi Roberto,Tarjeta Amarilla,0:0  — Yellow Card,"Octavos de Final vs Lyon (Tuesday February 19, 2019)"
3735330618,"Tuesday February 19, 2019",Lyon,0-0,Octavos de Final,81,Arturo Vidal,Sustitución,Entra al campo (Sale Sergi Roberto),"Octavos de Final vs Lyon (Tuesday February 19, 2019)"
3735330618,"Tuesday February 19, 2019",Lyon,0-0,Octavos de Final,84,Pape Cheikh Diop,Sustitución,Entra al campo (Sale Tanguy Ndombele),"Octavos de Final vs Lyon (Tuesday February 19, 2019)"
3735330618,"Tuesday February 19, 2019",Lyon,0-0,Octavos de Final,88,Nélson Semedo,Tarjeta Amarilla,0:0  — Yellow Card,"Octavos de Final vs Lyon (Tuesday February 19, 2019)"
910319005,"Tuesday November 27, 2007",Lyon,2-2,Fase de Grupos,3,Andrés Iniesta,Gol,Goal,"Fase de Grupos vs Lyon (Tuesday November 27, 2007)"
910319005,"Tuesday November 27, 2007",Lyon,2-2,Fase de Grupos,7,Juninho Pernambucano,Gol,Goal,"Fase de Grupos vs Lyon (Tuesday November 27, 2007)"
910319005,"Tuesday November 27, 2007",Lyon,2-2,Fase de Grupos,38,Fábio Santos,Tarjeta Amarilla,1:1  — Yellow Card,"Fase de Grupos vs Lyon (Tuesday November 27, 2007)"
910319005,"Tuesday November 27, 2007",Lyon,2-2,Fase de Grupos,44,Yaya Touré,Tarjeta Amarilla,1:1  — Yellow Card,"Fase de Grupos vs Lyon (Tuesday November 27, 2007)"
910319005,"Tuesday November 27, 2007",Lyon,2-2,Fase de Grupos,58,Lionel Messi,Gol,De Penalti,"Fase de Grupos vs Lyon (Tuesday November 27, 2007)"
910319005,"Tuesday November 27, 2007",Lyon,2-2,Fase de Grupos,58,Juninho Pernambucano,Tarjeta Amarilla,1:2  — Yellow Card,"Fase de Grupos vs Lyon (Tuesday November 27, 2007)"
910319005,"Tuesday November 27, 2007",Lyon,2-2,Fase de Grupos,59,Lionel Messi,Tarjeta Amarilla,1:2  — Yellow Card,"Fase de Grupos vs Lyon (Tuesday November 27, 2007)"
910319005,"Tuesday November 27, 2007",Lyon,2-2,Fase de Grupos,60,Xavi,Tarjeta Amarilla,1:2  — Yellow Card,"Fase de Grupos vs Lyon (Tuesday November 27, 2007)"
910319005,"Tuesday November 27, 2007",Lyon,2-2,Fase de Grupos,60,Abdul Kader Keïta,Sustitución,Entra al campo (Sale Fred),"Fase de Grupos vs Lyon (Tuesday November 27, 2007)"
910319005,"Tuesday November 27, 2007",Lyon,2-2,Fase de Grupos,61,Carles Puyol,Tarjeta Amarilla,1:2  — Yellow Card,"Fase de Grupos vs Lyon (Tuesday November 27, 2007)"
910319005,"Tuesday November 27, 2007",Lyon,2-2,Fase de Grupos,68,Kim Källström,Sustitución,Entra al campo (Sale Fábio Santos),"Fase de Grupos vs Lyon (Tuesday November 27, 2007)"
910319005,"Tuesday November 27, 2007",Lyon,2-2,Fase de Grupos,71,Ronaldinho,Sustitución,Entra al campo (Sale Eiður Guðjohnsen),"Fase de Grupos vs Lyon (Tuesday November 27, 2007)"
910319005,"Tuesday November 27, 2007",Lyon,2-2,Fase de Grupos,80,Juninho Pernambucano,Gol,De Penalti,"Fase de Grupos vs Lyon (Tuesday November 27, 2007)"
910319005,"Tuesday November 27, 2007",Lyon,2-2,Fase de Grupos,82,Rafael Márquez,Sustitución,Entra al campo (Sale Gianluca Zambrotta),"Fase de Grupos vs Lyon (Tuesday November 27, 2007)"
910319005,"Tuesday November 27, 2007",Lyon,2-2,Fase de Grupos,82,Loïc Rémy,Sustitución,Entra al campo (Sale Hatem Ben Arfa),"Fase de Grupos vs Lyon (Tuesday November 27, 2007)"
2149164639,"Tuesday April 29, 2008",Manchester United,1-0,Semifinales,14,Paul Scholes,Gol,Goal,"Semifinales vs Manchester United (Tuesday April 29, 2008)"
2149164639,"Tuesday April 29, 2008",Manchester United,1-0,Semifinales,52,Gianluca Zambrotta,Tarjeta Amarilla,1:0  — Yellow Card,"Semifinales vs Manchester United (Tuesday April 29, 2008)"
2149164639,"Tuesday April 29, 2008",Manchester United,1-0,Semifinales,54,Deco,Tarjeta Amarilla,1:0  — Yellow Card,"Semifinales vs Manchester United (Tuesday April 29, 2008)"
2149164639,"Tuesday April 29, 2008",Manchester United,1-0,Semifinales,61,Thierry Henry,Sustitución,Entra al campo (Sale Andrés Iniesta),"Semifinales vs Manchester United (Tuesday April 29, 2008)"
2149164639,"Tuesday April 29, 2008",Manchester United,1-0,Semifinales,63,Michael Carrick,Tarjeta Amarilla,1:0  — Yellow Card,"Semifinales vs Manchester United (Tuesday April 29, 2008)"
2149164639,"Tuesday April 29, 2008",Manchester United,1-0,Semifinales,68,Cristiano Ronaldo,Tarjeta Amarilla,1:0  — Yellow Card,"Semifinales vs Manchester United (Tuesday April 29, 2008)"
2149164639,"Tuesday April 29, 2008",Manchester United,1-0,Semifinales,70,Yaya Touré,Tarjeta Amarilla,1:0  — Yellow Card,"Semifinales vs Manchester United (Tuesday April 29, 2008)"
2149164639,"Tuesday April 29, 2008",Manchester United,1-0,Semifinales,72,Bojan Krkić,Sustitución,Entra al campo (Sale Samuel Eto'o),"Semifinales vs Manchester United (Tuesday April 29, 2008)"
2149164639,"Tuesday April 29, 2008",Manchester United,1-0,Semifinales,77,Darren Fletcher,Sustitución,Entra al campo (Sale Paul Scholes),"Semifinales vs Manchester United (Tuesday April 29, 2008)"
2149164639,"Tuesday April 29, 2008",Manchester United,1-0,Semifinales,77,Ryan Giggs,Sustitución,Entra al campo (Sale Nani),"Semifinales vs Manchester United (Tuesday April 29, 2008)"
2149164639,"Tuesday April 29, 2008",Manchester United,1-0,Semifinales,88,Eiður Guðjohnsen,Sustitución,Entra al campo (Sale Yaya Touré),"Semifinales vs Manchester United (Tuesday April 29, 2008)"
2149164639,"Tuesday April 29, 2008",Manchester United,1-0,Semifinales,90+3,Mikaël Silvestre,Sustitución,Entra al campo (Sale Patrice Evra),"Semifinales vs Manchester United (Tuesday April 29, 2008)"
238753287,"Wednesday April 10, 2019",Manchester United,0-1,Cuartos de Final,12,Luke Shaw,Gol,Own Goal,"Cuartos de Final vs Manchester United (Wednesday April 10, 2019)"
238753287,"Wednesday April 10, 2019",Manchester United,0-1,Cuartos de Final,18,Sergio Busquets,Tarjeta Amarilla,0:1  — Yellow Card,"Cuartos de Final vs Manchester United (Wednesday April 10, 2019)"
238753287,"Wednesday April 10, 2019",Manchester United,0-1,Cuartos de Final,19,Luke Shaw,Tarjeta Amarilla,0:1  — Yellow Card,"Cuartos de Final vs Manchester United (Wednesday April 10, 2019)"
238753287,"Wednesday April 10, 2019",Manchester United,0-1,Cuartos de Final,65,Arturo Vidal,Sustitución,Entra al campo (Sale Philippe Coutinho),"Cuartos de Final vs Manchester United (Wednesday April 10, 2019)"
238753287,"Wednesday April 10, 2019",Manchester United,0-1,Cuartos de Final,66,Sergi Roberto,Sustitución,Entra al campo (Sale Arthur Melo),"Cuartos de Final vs Manchester United (Wednesday April 10, 2019)"
238753287,"Wednesday April 10, 2019",Manchester United,0-1,Cuartos de Final,68,Anthony Martial,Sustitución,Entra al campo (Sale Romelu Lukaku),"Cuartos de Final vs Manchester United (Wednesday April 10, 2019)"
238753287,"Wednesday April 10, 2019",Manchester United,0-1,Cuartos de Final,71,Arturo Vidal,Tarjeta Amarilla,0:1  — Yellow Card,"Cuartos de Final vs Manchester United (Wednesday April 10, 2019)"
238753287,"Wednesday April 10, 2019",Manchester United,0-1,Cuartos de Final,74,Jesse Lingard,Sustitución,Entra al campo (Sale Diogo Dalot),"Cuartos de Final vs Manchester United (Wednesday April 10, 2019)"
238753287,"Wednesday April 10, 2019",Manchester United,0-1,Cuartos de Final,76,Jesse Lingard,Tarjeta Amarilla,0:1  — Yellow Card,"Cuartos de Final vs Manchester United (Wednesday April 10, 2019)"
238753287,"Wednesday April 10, 2019",Manchester United,0-1,Cuartos de Final,85,Andreas Pereira,Sustitución,Entra al campo (Sale Marcus Rashford),"Cuartos de Final vs Manchester United (Wednesday April 10, 2019)"
238753287,"Wednesday April 10, 2019",Manchester United,0-1,Cuartos de Final,86,Chris Smalling,Tarjeta Amarilla,0:1  — Yellow Card,"Cuartos de Final vs Manchester United (Wednesday April 10, 2019)"
238753287,"Wednesday April 10, 2019",Manchester United,0-1,Cuartos de Final,90+3,Carles Aleñá,Sustitución,Entra al campo (Sale Sergio Busquets),"Cuartos de Final vs Manchester United (Wednesday April 10, 2019)"
809465468,"Tuesday April 18, 2006",Milan,0-1,Semifinales,34,Carles Puyol,Tarjeta Amarilla,0:0  — Yellow Card,"Semifinales vs Milan (Tuesday April 18, 2006)"
809465468,"Tuesday April 18, 2006",Milan,0-1,Semifinales,57,Ludovic Giuly,Gol,Goal,"Semifinales vs Milan (Tuesday April 18, 2006)"
809465468,"Tuesday April 18, 2006",Milan,0-1,Semifinales,67,Paolo Maldini,Sustitución,Entra al campo (Sale Andrea Pirlo),"Semifinales vs Milan (Tuesday April 18, 2006)"
809465468,"Tuesday April 18, 2006",Milan,0-1,Semifinales,70,Juliano Belletti,Sustitución,Entra al campo (Sale Ludovic Giuly),"Semifinales vs Milan (Tuesday April 18, 2006)"
809465468,"Tuesday April 18, 2006",Milan,0-1,Semifinales,74,Oleguer Presas,Tarjeta Amarilla,0:1  — Yellow Card,"Semifinales vs Milan (Tuesday April 18, 2006)"
809465468,"Tuesday April 18, 2006",Milan,0-1,Semifinales,74,Massimo Ambrosini,Sustitución,Entra al campo (Sale Gennaro Gattuso),"Semifinales vs Milan (Tuesday April 18, 2006)"
809465468,"Tuesday April 18, 2006",Milan,0-1,Semifinales,75,Thiago Motta,Sustitución,Entra al campo (Sale Oleguer Presas),"Semifinales vs Milan (Tuesday April 18, 2006)"
809465468,"Tuesday April 18, 2006",Milan,0-1,Semifinales,77,Cafú,Sustitución,Entra al campo (Sale Jaap Stam),"Semifinales vs Milan (Tuesday April 18, 2006)"
809465468,"Tuesday April 18, 2006",Milan,0-1,Semifinales,82,Alessandro Nesta,Tarjeta Amarilla,0:1  — Yellow Card,"Semifinales vs Milan (Tuesday April 18, 2006)"
809465468,"Tuesday April 18, 2006",Milan,0-1,Semifinales,89,Maxi López,Sustitución,Entra al campo (Sale Ronaldinho),"Semifinales vs Milan (Tuesday April 18, 2006)"
3088775355,"Wednesday February 20, 2013",Milan,2-0,Octavos de Final,25,Philippe Mexès,Tarjeta Amarilla,0:0  — Yellow Card,"Octavos de Final vs Milan (Wednesday February 20, 2013)"
3088775355,"Wednesday February 20, 2013",Milan,2-0,Octavos de Final,55,Sergio Busquets,Tarjeta Amarilla,0:0  — Yellow Card,"Octavos de Final vs Milan (Wednesday February 20, 2013)"
3088775355,"Wednesday February 20, 2013",Milan,2-0,Octavos de Final,57,Gerard Piqué,Tarjeta Amarilla,0:0  — Yellow Card,"Octavos de Final vs Milan (Wednesday February 20, 2013)"
3088775355,"Wednesday February 20, 2013",Milan,2-0,Octavos de Final,57,Kevin-Prince Boateng,Gol,Goal,"Octavos de Final vs Milan (Wednesday February 20, 2013)"
3088775355,"Wednesday February 20, 2013",Milan,2-0,Octavos de Final,62,Alexis Sánchez,Sustitución,Entra al campo (Sale Cesc Fàbregas),"Octavos de Final vs Milan (Wednesday February 20, 2013)"
3088775355,"Wednesday February 20, 2013",Milan,2-0,Octavos de Final,75,M'Baye Niang,Sustitución,Entra al campo (Sale Giampaolo Pazzini),"Octavos de Final vs Milan (Wednesday February 20, 2013)"
3088775355,"Wednesday February 20, 2013",Milan,2-0,Octavos de Final,81,Sulley Muntari,Gol,Goal,"Octavos de Final vs Milan (Wednesday February 20, 2013)"
3088775355,"Wednesday February 20, 2013",Milan,2-0,Octavos de Final,88,Javier Mascherano,Sustitución,Entra al campo (Sale Carles Puyol),"Octavos de Final vs Milan (Wednesday February 20, 2013)"
3088775355,"Wednesday February 20, 2013",Milan,2-0,Octavos de Final,88,Bakaye Traoré,Sustitución,Entra al campo (Sale Stephan El Shaarawy),"Octavos de Final vs Milan (Wednesday February 20, 2013)"
3088775355,"Wednesday February 20, 2013",Milan,2-0,Octavos de Final,90+1,Bakaye Traoré,Tarjeta Amarilla,2:0  — Yellow Card,"Octavos de Final vs Milan (Wednesday February 20, 2013)"
1324479335,"Wednesday March 28, 2012",Milan,0-0,Cuartos de Final,23,Clarence Seedorf,Tarjeta Amarilla,0:0  — Yellow Card,"Cuartos de Final vs Milan (Wednesday March 28, 2012)"
1324479335,"Wednesday March 28, 2012",Milan,0-0,Cuartos de Final,52,Stephan El Shaarawy,Sustitución,Entra al campo (Sale Robinho),"Cuartos de Final vs Milan (Wednesday March 28, 2012)"
1324479335,"Wednesday March 28, 2012",Milan,0-0,Cuartos de Final,57,Alessandro Nesta,Tarjeta Amarilla,0:0  — Yellow Card,"Cuartos de Final vs Milan (Wednesday March 28, 2012)"
1324479335,"Wednesday March 28, 2012",Milan,0-0,Cuartos de Final,61,Seydou Keita,Tarjeta Amarilla,0:0  — Yellow Card,"Cuartos de Final vs Milan (Wednesday March 28, 2012)"
1324479335,"Wednesday March 28, 2012",Milan,0-0,Cuartos de Final,65,Cristian Tello,Sustitución,Entra al campo (Sale Andrés Iniesta),"Cuartos de Final vs Milan (Wednesday March 28, 2012)"
1324479335,"Wednesday March 28, 2012",Milan,0-0,Cuartos de Final,67,Urby Emanuelson,Sustitución,Entra al campo (Sale Kevin-Prince Boateng),"Cuartos de Final vs Milan (Wednesday March 28, 2012)"
1324479335,"Wednesday March 28, 2012",Milan,0-0,Cuartos de Final,70,Massimo Ambrosini,Tarjeta Amarilla,0:0  — Yellow Card,"Cuartos de Final vs Milan (Wednesday March 28, 2012)"
1324479335,"Wednesday March 28, 2012",Milan,0-0,Cuartos de Final,75,Djamel Mesbah,Sustitución,Entra al campo (Sale Alessandro Nesta),"Cuartos de Final vs Milan (Wednesday March 28, 2012)"
1324479335,"Wednesday March 28, 2012",Milan,0-0,Cuartos de Final,76,Pedro,Sustitución,Entra al campo (Sale Alexis Sánchez),"Cuartos de Final vs Milan (Wednesday March 28, 2012)"
3221686141,"Wednesday November 23, 2011",Milan,2-3,Fase de Grupos,14,Mark van Bommel,Gol,Own Goal,"Fase de Grupos vs Milan (Wednesday November 23, 2011)"
3221686141,"Wednesday November 23, 2011",Milan,2-3,Fase de Grupos,20,Zlatan Ibrahimović,Gol,Goal,"Fase de Grupos vs Milan (Wednesday November 23, 2011)"
3221686141,"Wednesday November 23, 2011",Milan,2-3,Fase de Grupos,24,Alberto Aquilani,Tarjeta Amarilla,1:1  — Yellow Card,"Fase de Grupos vs Milan (Wednesday November 23, 2011)"
3221686141,"Wednesday November 23, 2011",Milan,2-3,Fase de Grupos,30,Alberto Aquilani,Tarjeta Roja,1:1  — Second Yellow Card,"Fase de Grupos vs Milan (Wednesday November 23, 2011)"
3221686141,"Wednesday November 23, 2011",Milan,2-3,Fase de Grupos,31,Lionel Messi,Tarjeta Amarilla,1:1  — Yellow Card,"Fase de Grupos vs Milan (Wednesday November 23, 2011)"
3221686141,"Wednesday November 23, 2011",Milan,2-3,Fase de Grupos,31,Lionel Messi,Gol,De Penalti,"Fase de Grupos vs Milan (Wednesday November 23, 2011)"
3221686141,"Wednesday November 23, 2011",Milan,2-3,Fase de Grupos,34,Mark van Bommel,Tarjeta Amarilla,1:2  — Yellow Card,"Fase de Grupos vs Milan (Wednesday November 23, 2011)"
3221686141,"Wednesday November 23, 2011",Milan,2-3,Fase de Grupos,43,Carles Puyol,Tarjeta Amarilla,1:2  — Yellow Card,"Fase de Grupos vs Milan (Wednesday November 23, 2011)"
3221686141,"Wednesday November 23, 2011",Milan,2-3,Fase de Grupos,46,Alexandre Pato,Sustitución,Entra al campo (Sale Robinho),"Fase de Grupos vs Milan (Wednesday November 23, 2011)"
3221686141,"Wednesday November 23, 2011",Milan,2-3,Fase de Grupos,47,Éric Abidal,Tarjeta Amarilla,1:2  — Yellow Card,"Fase de Grupos vs Milan (Wednesday November 23, 2011)"
3221686141,"Wednesday November 23, 2011",Milan,2-3,Fase de Grupos,54,Kevin-Prince Boateng,Gol,Goal,"Fase de Grupos vs Milan (Wednesday November 23, 2011)"
3221686141,"Wednesday November 23, 2011",Milan,2-3,Fase de Grupos,63,Xavi,Gol,Goal,"Fase de Grupos vs Milan (Wednesday November 23, 2011)"
3221686141,"Wednesday November 23, 2011",Milan,2-3,Fase de Grupos,66,Daniele Bonera,Sustitución,Entra al campo (Sale Alessandro Nesta),"Fase de Grupos vs Milan (Wednesday November 23, 2011)"
3221686141,"Wednesday November 23, 2011",Milan,2-3,Fase de Grupos,68,Alexis Sánchez,Sustitución,Entra al campo (Sale David Villa),"Fase de Grupos vs Milan (Wednesday November 23, 2011)"
3221686141,"Wednesday November 23, 2011",Milan,2-3,Fase de Grupos,72,Antonio Nocerino,Sustitución,Entra al campo (Sale Mark van Bommel),"Fase de Grupos vs Milan (Wednesday November 23, 2011)"
3221686141,"Wednesday November 23, 2011",Milan,2-3,Fase de Grupos,80,Pedro,Sustitución,Entra al campo (Sale Cesc Fàbregas),"Fase de Grupos vs Milan (Wednesday November 23, 2011)"
3221686141,"Wednesday November 23, 2011",Milan,2-3,Fase de Grupos,85,Javier Mascherano,Tarjeta Amarilla,2:3  — Yellow Card,"Fase de Grupos vs Milan (Wednesday November 23, 2011)"
3221686141,"Wednesday November 23, 2011",Milan,2-3,Fase de Grupos,86,Gianluca Zambrotta,Tarjeta Amarilla,2:3  — Yellow Card,"Fase de Grupos vs Milan (Wednesday November 23, 2011)"
3221686141,"Wednesday November 23, 2011",Milan,2-3,Fase de Grupos,90+1,Jonathan dos Santos,Sustitución,Entra al campo (Sale Thiago Alcántara),"Fase de Grupos vs Milan (Wednesday November 23, 2011)"
546009144,"Thursday September 19, 2024",Monaco,2-1,Fase Eliminatoria,10,Eric García,Tarjeta Roja,0:0  — Red Card,"Fase Eliminatoria vs Monaco (Thursday September 19, 2024)"
546009144,"Thursday September 19, 2024",Monaco,2-1,Fase Eliminatoria,16,Maghnes Akliouche,Gol,Asistencia de Vanderson,"Fase Eliminatoria vs Monaco (Thursday September 19, 2024)"
546009144,"Thursday September 19, 2024",Monaco,2-1,Fase Eliminatoria,28,Lamine Yamal,Gol,Asistencia de Marc Casado,"Fase Eliminatoria vs Monaco (Thursday September 19, 2024)"
546009144,"Thursday September 19, 2024",Monaco,2-1,Fase Eliminatoria,29,Eliesse Ben Seghir,Tarjeta Amarilla,1:1  — Yellow Card,"Fase Eliminatoria vs Monaco (Thursday September 19, 2024)"
546009144,"Thursday September 19, 2024",Monaco,2-1,Fase Eliminatoria,36,Lamine Camara,Tarjeta Amarilla,1:1  — Yellow Card,"Fase Eliminatoria vs Monaco (Thursday September 19, 2024)"
546009144,"Thursday September 19, 2024",Monaco,2-1,Fase Eliminatoria,46,Aleksandr Golovin,Sustitución,Entra al campo (Sale Lamine Camara),"Fase Eliminatoria vs Monaco (Thursday September 19, 2024)"
546009144,"Thursday September 19, 2024",Monaco,2-1,Fase Eliminatoria,59,George Ilenikhena,Sustitución,Entra al campo (Sale Breel Embolo),"Fase Eliminatoria vs Monaco (Thursday September 19, 2024)"
546009144,"Thursday September 19, 2024",Monaco,2-1,Fase Eliminatoria,70,Folarin Balogun,Sustitución,Entra al campo (Sale Takumi Minamino),"Fase Eliminatoria vs Monaco (Thursday September 19, 2024)"
546009144,"Thursday September 19, 2024",Monaco,2-1,Fase Eliminatoria,70,Caio Henrique Oliveira Silva,Sustitución,Entra al campo (Sale Eliesse Ben Seghir),"Fase Eliminatoria vs Monaco (Thursday September 19, 2024)"
546009144,"Thursday September 19, 2024",Monaco,2-1,Fase Eliminatoria,71,George Ilenikhena,Gol,Asistencia de Vanderson,"Fase Eliminatoria vs Monaco (Thursday September 19, 2024)"
546009144,"Thursday September 19, 2024",Monaco,2-1,Fase Eliminatoria,75,Iñigo Martínez,Tarjeta Amarilla,2:1  — Yellow Card,"Fase Eliminatoria vs Monaco (Thursday September 19, 2024)"
546009144,"Thursday September 19, 2024",Monaco,2-1,Fase Eliminatoria,80,Ferrán Torres,Sustitución,Entra al campo (Sale Pau Cubarsí),"Fase Eliminatoria vs Monaco (Thursday September 19, 2024)"
546009144,"Thursday September 19, 2024",Monaco,2-1,Fase Eliminatoria,80,Gerard Martín,Sustitución,Entra al campo (Sale Lamine Yamal),"Fase Eliminatoria vs Monaco (Thursday September 19, 2024)"
546009144,"Thursday September 19, 2024",Monaco,2-1,Fase Eliminatoria,80,Sergi Dominguez,Sustitución,Entra al campo (Sale Robert Lewandowski),"Fase Eliminatoria vs Monaco (Thursday September 19, 2024)"
546009144,"Thursday September 19, 2024",Monaco,2-1,Fase Eliminatoria,83,Pablo Torre,Sustitución,Entra al campo (Sale Pedri),"Fase Eliminatoria vs Monaco (Thursday September 19, 2024)"
546009144,"Thursday September 19, 2024",Monaco,2-1,Fase Eliminatoria,85,Alejandro Balde,Tarjeta Amarilla,2:1  — Yellow Card,"Fase Eliminatoria vs Monaco (Thursday September 19, 2024)"
546009144,"Thursday September 19, 2024",Monaco,2-1,Fase Eliminatoria,85,Marc Casado,Tarjeta Amarilla,2:1  — Yellow Card,"Fase Eliminatoria vs Monaco (Thursday September 19, 2024)"
546009144,"Thursday September 19, 2024",Monaco,2-1,Fase Eliminatoria,88,Christian Mawissa,Sustitución,Entra al campo (Sale Vanderson),"Fase Eliminatoria vs Monaco (Thursday September 19, 2024)"
546009144,"Thursday September 19, 2024",Monaco,2-1,Fase Eliminatoria,88,Ansu Fati,Sustitución,Entra al campo (Sale Alejandro Balde),"Fase Eliminatoria vs Monaco (Thursday September 19, 2024)"
546009144,"Thursday September 19, 2024",Monaco,2-1,Fase Eliminatoria,90+2,Christian Mawissa,Tarjeta Amarilla,2:1  — Yellow Card,"Fase Eliminatoria vs Monaco (Thursday September 19, 2024)"
546009144,"Thursday September 19, 2024",Monaco,2-1,Fase Eliminatoria,90+6,Folarin Balogun,Tarjeta Amarilla,2:1  — Yellow Card,"Fase Eliminatoria vs Monaco (Thursday September 19, 2024)"
1593901533,"Tuesday October 18, 2005",Panathinaikos,0-0,Fase de Grupos,10,Sándor Torghelle,Tarjeta Amarilla,0:0  — Yellow Card,"Fase de Grupos vs Panathinaikos (Tuesday October 18, 2005)"
1593901533,"Tuesday October 18, 2005",Panathinaikos,0-0,Fase de Grupos,37,Mark van Bommel,Tarjeta Amarilla,0:0  — Yellow Card,"Fase de Grupos vs Panathinaikos (Tuesday October 18, 2005)"
1593901533,"Tuesday October 18, 2005",Panathinaikos,0-0,Fase de Grupos,44,Anthony Šerić,Tarjeta Amarilla,0:0  — Yellow Card,"Fase de Grupos vs Panathinaikos (Tuesday October 18, 2005)"
1593901533,"Tuesday October 18, 2005",Panathinaikos,0-0,Fase de Grupos,56,Thiago Motta,Sustitución,Entra al campo (Sale Mark van Bommel),"Fase de Grupos vs Panathinaikos (Tuesday October 18, 2005)"
1593901533,"Tuesday October 18, 2005",Panathinaikos,0-0,Fase de Grupos,59,Sotiris Leontiou,Sustitución,Entra al campo (Sale Sándor Torghelle),"Fase de Grupos vs Panathinaikos (Tuesday October 18, 2005)"
1593901533,"Tuesday October 18, 2005",Panathinaikos,0-0,Fase de Grupos,67,Lionel Messi,Sustitución,Entra al campo (Sale Henrik Larsson),"Fase de Grupos vs Panathinaikos (Tuesday October 18, 2005)"
1593901533,"Tuesday October 18, 2005",Panathinaikos,0-0,Fase de Grupos,73,Xavi,Tarjeta Amarilla,0:0  — Yellow Card,"Fase de Grupos vs Panathinaikos (Tuesday October 18, 2005)"
1593901533,"Tuesday October 18, 2005",Panathinaikos,0-0,Fase de Grupos,76,Andrés Iniesta,Sustitución,Entra al campo (Sale Xavi),"Fase de Grupos vs Panathinaikos (Tuesday October 18, 2005)"
1593901533,"Tuesday October 18, 2005",Panathinaikos,0-0,Fase de Grupos,76,Dimitris Papadopoulos,Sustitución,Entra al campo (Sale Ezequiel González),"Fase de Grupos vs Panathinaikos (Tuesday October 18, 2005)"
1593901533,"Tuesday October 18, 2005",Panathinaikos,0-0,Fase de Grupos,88,Nordin Wooter,Sustitución,Entra al campo (Sale Anthony Šerić),"Fase de Grupos vs Panathinaikos (Tuesday October 18, 2005)"
1999881512,"Tuesday April 2, 2013",Paris Saint-Germain,2-2,Cuartos de Final,18,Gerard Piqué,Tarjeta Amarilla,0:0  — Yellow Card,"Cuartos de Final vs Paris Saint-Germain (Tuesday April 2, 2013)"
1999881512,"Tuesday April 2, 2013",Paris Saint-Germain,2-2,Cuartos de Final,38,Lionel Messi,Gol,Goal,"Cuartos de Final vs Paris Saint-Germain (Tuesday April 2, 2013)"
1999881512,"Tuesday April 2, 2013",Paris Saint-Germain,2-2,Cuartos de Final,46,Cesc Fàbregas,Sustitución,Entra al campo (Sale Lionel Messi),"Cuartos de Final vs Paris Saint-Germain (Tuesday April 2, 2013)"
1999881512,"Tuesday April 2, 2013",Paris Saint-Germain,2-2,Cuartos de Final,62,Jordi Alba,Tarjeta Amarilla,0:1  — Yellow Card,"Cuartos de Final vs Paris Saint-Germain (Tuesday April 2, 2013)"
1999881512,"Tuesday April 2, 2013",Paris Saint-Germain,2-2,Cuartos de Final,65,Blaise Matuidi,Tarjeta Amarilla,0:1  — Yellow Card,"Cuartos de Final vs Paris Saint-Germain (Tuesday April 2, 2013)"
1999881512,"Tuesday April 2, 2013",Paris Saint-Germain,2-2,Cuartos de Final,66,Jérémy Ménez,Sustitución,Entra al campo (Sale Ezequiel Lavezzi),"Cuartos de Final vs Paris Saint-Germain (Tuesday April 2, 2013)"
1999881512,"Tuesday April 2, 2013",Paris Saint-Germain,2-2,Cuartos de Final,68,David Beckham,Tarjeta Amarilla,0:1  — Yellow Card,"Cuartos de Final vs Paris Saint-Germain (Tuesday April 2, 2013)"
1999881512,"Tuesday April 2, 2013",Paris Saint-Germain,2-2,Cuartos de Final,70,Marco Verratti,Sustitución,Entra al campo (Sale David Beckham),"Cuartos de Final vs Paris Saint-Germain (Tuesday April 2, 2013)"
1999881512,"Tuesday April 2, 2013",Paris Saint-Germain,2-2,Cuartos de Final,75,Javier Mascherano,Tarjeta Amarilla,0:1  — Yellow Card,"Cuartos de Final vs Paris Saint-Germain (Tuesday April 2, 2013)"
1999881512,"Tuesday April 2, 2013",Paris Saint-Germain,2-2,Cuartos de Final,76,Kévin Gameiro,Sustitución,Entra al campo (Sale Javier Pastore),"Cuartos de Final vs Paris Saint-Germain (Tuesday April 2, 2013)"
1999881512,"Tuesday April 2, 2013",Paris Saint-Germain,2-2,Cuartos de Final,79,Zlatan Ibrahimović,Gol,Goal,"Cuartos de Final vs Paris Saint-Germain (Tuesday April 2, 2013)"
1999881512,"Tuesday April 2, 2013",Paris Saint-Germain,2-2,Cuartos de Final,81,Cristian Tello,Sustitución,Entra al campo (Sale David Villa),"Cuartos de Final vs Paris Saint-Germain (Tuesday April 2, 2013)"
1999881512,"Tuesday April 2, 2013",Paris Saint-Germain,2-2,Cuartos de Final,84,Marc Bartra,Sustitución,Entra al campo (Sale Javier Mascherano),"Cuartos de Final vs Paris Saint-Germain (Tuesday April 2, 2013)"
1999881512,"Tuesday April 2, 2013",Paris Saint-Germain,2-2,Cuartos de Final,85,Dani Alves,Tarjeta Amarilla,1:1  — Yellow Card,"Cuartos de Final vs Paris Saint-Germain (Tuesday April 2, 2013)"
1999881512,"Tuesday April 2, 2013",Paris Saint-Germain,2-2,Cuartos de Final,87,Zlatan Ibrahimović,Tarjeta Amarilla,1:1  — Yellow Card,"Cuartos de Final vs Paris Saint-Germain (Tuesday April 2, 2013)"
1999881512,"Tuesday April 2, 2013",Paris Saint-Germain,2-2,Cuartos de Final,89,Xavi,Gol,De Penalti,"Cuartos de Final vs Paris Saint-Germain (Tuesday April 2, 2013)"
1999881512,"Tuesday April 2, 2013",Paris Saint-Germain,2-2,Cuartos de Final,89,Salvatore Sirigu,Tarjeta Amarilla,1:2  — Yellow Card,"Cuartos de Final vs Paris Saint-Germain (Tuesday April 2, 2013)"
1999881512,"Tuesday April 2, 2013",Paris Saint-Germain,2-2,Cuartos de Final,90+4,Blaise Matuidi,Gol,Goal,"Cuartos de Final vs Paris Saint-Germain (Tuesday April 2, 2013)"
1388414820,"Wednesday November 28, 2018",PSV Eindhoven,1-2,Fase de Grupos,25,Jorrit Hendrix,Tarjeta Amarilla,0:0  — Yellow Card,"Fase de Grupos vs PSV Eindhoven (Wednesday November 28, 2018)"
1388414820,"Wednesday November 28, 2018",PSV Eindhoven,1-2,Fase de Grupos,61,Lionel Messi,Gol,Asistencia de Ousmane Dembélé,"Fase de Grupos vs PSV Eindhoven (Wednesday November 28, 2018)"
1388414820,"Wednesday November 28, 2018",PSV Eindhoven,1-2,Fase de Grupos,70,Gerard Piqué,Gol,Asistencia de Lionel Messi,"Fase de Grupos vs PSV Eindhoven (Wednesday November 28, 2018)"
1388414820,"Wednesday November 28, 2018",PSV Eindhoven,1-2,Fase de Grupos,70,Malcom,Sustitución,Entra al campo (Sale Philippe Coutinho),"Fase de Grupos vs PSV Eindhoven (Wednesday November 28, 2018)"
1388414820,"Wednesday November 28, 2018",PSV Eindhoven,1-2,Fase de Grupos,71,Donyell Malen,Sustitución,Entra al campo (Sale Gastón Pereiro),"Fase de Grupos vs PSV Eindhoven (Wednesday November 28, 2018)"
1388414820,"Wednesday November 28, 2018",PSV Eindhoven,1-2,Fase de Grupos,71,Erick Gutiérrez,Sustitución,Entra al campo (Sale Jorrit Hendrix),"Fase de Grupos vs PSV Eindhoven (Wednesday November 28, 2018)"
1388414820,"Wednesday November 28, 2018",PSV Eindhoven,1-2,Fase de Grupos,79,Maximiliano Romero,Sustitución,Entra al campo (Sale Steven Bergwijn),"Fase de Grupos vs PSV Eindhoven (Wednesday November 28, 2018)"
1388414820,"Wednesday November 28, 2018",PSV Eindhoven,1-2,Fase de Grupos,80,Denis Suárez,Sustitución,Entra al campo (Sale Ousmane Dembélé),"Fase de Grupos vs PSV Eindhoven (Wednesday November 28, 2018)"
1388414820,"Wednesday November 28, 2018",PSV Eindhoven,1-2,Fase de Grupos,83,Luuk de Jong,Gol,Asistencia de Angeliño,"Fase de Grupos vs PSV Eindhoven (Wednesday November 28, 2018)"
1388414820,"Wednesday November 28, 2018",PSV Eindhoven,1-2,Fase de Grupos,83,Luuk de Jong,Tarjeta Amarilla,1:2  — Yellow Card,"Fase de Grupos vs PSV Eindhoven (Wednesday November 28, 2018)"
1388414820,"Wednesday November 28, 2018",PSV Eindhoven,1-2,Fase de Grupos,83,Erick Gutiérrez,Tarjeta Amarilla,1:2  — Yellow Card,"Fase de Grupos vs PSV Eindhoven (Wednesday November 28, 2018)"
1388414820,"Wednesday November 28, 2018",PSV Eindhoven,1-2,Fase de Grupos,86,Jordi Alba,Tarjeta Amarilla,1:2  — Yellow Card,"Fase de Grupos vs PSV Eindhoven (Wednesday November 28, 2018)"
1388414820,"Wednesday November 28, 2018",PSV Eindhoven,1-2,Fase de Grupos,90+3,Gerard Piqué,Tarjeta Amarilla,1:2  — Yellow Card,"Fase de Grupos vs PSV Eindhoven (Wednesday November 28, 2018)"
954259630,"Tuesday October 23, 2007",Rangers,0-0,Fase de Grupos,36,Kevin Thomson,Tarjeta Amarilla,0:0  — Yellow Card,"Fase de Grupos vs Rangers (Tuesday October 23, 2007)"
954259630,"Tuesday October 23, 2007",Rangers,0-0,Fase de Grupos,48,Gabriel Milito,Tarjeta Amarilla,0:0  — Yellow Card,"Fase de Grupos vs Rangers (Tuesday October 23, 2007)"
954259630,"Tuesday October 23, 2007",Rangers,0-0,Fase de Grupos,50,Saša Papac,Tarjeta Amarilla,0:0  — Yellow Card,"Fase de Grupos vs Rangers (Tuesday October 23, 2007)"
954259630,"Tuesday October 23, 2007",Rangers,0-0,Fase de Grupos,63,Éric Abidal,Tarjeta Amarilla,0:0  — Yellow Card,"Fase de Grupos vs Rangers (Tuesday October 23, 2007)"
954259630,"Tuesday October 23, 2007",Rangers,0-0,Fase de Grupos,71,David Weir,Tarjeta Amarilla,0:0  — Yellow Card,"Fase de Grupos vs Rangers (Tuesday October 23, 2007)"
954259630,"Tuesday October 23, 2007",Rangers,0-0,Fase de Grupos,72,DaMarcus Beasley,Sustitución,Entra al campo (Sale Nacho Novo),"Fase de Grupos vs Rangers (Tuesday October 23, 2007)"
954259630,"Tuesday October 23, 2007",Rangers,0-0,Fase de Grupos,82,Giovani dos Santos,Sustitución,Entra al campo (Sale Thierry Henry),"Fase de Grupos vs Rangers (Tuesday October 23, 2007)"
1983053027,"Wednesday November 6, 2024",Red Star,2-5,Fase Eliminatoria,13,Iñigo Martínez,Gol,Asistencia de Raphinha,"Fase Eliminatoria vs Red Star (Wednesday November 6, 2024)"
1983053027,"Wednesday November 6, 2024",Red Star,2-5,Fase Eliminatoria,27,Silas Katompa,Gol,Asistencia de Rade Krunić,"Fase Eliminatoria vs Red Star (Wednesday November 6, 2024)"
1983053027,"Wednesday November 6, 2024",Red Star,2-5,Fase Eliminatoria,43,Robert Lewandowski,Gol,Goal,"Fase Eliminatoria vs Red Star (Wednesday November 6, 2024)"
1983053027,"Wednesday November 6, 2024",Red Star,2-5,Fase Eliminatoria,53,Robert Lewandowski,Gol,Asistencia de Jules Koundé,"Fase Eliminatoria vs Red Star (Wednesday November 6, 2024)"
1983053027,"Wednesday November 6, 2024",Red Star,2-5,Fase Eliminatoria,55,Raphinha,Gol,Asistencia de Jules Koundé,"Fase Eliminatoria vs Red Star (Wednesday November 6, 2024)"
1983053027,"Wednesday November 6, 2024",Red Star,2-5,Fase Eliminatoria,58,Fermin López,Sustitución,Entra al campo (Sale Raphinha),"Fase Eliminatoria vs Red Star (Wednesday November 6, 2024)"
1983053027,"Wednesday November 6, 2024",Red Star,2-5,Fase Eliminatoria,58,Dani Olmo,Sustitución,Entra al campo (Sale Pedri),"Fase Eliminatoria vs Red Star (Wednesday November 6, 2024)"
1983053027,"Wednesday November 6, 2024",Red Star,2-5,Fase Eliminatoria,59,Milson,Sustitución,Entra al campo (Sale Milan Rodić),"Fase Eliminatoria vs Red Star (Wednesday November 6, 2024)"
1983053027,"Wednesday November 6, 2024",Red Star,2-5,Fase Eliminatoria,61,Cherif Ndiaye,Tarjeta Roja,1:4  — Yellow Card,"Fase Eliminatoria vs Red Star (Wednesday November 6, 2024)"
1983053027,"Wednesday November 6, 2024",Red Star,2-5,Fase Eliminatoria,64,Uroš Spajić,Tarjeta Roja,1:4  — Yellow Card,"Fase Eliminatoria vs Red Star (Wednesday November 6, 2024)"
1983053027,"Wednesday November 6, 2024",Red Star,2-5,Fase Eliminatoria,67,Sergi Dominguez,Sustitución,Entra al campo (Sale Pau Cubarsí),"Fase Eliminatoria vs Red Star (Wednesday November 6, 2024)"
1983053027,"Wednesday November 6, 2024",Red Star,2-5,Fase Eliminatoria,68,Gavi,Sustitución,Entra al campo (Sale Frenkie de Jong),"Fase Eliminatoria vs Red Star (Wednesday November 6, 2024)"
1983053027,"Wednesday November 6, 2024",Red Star,2-5,Fase Eliminatoria,72,Dálcio,Sustitución,Entra al campo (Sale Guélor Kanga),"Fase Eliminatoria vs Red Star (Wednesday November 6, 2024)"
1983053027,"Wednesday November 6, 2024",Red Star,2-5,Fase Eliminatoria,72,Luka Ilić,Sustitución,Entra al campo (Sale Andrija Maksimović),"Fase Eliminatoria vs Red Star (Wednesday November 6, 2024)"
1983053027,"Wednesday November 6, 2024",Red Star,2-5,Fase Eliminatoria,76,Fermin López,Gol,Asistencia de Jules Koundé,"Fase Eliminatoria vs Red Star (Wednesday November 6, 2024)"
1983053027,"Wednesday November 6, 2024",Red Star,2-5,Fase Eliminatoria,78,Pau Victor,Sustitución,Entra al campo (Sale Robert Lewandowski),"Fase Eliminatoria vs Red Star (Wednesday November 6, 2024)"
1983053027,"Wednesday November 6, 2024",Red Star,2-5,Fase Eliminatoria,82,Aleksandar Katai,Sustitución,Entra al campo (Sale Cherif Ndiaye),"Fase Eliminatoria vs Red Star (Wednesday November 6, 2024)"
1983053027,"Wednesday November 6, 2024",Red Star,2-5,Fase Eliminatoria,83,Egor Prutsev,Sustitución,Entra al campo (Sale Silas Katompa),"Fase Eliminatoria vs Red Star (Wednesday November 6, 2024)"
1983053027,"Wednesday November 6, 2024",Red Star,2-5,Fase Eliminatoria,84,Milson,Gol,Asistencia de Seol Young-woo,"Fase Eliminatoria vs Red Star (Wednesday November 6, 2024)"
2354540978,"Wednesday November 4, 2009",Rubin Kazan,0-0,Fase de Grupos,62,Aleksandr Bukharov,Sustitución,Entra al campo (Sale Gökdeniz Karadeniz),"Fase de Grupos vs Rubin Kazan (Wednesday November 4, 2009)"
2354540978,"Wednesday November 4, 2009",Rubin Kazan,0-0,Fase de Grupos,73,Sergei Semak,Tarjeta Amarilla,0:0  — Yellow Card,"Fase de Grupos vs Rubin Kazan (Wednesday November 4, 2009)"
2354540978,"Wednesday November 4, 2009",Rubin Kazan,0-0,Fase de Grupos,75,Carles Puyol,Tarjeta Amarilla,0:0  — Yellow Card,"Fase de Grupos vs Rubin Kazan (Wednesday November 4, 2009)"
2354540978,"Wednesday November 4, 2009",Rubin Kazan,0-0,Fase de Grupos,83,Thierry Henry,Sustitución,Entra al campo (Sale Seydou Keita),"Fase de Grupos vs Rubin Kazan (Wednesday November 4, 2009)"
2354540978,"Wednesday November 4, 2009",Rubin Kazan,0-0,Fase de Grupos,90+1,Sergey Ryzhikov,Tarjeta Amarilla,0:0  — Yellow Card,"Fase de Grupos vs Rubin Kazan (Wednesday November 4, 2009)"
2398703832,"Tuesday April 1, 2008",Schalke 04,0-1,Cuartos de Final,12,Bojan Krkić,Gol,Goal,"Cuartos de Final vs Schalke 04 (Tuesday April 1, 2008)"
2398703832,"Tuesday April 1, 2008",Schalke 04,0-1,Cuartos de Final,60,Vicente Sánchez,Sustitución,Entra al campo (Sale Kevin Kurányi),"Cuartos de Final vs Schalke 04 (Tuesday April 1, 2008)"
2398703832,"Tuesday April 1, 2008",Schalke 04,0-1,Cuartos de Final,68,Gabriel Milito,Tarjeta Amarilla,0:1  — Yellow Card,"Cuartos de Final vs Schalke 04 (Tuesday April 1, 2008)"
2398703832,"Tuesday April 1, 2008",Schalke 04,0-1,Cuartos de Final,73,Rafael Márquez,Sustitución,Entra al campo (Sale Yaya Touré),"Cuartos de Final vs Schalke 04 (Tuesday April 1, 2008)"
2398703832,"Tuesday April 1, 2008",Schalke 04,0-1,Cuartos de Final,73,Søren Larsen,Sustitución,Entra al campo (Sale Gerald Asamoah),"Cuartos de Final vs Schalke 04 (Tuesday April 1, 2008)"
2398703832,"Tuesday April 1, 2008",Schalke 04,0-1,Cuartos de Final,82,Giovani dos Santos,Sustitución,Entra al campo (Sale Samuel Eto'o),"Cuartos de Final vs Schalke 04 (Tuesday April 1, 2008)"
2398703832,"Tuesday April 1, 2008",Schalke 04,0-1,Cuartos de Final,83,Christian Pander,Tarjeta Amarilla,0:1  — Yellow Card,"Cuartos de Final vs Schalke 04 (Tuesday April 1, 2008)"
2398703832,"Tuesday April 1, 2008",Schalke 04,0-1,Cuartos de Final,85,Søren Larsen,Tarjeta Amarilla,0:1  — Yellow Card,"Cuartos de Final vs Schalke 04 (Tuesday April 1, 2008)"
2398703832,"Tuesday April 1, 2008",Schalke 04,0-1,Cuartos de Final,86,Sylvinho,Sustitución,Entra al campo (Sale Bojan Krkić),"Cuartos de Final vs Schalke 04 (Tuesday April 1, 2008)"
2398703832,"Tuesday April 1, 2008",Schalke 04,0-1,Cuartos de Final,87,Fabian Ernst,Tarjeta Amarilla,0:1  — Yellow Card,"Cuartos de Final vs Schalke 04 (Tuesday April 1, 2008)"
2398703832,"Tuesday April 1, 2008",Schalke 04,0-1,Cuartos de Final,89,Peter Løvenkrands,Sustitución,Entra al campo (Sale Halil Altıntop),"Cuartos de Final vs Schalke 04 (Tuesday April 1, 2008)"
2398703832,"Tuesday April 1, 2008",Schalke 04,0-1,Cuartos de Final,90+2,Giovani dos Santos,Tarjeta Amarilla,0:1  — Yellow Card,"Cuartos de Final vs Schalke 04 (Tuesday April 1, 2008)"
2398703832,"Tuesday April 1, 2008",Schalke 04,0-1,Cuartos de Final,90+3,Rafael Márquez,Tarjeta Amarilla,0:1  — Yellow Card,"Cuartos de Final vs Schalke 04 (Tuesday April 1, 2008)"
2398703832,"Tuesday April 1, 2008",Schalke 04,0-1,Cuartos de Final,90+3,Mladen Krstajić,Tarjeta Amarilla,0:1  — Yellow Card,"Cuartos de Final vs Schalke 04 (Tuesday April 1, 2008)"
2398703832,"Tuesday April 1, 2008",Schalke 04,0-1,Cuartos de Final,90+5,Carles Puyol,Tarjeta Amarilla,0:1  — Yellow Card,"Cuartos de Final vs Schalke 04 (Tuesday April 1, 2008)"
3619459621,"Tuesday November 20, 2012",Spartak Moscow,0-3,Fase de Grupos,16,Dani Alves,Gol,Goal,"Fase de Grupos vs Spartak Moscow (Tuesday November 20, 2012)"
3619459621,"Tuesday November 20, 2012",Spartak Moscow,0-3,Fase de Grupos,27,Lionel Messi,Gol,Goal,"Fase de Grupos vs Spartak Moscow (Tuesday November 20, 2012)"
3619459621,"Tuesday November 20, 2012",Spartak Moscow,0-3,Fase de Grupos,36,Pedro,Tarjeta Amarilla,0:2  — Yellow Card,"Fase de Grupos vs Spartak Moscow (Tuesday November 20, 2012)"
3619459621,"Tuesday November 20, 2012",Spartak Moscow,0-3,Fase de Grupos,39,Lionel Messi,Gol,Goal,"Fase de Grupos vs Spartak Moscow (Tuesday November 20, 2012)"
3619459621,"Tuesday November 20, 2012",Spartak Moscow,0-3,Fase de Grupos,62,Rafael Carioca,Tarjeta Amarilla,0:3  — Yellow Card,"Fase de Grupos vs Spartak Moscow (Tuesday November 20, 2012)"
3619459621,"Tuesday November 20, 2012",Spartak Moscow,0-3,Fase de Grupos,63,Jano Ananidze,Sustitución,Entra al campo (Sale Kirill Kombarov),"Fase de Grupos vs Spartak Moscow (Tuesday November 20, 2012)"
3619459621,"Tuesday November 20, 2012",Spartak Moscow,0-3,Fase de Grupos,63,Welliton,Sustitución,Entra al campo (Sale Emmanuel Emenike),"Fase de Grupos vs Spartak Moscow (Tuesday November 20, 2012)"
3619459621,"Tuesday November 20, 2012",Spartak Moscow,0-3,Fase de Grupos,75,Sergei Bryzgalov,Sustitución,Entra al campo (Sale Rafael Carioca),"Fase de Grupos vs Spartak Moscow (Tuesday November 20, 2012)"
3619459621,"Tuesday November 20, 2012",Spartak Moscow,0-3,Fase de Grupos,81,Alexandre Song,Sustitución,Entra al campo (Sale Xavi),"Fase de Grupos vs Spartak Moscow (Tuesday November 20, 2012)"
3619459621,"Tuesday November 20, 2012",Spartak Moscow,0-3,Fase de Grupos,85,Gerard Deulofeu,Sustitución,Entra al campo (Sale Pedro),"Fase de Grupos vs Spartak Moscow (Tuesday November 20, 2012)"
3619459621,"Tuesday November 20, 2012",Spartak Moscow,0-3,Fase de Grupos,87,Martín Montoya,Sustitución,Entra al campo (Sale Jordi Alba),"Fase de Grupos vs Spartak Moscow (Tuesday November 20, 2012)"
3619459621,"Tuesday November 20, 2012",Spartak Moscow,0-3,Fase de Grupos,90,Javier Mascherano,Tarjeta Amarilla,0:3  — Yellow Card,"Fase de Grupos vs Spartak Moscow (Tuesday November 20, 2012)"
3619459621,"Tuesday November 20, 2012",Spartak Moscow,0-3,Fase de Grupos,90+2,Kim Källström,Tarjeta Amarilla,0:3  — Yellow Card,"Fase de Grupos vs Spartak Moscow (Tuesday November 20, 2012)"
2331343780,"Tuesday February 23, 2010",Stuttgart,1-1,Octavos de Final,22,Rafael Márquez,Tarjeta Amarilla,0:0  — Yellow Card,"Octavos de Final vs Stuttgart (Tuesday February 23, 2010)"
2331343780,"Tuesday February 23, 2010",Stuttgart,1-1,Octavos de Final,25,Cacau,Gol,Goal,"Octavos de Final vs Stuttgart (Tuesday February 23, 2010)"
2331343780,"Tuesday February 23, 2010",Stuttgart,1-1,Octavos de Final,51,Timo Gebhart,Tarjeta Amarilla,1:0  — Yellow Card,"Octavos de Final vs Stuttgart (Tuesday February 23, 2010)"
2331343780,"Tuesday February 23, 2010",Stuttgart,1-1,Octavos de Final,52,Zlatan Ibrahimović,Gol,Goal,"Octavos de Final vs Stuttgart (Tuesday February 23, 2010)"
2331343780,"Tuesday February 23, 2010",Stuttgart,1-1,Octavos de Final,53,Thierry Henry,Sustitución,Entra al campo (Sale Yaya Touré),"Octavos de Final vs Stuttgart (Tuesday February 23, 2010)"
2331343780,"Tuesday February 23, 2010",Stuttgart,1-1,Octavos de Final,58,Zdravko Kuzmanović,Sustitución,Entra al campo (Sale Christian Träsch),"Octavos de Final vs Stuttgart (Tuesday February 23, 2010)"
2331343780,"Tuesday February 23, 2010",Stuttgart,1-1,Octavos de Final,59,Gabriel Milito,Sustitución,Entra al campo (Sale Rafael Márquez),"Octavos de Final vs Stuttgart (Tuesday February 23, 2010)"
2331343780,"Tuesday February 23, 2010",Stuttgart,1-1,Octavos de Final,64,Ciprian Marica,Sustitución,Entra al campo (Sale Pavel Pogrebnyak),"Octavos de Final vs Stuttgart (Tuesday February 23, 2010)"
2331343780,"Tuesday February 23, 2010",Stuttgart,1-1,Octavos de Final,84,Cristian Molinaro,Tarjeta Amarilla,1:1  — Yellow Card,"Octavos de Final vs Stuttgart (Tuesday February 23, 2010)"
2331343780,"Tuesday February 23, 2010",Stuttgart,1-1,Octavos de Final,84,Sebastian Rudy,Sustitución,Entra al campo (Sale Timo Gebhart),"Octavos de Final vs Stuttgart (Tuesday February 23, 2010)"
2331343780,"Tuesday February 23, 2010",Stuttgart,1-1,Octavos de Final,90+1,Gerard Piqué,Tarjeta Amarilla,1:1  — Yellow Card,"Octavos de Final vs Stuttgart (Tuesday February 23, 2010)"
2331343780,"Tuesday February 23, 2010",Stuttgart,1-1,Octavos de Final,90+2,Sami Khedira,Tarjeta Amarilla,1:1  — Yellow Card,"Octavos de Final vs Stuttgart (Tuesday February 23, 2010)"
4149006342,"Tuesday October 2, 2007",Stuttgart,0-2,Fase de Grupos,7,Carles Puyol,Sustitución,Entra al campo (Sale Rafael Márquez),"Fase de Grupos vs Stuttgart (Tuesday October 2, 2007)"
4149006342,"Tuesday October 2, 2007",Stuttgart,0-2,Fase de Grupos,41,Lionel Messi,Tarjeta Amarilla,0:0  — Yellow Card,"Fase de Grupos vs Stuttgart (Tuesday October 2, 2007)"
4149006342,"Tuesday October 2, 2007",Stuttgart,0-2,Fase de Grupos,53,Carles Puyol,Gol,Goal,"Fase de Grupos vs Stuttgart (Tuesday October 2, 2007)"
4149006342,"Tuesday October 2, 2007",Stuttgart,0-2,Fase de Grupos,63,Ciprian Marica,Tarjeta Amarilla,0:1  for Ricardo Osorio — Substitute,"Fase de Grupos vs Stuttgart (Tuesday October 2, 2007)"
4149006342,"Tuesday October 2, 2007",Stuttgart,0-2,Fase de Grupos,64,Sylvinho,Sustitución,Entra al campo (Sale Carles Puyol),"Fase de Grupos vs Stuttgart (Tuesday October 2, 2007)"
4149006342,"Tuesday October 2, 2007",Stuttgart,0-2,Fase de Grupos,67,Lionel Messi,Gol,Goal,"Fase de Grupos vs Stuttgart (Tuesday October 2, 2007)"
4149006342,"Tuesday October 2, 2007",Stuttgart,0-2,Fase de Grupos,76,Ludovic Magnin,Sustitución,Entra al campo (Sale Sami Khedira),"Fase de Grupos vs Stuttgart (Tuesday October 2, 2007)"
4149006342,"Tuesday October 2, 2007",Stuttgart,0-2,Fase de Grupos,76,Silvio Meißner,Sustitución,Entra al campo (Sale Alexander Farnerud),"Fase de Grupos vs Stuttgart (Tuesday October 2, 2007)"
4149006342,"Tuesday October 2, 2007",Stuttgart,0-2,Fase de Grupos,82,Bojan Krkić,Sustitución,Entra al campo (Sale Ronaldinho),"Fase de Grupos vs Stuttgart (Tuesday October 2, 2007)"
1259345010,"Wednesday October 3, 2018",Tottenham Hotspur,2-4,Fase de Grupos,2,Philippe Coutinho,Gol,Asistencia de Jordi Alba,"Fase de Grupos vs Tottenham Hotspur (Wednesday October 3, 2018)"
1259345010,"Wednesday October 3, 2018",Tottenham Hotspur,2-4,Fase de Grupos,14,Toby Alderweireld,Tarjeta Amarilla,0:1  — Yellow Card,"Fase de Grupos vs Tottenham Hotspur (Wednesday October 3, 2018)"
1259345010,"Wednesday October 3, 2018",Tottenham Hotspur,2-4,Fase de Grupos,28,Ivan Rakitić,Gol,Asistencia de Philippe Coutinho,"Fase de Grupos vs Tottenham Hotspur (Wednesday October 3, 2018)"
1259345010,"Wednesday October 3, 2018",Tottenham Hotspur,2-4,Fase de Grupos,41,Victor Wanyama,Tarjeta Amarilla,0:2  — Yellow Card,"Fase de Grupos vs Tottenham Hotspur (Wednesday October 3, 2018)"
1259345010,"Wednesday October 3, 2018",Tottenham Hotspur,2-4,Fase de Grupos,43,Érik Lamela,Tarjeta Amarilla,0:2  — Yellow Card,"Fase de Grupos vs Tottenham Hotspur (Wednesday October 3, 2018)"
1259345010,"Wednesday October 3, 2018",Tottenham Hotspur,2-4,Fase de Grupos,52,Harry Kane,Gol,Asistencia de Érik Lamela,"Fase de Grupos vs Tottenham Hotspur (Wednesday October 3, 2018)"
1259345010,"Wednesday October 3, 2018",Tottenham Hotspur,2-4,Fase de Grupos,56,Lionel Messi,Gol,Asistencia de Jordi Alba,"Fase de Grupos vs Tottenham Hotspur (Wednesday October 3, 2018)"
1259345010,"Wednesday October 3, 2018",Tottenham Hotspur,2-4,Fase de Grupos,57,Eric Dier,Sustitución,Entra al campo (Sale Victor Wanyama),"Fase de Grupos vs Tottenham Hotspur (Wednesday October 3, 2018)"
1259345010,"Wednesday October 3, 2018",Tottenham Hotspur,2-4,Fase de Grupos,59,Arthur Melo,Tarjeta Amarilla,1:3  — Yellow Card,"Fase de Grupos vs Tottenham Hotspur (Wednesday October 3, 2018)"
1259345010,"Wednesday October 3, 2018",Tottenham Hotspur,2-4,Fase de Grupos,66,Moussa Sissoko,Sustitución,Entra al campo (Sale Son Heung-min),"Fase de Grupos vs Tottenham Hotspur (Wednesday October 3, 2018)"
1259345010,"Wednesday October 3, 2018",Tottenham Hotspur,2-4,Fase de Grupos,66,Érik Lamela,Gol,Asistencia de Son Heung-min,"Fase de Grupos vs Tottenham Hotspur (Wednesday October 3, 2018)"
1259345010,"Wednesday October 3, 2018",Tottenham Hotspur,2-4,Fase de Grupos,71,Sergio Busquets,Tarjeta Amarilla,2:3  — Yellow Card,"Fase de Grupos vs Tottenham Hotspur (Wednesday October 3, 2018)"
1259345010,"Wednesday October 3, 2018",Tottenham Hotspur,2-4,Fase de Grupos,74,Harry Kane,Tarjeta Amarilla,2:3  — Yellow Card,"Fase de Grupos vs Tottenham Hotspur (Wednesday October 3, 2018)"
1259345010,"Wednesday October 3, 2018",Tottenham Hotspur,2-4,Fase de Grupos,79,Fernando Llorente,Sustitución,Entra al campo (Sale Érik Lamela),"Fase de Grupos vs Tottenham Hotspur (Wednesday October 3, 2018)"
1259345010,"Wednesday October 3, 2018",Tottenham Hotspur,2-4,Fase de Grupos,83,Rafinha,Sustitución,Entra al campo (Sale Philippe Coutinho),"Fase de Grupos vs Tottenham Hotspur (Wednesday October 3, 2018)"
1259345010,"Wednesday October 3, 2018",Tottenham Hotspur,2-4,Fase de Grupos,87,Arturo Vidal,Sustitución,Entra al campo (Sale Arthur Melo),"Fase de Grupos vs Tottenham Hotspur (Wednesday October 3, 2018)"
1259345010,"Wednesday October 3, 2018",Tottenham Hotspur,2-4,Fase de Grupos,90,Lionel Messi,Gol,Asistencia de Jordi Alba,"Fase de Grupos vs Tottenham Hotspur (Wednesday October 3, 2018)"
1259345010,"Wednesday October 3, 2018",Tottenham Hotspur,2-4,Fase de Grupos,90+1,Thomas Vermaelen,Sustitución,Entra al campo (Sale Sergio Busquets),"Fase de Grupos vs Tottenham Hotspur (Wednesday October 3, 2018)"
1259345010,"Wednesday October 3, 2018",Tottenham Hotspur,2-4,Fase de Grupos,90+3,Eric Dier,Tarjeta Amarilla,2:4  — Yellow Card,"Fase de Grupos vs Tottenham Hotspur (Wednesday October 3, 2018)"
2863598613,"Wednesday December 7, 2005",Udinese,0-2,Fase de Grupos,38,Fernando Tissone,Sustitución,Entra al campo (Sale Damiano Zenoni),"Fase de Grupos vs Udinese (Wednesday December 7, 2005)"
2863598613,"Wednesday December 7, 2005",Udinese,0-2,Fase de Grupos,65,Stefano Mauri,Sustitución,Entra al campo (Sale Sulley Muntari),"Fase de Grupos vs Udinese (Wednesday December 7, 2005)"
2863598613,"Wednesday December 7, 2005",Udinese,0-2,Fase de Grupos,74,José Luís Vidigal,Tarjeta Amarilla,0:0  — Yellow Card,"Fase de Grupos vs Udinese (Wednesday December 7, 2005)"
2863598613,"Wednesday December 7, 2005",Udinese,0-2,Fase de Grupos,75,Andrés Iniesta,Sustitución,Entra al campo (Sale Gabri García),"Fase de Grupos vs Udinese (Wednesday December 7, 2005)"
2863598613,"Wednesday December 7, 2005",Udinese,0-2,Fase de Grupos,75,David Di Michele,Sustitución,Entra al campo (Sale Vincenzo Iaquinta),"Fase de Grupos vs Udinese (Wednesday December 7, 2005)"
2863598613,"Wednesday December 7, 2005",Udinese,0-2,Fase de Grupos,78,Christian Obodo,Tarjeta Amarilla,0:0  — Yellow Card,"Fase de Grupos vs Udinese (Wednesday December 7, 2005)"
2863598613,"Wednesday December 7, 2005",Udinese,0-2,Fase de Grupos,85,Santiago Ezquerro,Gol,Goal,"Fase de Grupos vs Udinese (Wednesday December 7, 2005)"
2863598613,"Wednesday December 7, 2005",Udinese,0-2,Fase de Grupos,90,Andrés Iniesta,Gol,Goal,"Fase de Grupos vs Udinese (Wednesday December 7, 2005)"
698832190,"Tuesday November 1, 2011",Viktoria Plzeň,0-4,Fase de Grupos,16,Václav Pilař,Tarjeta Amarilla,0:0  — Yellow Card,"Fase de Grupos vs Viktoria Plzeň (Tuesday November 1, 2011)"
698832190,"Tuesday November 1, 2011",Viktoria Plzeň,0-4,Fase de Grupos,22,Marián Čišovský,Tarjeta Roja,0:0  — Red Card,"Fase de Grupos vs Viktoria Plzeň (Tuesday November 1, 2011)"
698832190,"Tuesday November 1, 2011",Viktoria Plzeň,0-4,Fase de Grupos,24,Lionel Messi,Gol,De Penalti,"Fase de Grupos vs Viktoria Plzeň (Tuesday November 1, 2011)"
698832190,"Tuesday November 1, 2011",Viktoria Plzeň,0-4,Fase de Grupos,24,František Ševinský,Sustitución,Entra al campo (Sale Marek Bakoš),"Fase de Grupos vs Viktoria Plzeň (Tuesday November 1, 2011)"
698832190,"Tuesday November 1, 2011",Viktoria Plzeň,0-4,Fase de Grupos,47,Lionel Messi,Gol,Goal,"Fase de Grupos vs Viktoria Plzeň (Tuesday November 1, 2011)"
698832190,"Tuesday November 1, 2011",Viktoria Plzeň,0-4,Fase de Grupos,49,Dani Alves,Tarjeta Amarilla,0:2  — Yellow Card,"Fase de Grupos vs Viktoria Plzeň (Tuesday November 1, 2011)"
698832190,"Tuesday November 1, 2011",Viktoria Plzeň,0-4,Fase de Grupos,60,David Limberský,Tarjeta Amarilla,0:2  — Yellow Card,"Fase de Grupos vs Viktoria Plzeň (Tuesday November 1, 2011)"
698832190,"Tuesday November 1, 2011",Viktoria Plzeň,0-4,Fase de Grupos,65,Seydou Keita,Sustitución,Entra al campo (Sale Sergio Busquets),"Fase de Grupos vs Viktoria Plzeň (Tuesday November 1, 2011)"
698832190,"Tuesday November 1, 2011",Viktoria Plzeň,0-4,Fase de Grupos,68,Michal Ďuriš,Sustitución,Entra al campo (Sale Daniel Kolář),"Fase de Grupos vs Viktoria Plzeň (Tuesday November 1, 2011)"
698832190,"Tuesday November 1, 2011",Viktoria Plzeň,0-4,Fase de Grupos,71,Maxwell,Sustitución,Entra al campo (Sale Dani Alves),"Fase de Grupos vs Viktoria Plzeň (Tuesday November 1, 2011)"
698832190,"Tuesday November 1, 2011",Viktoria Plzeň,0-4,Fase de Grupos,72,Cesc Fàbregas,Gol,Goal,"Fase de Grupos vs Viktoria Plzeň (Tuesday November 1, 2011)"
698832190,"Tuesday November 1, 2011",Viktoria Plzeň,0-4,Fase de Grupos,72,Roman Pavlík,Tarjeta Amarilla,0:3  — Yellow Card,"Fase de Grupos vs Viktoria Plzeň (Tuesday November 1, 2011)"
698832190,"Tuesday November 1, 2011",Viktoria Plzeň,0-4,Fase de Grupos,73,Alexis Sánchez,Sustitución,Entra al campo (Sale Éric Abidal),"Fase de Grupos vs Viktoria Plzeň (Tuesday November 1, 2011)"
698832190,"Tuesday November 1, 2011",Viktoria Plzeň,0-4,Fase de Grupos,75,Pavel Horváth,Tarjeta Amarilla,0:3  — Yellow Card,"Fase de Grupos vs Viktoria Plzeň (Tuesday November 1, 2011)"
698832190,"Tuesday November 1, 2011",Viktoria Plzeň,0-4,Fase de Grupos,75,Petr Jiráček,Tarjeta Amarilla,0:3  — Yellow Card,"Fase de Grupos vs Viktoria Plzeň (Tuesday November 1, 2011)"
698832190,"Tuesday November 1, 2011",Viktoria Plzeň,0-4,Fase de Grupos,78,Radim Řezník,Sustitución,Entra al campo (Sale Pavel Horváth),"Fase de Grupos vs Viktoria Plzeň (Tuesday November 1, 2011)"
698832190,"Tuesday November 1, 2011",Viktoria Plzeň,0-4,Fase de Grupos,90+2,Lionel Messi,Gol,Goal,"Fase de Grupos vs Viktoria Plzeň (Tuesday November 1, 2011)"
1285760224,"Wednesday September 14, 2005",Werder Bremen,0-2,Fase de Grupos,13,Deco,Gol,Goal,"Fase de Grupos vs Werder Bremen (Wednesday September 14, 2005)"
1285760224,"Wednesday September 14, 2005",Werder Bremen,0-2,Fase de Grupos,25,Oleguer Presas,Tarjeta Amarilla,0:1  — Yellow Card,"Fase de Grupos vs Werder Bremen (Wednesday September 14, 2005)"
1285760224,"Wednesday September 14, 2005",Werder Bremen,0-2,Fase de Grupos,46,Edmílson,Sustitución,Entra al campo (Sale Juliano Belletti),"Fase de Grupos vs Werder Bremen (Wednesday September 14, 2005)"
1285760224,"Wednesday September 14, 2005",Werder Bremen,0-2,Fase de Grupos,63,Daniel Jensen,Sustitución,Entra al campo (Sale Frank Baumann),"Fase de Grupos vs Werder Bremen (Wednesday September 14, 2005)"
1285760224,"Wednesday September 14, 2005",Werder Bremen,0-2,Fase de Grupos,66,Lionel Messi,Sustitución,Entra al campo (Sale Ludovic Giuly),"Fase de Grupos vs Werder Bremen (Wednesday September 14, 2005)"
1285760224,"Wednesday September 14, 2005",Werder Bremen,0-2,Fase de Grupos,76,Ronaldinho,Gol,De Penalti,"Fase de Grupos vs Werder Bremen (Wednesday September 14, 2005)"
1285760224,"Wednesday September 14, 2005",Werder Bremen,0-2,Fase de Grupos,79,Mark van Bommel,Sustitución,Entra al campo (Sale Xavi),"Fase de Grupos vs Werder Bremen (Wednesday September 14, 2005)"
1285760224,"Wednesday September 14, 2005",Werder Bremen,0-2,Fase de Grupos,83,Rafael Márquez,Tarjeta Amarilla,0:2  — Yellow Card,"Fase de Grupos vs Werder Bremen (Wednesday September 14, 2005)"
1285760224,"Wednesday September 14, 2005",Werder Bremen,0-2,Fase de Grupos,83,Aaron Hunt,Sustitución,Entra al campo (Sale Nelson Valdez),"Fase de Grupos vs Werder Bremen (Wednesday September 14, 2005)"
1285760224,"Wednesday September 14, 2005",Werder Bremen,0-2,Fase de Grupos,90+3,Deco,Tarjeta Amarilla,0:2  — Yellow Card,"Fase de Grupos vs Werder Bremen (Wednesday September 14, 2005)"
