id_partido,fecha,equipo_rival,minuto,jugador_implicado,tipo_evento,detalle_accion,fase
2936489711,"Wednesday November 5, 2014",Ajax,0,Jordi Alba,TITULAR,Alineación Inicial,Champions
2936489711,"Wednesday November 5, 2014",Ajax,0,Dani Alves,TITULAR,Alineación Inicial,Champions
2936489711,"Wednesday November 5, 2014",Ajax,0,Marc Bartra,TITULAR,Alineación Inicial,Champions
2936489711,"Wednesday November 5, 2014",Ajax,0,Sergio Busquets,TITULAR,Alineación Inicial,Champions
2936489711,"Wednesday November 5, 2014",Ajax,0,Javier Mascherano,TITULAR,Alineación Inicial,Champions
2936489711,"Wednesday November 5, 2014",Ajax,0,Lionel Messi,TITULAR,Alineación Inicial,Champions
2936489711,"Wednesday November 5, 2014",Ajax,0,Neymar,TITULAR,Alineación Inicial,Champions
2936489711,"Wednesday November 5, 2014",Ajax,0,Ivan Rakitić,TITULAR,Alineación Inicial,Champions
2936489711,"Wednesday November 5, 2014",Ajax,0,Luis Suárez,TITULAR,Alineación Inicial,Champions
2936489711,"Wednesday November 5, 2014",Ajax,0,Marc-André ter Stegen,TITULAR,Alineación Inicial,Champions
2936489711,"Wednesday November 5, 2014",Ajax,0,Xavi,TITULAR,Alineación Inicial,Champions
2046986569,"Tuesday November 25, 2014",APOEL FC,0,Jordi Alba,TITULAR,Alineación Inicial,Champions
2046986569,"Tuesday November 25, 2014",APOEL FC,0,Dani Alves,TITULAR,Alineación Inicial,Champions
2046986569,"Tuesday November 25, 2014",APOEL FC,0,Marc Bartra,TITULAR,Alineación Inicial,Champions
2046986569,"Tuesday November 25, 2014",APOEL FC,0,Javier Mascherano,TITULAR,Alineación Inicial,Champions
2046986569,"Tuesday November 25, 2014",APOEL FC,0,Lionel Messi,TITULAR,Alineación Inicial,Champions
2046986569,"Tuesday November 25, 2014",APOEL FC,0,Pedro,TITULAR,Alineación Inicial,Champions
2046986569,"Tuesday November 25, 2014",APOEL FC,0,Gerard Piqué,TITULAR,Alineación Inicial,Champions
2046986569,"Tuesday November 25, 2014",APOEL FC,0,Rafinha,TITULAR,Alineación Inicial,Champions
2046986569,"Tuesday November 25, 2014",APOEL FC,0,Ivan Rakitić,TITULAR,Alineación Inicial,Champions
2046986569,"Tuesday November 25, 2014",APOEL FC,0,Luis Suárez,TITULAR,Alineación Inicial,Champions
2046986569,"Tuesday November 25, 2014",APOEL FC,0,Marc-André ter Stegen,TITULAR,Alineación Inicial,Champions
734762883,"Wednesday February 16, 2011",Arsenal,0,Éric Abidal,TITULAR,Alineación Inicial,Champions
734762883,"Wednesday February 16, 2011",Arsenal,0,Dani Alves,TITULAR,Alineación Inicial,Champions
734762883,"Wednesday February 16, 2011",Arsenal,0,Sergio Busquets,TITULAR,Alineación Inicial,Champions
734762883,"Wednesday February 16, 2011",Arsenal,0,Andrés Iniesta,TITULAR,Alineación Inicial,Champions
734762883,"Wednesday February 16, 2011",Arsenal,0,Maxwell,TITULAR,Alineación Inicial,Champions
734762883,"Wednesday February 16, 2011",Arsenal,0,Lionel Messi,TITULAR,Alineación Inicial,Champions
734762883,"Wednesday February 16, 2011",Arsenal,0,Pedro,TITULAR,Alineación Inicial,Champions
734762883,"Wednesday February 16, 2011",Arsenal,0,Gerard Piqué,TITULAR,Alineación Inicial,Champions
734762883,"Wednesday February 16, 2011",Arsenal,0,Víctor Valdés,TITULAR,Alineación Inicial,Champions
734762883,"Wednesday February 16, 2011",Arsenal,0,David Villa,TITULAR,Alineación Inicial,Champions
734762883,"Wednesday February 16, 2011",Arsenal,0,Xavi,TITULAR,Alineación Inicial,Champions
2877968264,"Tuesday October 21, 2014",Ajax,0,Jordi Alba,TITULAR,Alineación Inicial,Champions
2877968264,"Tuesday October 21, 2014",Ajax,0,Dani Alves,TITULAR,Alineación Inicial,Champions
2877968264,"Tuesday October 21, 2014",Ajax,0,Marc Bartra,TITULAR,Alineación Inicial,Champions
2877968264,"Tuesday October 21, 2014",Ajax,0,Andrés Iniesta,TITULAR,Alineación Inicial,Champions
2877968264,"Tuesday October 21, 2014",Ajax,0,Javier Mascherano,TITULAR,Alineación Inicial,Champions
2877968264,"Tuesday October 21, 2014",Ajax,0,Lionel Messi,TITULAR,Alineación Inicial,Champions
2877968264,"Tuesday October 21, 2014",Ajax,0,Neymar,TITULAR,Alineación Inicial,Champions
2877968264,"Tuesday October 21, 2014",Ajax,0,Pedro,TITULAR,Alineación Inicial,Champions
2877968264,"Tuesday October 21, 2014",Ajax,0,Gerard Piqué,TITULAR,Alineación Inicial,Champions
2877968264,"Tuesday October 21, 2014",Ajax,0,Ivan Rakitić,TITULAR,Alineación Inicial,Champions
2877968264,"Tuesday October 21, 2014",Ajax,0,Marc-André ter Stegen,TITULAR,Alineación Inicial,Champions
247915284,"Wednesday September 17, 2014",APOEL FC,0,Adriano,TITULAR,Alineación Inicial,Champions
247915284,"Wednesday September 17, 2014",APOEL FC,0,Dani Alves,TITULAR,Alineación Inicial,Champions
247915284,"Wednesday September 17, 2014",APOEL FC,0,Marc Bartra,TITULAR,Alineación Inicial,Champions
247915284,"Wednesday September 17, 2014",APOEL FC,0,Munir El Haddadi,TITULAR,Alineación Inicial,Champions
247915284,"Wednesday September 17, 2014",APOEL FC,0,Lionel Messi,TITULAR,Alineación Inicial,Champions
247915284,"Wednesday September 17, 2014",APOEL FC,0,Neymar,TITULAR,Alineación Inicial,Champions
247915284,"Wednesday September 17, 2014",APOEL FC,0,Gerard Piqué,TITULAR,Alineación Inicial,Champions
247915284,"Wednesday September 17, 2014",APOEL FC,0,Sergi Roberto,TITULAR,Alineación Inicial,Champions
247915284,"Wednesday September 17, 2014",APOEL FC,0,Sergi Samper,TITULAR,Alineación Inicial,Champions
247915284,"Wednesday September 17, 2014",APOEL FC,0,Marc-André ter Stegen,TITULAR,Alineación Inicial,Champions
247915284,"Wednesday September 17, 2014",APOEL FC,0,Xavi,TITULAR,Alineación Inicial,Champions
427255149,"Tuesday March 8, 2011",Arsenal,0,Éric Abidal,TITULAR,Alineación Inicial,Champions
427255149,"Tuesday March 8, 2011",Arsenal,0,Adriano,TITULAR,Alineación Inicial,Champions
427255149,"Tuesday March 8, 2011",Arsenal,0,Dani Alves,TITULAR,Alineación Inicial,Champions
427255149,"Tuesday March 8, 2011",Arsenal,0,Sergio Busquets,TITULAR,Alineación Inicial,Champions
427255149,"Tuesday March 8, 2011",Arsenal,0,Andrés Iniesta,TITULAR,Alineación Inicial,Champions
427255149,"Tuesday March 8, 2011",Arsenal,0,Javier Mascherano,TITULAR,Alineación Inicial,Champions
427255149,"Tuesday March 8, 2011",Arsenal,0,Lionel Messi,TITULAR,Alineación Inicial,Champions
427255149,"Tuesday March 8, 2011",Arsenal,0,Pedro,TITULAR,Alineación Inicial,Champions
427255149,"Tuesday March 8, 2011",Arsenal,0,Víctor Valdés,TITULAR,Alineación Inicial,Champions
427255149,"Tuesday March 8, 2011",Arsenal,0,David Villa,TITULAR,Alineación Inicial,Champions
427255149,"Tuesday March 8, 2011",Arsenal,0,Xavi,TITULAR,Alineación Inicial,Champions
305710489,"Wednesday May 17, 2006",Arsenal,0,Mark van Bommel,TITULAR,Alineación Inicial,Champions
305710489,"Wednesday May 17, 2006",Arsenal,0,Giovanni van Bronckhorst,TITULAR,Alineación Inicial,Champions
305710489,"Wednesday May 17, 2006",Arsenal,0,Deco,TITULAR,Alineación Inicial,Champions
305710489,"Wednesday May 17, 2006",Arsenal,0,Edmílson,TITULAR,Alineación Inicial,Champions
305710489,"Wednesday May 17, 2006",Arsenal,0,Samuel Eto'o,TITULAR,Alineación Inicial,Champions
305710489,"Wednesday May 17, 2006",Arsenal,0,Ludovic Giuly,TITULAR,Alineación Inicial,Champions
305710489,"Wednesday May 17, 2006",Arsenal,0,Rafael Márquez,TITULAR,Alineación Inicial,Champions
305710489,"Wednesday May 17, 2006",Arsenal,0,Oleguer Presas,TITULAR,Alineación Inicial,Champions
305710489,"Wednesday May 17, 2006",Arsenal,0,Carles Puyol,TITULAR,Alineación Inicial,Champions
305710489,"Wednesday May 17, 2006",Arsenal,0,Ronaldinho,TITULAR,Alineación Inicial,Champions
305710489,"Wednesday May 17, 2006",Arsenal,0,Víctor Valdés,TITULAR,Alineación Inicial,Champions
3901541334,"Tuesday November 4, 2008",Basel,0,Sergio Busquets,TITULAR,Alineación Inicial,Champions
3901541334,"Tuesday November 4, 2008",Basel,0,Thierry Henry,TITULAR,Alineación Inicial,Champions
3901541334,"Tuesday November 4, 2008",Basel,0,Alexander Hleb,TITULAR,Alineación Inicial,Champions
3901541334,"Tuesday November 4, 2008",Basel,0,Andrés Iniesta,TITULAR,Alineación Inicial,Champions
3901541334,"Tuesday November 4, 2008",Basel,0,Bojan Krkić,TITULAR,Alineación Inicial,Champions
3901541334,"Tuesday November 4, 2008",Basel,0,Rafael Márquez,TITULAR,Alineación Inicial,Champions
3901541334,"Tuesday November 4, 2008",Basel,0,Gerard Piqué,TITULAR,Alineación Inicial,Champions
3901541334,"Tuesday November 4, 2008",Basel,0,Carles Puyol,TITULAR,Alineación Inicial,Champions
3901541334,"Tuesday November 4, 2008",Basel,0,Víctor Sánchez,TITULAR,Alineación Inicial,Champions
3901541334,"Tuesday November 4, 2008",Basel,0,Sylvinho,TITULAR,Alineación Inicial,Champions
3901541334,"Tuesday November 4, 2008",Basel,0,Víctor Valdés,TITULAR,Alineación Inicial,Champions
3665978002,"Wednesday April 8, 2009",Bayern Munich,0,Dani Alves,TITULAR,Alineación Inicial,Champions
3665978002,"Wednesday April 8, 2009",Bayern Munich,0,Samuel Eto'o,TITULAR,Alineación Inicial,Champions
3665978002,"Wednesday April 8, 2009",Bayern Munich,0,Thierry Henry,TITULAR,Alineación Inicial,Champions
3665978002,"Wednesday April 8, 2009",Bayern Munich,0,Andrés Iniesta,TITULAR,Alineación Inicial,Champions
3665978002,"Wednesday April 8, 2009",Bayern Munich,0,Rafael Márquez,TITULAR,Alineación Inicial,Champions
3665978002,"Wednesday April 8, 2009",Bayern Munich,0,Lionel Messi,TITULAR,Alineación Inicial,Champions
3665978002,"Wednesday April 8, 2009",Bayern Munich,0,Gerard Piqué,TITULAR,Alineación Inicial,Champions
3665978002,"Wednesday April 8, 2009",Bayern Munich,0,Carles Puyol,TITULAR,Alineación Inicial,Champions
3665978002,"Wednesday April 8, 2009",Bayern Munich,0,Yaya Touré,TITULAR,Alineación Inicial,Champions
3665978002,"Wednesday April 8, 2009",Bayern Munich,0,Víctor Valdés,TITULAR,Alineación Inicial,Champions
3665978002,"Wednesday April 8, 2009",Bayern Munich,0,Xavi,TITULAR,Alineación Inicial,Champions
3058439297,"Wednesday May 6, 2015",Bayern Munich,0,Jordi Alba,TITULAR,Alineación Inicial,Champions
3058439297,"Wednesday May 6, 2015",Bayern Munich,0,Dani Alves,TITULAR,Alineación Inicial,Champions
3058439297,"Wednesday May 6, 2015",Bayern Munich,0,Sergio Busquets,TITULAR,Alineación Inicial,Champions
3058439297,"Wednesday May 6, 2015",Bayern Munich,0,Andrés Iniesta,TITULAR,Alineación Inicial,Champions
3058439297,"Wednesday May 6, 2015",Bayern Munich,0,Javier Mascherano,TITULAR,Alineación Inicial,Champions
3058439297,"Wednesday May 6, 2015",Bayern Munich,0,Lionel Messi,TITULAR,Alineación Inicial,Champions
3058439297,"Wednesday May 6, 2015",Bayern Munich,0,Neymar,TITULAR,Alineación Inicial,Champions
3058439297,"Wednesday May 6, 2015",Bayern Munich,0,Gerard Piqué,TITULAR,Alineación Inicial,Champions
3058439297,"Wednesday May 6, 2015",Bayern Munich,0,Ivan Rakitić,TITULAR,Alineación Inicial,Champions
3058439297,"Wednesday May 6, 2015",Bayern Munich,0,Luis Suárez,TITULAR,Alineación Inicial,Champions
3058439297,"Wednesday May 6, 2015",Bayern Munich,0,Marc-André ter Stegen,TITULAR,Alineación Inicial,Champions
2327558886,"Wednesday April 5, 2006",Benfica,0,Juliano Belletti,TITULAR,Alineación Inicial,Champions
2327558886,"Wednesday April 5, 2006",Benfica,0,Mark van Bommel,TITULAR,Alineación Inicial,Champions
2327558886,"Wednesday April 5, 2006",Benfica,0,Giovanni van Bronckhorst,TITULAR,Alineación Inicial,Champions
2327558886,"Wednesday April 5, 2006",Benfica,0,Deco,TITULAR,Alineación Inicial,Champions
2327558886,"Wednesday April 5, 2006",Benfica,0,Samuel Eto'o,TITULAR,Alineación Inicial,Champions
2327558886,"Wednesday April 5, 2006",Benfica,0,Andrés Iniesta,TITULAR,Alineación Inicial,Champions
2327558886,"Wednesday April 5, 2006",Benfica,0,Henrik Larsson,TITULAR,Alineación Inicial,Champions
2327558886,"Wednesday April 5, 2006",Benfica,0,Oleguer Presas,TITULAR,Alineación Inicial,Champions
2327558886,"Wednesday April 5, 2006",Benfica,0,Carles Puyol,TITULAR,Alineación Inicial,Champions
2327558886,"Wednesday April 5, 2006",Benfica,0,Ronaldinho,TITULAR,Alineación Inicial,Champions
2327558886,"Wednesday April 5, 2006",Benfica,0,Víctor Valdés,TITULAR,Alineación Inicial,Champions
3751565131,"Tuesday April 28, 2009",Chelsea,0,Éric Abidal,TITULAR,Alineación Inicial,Champions
3751565131,"Tuesday April 28, 2009",Chelsea,0,Dani Alves,TITULAR,Alineación Inicial,Champions
3751565131,"Tuesday April 28, 2009",Chelsea,0,Samuel Eto'o,TITULAR,Alineación Inicial,Champions
3751565131,"Tuesday April 28, 2009",Chelsea,0,Thierry Henry,TITULAR,Alineación Inicial,Champions
3751565131,"Tuesday April 28, 2009",Chelsea,0,Andrés Iniesta,TITULAR,Alineación Inicial,Champions
3751565131,"Tuesday April 28, 2009",Chelsea,0,Rafael Márquez,TITULAR,Alineación Inicial,Champions
3751565131,"Tuesday April 28, 2009",Chelsea,0,Lionel Messi,TITULAR,Alineación Inicial,Champions
3751565131,"Tuesday April 28, 2009",Chelsea,0,Gerard Piqué,TITULAR,Alineación Inicial,Champions
3751565131,"Tuesday April 28, 2009",Chelsea,0,Yaya Touré,TITULAR,Alineación Inicial,Champions
3751565131,"Tuesday April 28, 2009",Chelsea,0,Víctor Valdés,TITULAR,Alineación Inicial,Champions
3751565131,"Tuesday April 28, 2009",Chelsea,0,Xavi,TITULAR,Alineación Inicial,Champions
1862612193,"Tuesday March 7, 2006",Chelsea,0,Giovanni van Bronckhorst,TITULAR,Alineación Inicial,Champions
1862612193,"Tuesday March 7, 2006",Chelsea,0,Deco,TITULAR,Alineación Inicial,Champions
1862612193,"Tuesday March 7, 2006",Chelsea,0,Edmílson,TITULAR,Alineación Inicial,Champions
1862612193,"Tuesday March 7, 2006",Chelsea,0,Samuel Eto'o,TITULAR,Alineación Inicial,Champions
1862612193,"Tuesday March 7, 2006",Chelsea,0,Rafael Márquez,TITULAR,Alineación Inicial,Champions
1862612193,"Tuesday March 7, 2006",Chelsea,0,Lionel Messi,TITULAR,Alineación Inicial,Champions
1862612193,"Tuesday March 7, 2006",Chelsea,0,Thiago Motta,TITULAR,Alineación Inicial,Champions
1862612193,"Tuesday March 7, 2006",Chelsea,0,Oleguer Presas,TITULAR,Alineación Inicial,Champions
1862612193,"Tuesday March 7, 2006",Chelsea,0,Carles Puyol,TITULAR,Alineación Inicial,Champions
1862612193,"Tuesday March 7, 2006",Chelsea,0,Ronaldinho,TITULAR,Alineación Inicial,Champions
1862612193,"Tuesday March 7, 2006",Chelsea,0,Víctor Valdés,TITULAR,Alineación Inicial,Champions
312587718,"Wednesday October 20, 2010",FC Copenhagen,0,Éric Abidal,TITULAR,Alineación Inicial,Champions
312587718,"Wednesday October 20, 2010",FC Copenhagen,0,Dani Alves,TITULAR,Alineación Inicial,Champions
312587718,"Wednesday October 20, 2010",FC Copenhagen,0,Sergio Busquets,TITULAR,Alineación Inicial,Champions
312587718,"Wednesday October 20, 2010",FC Copenhagen,0,Andrés Iniesta,TITULAR,Alineación Inicial,Champions
312587718,"Wednesday October 20, 2010",FC Copenhagen,0,José Manuel Pinto,TITULAR,Alineación Inicial,Champions
312587718,"Wednesday October 20, 2010",FC Copenhagen,0,Javier Mascherano,TITULAR,Alineación Inicial,Champions
312587718,"Wednesday October 20, 2010",FC Copenhagen,0,Maxwell,TITULAR,Alineación Inicial,Champions
312587718,"Wednesday October 20, 2010",FC Copenhagen,0,Lionel Messi,TITULAR,Alineación Inicial,Champions
312587718,"Wednesday October 20, 2010",FC Copenhagen,0,Gerard Piqué,TITULAR,Alineación Inicial,Champions
312587718,"Wednesday October 20, 2010",FC Copenhagen,0,Carles Puyol,TITULAR,Alineación Inicial,Champions
312587718,"Wednesday October 20, 2010",FC Copenhagen,0,David Villa,TITULAR,Alineación Inicial,Champions
163669189,"Wednesday March 11, 2009",Lyon,0,Dani Alves,TITULAR,Alineación Inicial,Champions
163669189,"Wednesday March 11, 2009",Lyon,0,Samuel Eto'o,TITULAR,Alineación Inicial,Champions
163669189,"Wednesday March 11, 2009",Lyon,0,Thierry Henry,TITULAR,Alineación Inicial,Champions
163669189,"Wednesday March 11, 2009",Lyon,0,Andrés Iniesta,TITULAR,Alineación Inicial,Champions
163669189,"Wednesday March 11, 2009",Lyon,0,Rafael Márquez,TITULAR,Alineación Inicial,Champions
163669189,"Wednesday March 11, 2009",Lyon,0,Lionel Messi,TITULAR,Alineación Inicial,Champions
163669189,"Wednesday March 11, 2009",Lyon,0,Gerard Piqué,TITULAR,Alineación Inicial,Champions
163669189,"Wednesday March 11, 2009",Lyon,0,Sylvinho,TITULAR,Alineación Inicial,Champions
163669189,"Wednesday March 11, 2009",Lyon,0,Yaya Touré,TITULAR,Alineación Inicial,Champions
163669189,"Wednesday March 11, 2009",Lyon,0,Víctor Valdés,TITULAR,Alineación Inicial,Champions
163669189,"Wednesday March 11, 2009",Lyon,0,Xavi,TITULAR,Alineación Inicial,Champions
1397392838,"Wednesday March 18, 2015",Manchester City,0,Jordi Alba,TITULAR,Alineación Inicial,Champions
1397392838,"Wednesday March 18, 2015",Manchester City,0,Dani Alves,TITULAR,Alineación Inicial,Champions
1397392838,"Wednesday March 18, 2015",Manchester City,0,Andrés Iniesta,TITULAR,Alineación Inicial,Champions
1397392838,"Wednesday March 18, 2015",Manchester City,0,Javier Mascherano,TITULAR,Alineación Inicial,Champions
1397392838,"Wednesday March 18, 2015",Manchester City,0,Jérémy Mathieu,TITULAR,Alineación Inicial,Champions
1397392838,"Wednesday March 18, 2015",Manchester City,0,Lionel Messi,TITULAR,Alineación Inicial,Champions
1397392838,"Wednesday March 18, 2015",Manchester City,0,Neymar,TITULAR,Alineación Inicial,Champions
1397392838,"Wednesday March 18, 2015",Manchester City,0,Gerard Piqué,TITULAR,Alineación Inicial,Champions
1397392838,"Wednesday March 18, 2015",Manchester City,0,Ivan Rakitić,TITULAR,Alineación Inicial,Champions
1397392838,"Wednesday March 18, 2015",Manchester City,0,Luis Suárez,TITULAR,Alineación Inicial,Champions
1397392838,"Wednesday March 18, 2015",Manchester City,0,Marc-André ter Stegen,TITULAR,Alineación Inicial,Champions
1920658952,"Saturday May 28, 2011",Manchester United,0,Éric Abidal,TITULAR,Alineación Inicial,Champions
1920658952,"Saturday May 28, 2011",Manchester United,0,Dani Alves,TITULAR,Alineación Inicial,Champions
1920658952,"Saturday May 28, 2011",Manchester United,0,Sergio Busquets,TITULAR,Alineación Inicial,Champions
1920658952,"Saturday May 28, 2011",Manchester United,0,Andrés Iniesta,TITULAR,Alineación Inicial,Champions
1920658952,"Saturday May 28, 2011",Manchester United,0,Javier Mascherano,TITULAR,Alineación Inicial,Champions
1920658952,"Saturday May 28, 2011",Manchester United,0,Lionel Messi,TITULAR,Alineación Inicial,Champions
1920658952,"Saturday May 28, 2011",Manchester United,0,Pedro,TITULAR,Alineación Inicial,Champions
1920658952,"Saturday May 28, 2011",Manchester United,0,Gerard Piqué,TITULAR,Alineación Inicial,Champions
1920658952,"Saturday May 28, 2011",Manchester United,0,Víctor Valdés,TITULAR,Alineación Inicial,Champions
1920658952,"Saturday May 28, 2011",Manchester United,0,David Villa,TITULAR,Alineación Inicial,Champions
1920658952,"Saturday May 28, 2011",Manchester United,0,Xavi,TITULAR,Alineación Inicial,Champions
1244528538,"Wednesday May 27, 2009",Manchester United,0,Sergio Busquets,TITULAR,Alineación Inicial,Champions
1244528538,"Wednesday May 27, 2009",Manchester United,0,Samuel Eto'o,TITULAR,Alineación Inicial,Champions
1244528538,"Wednesday May 27, 2009",Manchester United,0,Thierry Henry,TITULAR,Alineación Inicial,Champions
1244528538,"Wednesday May 27, 2009",Manchester United,0,Andrés Iniesta,TITULAR,Alineación Inicial,Champions
1244528538,"Wednesday May 27, 2009",Manchester United,0,Lionel Messi,TITULAR,Alineación Inicial,Champions
1244528538,"Wednesday May 27, 2009",Manchester United,0,Gerard Piqué,TITULAR,Alineación Inicial,Champions
1244528538,"Wednesday May 27, 2009",Manchester United,0,Carles Puyol,TITULAR,Alineación Inicial,Champions
1244528538,"Wednesday May 27, 2009",Manchester United,0,Sylvinho,TITULAR,Alineación Inicial,Champions
1244528538,"Wednesday May 27, 2009",Manchester United,0,Yaya Touré,TITULAR,Alineación Inicial,Champions
1244528538,"Wednesday May 27, 2009",Manchester United,0,Víctor Valdés,TITULAR,Alineación Inicial,Champions
1244528538,"Wednesday May 27, 2009",Manchester United,0,Xavi,TITULAR,Alineación Inicial,Champions
2105134653,"Wednesday April 26, 2006",Milan,0,Juliano Belletti,TITULAR,Alineación Inicial,Champions
2105134653,"Wednesday April 26, 2006",Milan,0,Giovanni van Bronckhorst,TITULAR,Alineación Inicial,Champions
2105134653,"Wednesday April 26, 2006",Milan,0,Deco,TITULAR,Alineación Inicial,Champions
2105134653,"Wednesday April 26, 2006",Milan,0,Edmílson,TITULAR,Alineación Inicial,Champions
2105134653,"Wednesday April 26, 2006",Milan,0,Samuel Eto'o,TITULAR,Alineación Inicial,Champions
2105134653,"Wednesday April 26, 2006",Milan,0,Ludovic Giuly,TITULAR,Alineación Inicial,Champions
2105134653,"Wednesday April 26, 2006",Milan,0,Andrés Iniesta,TITULAR,Alineación Inicial,Champions
2105134653,"Wednesday April 26, 2006",Milan,0,Rafael Márquez,TITULAR,Alineación Inicial,Champions
2105134653,"Wednesday April 26, 2006",Milan,0,Carles Puyol,TITULAR,Alineación Inicial,Champions
2105134653,"Wednesday April 26, 2006",Milan,0,Ronaldinho,TITULAR,Alineación Inicial,Champions
2105134653,"Wednesday April 26, 2006",Milan,0,Víctor Valdés,TITULAR,Alineación Inicial,Champions
2906876591,"Tuesday September 14, 2010",Panathinaikos,0,Éric Abidal,TITULAR,Alineación Inicial,Champions
2906876591,"Tuesday September 14, 2010",Panathinaikos,0,Dani Alves,TITULAR,Alineación Inicial,Champions
2906876591,"Tuesday September 14, 2010",Panathinaikos,0,Sergio Busquets,TITULAR,Alineación Inicial,Champions
2906876591,"Tuesday September 14, 2010",Panathinaikos,0,Andrés Iniesta,TITULAR,Alineación Inicial,Champions
2906876591,"Tuesday September 14, 2010",Panathinaikos,0,Lionel Messi,TITULAR,Alineación Inicial,Champions
2906876591,"Tuesday September 14, 2010",Panathinaikos,0,Pedro,TITULAR,Alineación Inicial,Champions
2906876591,"Tuesday September 14, 2010",Panathinaikos,0,Gerard Piqué,TITULAR,Alineación Inicial,Champions
2906876591,"Tuesday September 14, 2010",Panathinaikos,0,Carles Puyol,TITULAR,Alineación Inicial,Champions
2906876591,"Tuesday September 14, 2010",Panathinaikos,0,Víctor Valdés,TITULAR,Alineación Inicial,Champions
2906876591,"Tuesday September 14, 2010",Panathinaikos,0,David Villa,TITULAR,Alineación Inicial,Champions
2906876591,"Tuesday September 14, 2010",Panathinaikos,0,Xavi,TITULAR,Alineación Inicial,Champions
3769343567,"Wednesday November 2, 2005",Panathinaikos,0,Mark van Bommel,TITULAR,Alineación Inicial,Champions
3769343567,"Wednesday November 2, 2005",Panathinaikos,0,Giovanni van Bronckhorst,TITULAR,Alineación Inicial,Champions
3769343567,"Wednesday November 2, 2005",Panathinaikos,0,Edmílson,TITULAR,Alineación Inicial,Champions
3769343567,"Wednesday November 2, 2005",Panathinaikos,0,Samuel Eto'o,TITULAR,Alineación Inicial,Champions
3769343567,"Wednesday November 2, 2005",Panathinaikos,0,Andrés Iniesta,TITULAR,Alineación Inicial,Champions
3769343567,"Wednesday November 2, 2005",Panathinaikos,0,Lionel Messi,TITULAR,Alineación Inicial,Champions
3769343567,"Wednesday November 2, 2005",Panathinaikos,0,Oleguer Presas,TITULAR,Alineación Inicial,Champions
3769343567,"Wednesday November 2, 2005",Panathinaikos,0,Carles Puyol,TITULAR,Alineación Inicial,Champions
3769343567,"Wednesday November 2, 2005",Panathinaikos,0,Ronaldinho,TITULAR,Alineación Inicial,Champions
3769343567,"Wednesday November 2, 2005",Panathinaikos,0,Víctor Valdés,TITULAR,Alineación Inicial,Champions
3769343567,"Wednesday November 2, 2005",Panathinaikos,0,Xavi,TITULAR,Alineación Inicial,Champions
209727079,"Tuesday April 21, 2015",Paris Saint-Germain,0,Jordi Alba,TITULAR,Alineación Inicial,Champions
209727079,"Tuesday April 21, 2015",Paris Saint-Germain,0,Dani Alves,TITULAR,Alineación Inicial,Champions
209727079,"Tuesday April 21, 2015",Paris Saint-Germain,0,Sergio Busquets,TITULAR,Alineación Inicial,Champions
209727079,"Tuesday April 21, 2015",Paris Saint-Germain,0,Andrés Iniesta,TITULAR,Alineación Inicial,Champions
209727079,"Tuesday April 21, 2015",Paris Saint-Germain,0,Javier Mascherano,TITULAR,Alineación Inicial,Champions
209727079,"Tuesday April 21, 2015",Paris Saint-Germain,0,Lionel Messi,TITULAR,Alineación Inicial,Champions
209727079,"Tuesday April 21, 2015",Paris Saint-Germain,0,Neymar,TITULAR,Alineación Inicial,Champions
209727079,"Tuesday April 21, 2015",Paris Saint-Germain,0,Gerard Piqué,TITULAR,Alineación Inicial,Champions
209727079,"Tuesday April 21, 2015",Paris Saint-Germain,0,Ivan Rakitić,TITULAR,Alineación Inicial,Champions
209727079,"Tuesday April 21, 2015",Paris Saint-Germain,0,Luis Suárez,TITULAR,Alineación Inicial,Champions
209727079,"Tuesday April 21, 2015",Paris Saint-Germain,0,Marc-André ter Stegen,TITULAR,Alineación Inicial,Champions
477976557,"Wednesday December 10, 2014",Paris Saint-Germain,0,Marc Bartra,TITULAR,Alineación Inicial,Champions
477976557,"Wednesday December 10, 2014",Paris Saint-Germain,0,Sergio Busquets,TITULAR,Alineación Inicial,Champions
477976557,"Wednesday December 10, 2014",Paris Saint-Germain,0,Andrés Iniesta,TITULAR,Alineación Inicial,Champions
477976557,"Wednesday December 10, 2014",Paris Saint-Germain,0,Javier Mascherano,TITULAR,Alineación Inicial,Champions
477976557,"Wednesday December 10, 2014",Paris Saint-Germain,0,Jérémy Mathieu,TITULAR,Alineación Inicial,Champions
477976557,"Wednesday December 10, 2014",Paris Saint-Germain,0,Lionel Messi,TITULAR,Alineación Inicial,Champions
477976557,"Wednesday December 10, 2014",Paris Saint-Germain,0,Neymar,TITULAR,Alineación Inicial,Champions
477976557,"Wednesday December 10, 2014",Paris Saint-Germain,0,Pedro,TITULAR,Alineación Inicial,Champions
477976557,"Wednesday December 10, 2014",Paris Saint-Germain,0,Gerard Piqué,TITULAR,Alineación Inicial,Champions
477976557,"Wednesday December 10, 2014",Paris Saint-Germain,0,Luis Suárez,TITULAR,Alineación Inicial,Champions
477976557,"Wednesday December 10, 2014",Paris Saint-Germain,0,Marc-André ter Stegen,TITULAR,Alineación Inicial,Champions
1787474204,"Tuesday May 3, 2011",Real Madrid,0,Dani Alves,TITULAR,Alineación Inicial,Champions
1787474204,"Tuesday May 3, 2011",Real Madrid,0,Sergio Busquets,TITULAR,Alineación Inicial,Champions
1787474204,"Tuesday May 3, 2011",Real Madrid,0,Andrés Iniesta,TITULAR,Alineación Inicial,Champions
1787474204,"Tuesday May 3, 2011",Real Madrid,0,Javier Mascherano,TITULAR,Alineación Inicial,Champions
1787474204,"Tuesday May 3, 2011",Real Madrid,0,Lionel Messi,TITULAR,Alineación Inicial,Champions
1787474204,"Tuesday May 3, 2011",Real Madrid,0,Pedro,TITULAR,Alineación Inicial,Champions
1787474204,"Tuesday May 3, 2011",Real Madrid,0,Gerard Piqué,TITULAR,Alineación Inicial,Champions
1787474204,"Tuesday May 3, 2011",Real Madrid,0,Carles Puyol,TITULAR,Alineación Inicial,Champions
1787474204,"Tuesday May 3, 2011",Real Madrid,0,Víctor Valdés,TITULAR,Alineación Inicial,Champions
1787474204,"Tuesday May 3, 2011",Real Madrid,0,David Villa,TITULAR,Alineación Inicial,Champions
1787474204,"Tuesday May 3, 2011",Real Madrid,0,Xavi,TITULAR,Alineación Inicial,Champions
644256419,"Tuesday December 7, 2010",Rubin Kazan,0,Adriano,TITULAR,Alineación Inicial,Champions
644256419,"Tuesday December 7, 2010",Rubin Kazan,0,Thiago Alcántara,TITULAR,Alineación Inicial,Champions
644256419,"Tuesday December 7, 2010",Rubin Kazan,0,Sergio Busquets,TITULAR,Alineación Inicial,Champions
644256419,"Tuesday December 7, 2010",Rubin Kazan,0,Jonathan dos Santos,TITULAR,Alineación Inicial,Champions
644256419,"Tuesday December 7, 2010",Rubin Kazan,0,Andreu Fontàs,TITULAR,Alineación Inicial,Champions
644256419,"Tuesday December 7, 2010",Rubin Kazan,0,Bojan Krkić,TITULAR,Alineación Inicial,Champions
644256419,"Tuesday December 7, 2010",Rubin Kazan,0,José Manuel Pinto,TITULAR,Alineación Inicial,Champions
644256419,"Tuesday December 7, 2010",Rubin Kazan,0,Javier Mascherano,TITULAR,Alineación Inicial,Champions
644256419,"Tuesday December 7, 2010",Rubin Kazan,0,Maxwell,TITULAR,Alineación Inicial,Champions
644256419,"Tuesday December 7, 2010",Rubin Kazan,0,Gerard Piqué,TITULAR,Alineación Inicial,Champions
644256419,"Tuesday December 7, 2010",Rubin Kazan,0,Jeffrén Suárez,TITULAR,Alineación Inicial,Champions
519435061,"Tuesday December 9, 2008",Shakhtar Donetsk,0,Sergio Busquets,TITULAR,Alineación Inicial,Champions
519435061,"Tuesday December 9, 2008",Shakhtar Donetsk,0,Martín Cáceres,TITULAR,Alineación Inicial,Champions
519435061,"Tuesday December 9, 2008",Shakhtar Donetsk,0,Alexander Hleb,TITULAR,Alineación Inicial,Champions
519435061,"Tuesday December 9, 2008",Shakhtar Donetsk,0,Albert Jorquera,TITULAR,Alineación Inicial,Champions
519435061,"Tuesday December 9, 2008",Shakhtar Donetsk,0,Seydou Keita,TITULAR,Alineación Inicial,Champions
519435061,"Tuesday December 9, 2008",Shakhtar Donetsk,0,Bojan Krkić,TITULAR,Alineación Inicial,Champions
519435061,"Tuesday December 9, 2008",Shakhtar Donetsk,0,Pedro,TITULAR,Alineación Inicial,Champions
519435061,"Tuesday December 9, 2008",Shakhtar Donetsk,0,Gerard Piqué,TITULAR,Alineación Inicial,Champions
519435061,"Tuesday December 9, 2008",Shakhtar Donetsk,0,Víctor Sánchez,TITULAR,Alineación Inicial,Champions
519435061,"Tuesday December 9, 2008",Shakhtar Donetsk,0,Sylvinho,TITULAR,Alineación Inicial,Champions
519435061,"Tuesday December 9, 2008",Shakhtar Donetsk,0,Víctor Vázquez,TITULAR,Alineación Inicial,Champions
1807500392,"Wednesday April 6, 2011",Shakhtar Donetsk,0,Adriano,TITULAR,Alineación Inicial,Champions
1807500392,"Wednesday April 6, 2011",Shakhtar Donetsk,0,Dani Alves,TITULAR,Alineación Inicial,Champions
1807500392,"Wednesday April 6, 2011",Shakhtar Donetsk,0,Sergio Busquets,TITULAR,Alineación Inicial,Champions
1807500392,"Wednesday April 6, 2011",Shakhtar Donetsk,0,Andrés Iniesta,TITULAR,Alineación Inicial,Champions
1807500392,"Wednesday April 6, 2011",Shakhtar Donetsk,0,Seydou Keita,TITULAR,Alineación Inicial,Champions
1807500392,"Wednesday April 6, 2011",Shakhtar Donetsk,0,Javier Mascherano,TITULAR,Alineación Inicial,Champions
1807500392,"Wednesday April 6, 2011",Shakhtar Donetsk,0,Lionel Messi,TITULAR,Alineación Inicial,Champions
1807500392,"Wednesday April 6, 2011",Shakhtar Donetsk,0,Gerard Piqué,TITULAR,Alineación Inicial,Champions
1807500392,"Wednesday April 6, 2011",Shakhtar Donetsk,0,Víctor Valdés,TITULAR,Alineación Inicial,Champions
1807500392,"Wednesday April 6, 2011",Shakhtar Donetsk,0,David Villa,TITULAR,Alineación Inicial,Champions
1807500392,"Wednesday April 6, 2011",Shakhtar Donetsk,0,Xavi,TITULAR,Alineación Inicial,Champions
2677851521,"Tuesday September 16, 2008",Sporting CP,0,Dani Alves,TITULAR,Alineación Inicial,Champions
2677851521,"Tuesday September 16, 2008",Sporting CP,0,Samuel Eto'o,TITULAR,Alineación Inicial,Champions
2677851521,"Tuesday September 16, 2008",Sporting CP,0,Thierry Henry,TITULAR,Alineación Inicial,Champions
2677851521,"Tuesday September 16, 2008",Sporting CP,0,Andrés Iniesta,TITULAR,Alineación Inicial,Champions
2677851521,"Tuesday September 16, 2008",Sporting CP,0,Seydou Keita,TITULAR,Alineación Inicial,Champions
2677851521,"Tuesday September 16, 2008",Sporting CP,0,Rafael Márquez,TITULAR,Alineación Inicial,Champions
2677851521,"Tuesday September 16, 2008",Sporting CP,0,Lionel Messi,TITULAR,Alineación Inicial,Champions
2677851521,"Tuesday September 16, 2008",Sporting CP,0,Gerard Piqué,TITULAR,Alineación Inicial,Champions
2677851521,"Tuesday September 16, 2008",Sporting CP,0,Carles Puyol,TITULAR,Alineación Inicial,Champions
2677851521,"Tuesday September 16, 2008",Sporting CP,0,Víctor Valdés,TITULAR,Alineación Inicial,Champions
2677851521,"Tuesday September 16, 2008",Sporting CP,0,Xavi,TITULAR,Alineación Inicial,Champions
3952036007,"Tuesday September 27, 2005",Udinese,0,Juliano Belletti,TITULAR,Alineación Inicial,Champions
3952036007,"Tuesday September 27, 2005",Udinese,0,Mark van Bommel,TITULAR,Alineación Inicial,Champions
3952036007,"Tuesday September 27, 2005",Udinese,0,Giovanni van Bronckhorst,TITULAR,Alineación Inicial,Champions
3952036007,"Tuesday September 27, 2005",Udinese,0,Deco,TITULAR,Alineación Inicial,Champions
3952036007,"Tuesday September 27, 2005",Udinese,0,Samuel Eto'o,TITULAR,Alineación Inicial,Champions
3952036007,"Tuesday September 27, 2005",Udinese,0,Lionel Messi,TITULAR,Alineación Inicial,Champions
3952036007,"Tuesday September 27, 2005",Udinese,0,Oleguer Presas,TITULAR,Alineación Inicial,Champions
3952036007,"Tuesday September 27, 2005",Udinese,0,Carles Puyol,TITULAR,Alineación Inicial,Champions
3952036007,"Tuesday September 27, 2005",Udinese,0,Víctor Valdés,TITULAR,Alineación Inicial,Champions
3952036007,"Tuesday September 27, 2005",Udinese,0,Xavi,TITULAR,Alineación Inicial,Champions
397917736,"Tuesday November 22, 2005",Werder Bremen,0,Giovanni van Bronckhorst,TITULAR,Alineación Inicial,Champions
397917736,"Tuesday November 22, 2005",Werder Bremen,0,Deco,TITULAR,Alineación Inicial,Champions
397917736,"Tuesday November 22, 2005",Werder Bremen,0,Gabri García,TITULAR,Alineación Inicial,Champions
397917736,"Tuesday November 22, 2005",Werder Bremen,0,Ludovic Giuly,TITULAR,Alineación Inicial,Champions
397917736,"Tuesday November 22, 2005",Werder Bremen,0,Henrik Larsson,TITULAR,Alineación Inicial,Champions
397917736,"Tuesday November 22, 2005",Werder Bremen,0,Rafael Márquez,TITULAR,Alineación Inicial,Champions
397917736,"Tuesday November 22, 2005",Werder Bremen,0,Thiago Motta,TITULAR,Alineación Inicial,Champions
397917736,"Tuesday November 22, 2005",Werder Bremen,0,Oleguer Presas,TITULAR,Alineación Inicial,Champions
397917736,"Tuesday November 22, 2005",Werder Bremen,0,Carles Puyol,TITULAR,Alineación Inicial,Champions
397917736,"Tuesday November 22, 2005",Werder Bremen,0,Ronaldinho,TITULAR,Alineación Inicial,Champions
397917736,"Tuesday November 22, 2005",Werder Bremen,0,Víctor Valdés,TITULAR,Alineación Inicial,Champions
1557471118,"Wednesday August 13, 2008",Wisła Kraków,0,Éric Abidal,TITULAR,Alineación Inicial,Champions
1557471118,"Wednesday August 13, 2008",Wisła Kraków,0,Dani Alves,TITULAR,Alineación Inicial,Champions
1557471118,"Wednesday August 13, 2008",Wisła Kraków,0,Samuel Eto'o,TITULAR,Alineación Inicial,Champions
1557471118,"Wednesday August 13, 2008",Wisła Kraków,0,Thierry Henry,TITULAR,Alineación Inicial,Champions
1557471118,"Wednesday August 13, 2008",Wisła Kraków,0,Andrés Iniesta,TITULAR,Alineación Inicial,Champions
1557471118,"Wednesday August 13, 2008",Wisła Kraków,0,Seydou Keita,TITULAR,Alineación Inicial,Champions
1557471118,"Wednesday August 13, 2008",Wisła Kraków,0,Rafael Márquez,TITULAR,Alineación Inicial,Champions
1557471118,"Wednesday August 13, 2008",Wisła Kraków,0,Pedro,TITULAR,Alineación Inicial,Champions
1557471118,"Wednesday August 13, 2008",Wisła Kraków,0,Carles Puyol,TITULAR,Alineación Inicial,Champions
1557471118,"Wednesday August 13, 2008",Wisła Kraków,0,Víctor Valdés,TITULAR,Alineación Inicial,Champions
1557471118,"Wednesday August 13, 2008",Wisła Kraków,0,Xavi,TITULAR,Alineación Inicial,Champions
1526859631,"Wednesday October 22, 2008",Basel,0,Dani Alves,TITULAR,Alineación Inicial,Champions
1526859631,"Wednesday October 22, 2008",Basel,0,Sergio Busquets,TITULAR,Alineación Inicial,Champions
1526859631,"Wednesday October 22, 2008",Basel,0,Alexander Hleb,TITULAR,Alineación Inicial,Champions
1526859631,"Wednesday October 22, 2008",Basel,0,Bojan Krkić,TITULAR,Alineación Inicial,Champions
1526859631,"Wednesday October 22, 2008",Basel,0,Rafael Márquez,TITULAR,Alineación Inicial,Champions
1526859631,"Wednesday October 22, 2008",Basel,0,Lionel Messi,TITULAR,Alineación Inicial,Champions
1526859631,"Wednesday October 22, 2008",Basel,0,Carles Puyol,TITULAR,Alineación Inicial,Champions
1526859631,"Wednesday October 22, 2008",Basel,0,Sylvinho,TITULAR,Alineación Inicial,Champions
1526859631,"Wednesday October 22, 2008",Basel,0,Yaya Touré,TITULAR,Alineación Inicial,Champions
1526859631,"Wednesday October 22, 2008",Basel,0,Víctor Valdés,TITULAR,Alineación Inicial,Champions
1526859631,"Wednesday October 22, 2008",Basel,0,Xavi,TITULAR,Alineación Inicial,Champions
2185755613,"Tuesday April 14, 2009",Bayern Munich,0,Éric Abidal,TITULAR,Alineación Inicial,Champions
2185755613,"Tuesday April 14, 2009",Bayern Munich,0,Dani Alves,TITULAR,Alineación Inicial,Champions
2185755613,"Tuesday April 14, 2009",Bayern Munich,0,Samuel Eto'o,TITULAR,Alineación Inicial,Champions
2185755613,"Tuesday April 14, 2009",Bayern Munich,0,Andrés Iniesta,TITULAR,Alineación Inicial,Champions
2185755613,"Tuesday April 14, 2009",Bayern Munich,0,Seydou Keita,TITULAR,Alineación Inicial,Champions
2185755613,"Tuesday April 14, 2009",Bayern Munich,0,Lionel Messi,TITULAR,Alineación Inicial,Champions
2185755613,"Tuesday April 14, 2009",Bayern Munich,0,Gerard Piqué,TITULAR,Alineación Inicial,Champions
2185755613,"Tuesday April 14, 2009",Bayern Munich,0,Carles Puyol,TITULAR,Alineación Inicial,Champions
2185755613,"Tuesday April 14, 2009",Bayern Munich,0,Yaya Touré,TITULAR,Alineación Inicial,Champions
2185755613,"Tuesday April 14, 2009",Bayern Munich,0,Víctor Valdés,TITULAR,Alineación Inicial,Champions
2185755613,"Tuesday April 14, 2009",Bayern Munich,0,Xavi,TITULAR,Alineación Inicial,Champions
2351030834,"Tuesday May 12, 2015",Bayern Munich,0,Jordi Alba,TITULAR,Alineación Inicial,Champions
2351030834,"Tuesday May 12, 2015",Bayern Munich,0,Dani Alves,TITULAR,Alineación Inicial,Champions
2351030834,"Tuesday May 12, 2015",Bayern Munich,0,Sergio Busquets,TITULAR,Alineación Inicial,Champions
2351030834,"Tuesday May 12, 2015",Bayern Munich,0,Andrés Iniesta,TITULAR,Alineación Inicial,Champions
2351030834,"Tuesday May 12, 2015",Bayern Munich,0,Javier Mascherano,TITULAR,Alineación Inicial,Champions
2351030834,"Tuesday May 12, 2015",Bayern Munich,0,Lionel Messi,TITULAR,Alineación Inicial,Champions
2351030834,"Tuesday May 12, 2015",Bayern Munich,0,Neymar,TITULAR,Alineación Inicial,Champions
2351030834,"Tuesday May 12, 2015",Bayern Munich,0,Gerard Piqué,TITULAR,Alineación Inicial,Champions
2351030834,"Tuesday May 12, 2015",Bayern Munich,0,Ivan Rakitić,TITULAR,Alineación Inicial,Champions
2351030834,"Tuesday May 12, 2015",Bayern Munich,0,Luis Suárez,TITULAR,Alineación Inicial,Champions
2351030834,"Tuesday May 12, 2015",Bayern Munich,0,Marc-André ter Stegen,TITULAR,Alineación Inicial,Champions
36386981,"Tuesday March 28, 2006",Benfica,0,Juliano Belletti,TITULAR,Alineación Inicial,Champions
36386981,"Tuesday March 28, 2006",Benfica,0,Mark van Bommel,TITULAR,Alineación Inicial,Champions
36386981,"Tuesday March 28, 2006",Benfica,0,Giovanni van Bronckhorst,TITULAR,Alineación Inicial,Champions
36386981,"Tuesday March 28, 2006",Benfica,0,Deco,TITULAR,Alineación Inicial,Champions
36386981,"Tuesday March 28, 2006",Benfica,0,Samuel Eto'o,TITULAR,Alineación Inicial,Champions
36386981,"Tuesday March 28, 2006",Benfica,0,Andrés Iniesta,TITULAR,Alineación Inicial,Champions
36386981,"Tuesday March 28, 2006",Benfica,0,Henrik Larsson,TITULAR,Alineación Inicial,Champions
36386981,"Tuesday March 28, 2006",Benfica,0,Thiago Motta,TITULAR,Alineación Inicial,Champions
36386981,"Tuesday March 28, 2006",Benfica,0,Oleguer Presas,TITULAR,Alineación Inicial,Champions
36386981,"Tuesday March 28, 2006",Benfica,0,Ronaldinho,TITULAR,Alineación Inicial,Champions
36386981,"Tuesday March 28, 2006",Benfica,0,Víctor Valdés,TITULAR,Alineación Inicial,Champions
3523700492,"Wednesday May 6, 2009",Chelsea,0,Éric Abidal,TITULAR,Alineación Inicial,Champions
3523700492,"Wednesday May 6, 2009",Chelsea,0,Dani Alves,TITULAR,Alineación Inicial,Champions
3523700492,"Wednesday May 6, 2009",Chelsea,0,Sergio Busquets,TITULAR,Alineación Inicial,Champions
3523700492,"Wednesday May 6, 2009",Chelsea,0,Samuel Eto'o,TITULAR,Alineación Inicial,Champions
3523700492,"Wednesday May 6, 2009",Chelsea,0,Andrés Iniesta,TITULAR,Alineación Inicial,Champions
3523700492,"Wednesday May 6, 2009",Chelsea,0,Seydou Keita,TITULAR,Alineación Inicial,Champions
3523700492,"Wednesday May 6, 2009",Chelsea,0,Lionel Messi,TITULAR,Alineación Inicial,Champions
3523700492,"Wednesday May 6, 2009",Chelsea,0,Gerard Piqué,TITULAR,Alineación Inicial,Champions
3523700492,"Wednesday May 6, 2009",Chelsea,0,Yaya Touré,TITULAR,Alineación Inicial,Champions
3523700492,"Wednesday May 6, 2009",Chelsea,0,Víctor Valdés,TITULAR,Alineación Inicial,Champions
3523700492,"Wednesday May 6, 2009",Chelsea,0,Xavi,TITULAR,Alineación Inicial,Champions
2978057826,"Tuesday November 2, 2010",FC Copenhagen,0,Éric Abidal,TITULAR,Alineación Inicial,Champions
2978057826,"Tuesday November 2, 2010",FC Copenhagen,0,Dani Alves,TITULAR,Alineación Inicial,Champions
2978057826,"Tuesday November 2, 2010",FC Copenhagen,0,Sergio Busquets,TITULAR,Alineación Inicial,Champions
2978057826,"Tuesday November 2, 2010",FC Copenhagen,0,Andrés Iniesta,TITULAR,Alineación Inicial,Champions
2978057826,"Tuesday November 2, 2010",FC Copenhagen,0,Seydou Keita,TITULAR,Alineación Inicial,Champions
2978057826,"Tuesday November 2, 2010",FC Copenhagen,0,Lionel Messi,TITULAR,Alineación Inicial,Champions
2978057826,"Tuesday November 2, 2010",FC Copenhagen,0,Gerard Piqué,TITULAR,Alineación Inicial,Champions
2978057826,"Tuesday November 2, 2010",FC Copenhagen,0,Carles Puyol,TITULAR,Alineación Inicial,Champions
2978057826,"Tuesday November 2, 2010",FC Copenhagen,0,Víctor Valdés,TITULAR,Alineación Inicial,Champions
2978057826,"Tuesday November 2, 2010",FC Copenhagen,0,David Villa,TITULAR,Alineación Inicial,Champions
2978057826,"Tuesday November 2, 2010",FC Copenhagen,0,Xavi,TITULAR,Alineación Inicial,Champions
804430251,"Saturday June 6, 2015",Juventus,0,Jordi Alba,TITULAR,Alineación Inicial,Champions
804430251,"Saturday June 6, 2015",Juventus,0,Dani Alves,TITULAR,Alineación Inicial,Champions
804430251,"Saturday June 6, 2015",Juventus,0,Sergio Busquets,TITULAR,Alineación Inicial,Champions
804430251,"Saturday June 6, 2015",Juventus,0,Andrés Iniesta,TITULAR,Alineación Inicial,Champions
804430251,"Saturday June 6, 2015",Juventus,0,Javier Mascherano,TITULAR,Alineación Inicial,Champions
804430251,"Saturday June 6, 2015",Juventus,0,Lionel Messi,TITULAR,Alineación Inicial,Champions
804430251,"Saturday June 6, 2015",Juventus,0,Neymar,TITULAR,Alineación Inicial,Champions
804430251,"Saturday June 6, 2015",Juventus,0,Gerard Piqué,TITULAR,Alineación Inicial,Champions
804430251,"Saturday June 6, 2015",Juventus,0,Ivan Rakitić,TITULAR,Alineación Inicial,Champions
804430251,"Saturday June 6, 2015",Juventus,0,Luis Suárez,TITULAR,Alineación Inicial,Champions
804430251,"Saturday June 6, 2015",Juventus,0,Marc-André ter Stegen,TITULAR,Alineación Inicial,Champions
1538718126,"Tuesday February 24, 2009",Lyon,0,Dani Alves,TITULAR,Alineación Inicial,Champions
1538718126,"Tuesday February 24, 2009",Lyon,0,Sergio Busquets,TITULAR,Alineación Inicial,Champions
1538718126,"Tuesday February 24, 2009",Lyon,0,Samuel Eto'o,TITULAR,Alineación Inicial,Champions
1538718126,"Tuesday February 24, 2009",Lyon,0,Thierry Henry,TITULAR,Alineación Inicial,Champions
1538718126,"Tuesday February 24, 2009",Lyon,0,Rafael Márquez,TITULAR,Alineación Inicial,Champions
1538718126,"Tuesday February 24, 2009",Lyon,0,Lionel Messi,TITULAR,Alineación Inicial,Champions
1538718126,"Tuesday February 24, 2009",Lyon,0,Gerard Piqué,TITULAR,Alineación Inicial,Champions
1538718126,"Tuesday February 24, 2009",Lyon,0,Carles Puyol,TITULAR,Alineación Inicial,Champions
1538718126,"Tuesday February 24, 2009",Lyon,0,Yaya Touré,TITULAR,Alineación Inicial,Champions
1538718126,"Tuesday February 24, 2009",Lyon,0,Víctor Valdés,TITULAR,Alineación Inicial,Champions
1538718126,"Tuesday February 24, 2009",Lyon,0,Xavi,TITULAR,Alineación Inicial,Champions
216097974,"Tuesday February 24, 2015",Manchester City,0,Jordi Alba,TITULAR,Alineación Inicial,Champions
216097974,"Tuesday February 24, 2015",Manchester City,0,Dani Alves,TITULAR,Alineación Inicial,Champions
216097974,"Tuesday February 24, 2015",Manchester City,0,Sergio Busquets,TITULAR,Alineación Inicial,Champions
216097974,"Tuesday February 24, 2015",Manchester City,0,Andrés Iniesta,TITULAR,Alineación Inicial,Champions
216097974,"Tuesday February 24, 2015",Manchester City,0,Javier Mascherano,TITULAR,Alineación Inicial,Champions
216097974,"Tuesday February 24, 2015",Manchester City,0,Lionel Messi,TITULAR,Alineación Inicial,Champions
216097974,"Tuesday February 24, 2015",Manchester City,0,Neymar,TITULAR,Alineación Inicial,Champions
216097974,"Tuesday February 24, 2015",Manchester City,0,Gerard Piqué,TITULAR,Alineación Inicial,Champions
216097974,"Tuesday February 24, 2015",Manchester City,0,Ivan Rakitić,TITULAR,Alineación Inicial,Champions
216097974,"Tuesday February 24, 2015",Manchester City,0,Luis Suárez,TITULAR,Alineación Inicial,Champions
216097974,"Tuesday February 24, 2015",Manchester City,0,Marc-André ter Stegen,TITULAR,Alineación Inicial,Champions
2234542152,"Wednesday November 24, 2010",Panathinaikos,0,Adriano,TITULAR,Alineación Inicial,Champions
2234542152,"Wednesday November 24, 2010",Panathinaikos,0,Dani Alves,TITULAR,Alineación Inicial,Champions
2234542152,"Wednesday November 24, 2010",Panathinaikos,0,Andrés Iniesta,TITULAR,Alineación Inicial,Champions
2234542152,"Wednesday November 24, 2010",Panathinaikos,0,Javier Mascherano,TITULAR,Alineación Inicial,Champions
2234542152,"Wednesday November 24, 2010",Panathinaikos,0,Lionel Messi,TITULAR,Alineación Inicial,Champions
2234542152,"Wednesday November 24, 2010",Panathinaikos,0,Pedro,TITULAR,Alineación Inicial,Champions
2234542152,"Wednesday November 24, 2010",Panathinaikos,0,Gerard Piqué,TITULAR,Alineación Inicial,Champions
2234542152,"Wednesday November 24, 2010",Panathinaikos,0,Carles Puyol,TITULAR,Alineación Inicial,Champions
2234542152,"Wednesday November 24, 2010",Panathinaikos,0,Víctor Valdés,TITULAR,Alineación Inicial,Champions
2234542152,"Wednesday November 24, 2010",Panathinaikos,0,David Villa,TITULAR,Alineación Inicial,Champions
2234542152,"Wednesday November 24, 2010",Panathinaikos,0,Xavi,TITULAR,Alineación Inicial,Champions
2892255717,"Tuesday September 30, 2014",Paris Saint-Germain,0,Jordi Alba,TITULAR,Alineación Inicial,Champions
2892255717,"Tuesday September 30, 2014",Paris Saint-Germain,0,Dani Alves,TITULAR,Alineación Inicial,Champions
2892255717,"Tuesday September 30, 2014",Paris Saint-Germain,0,Sergio Busquets,TITULAR,Alineación Inicial,Champions
2892255717,"Tuesday September 30, 2014",Paris Saint-Germain,0,Andrés Iniesta,TITULAR,Alineación Inicial,Champions
2892255717,"Tuesday September 30, 2014",Paris Saint-Germain,0,Javier Mascherano,TITULAR,Alineación Inicial,Champions
2892255717,"Tuesday September 30, 2014",Paris Saint-Germain,0,Jérémy Mathieu,TITULAR,Alineación Inicial,Champions
2892255717,"Tuesday September 30, 2014",Paris Saint-Germain,0,Lionel Messi,TITULAR,Alineación Inicial,Champions
2892255717,"Tuesday September 30, 2014",Paris Saint-Germain,0,Neymar,TITULAR,Alineación Inicial,Champions
2892255717,"Tuesday September 30, 2014",Paris Saint-Germain,0,Pedro,TITULAR,Alineación Inicial,Champions
2892255717,"Tuesday September 30, 2014",Paris Saint-Germain,0,Ivan Rakitić,TITULAR,Alineación Inicial,Champions
2892255717,"Tuesday September 30, 2014",Paris Saint-Germain,0,Marc-André ter Stegen,TITULAR,Alineación Inicial,Champions
4030629189,"Wednesday April 15, 2015",Paris Saint-Germain,0,Jordi Alba,TITULAR,Alineación Inicial,Champions
4030629189,"Wednesday April 15, 2015",Paris Saint-Germain,0,Sergio Busquets,TITULAR,Alineación Inicial,Champions
4030629189,"Wednesday April 15, 2015",Paris Saint-Germain,0,Andrés Iniesta,TITULAR,Alineación Inicial,Champions
4030629189,"Wednesday April 15, 2015",Paris Saint-Germain,0,Javier Mascherano,TITULAR,Alineación Inicial,Champions
4030629189,"Wednesday April 15, 2015",Paris Saint-Germain,0,Lionel Messi,TITULAR,Alineación Inicial,Champions
4030629189,"Wednesday April 15, 2015",Paris Saint-Germain,0,Martín Montoya,TITULAR,Alineación Inicial,Champions
4030629189,"Wednesday April 15, 2015",Paris Saint-Germain,0,Neymar,TITULAR,Alineación Inicial,Champions
4030629189,"Wednesday April 15, 2015",Paris Saint-Germain,0,Gerard Piqué,TITULAR,Alineación Inicial,Champions
4030629189,"Wednesday April 15, 2015",Paris Saint-Germain,0,Ivan Rakitić,TITULAR,Alineación Inicial,Champions
4030629189,"Wednesday April 15, 2015",Paris Saint-Germain,0,Luis Suárez,TITULAR,Alineación Inicial,Champions
4030629189,"Wednesday April 15, 2015",Paris Saint-Germain,0,Marc-André ter Stegen,TITULAR,Alineación Inicial,Champions
1904890530,"Wednesday April 27, 2011",Real Madrid,0,Dani Alves,TITULAR,Alineación Inicial,Champions
1904890530,"Wednesday April 27, 2011",Real Madrid,0,Sergio Busquets,TITULAR,Alineación Inicial,Champions
1904890530,"Wednesday April 27, 2011",Real Madrid,0,Seydou Keita,TITULAR,Alineación Inicial,Champions
1904890530,"Wednesday April 27, 2011",Real Madrid,0,Javier Mascherano,TITULAR,Alineación Inicial,Champions
1904890530,"Wednesday April 27, 2011",Real Madrid,0,Lionel Messi,TITULAR,Alineación Inicial,Champions
1904890530,"Wednesday April 27, 2011",Real Madrid,0,Pedro,TITULAR,Alineación Inicial,Champions
1904890530,"Wednesday April 27, 2011",Real Madrid,0,Gerard Piqué,TITULAR,Alineación Inicial,Champions
1904890530,"Wednesday April 27, 2011",Real Madrid,0,Carles Puyol,TITULAR,Alineación Inicial,Champions
1904890530,"Wednesday April 27, 2011",Real Madrid,0,Víctor Valdés,TITULAR,Alineación Inicial,Champions
1904890530,"Wednesday April 27, 2011",Real Madrid,0,David Villa,TITULAR,Alineación Inicial,Champions
1904890530,"Wednesday April 27, 2011",Real Madrid,0,Xavi,TITULAR,Alineación Inicial,Champions
2119380205,"Wednesday September 29, 2010",Rubin Kazan,0,Dani Alves,TITULAR,Alineación Inicial,Champions
2119380205,"Wednesday September 29, 2010",Rubin Kazan,0,Sergio Busquets,TITULAR,Alineación Inicial,Champions
2119380205,"Wednesday September 29, 2010",Rubin Kazan,0,Andrés Iniesta,TITULAR,Alineación Inicial,Champions
2119380205,"Wednesday September 29, 2010",Rubin Kazan,0,Javier Mascherano,TITULAR,Alineación Inicial,Champions
2119380205,"Wednesday September 29, 2010",Rubin Kazan,0,Maxwell,TITULAR,Alineación Inicial,Champions
2119380205,"Wednesday September 29, 2010",Rubin Kazan,0,Pedro,TITULAR,Alineación Inicial,Champions
2119380205,"Wednesday September 29, 2010",Rubin Kazan,0,Gerard Piqué,TITULAR,Alineación Inicial,Champions
2119380205,"Wednesday September 29, 2010",Rubin Kazan,0,Carles Puyol,TITULAR,Alineación Inicial,Champions
2119380205,"Wednesday September 29, 2010",Rubin Kazan,0,Víctor Valdés,TITULAR,Alineación Inicial,Champions
2119380205,"Wednesday September 29, 2010",Rubin Kazan,0,David Villa,TITULAR,Alineación Inicial,Champions
2119380205,"Wednesday September 29, 2010",Rubin Kazan,0,Xavi,TITULAR,Alineación Inicial,Champions
2314908959,"Tuesday April 12, 2011",Shakhtar Donetsk,0,Adriano,TITULAR,Alineación Inicial,Champions
2314908959,"Tuesday April 12, 2011",Shakhtar Donetsk,0,Ibrahim Afellay,TITULAR,Alineación Inicial,Champions
2314908959,"Tuesday April 12, 2011",Shakhtar Donetsk,0,Dani Alves,TITULAR,Alineación Inicial,Champions
2314908959,"Tuesday April 12, 2011",Shakhtar Donetsk,0,Sergio Busquets,TITULAR,Alineación Inicial,Champions
2314908959,"Tuesday April 12, 2011",Shakhtar Donetsk,0,Seydou Keita,TITULAR,Alineación Inicial,Champions
2314908959,"Tuesday April 12, 2011",Shakhtar Donetsk,0,Javier Mascherano,TITULAR,Alineación Inicial,Champions
2314908959,"Tuesday April 12, 2011",Shakhtar Donetsk,0,Lionel Messi,TITULAR,Alineación Inicial,Champions
2314908959,"Tuesday April 12, 2011",Shakhtar Donetsk,0,Gerard Piqué,TITULAR,Alineación Inicial,Champions
2314908959,"Tuesday April 12, 2011",Shakhtar Donetsk,0,Víctor Valdés,TITULAR,Alineación Inicial,Champions
2314908959,"Tuesday April 12, 2011",Shakhtar Donetsk,0,David Villa,TITULAR,Alineación Inicial,Champions
2314908959,"Tuesday April 12, 2011",Shakhtar Donetsk,0,Xavi,TITULAR,Alineación Inicial,Champions
1864629331,"Wednesday October 1, 2008",Shakhtar Donetsk,0,Dani Alves,TITULAR,Alineación Inicial,Champions
1864629331,"Wednesday October 1, 2008",Shakhtar Donetsk,0,Samuel Eto'o,TITULAR,Alineación Inicial,Champions
1864629331,"Wednesday October 1, 2008",Shakhtar Donetsk,0,Thierry Henry,TITULAR,Alineación Inicial,Champions
1864629331,"Wednesday October 1, 2008",Shakhtar Donetsk,0,Andrés Iniesta,TITULAR,Alineación Inicial,Champions
1864629331,"Wednesday October 1, 2008",Shakhtar Donetsk,0,Seydou Keita,TITULAR,Alineación Inicial,Champions
1864629331,"Wednesday October 1, 2008",Shakhtar Donetsk,0,Rafael Márquez,TITULAR,Alineación Inicial,Champions
1864629331,"Wednesday October 1, 2008",Shakhtar Donetsk,0,Gerard Piqué,TITULAR,Alineación Inicial,Champions
1864629331,"Wednesday October 1, 2008",Shakhtar Donetsk,0,Carles Puyol,TITULAR,Alineación Inicial,Champions
1864629331,"Wednesday October 1, 2008",Shakhtar Donetsk,0,Yaya Touré,TITULAR,Alineación Inicial,Champions
1864629331,"Wednesday October 1, 2008",Shakhtar Donetsk,0,Víctor Valdés,TITULAR,Alineación Inicial,Champions
1864629331,"Wednesday October 1, 2008",Shakhtar Donetsk,0,Xavi,TITULAR,Alineación Inicial,Champions
2489349317,"Wednesday November 26, 2008",Sporting CP,0,Dani Alves,TITULAR,Alineación Inicial,Champions
2489349317,"Wednesday November 26, 2008",Sporting CP,0,Sergio Busquets,TITULAR,Alineación Inicial,Champions
2489349317,"Wednesday November 26, 2008",Sporting CP,0,Martín Cáceres,TITULAR,Alineación Inicial,Champions
2489349317,"Wednesday November 26, 2008",Sporting CP,0,Eiður Guðjohnsen,TITULAR,Alineación Inicial,Champions
2489349317,"Wednesday November 26, 2008",Sporting CP,0,Thierry Henry,TITULAR,Alineación Inicial,Champions
2489349317,"Wednesday November 26, 2008",Sporting CP,0,Alexander Hleb,TITULAR,Alineación Inicial,Champions
2489349317,"Wednesday November 26, 2008",Sporting CP,0,Rafael Márquez,TITULAR,Alineación Inicial,Champions
2489349317,"Wednesday November 26, 2008",Sporting CP,0,Lionel Messi,TITULAR,Alineación Inicial,Champions
2489349317,"Wednesday November 26, 2008",Sporting CP,0,Gerard Piqué,TITULAR,Alineación Inicial,Champions
2489349317,"Wednesday November 26, 2008",Sporting CP,0,Víctor Valdés,TITULAR,Alineación Inicial,Champions
2489349317,"Wednesday November 26, 2008",Sporting CP,0,Xavi,TITULAR,Alineación Inicial,Champions
2621348047,"Tuesday August 26, 2008",Wisła Kraków,0,Éric Abidal,TITULAR,Alineación Inicial,Champions
2621348047,"Tuesday August 26, 2008",Wisła Kraków,0,Dani Alves,TITULAR,Alineación Inicial,Champions
2621348047,"Tuesday August 26, 2008",Wisła Kraków,0,Samuel Eto'o,TITULAR,Alineación Inicial,Champions
2621348047,"Tuesday August 26, 2008",Wisła Kraków,0,Thierry Henry,TITULAR,Alineación Inicial,Champions
2621348047,"Tuesday August 26, 2008",Wisła Kraków,0,Andrés Iniesta,TITULAR,Alineación Inicial,Champions
2621348047,"Tuesday August 26, 2008",Wisła Kraków,0,Seydou Keita,TITULAR,Alineación Inicial,Champions
2621348047,"Tuesday August 26, 2008",Wisła Kraków,0,Gerard Piqué,TITULAR,Alineación Inicial,Champions
2621348047,"Tuesday August 26, 2008",Wisła Kraków,0,Carles Puyol,TITULAR,Alineación Inicial,Champions
2621348047,"Tuesday August 26, 2008",Wisła Kraków,0,Yaya Touré,TITULAR,Alineación Inicial,Champions
2621348047,"Tuesday August 26, 2008",Wisła Kraków,0,Víctor Valdés,TITULAR,Alineación Inicial,Champions
2621348047,"Tuesday August 26, 2008",Wisła Kraków,0,Xavi,TITULAR,Alineación Inicial,Champions
1119671309,"Wednesday March 31, 2010",Arsenal,0,Dani Alves,TITULAR,Alineación Inicial,Champions
1119671309,"Wednesday March 31, 2010",Arsenal,0,Sergio Busquets,TITULAR,Alineación Inicial,Champions
1119671309,"Wednesday March 31, 2010",Arsenal,0,Zlatan Ibrahimović,TITULAR,Alineación Inicial,Champions
1119671309,"Wednesday March 31, 2010",Arsenal,0,Seydou Keita,TITULAR,Alineación Inicial,Champions
1119671309,"Wednesday March 31, 2010",Arsenal,0,Maxwell,TITULAR,Alineación Inicial,Champions
1119671309,"Wednesday March 31, 2010",Arsenal,0,Lionel Messi,TITULAR,Alineación Inicial,Champions
1119671309,"Wednesday March 31, 2010",Arsenal,0,Pedro,TITULAR,Alineación Inicial,Champions
1119671309,"Wednesday March 31, 2010",Arsenal,0,Gerard Piqué,TITULAR,Alineación Inicial,Champions
1119671309,"Wednesday March 31, 2010",Arsenal,0,Carles Puyol,TITULAR,Alineación Inicial,Champions
1119671309,"Wednesday March 31, 2010",Arsenal,0,Víctor Valdés,TITULAR,Alineación Inicial,Champions
1119671309,"Wednesday March 31, 2010",Arsenal,0,Xavi,TITULAR,Alineación Inicial,Champions
811079349,"Tuesday April 6, 2010",Arsenal,0,Éric Abidal,TITULAR,Alineación Inicial,Champions
811079349,"Tuesday April 6, 2010",Arsenal,0,Dani Alves,TITULAR,Alineación Inicial,Champions
811079349,"Tuesday April 6, 2010",Arsenal,0,Sergio Busquets,TITULAR,Alineación Inicial,Champions
811079349,"Tuesday April 6, 2010",Arsenal,0,Seydou Keita,TITULAR,Alineación Inicial,Champions
811079349,"Tuesday April 6, 2010",Arsenal,0,Bojan Krkić,TITULAR,Alineación Inicial,Champions
811079349,"Tuesday April 6, 2010",Arsenal,0,Rafael Márquez,TITULAR,Alineación Inicial,Champions
811079349,"Tuesday April 6, 2010",Arsenal,0,Lionel Messi,TITULAR,Alineación Inicial,Champions
811079349,"Tuesday April 6, 2010",Arsenal,0,Gabriel Milito,TITULAR,Alineación Inicial,Champions
811079349,"Tuesday April 6, 2010",Arsenal,0,Pedro,TITULAR,Alineación Inicial,Champions
811079349,"Tuesday April 6, 2010",Arsenal,0,Víctor Valdés,TITULAR,Alineación Inicial,Champions
811079349,"Tuesday April 6, 2010",Arsenal,0,Xavi,TITULAR,Alineación Inicial,Champions
1454484498,"Wednesday January 29, 2025",Atalanta,0,Robert Lewandowski,TITULAR,Alineación Inicial,Champions
1454484498,"Wednesday January 29, 2025",Atalanta,0,Raphinha,TITULAR,Alineación Inicial,Champions
1454484498,"Wednesday January 29, 2025",Atalanta,0,Gavi,TITULAR,Alineación Inicial,Champions
1454484498,"Wednesday January 29, 2025",Atalanta,0,Lamine Yamal,TITULAR,Alineación Inicial,Champions
1454484498,"Wednesday January 29, 2025",Atalanta,0,Pedri,TITULAR,Alineación Inicial,Champions
1454484498,"Wednesday January 29, 2025",Atalanta,0,Frenkie de Jong,TITULAR,Alineación Inicial,Champions
1454484498,"Wednesday January 29, 2025",Atalanta,0,Alejandro Balde,TITULAR,Alineación Inicial,Champions
1454484498,"Wednesday January 29, 2025",Atalanta,0,Eric García,TITULAR,Alineación Inicial,Champions
1454484498,"Wednesday January 29, 2025",Atalanta,0,Ronald Araújo,TITULAR,Alineación Inicial,Champions
1454484498,"Wednesday January 29, 2025",Atalanta,0,Jules Koundé,TITULAR,Alineación Inicial,Champions
1454484498,"Wednesday January 29, 2025",Atalanta,0,Wojciech Szczęsny,TITULAR,Alineación Inicial,Champions
2518727313,"Tuesday December 6, 2011",BATE Borisov,0,Thiago Alcántara,TITULAR,Alineación Inicial,Champions
2518727313,"Tuesday December 6, 2011",BATE Borisov,0,Marc Bartra,TITULAR,Alineación Inicial,Champions
2518727313,"Tuesday December 6, 2011",BATE Borisov,0,Isaac Cuenca,TITULAR,Alineación Inicial,Champions
2518727313,"Tuesday December 6, 2011",BATE Borisov,0,Jonathan dos Santos,TITULAR,Alineación Inicial,Champions
2518727313,"Tuesday December 6, 2011",BATE Borisov,0,Andreu Fontàs,TITULAR,Alineación Inicial,Champions
2518727313,"Tuesday December 6, 2011",BATE Borisov,0,José Manuel Pinto,TITULAR,Alineación Inicial,Champions
2518727313,"Tuesday December 6, 2011",BATE Borisov,0,Maxwell,TITULAR,Alineación Inicial,Champions
2518727313,"Tuesday December 6, 2011",BATE Borisov,0,Martín Montoya,TITULAR,Alineación Inicial,Champions
2518727313,"Tuesday December 6, 2011",BATE Borisov,0,Rafinha,TITULAR,Alineación Inicial,Champions
2518727313,"Tuesday December 6, 2011",BATE Borisov,0,Sergi Roberto,TITULAR,Alineación Inicial,Champions
4249962027,"Wednesday May 1, 2013",Bayern Munich,0,Adriano,TITULAR,Alineación Inicial,Champions
4249962027,"Wednesday May 1, 2013",Bayern Munich,0,Dani Alves,TITULAR,Alineación Inicial,Champions
4249962027,"Wednesday May 1, 2013",Bayern Munich,0,Marc Bartra,TITULAR,Alineación Inicial,Champions
4249962027,"Wednesday May 1, 2013",Bayern Munich,0,Cesc Fàbregas,TITULAR,Alineación Inicial,Champions
4249962027,"Wednesday May 1, 2013",Bayern Munich,0,Andrés Iniesta,TITULAR,Alineación Inicial,Champions
4249962027,"Wednesday May 1, 2013",Bayern Munich,0,Pedro,TITULAR,Alineación Inicial,Champions
4249962027,"Wednesday May 1, 2013",Bayern Munich,0,Alexandre Song,TITULAR,Alineación Inicial,Champions
4249962027,"Wednesday May 1, 2013",Bayern Munich,0,Víctor Valdés,TITULAR,Alineación Inicial,Champions
4249962027,"Wednesday May 1, 2013",Bayern Munich,0,David Villa,TITULAR,Alineación Inicial,Champions
4249962027,"Wednesday May 1, 2013",Bayern Munich,0,Xavi,TITULAR,Alineación Inicial,Champions
1762238166,"Wednesday October 23, 2024",Bayern Munich,0,Robert Lewandowski,TITULAR,Alineación Inicial,Champions
1762238166,"Wednesday October 23, 2024",Bayern Munich,0,Raphinha,TITULAR,Alineación Inicial,Champions
1762238166,"Wednesday October 23, 2024",Bayern Munich,0,Fermin López,TITULAR,Alineación Inicial,Champions
1762238166,"Wednesday October 23, 2024",Bayern Munich,0,Lamine Yamal,TITULAR,Alineación Inicial,Champions
1762238166,"Wednesday October 23, 2024",Bayern Munich,0,Pedri,TITULAR,Alineación Inicial,Champions
1762238166,"Wednesday October 23, 2024",Bayern Munich,0,Marc Casado,TITULAR,Alineación Inicial,Champions
1762238166,"Wednesday October 23, 2024",Bayern Munich,0,Alejandro Balde,TITULAR,Alineación Inicial,Champions
1762238166,"Wednesday October 23, 2024",Bayern Munich,0,Iñigo Martínez,TITULAR,Alineación Inicial,Champions
1762238166,"Wednesday October 23, 2024",Bayern Munich,0,Pau Cubarsí,TITULAR,Alineación Inicial,Champions
1762238166,"Wednesday October 23, 2024",Bayern Munich,0,Jules Koundé,TITULAR,Alineación Inicial,Champions
1762238166,"Wednesday October 23, 2024",Bayern Munich,0,Iñaki Peña,TITULAR,Alineación Inicial,Champions
1625913280,"Tuesday March 11, 2025",Benfica,0,Robert Lewandowski,TITULAR,Alineación Inicial,Champions
1625913280,"Tuesday March 11, 2025",Benfica,0,Raphinha,TITULAR,Alineación Inicial,Champions
1625913280,"Tuesday March 11, 2025",Benfica,0,Dani Olmo,TITULAR,Alineación Inicial,Champions
1625913280,"Tuesday March 11, 2025",Benfica,0,Lamine Yamal,TITULAR,Alineación Inicial,Champions
1625913280,"Tuesday March 11, 2025",Benfica,0,Pedri,TITULAR,Alineación Inicial,Champions
1625913280,"Tuesday March 11, 2025",Benfica,0,Frenkie de Jong,TITULAR,Alineación Inicial,Champions
1625913280,"Tuesday March 11, 2025",Benfica,0,Alejandro Balde,TITULAR,Alineación Inicial,Champions
1625913280,"Tuesday March 11, 2025",Benfica,0,Iñigo Martínez,TITULAR,Alineación Inicial,Champions
1625913280,"Tuesday March 11, 2025",Benfica,0,Ronald Araújo,TITULAR,Alineación Inicial,Champions
1625913280,"Tuesday March 11, 2025",Benfica,0,Jules Koundé,TITULAR,Alineación Inicial,Champions
1625913280,"Tuesday March 11, 2025",Benfica,0,Wojciech Szczęsny,TITULAR,Alineación Inicial,Champions
3549303109,"Wednesday December 5, 2012",Benfica,0,Adriano,TITULAR,Alineación Inicial,Champions
3549303109,"Wednesday December 5, 2012",Benfica,0,Thiago Alcántara,TITULAR,Alineación Inicial,Champions
3549303109,"Wednesday December 5, 2012",Benfica,0,José Manuel Pinto,TITULAR,Alineación Inicial,Champions
3549303109,"Wednesday December 5, 2012",Benfica,0,Martín Montoya,TITULAR,Alineación Inicial,Champions
3549303109,"Wednesday December 5, 2012",Benfica,0,Carles Planas,TITULAR,Alineación Inicial,Champions
3549303109,"Wednesday December 5, 2012",Benfica,0,Carles Puyol,TITULAR,Alineación Inicial,Champions
3549303109,"Wednesday December 5, 2012",Benfica,0,Rafinha,TITULAR,Alineación Inicial,Champions
3549303109,"Wednesday December 5, 2012",Benfica,0,Sergi Roberto,TITULAR,Alineación Inicial,Champions
3549303109,"Wednesday December 5, 2012",Benfica,0,Alexandre Song,TITULAR,Alineación Inicial,Champions
3549303109,"Wednesday December 5, 2012",Benfica,0,Cristian Tello,TITULAR,Alineación Inicial,Champions
3549303109,"Wednesday December 5, 2012",Benfica,0,David Villa,TITULAR,Alineación Inicial,Champions
1064559555,"Tuesday November 26, 2024",Brest,0,Robert Lewandowski,TITULAR,Alineación Inicial,Champions
1064559555,"Tuesday November 26, 2024",Brest,0,Fermin López,TITULAR,Alineación Inicial,Champions
1064559555,"Tuesday November 26, 2024",Brest,0,Dani Olmo,TITULAR,Alineación Inicial,Champions
1064559555,"Tuesday November 26, 2024",Brest,0,Raphinha,TITULAR,Alineación Inicial,Champions
1064559555,"Tuesday November 26, 2024",Brest,0,Pedri,TITULAR,Alineación Inicial,Champions
1064559555,"Tuesday November 26, 2024",Brest,0,Marc Casado,TITULAR,Alineación Inicial,Champions
1064559555,"Tuesday November 26, 2024",Brest,0,Gerard Martín,TITULAR,Alineación Inicial,Champions
1064559555,"Tuesday November 26, 2024",Brest,0,Iñigo Martínez,TITULAR,Alineación Inicial,Champions
1064559555,"Tuesday November 26, 2024",Brest,0,Pau Cubarsí,TITULAR,Alineación Inicial,Champions
1064559555,"Tuesday November 26, 2024",Brest,0,Jules Koundé,TITULAR,Alineación Inicial,Champions
1064559555,"Tuesday November 26, 2024",Brest,0,Iñaki Peña,TITULAR,Alineación Inicial,Champions
488726885,"Tuesday March 4, 2008",Celtic,0,Deco,TITULAR,Alineación Inicial,Champions
488726885,"Tuesday March 4, 2008",Celtic,0,Samuel Eto'o,TITULAR,Alineación Inicial,Champions
488726885,"Tuesday March 4, 2008",Celtic,0,Lionel Messi,TITULAR,Alineación Inicial,Champions
488726885,"Tuesday March 4, 2008",Celtic,0,Carles Puyol,TITULAR,Alineación Inicial,Champions
488726885,"Tuesday March 4, 2008",Celtic,0,Ronaldinho,TITULAR,Alineación Inicial,Champions
488726885,"Tuesday March 4, 2008",Celtic,0,Sylvinho,TITULAR,Alineación Inicial,Champions
488726885,"Tuesday March 4, 2008",Celtic,0,Lilian Thuram,TITULAR,Alineación Inicial,Champions
488726885,"Tuesday March 4, 2008",Celtic,0,Yaya Touré,TITULAR,Alineación Inicial,Champions
488726885,"Tuesday March 4, 2008",Celtic,0,Víctor Valdés,TITULAR,Alineación Inicial,Champions
488726885,"Tuesday March 4, 2008",Celtic,0,Xavi,TITULAR,Alineación Inicial,Champions
488726885,"Tuesday March 4, 2008",Celtic,0,Gianluca Zambrotta,TITULAR,Alineación Inicial,Champions
663604594,"Tuesday October 23, 2012",Celtic,0,Adriano,TITULAR,Alineación Inicial,Champions
663604594,"Tuesday October 23, 2012",Celtic,0,Jordi Alba,TITULAR,Alineación Inicial,Champions
663604594,"Tuesday October 23, 2012",Celtic,0,Marc Bartra,TITULAR,Alineación Inicial,Champions
663604594,"Tuesday October 23, 2012",Celtic,0,Andrés Iniesta,TITULAR,Alineación Inicial,Champions
663604594,"Tuesday October 23, 2012",Celtic,0,Javier Mascherano,TITULAR,Alineación Inicial,Champions
663604594,"Tuesday October 23, 2012",Celtic,0,Lionel Messi,TITULAR,Alineación Inicial,Champions
663604594,"Tuesday October 23, 2012",Celtic,0,Pedro,TITULAR,Alineación Inicial,Champions
663604594,"Tuesday October 23, 2012",Celtic,0,Alexis Sánchez,TITULAR,Alineación Inicial,Champions
663604594,"Tuesday October 23, 2012",Celtic,0,Alexandre Song,TITULAR,Alineación Inicial,Champions
663604594,"Tuesday October 23, 2012",Celtic,0,Víctor Valdés,TITULAR,Alineación Inicial,Champions
663604594,"Tuesday October 23, 2012",Celtic,0,Xavi,TITULAR,Alineación Inicial,Champions
4160621388,"Tuesday April 24, 2012",Chelsea,0,Sergio Busquets,TITULAR,Alineación Inicial,Champions
4160621388,"Tuesday April 24, 2012",Chelsea,0,Isaac Cuenca,TITULAR,Alineación Inicial,Champions
4160621388,"Tuesday April 24, 2012",Chelsea,0,Cesc Fàbregas,TITULAR,Alineación Inicial,Champions
4160621388,"Tuesday April 24, 2012",Chelsea,0,Andrés Iniesta,TITULAR,Alineación Inicial,Champions
4160621388,"Tuesday April 24, 2012",Chelsea,0,Javier Mascherano,TITULAR,Alineación Inicial,Champions
4160621388,"Tuesday April 24, 2012",Chelsea,0,Lionel Messi,TITULAR,Alineación Inicial,Champions
4160621388,"Tuesday April 24, 2012",Chelsea,0,Gerard Piqué,TITULAR,Alineación Inicial,Champions
4160621388,"Tuesday April 24, 2012",Chelsea,0,Carles Puyol,TITULAR,Alineación Inicial,Champions
4160621388,"Tuesday April 24, 2012",Chelsea,0,Alexis Sánchez,TITULAR,Alineación Inicial,Champions
4160621388,"Tuesday April 24, 2012",Chelsea,0,Víctor Valdés,TITULAR,Alineación Inicial,Champions
4160621388,"Tuesday April 24, 2012",Chelsea,0,Xavi,TITULAR,Alineación Inicial,Champions
3644679072,"Wednesday April 9, 2025",Dortmund,0,Robert Lewandowski,TITULAR,Alineación Inicial,Champions
3644679072,"Wednesday April 9, 2025",Dortmund,0,Raphinha,TITULAR,Alineación Inicial,Champions
3644679072,"Wednesday April 9, 2025",Dortmund,0,Fermin López,TITULAR,Alineación Inicial,Champions
3644679072,"Wednesday April 9, 2025",Dortmund,0,Lamine Yamal,TITULAR,Alineación Inicial,Champions
3644679072,"Wednesday April 9, 2025",Dortmund,0,Pedri,TITULAR,Alineación Inicial,Champions
3644679072,"Wednesday April 9, 2025",Dortmund,0,Frenkie de Jong,TITULAR,Alineación Inicial,Champions
3644679072,"Wednesday April 9, 2025",Dortmund,0,Alejandro Balde,TITULAR,Alineación Inicial,Champions
3644679072,"Wednesday April 9, 2025",Dortmund,0,Iñigo Martínez,TITULAR,Alineación Inicial,Champions
3644679072,"Wednesday April 9, 2025",Dortmund,0,Pau Cubarsí,TITULAR,Alineación Inicial,Champions
3644679072,"Wednesday April 9, 2025",Dortmund,0,Jules Koundé,TITULAR,Alineación Inicial,Champions
3644679072,"Wednesday April 9, 2025",Dortmund,0,Wojciech Szczęsny,TITULAR,Alineación Inicial,Champions
3348664141,"Tuesday September 29, 2009",Dynamo Kyiv,0,Éric Abidal,TITULAR,Alineación Inicial,Champions
3348664141,"Tuesday September 29, 2009",Dynamo Kyiv,0,Dani Alves,TITULAR,Alineación Inicial,Champions
3348664141,"Tuesday September 29, 2009",Dynamo Kyiv,0,Zlatan Ibrahimović,TITULAR,Alineación Inicial,Champions
3348664141,"Tuesday September 29, 2009",Dynamo Kyiv,0,Andrés Iniesta,TITULAR,Alineación Inicial,Champions
3348664141,"Tuesday September 29, 2009",Dynamo Kyiv,0,Seydou Keita,TITULAR,Alineación Inicial,Champions
3348664141,"Tuesday September 29, 2009",Dynamo Kyiv,0,Lionel Messi,TITULAR,Alineación Inicial,Champions
3348664141,"Tuesday September 29, 2009",Dynamo Kyiv,0,Gerard Piqué,TITULAR,Alineación Inicial,Champions
3348664141,"Tuesday September 29, 2009",Dynamo Kyiv,0,Carles Puyol,TITULAR,Alineación Inicial,Champions
3348664141,"Tuesday September 29, 2009",Dynamo Kyiv,0,Yaya Touré,TITULAR,Alineación Inicial,Champions
3348664141,"Tuesday September 29, 2009",Dynamo Kyiv,0,Víctor Valdés,TITULAR,Alineación Inicial,Champions
3348664141,"Tuesday September 29, 2009",Dynamo Kyiv,0,Xavi,TITULAR,Alineación Inicial,Champions
2666450370,"Tuesday November 24, 2009",Internazionale,0,Éric Abidal,TITULAR,Alineación Inicial,Champions
2666450370,"Tuesday November 24, 2009",Internazionale,0,Dani Alves,TITULAR,Alineación Inicial,Champions
2666450370,"Tuesday November 24, 2009",Internazionale,0,Sergio Busquets,TITULAR,Alineación Inicial,Champions
2666450370,"Tuesday November 24, 2009",Internazionale,0,Thierry Henry,TITULAR,Alineación Inicial,Champions
2666450370,"Tuesday November 24, 2009",Internazionale,0,Andrés Iniesta,TITULAR,Alineación Inicial,Champions
2666450370,"Tuesday November 24, 2009",Internazionale,0,Seydou Keita,TITULAR,Alineación Inicial,Champions
2666450370,"Tuesday November 24, 2009",Internazionale,0,Pedro,TITULAR,Alineación Inicial,Champions
2666450370,"Tuesday November 24, 2009",Internazionale,0,Gerard Piqué,TITULAR,Alineación Inicial,Champions
2666450370,"Tuesday November 24, 2009",Internazionale,0,Carles Puyol,TITULAR,Alineación Inicial,Champions
2666450370,"Tuesday November 24, 2009",Internazionale,0,Víctor Valdés,TITULAR,Alineación Inicial,Champions
2666450370,"Tuesday November 24, 2009",Internazionale,0,Xavi,TITULAR,Alineación Inicial,Champions
4128204904,"Wednesday April 28, 2010",Internazionale,0,Dani Alves,TITULAR,Alineación Inicial,Champions
4128204904,"Wednesday April 28, 2010",Internazionale,0,Sergio Busquets,TITULAR,Alineación Inicial,Champions
4128204904,"Wednesday April 28, 2010",Internazionale,0,Zlatan Ibrahimović,TITULAR,Alineación Inicial,Champions
4128204904,"Wednesday April 28, 2010",Internazionale,0,Seydou Keita,TITULAR,Alineación Inicial,Champions
4128204904,"Wednesday April 28, 2010",Internazionale,0,Lionel Messi,TITULAR,Alineación Inicial,Champions
4128204904,"Wednesday April 28, 2010",Internazionale,0,Gabriel Milito,TITULAR,Alineación Inicial,Champions
4128204904,"Wednesday April 28, 2010",Internazionale,0,Pedro,TITULAR,Alineación Inicial,Champions
4128204904,"Wednesday April 28, 2010",Internazionale,0,Gerard Piqué,TITULAR,Alineación Inicial,Champions
4128204904,"Wednesday April 28, 2010",Internazionale,0,Yaya Touré,TITULAR,Alineación Inicial,Champions
4128204904,"Wednesday April 28, 2010",Internazionale,0,Víctor Valdés,TITULAR,Alineación Inicial,Champions
4128204904,"Wednesday April 28, 2010",Internazionale,0,Xavi,TITULAR,Alineación Inicial,Champions
4261159470,"Wednesday April 30, 2025",Internazionale,0,Ferrán Torres,TITULAR,Alineación Inicial,Champions
4261159470,"Wednesday April 30, 2025",Internazionale,0,Raphinha,TITULAR,Alineación Inicial,Champions
4261159470,"Wednesday April 30, 2025",Internazionale,0,Dani Olmo,TITULAR,Alineación Inicial,Champions
4261159470,"Wednesday April 30, 2025",Internazionale,0,Lamine Yamal,TITULAR,Alineación Inicial,Champions
4261159470,"Wednesday April 30, 2025",Internazionale,0,Pedri,TITULAR,Alineación Inicial,Champions
4261159470,"Wednesday April 30, 2025",Internazionale,0,Frenkie de Jong,TITULAR,Alineación Inicial,Champions
4261159470,"Wednesday April 30, 2025",Internazionale,0,Gerard Martín,TITULAR,Alineación Inicial,Champions
4261159470,"Wednesday April 30, 2025",Internazionale,0,Iñigo Martínez,TITULAR,Alineación Inicial,Champions
4261159470,"Wednesday April 30, 2025",Internazionale,0,Pau Cubarsí,TITULAR,Alineación Inicial,Champions
4261159470,"Wednesday April 30, 2025",Internazionale,0,Jules Koundé,TITULAR,Alineación Inicial,Champions
4261159470,"Wednesday April 30, 2025",Internazionale,0,Wojciech Szczęsny,TITULAR,Alineación Inicial,Champions
3695035955,"Wednesday October 24, 2018",Internazionale,0,Philippe Coutinho,TITULAR,Alineación Inicial,Champions
3695035955,"Wednesday October 24, 2018",Internazionale,0,Luis Suárez,TITULAR,Alineación Inicial,Champions
3695035955,"Wednesday October 24, 2018",Internazionale,0,Rafinha,TITULAR,Alineación Inicial,Champions
3695035955,"Wednesday October 24, 2018",Internazionale,0,Arthur Melo,TITULAR,Alineación Inicial,Champions
3695035955,"Wednesday October 24, 2018",Internazionale,0,Sergio Busquets,TITULAR,Alineación Inicial,Champions
3695035955,"Wednesday October 24, 2018",Internazionale,0,Ivan Rakitić,TITULAR,Alineación Inicial,Champions
3695035955,"Wednesday October 24, 2018",Internazionale,0,Jordi Alba,TITULAR,Alineación Inicial,Champions
3695035955,"Wednesday October 24, 2018",Internazionale,0,Clément Lenglet,TITULAR,Alineación Inicial,Champions
3695035955,"Wednesday October 24, 2018",Internazionale,0,Gerard Piqué,TITULAR,Alineación Inicial,Champions
3695035955,"Wednesday October 24, 2018",Internazionale,0,Sergi Roberto,TITULAR,Alineación Inicial,Champions
3695035955,"Wednesday October 24, 2018",Internazionale,0,Marc-André ter Stegen,TITULAR,Alineación Inicial,Champions
2272297403,"Wednesday March 7, 2012",Leverkusen,0,Adriano,TITULAR,Alineación Inicial,Champions
2272297403,"Wednesday March 7, 2012",Leverkusen,0,Dani Alves,TITULAR,Alineación Inicial,Champions
2272297403,"Wednesday March 7, 2012",Leverkusen,0,Sergio Busquets,TITULAR,Alineación Inicial,Champions
2272297403,"Wednesday March 7, 2012",Leverkusen,0,Cesc Fàbregas,TITULAR,Alineación Inicial,Champions
2272297403,"Wednesday March 7, 2012",Leverkusen,0,Andrés Iniesta,TITULAR,Alineación Inicial,Champions
2272297403,"Wednesday March 7, 2012",Leverkusen,0,Javier Mascherano,TITULAR,Alineación Inicial,Champions
2272297403,"Wednesday March 7, 2012",Leverkusen,0,Lionel Messi,TITULAR,Alineación Inicial,Champions
2272297403,"Wednesday March 7, 2012",Leverkusen,0,Pedro,TITULAR,Alineación Inicial,Champions
2272297403,"Wednesday March 7, 2012",Leverkusen,0,Gerard Piqué,TITULAR,Alineación Inicial,Champions
2272297403,"Wednesday March 7, 2012",Leverkusen,0,Víctor Valdés,TITULAR,Alineación Inicial,Champions
2272297403,"Wednesday March 7, 2012",Leverkusen,0,Xavi,TITULAR,Alineación Inicial,Champions
301968115,"Wednesday May 1, 2019",Liverpool,0,Philippe Coutinho,TITULAR,Alineación Inicial,Champions
301968115,"Wednesday May 1, 2019",Liverpool,0,Luis Suárez,TITULAR,Alineación Inicial,Champions
301968115,"Wednesday May 1, 2019",Liverpool,0,Lionel Messi,TITULAR,Alineación Inicial,Champions
301968115,"Wednesday May 1, 2019",Liverpool,0,Arturo Vidal,TITULAR,Alineación Inicial,Champions
301968115,"Wednesday May 1, 2019",Liverpool,0,Sergio Busquets,TITULAR,Alineación Inicial,Champions
301968115,"Wednesday May 1, 2019",Liverpool,0,Ivan Rakitić,TITULAR,Alineación Inicial,Champions
301968115,"Wednesday May 1, 2019",Liverpool,0,Jordi Alba,TITULAR,Alineación Inicial,Champions
301968115,"Wednesday May 1, 2019",Liverpool,0,Clément Lenglet,TITULAR,Alineación Inicial,Champions
301968115,"Wednesday May 1, 2019",Liverpool,0,Gerard Piqué,TITULAR,Alineación Inicial,Champions
301968115,"Wednesday May 1, 2019",Liverpool,0,Sergi Roberto,TITULAR,Alineación Inicial,Champions
301968115,"Wednesday May 1, 2019",Liverpool,0,Marc-André ter Stegen,TITULAR,Alineación Inicial,Champions
1133375982,"Wednesday March 13, 2019",Lyon,0,Philippe Coutinho,TITULAR,Alineación Inicial,Champions
1133375982,"Wednesday March 13, 2019",Lyon,0,Luis Suárez,TITULAR,Alineación Inicial,Champions
1133375982,"Wednesday March 13, 2019",Lyon,0,Lionel Messi,TITULAR,Alineación Inicial,Champions
1133375982,"Wednesday March 13, 2019",Lyon,0,Ivan Rakitić,TITULAR,Alineación Inicial,Champions
1133375982,"Wednesday March 13, 2019",Lyon,0,Sergio Busquets,TITULAR,Alineación Inicial,Champions
1133375982,"Wednesday March 13, 2019",Lyon,0,Arthur Melo,TITULAR,Alineación Inicial,Champions
1133375982,"Wednesday March 13, 2019",Lyon,0,Jordi Alba,TITULAR,Alineación Inicial,Champions
1133375982,"Wednesday March 13, 2019",Lyon,0,Clément Lenglet,TITULAR,Alineación Inicial,Champions
1133375982,"Wednesday March 13, 2019",Lyon,0,Gerard Piqué,TITULAR,Alineación Inicial,Champions
1133375982,"Wednesday March 13, 2019",Lyon,0,Sergi Roberto,TITULAR,Alineación Inicial,Champions
1133375982,"Wednesday March 13, 2019",Lyon,0,Marc-André ter Stegen,TITULAR,Alineación Inicial,Champions
2947926159,"Wednesday September 19, 2007",Lyon,0,Éric Abidal,TITULAR,Alineación Inicial,Champions
2947926159,"Wednesday September 19, 2007",Lyon,0,Deco,TITULAR,Alineación Inicial,Champions
2947926159,"Wednesday September 19, 2007",Lyon,0,Thierry Henry,TITULAR,Alineación Inicial,Champions
2947926159,"Wednesday September 19, 2007",Lyon,0,Rafael Márquez,TITULAR,Alineación Inicial,Champions
2947926159,"Wednesday September 19, 2007",Lyon,0,Lionel Messi,TITULAR,Alineación Inicial,Champions
2947926159,"Wednesday September 19, 2007",Lyon,0,Gabriel Milito,TITULAR,Alineación Inicial,Champions
2947926159,"Wednesday September 19, 2007",Lyon,0,Ronaldinho,TITULAR,Alineación Inicial,Champions
2947926159,"Wednesday September 19, 2007",Lyon,0,Yaya Touré,TITULAR,Alineación Inicial,Champions
2947926159,"Wednesday September 19, 2007",Lyon,0,Víctor Valdés,TITULAR,Alineación Inicial,Champions
2947926159,"Wednesday September 19, 2007",Lyon,0,Xavi,TITULAR,Alineación Inicial,Champions
2947926159,"Wednesday September 19, 2007",Lyon,0,Gianluca Zambrotta,TITULAR,Alineación Inicial,Champions
579903398,"Tuesday April 16, 2019",Manchester United,0,Philippe Coutinho,TITULAR,Alineación Inicial,Champions
579903398,"Tuesday April 16, 2019",Manchester United,0,Luis Suárez,TITULAR,Alineación Inicial,Champions
579903398,"Tuesday April 16, 2019",Manchester United,0,Lionel Messi,TITULAR,Alineación Inicial,Champions
579903398,"Tuesday April 16, 2019",Manchester United,0,Arthur Melo,TITULAR,Alineación Inicial,Champions
579903398,"Tuesday April 16, 2019",Manchester United,0,Sergio Busquets,TITULAR,Alineación Inicial,Champions
579903398,"Tuesday April 16, 2019",Manchester United,0,Ivan Rakitić,TITULAR,Alineación Inicial,Champions
579903398,"Tuesday April 16, 2019",Manchester United,0,Jordi Alba,TITULAR,Alineación Inicial,Champions
579903398,"Tuesday April 16, 2019",Manchester United,0,Clément Lenglet,TITULAR,Alineación Inicial,Champions
579903398,"Tuesday April 16, 2019",Manchester United,0,Gerard Piqué,TITULAR,Alineación Inicial,Champions
579903398,"Tuesday April 16, 2019",Manchester United,0,Sergi Roberto,TITULAR,Alineación Inicial,Champions
579903398,"Tuesday April 16, 2019",Manchester United,0,Marc-André ter Stegen,TITULAR,Alineación Inicial,Champions
2063922866,"Wednesday April 23, 2008",Manchester United,0,Éric Abidal,TITULAR,Alineación Inicial,Champions
2063922866,"Wednesday April 23, 2008",Manchester United,0,Deco,TITULAR,Alineación Inicial,Champions
2063922866,"Wednesday April 23, 2008",Manchester United,0,Samuel Eto'o,TITULAR,Alineación Inicial,Champions
2063922866,"Wednesday April 23, 2008",Manchester United,0,Andrés Iniesta,TITULAR,Alineación Inicial,Champions
2063922866,"Wednesday April 23, 2008",Manchester United,0,Rafael Márquez,TITULAR,Alineación Inicial,Champions
2063922866,"Wednesday April 23, 2008",Manchester United,0,Lionel Messi,TITULAR,Alineación Inicial,Champions
2063922866,"Wednesday April 23, 2008",Manchester United,0,Gabriel Milito,TITULAR,Alineación Inicial,Champions
2063922866,"Wednesday April 23, 2008",Manchester United,0,Yaya Touré,TITULAR,Alineación Inicial,Champions
2063922866,"Wednesday April 23, 2008",Manchester United,0,Víctor Valdés,TITULAR,Alineación Inicial,Champions
2063922866,"Wednesday April 23, 2008",Manchester United,0,Xavi,TITULAR,Alineación Inicial,Champions
2063922866,"Wednesday April 23, 2008",Manchester United,0,Gianluca Zambrotta,TITULAR,Alineación Inicial,Champions
2406645602,"Tuesday April 3, 2012",Milan,0,Dani Alves,TITULAR,Alineación Inicial,Champions
2406645602,"Tuesday April 3, 2012",Milan,0,Sergio Busquets,TITULAR,Alineación Inicial,Champions
2406645602,"Tuesday April 3, 2012",Milan,0,Isaac Cuenca,TITULAR,Alineación Inicial,Champions
2406645602,"Tuesday April 3, 2012",Milan,0,Cesc Fàbregas,TITULAR,Alineación Inicial,Champions
2406645602,"Tuesday April 3, 2012",Milan,0,Andrés Iniesta,TITULAR,Alineación Inicial,Champions
2406645602,"Tuesday April 3, 2012",Milan,0,Javier Mascherano,TITULAR,Alineación Inicial,Champions
2406645602,"Tuesday April 3, 2012",Milan,0,Lionel Messi,TITULAR,Alineación Inicial,Champions
2406645602,"Tuesday April 3, 2012",Milan,0,Gerard Piqué,TITULAR,Alineación Inicial,Champions
2406645602,"Tuesday April 3, 2012",Milan,0,Carles Puyol,TITULAR,Alineación Inicial,Champions
2406645602,"Tuesday April 3, 2012",Milan,0,Víctor Valdés,TITULAR,Alineación Inicial,Champions
2406645602,"Tuesday April 3, 2012",Milan,0,Xavi,TITULAR,Alineación Inicial,Champions
1702439428,"Tuesday March 12, 2013",Milan,0,Jordi Alba,TITULAR,Alineación Inicial,Champions
1702439428,"Tuesday March 12, 2013",Milan,0,Dani Alves,TITULAR,Alineación Inicial,Champions
1702439428,"Tuesday March 12, 2013",Milan,0,Sergio Busquets,TITULAR,Alineación Inicial,Champions
1702439428,"Tuesday March 12, 2013",Milan,0,Andrés Iniesta,TITULAR,Alineación Inicial,Champions
1702439428,"Tuesday March 12, 2013",Milan,0,Javier Mascherano,TITULAR,Alineación Inicial,Champions
1702439428,"Tuesday March 12, 2013",Milan,0,Lionel Messi,TITULAR,Alineación Inicial,Champions
1702439428,"Tuesday March 12, 2013",Milan,0,Pedro,TITULAR,Alineación Inicial,Champions
1702439428,"Tuesday March 12, 2013",Milan,0,Gerard Piqué,TITULAR,Alineación Inicial,Champions
1702439428,"Tuesday March 12, 2013",Milan,0,Víctor Valdés,TITULAR,Alineación Inicial,Champions
1702439428,"Tuesday March 12, 2013",Milan,0,David Villa,TITULAR,Alineación Inicial,Champions
1702439428,"Tuesday March 12, 2013",Milan,0,Xavi,TITULAR,Alineación Inicial,Champions
2502649658,"Tuesday September 13, 2011",Milan,0,Éric Abidal,TITULAR,Alineación Inicial,Champions
2502649658,"Tuesday September 13, 2011",Milan,0,Dani Alves,TITULAR,Alineación Inicial,Champions
2502649658,"Tuesday September 13, 2011",Milan,0,Sergio Busquets,TITULAR,Alineación Inicial,Champions
2502649658,"Tuesday September 13, 2011",Milan,0,Andrés Iniesta,TITULAR,Alineación Inicial,Champions
2502649658,"Tuesday September 13, 2011",Milan,0,Seydou Keita,TITULAR,Alineación Inicial,Champions
2502649658,"Tuesday September 13, 2011",Milan,0,Javier Mascherano,TITULAR,Alineación Inicial,Champions
2502649658,"Tuesday September 13, 2011",Milan,0,Lionel Messi,TITULAR,Alineación Inicial,Champions
2502649658,"Tuesday September 13, 2011",Milan,0,Pedro,TITULAR,Alineación Inicial,Champions
2502649658,"Tuesday September 13, 2011",Milan,0,Víctor Valdés,TITULAR,Alineación Inicial,Champions
2502649658,"Tuesday September 13, 2011",Milan,0,David Villa,TITULAR,Alineación Inicial,Champions
2502649658,"Tuesday September 13, 2011",Milan,0,Xavi,TITULAR,Alineación Inicial,Champions
164556935,"Wednesday April 10, 2013",Paris Saint-Germain,0,Adriano,TITULAR,Alineación Inicial,Champions
164556935,"Wednesday April 10, 2013",Paris Saint-Germain,0,Jordi Alba,TITULAR,Alineación Inicial,Champions
164556935,"Wednesday April 10, 2013",Paris Saint-Germain,0,Dani Alves,TITULAR,Alineación Inicial,Champions
164556935,"Wednesday April 10, 2013",Paris Saint-Germain,0,Sergio Busquets,TITULAR,Alineación Inicial,Champions
164556935,"Wednesday April 10, 2013",Paris Saint-Germain,0,Cesc Fàbregas,TITULAR,Alineación Inicial,Champions
164556935,"Wednesday April 10, 2013",Paris Saint-Germain,0,Andrés Iniesta,TITULAR,Alineación Inicial,Champions
164556935,"Wednesday April 10, 2013",Paris Saint-Germain,0,Pedro,TITULAR,Alineación Inicial,Champions
164556935,"Wednesday April 10, 2013",Paris Saint-Germain,0,Gerard Piqué,TITULAR,Alineación Inicial,Champions
164556935,"Wednesday April 10, 2013",Paris Saint-Germain,0,Víctor Valdés,TITULAR,Alineación Inicial,Champions
164556935,"Wednesday April 10, 2013",Paris Saint-Germain,0,David Villa,TITULAR,Alineación Inicial,Champions
164556935,"Wednesday April 10, 2013",Paris Saint-Germain,0,Xavi,TITULAR,Alineación Inicial,Champions
2058519939,"Tuesday September 18, 2018",PSV Eindhoven,0,Ousmane Dembélé,TITULAR,Alineación Inicial,Champions
2058519939,"Tuesday September 18, 2018",PSV Eindhoven,0,Luis Suárez,TITULAR,Alineación Inicial,Champions
2058519939,"Tuesday September 18, 2018",PSV Eindhoven,0,Lionel Messi,TITULAR,Alineación Inicial,Champions
2058519939,"Tuesday September 18, 2018",PSV Eindhoven,0,Philippe Coutinho,TITULAR,Alineación Inicial,Champions
2058519939,"Tuesday September 18, 2018",PSV Eindhoven,0,Sergio Busquets,TITULAR,Alineación Inicial,Champions
2058519939,"Tuesday September 18, 2018",PSV Eindhoven,0,Ivan Rakitić,TITULAR,Alineación Inicial,Champions
2058519939,"Tuesday September 18, 2018",PSV Eindhoven,0,Jordi Alba,TITULAR,Alineación Inicial,Champions
2058519939,"Tuesday September 18, 2018",PSV Eindhoven,0,Samuel Umtiti,TITULAR,Alineación Inicial,Champions
2058519939,"Tuesday September 18, 2018",PSV Eindhoven,0,Gerard Piqué,TITULAR,Alineación Inicial,Champions
2058519939,"Tuesday September 18, 2018",PSV Eindhoven,0,Sergi Roberto,TITULAR,Alineación Inicial,Champions
2058519939,"Tuesday September 18, 2018",PSV Eindhoven,0,Marc-André ter Stegen,TITULAR,Alineación Inicial,Champions
934494683,"Wednesday November 7, 2007",Rangers,0,Éric Abidal,TITULAR,Alineación Inicial,Champions
934494683,"Wednesday November 7, 2007",Rangers,0,Thierry Henry,TITULAR,Alineación Inicial,Champions
934494683,"Wednesday November 7, 2007",Rangers,0,Andrés Iniesta,TITULAR,Alineación Inicial,Champions
934494683,"Wednesday November 7, 2007",Rangers,0,Lionel Messi,TITULAR,Alineación Inicial,Champions
934494683,"Wednesday November 7, 2007",Rangers,0,Gabriel Milito,TITULAR,Alineación Inicial,Champions
934494683,"Wednesday November 7, 2007",Rangers,0,Carles Puyol,TITULAR,Alineación Inicial,Champions
934494683,"Wednesday November 7, 2007",Rangers,0,Ronaldinho,TITULAR,Alineación Inicial,Champions
934494683,"Wednesday November 7, 2007",Rangers,0,Lilian Thuram,TITULAR,Alineación Inicial,Champions
934494683,"Wednesday November 7, 2007",Rangers,0,Yaya Touré,TITULAR,Alineación Inicial,Champions
934494683,"Wednesday November 7, 2007",Rangers,0,Víctor Valdés,TITULAR,Alineación Inicial,Champions
934494683,"Wednesday November 7, 2007",Rangers,0,Xavi,TITULAR,Alineación Inicial,Champions
593342821,"Tuesday October 20, 2009",Rubin Kazan,0,Éric Abidal,TITULAR,Alineación Inicial,Champions
593342821,"Tuesday October 20, 2009",Rubin Kazan,0,Dani Alves,TITULAR,Alineación Inicial,Champions
593342821,"Tuesday October 20, 2009",Rubin Kazan,0,Zlatan Ibrahimović,TITULAR,Alineación Inicial,Champions
593342821,"Tuesday October 20, 2009",Rubin Kazan,0,Andrés Iniesta,TITULAR,Alineación Inicial,Champions
593342821,"Tuesday October 20, 2009",Rubin Kazan,0,Rafael Márquez,TITULAR,Alineación Inicial,Champions
593342821,"Tuesday October 20, 2009",Rubin Kazan,0,Lionel Messi,TITULAR,Alineación Inicial,Champions
593342821,"Tuesday October 20, 2009",Rubin Kazan,0,Pedro,TITULAR,Alineación Inicial,Champions
593342821,"Tuesday October 20, 2009",Rubin Kazan,0,Gerard Piqué,TITULAR,Alineación Inicial,Champions
593342821,"Tuesday October 20, 2009",Rubin Kazan,0,Yaya Touré,TITULAR,Alineación Inicial,Champions
593342821,"Tuesday October 20, 2009",Rubin Kazan,0,Víctor Valdés,TITULAR,Alineación Inicial,Champions
593342821,"Tuesday October 20, 2009",Rubin Kazan,0,Xavi,TITULAR,Alineación Inicial,Champions
1956748926,"Wednesday April 9, 2008",Schalke 04,0,Éric Abidal,TITULAR,Alineación Inicial,Champions
1956748926,"Wednesday April 9, 2008",Schalke 04,0,Samuel Eto'o,TITULAR,Alineación Inicial,Champions
1956748926,"Wednesday April 9, 2008",Schalke 04,0,Thierry Henry,TITULAR,Alineación Inicial,Champions
1956748926,"Wednesday April 9, 2008",Schalke 04,0,Andrés Iniesta,TITULAR,Alineación Inicial,Champions
1956748926,"Wednesday April 9, 2008",Schalke 04,0,Bojan Krkić,TITULAR,Alineación Inicial,Champions
1956748926,"Wednesday April 9, 2008",Schalke 04,0,Carles Puyol,TITULAR,Alineación Inicial,Champions
1956748926,"Wednesday April 9, 2008",Schalke 04,0,Lilian Thuram,TITULAR,Alineación Inicial,Champions
1956748926,"Wednesday April 9, 2008",Schalke 04,0,Yaya Touré,TITULAR,Alineación Inicial,Champions
1956748926,"Wednesday April 9, 2008",Schalke 04,0,Víctor Valdés,TITULAR,Alineación Inicial,Champions
1956748926,"Wednesday April 9, 2008",Schalke 04,0,Xavi,TITULAR,Alineación Inicial,Champions
1956748926,"Wednesday April 9, 2008",Schalke 04,0,Gianluca Zambrotta,TITULAR,Alineación Inicial,Champions
2663568509,"Wednesday September 19, 2012",Spartak Moscow,0,Adriano,TITULAR,Alineación Inicial,Champions
2663568509,"Wednesday September 19, 2012",Spartak Moscow,0,Dani Alves,TITULAR,Alineación Inicial,Champions
2663568509,"Wednesday September 19, 2012",Spartak Moscow,0,Sergio Busquets,TITULAR,Alineación Inicial,Champions
2663568509,"Wednesday September 19, 2012",Spartak Moscow,0,Cesc Fàbregas,TITULAR,Alineación Inicial,Champions
2663568509,"Wednesday September 19, 2012",Spartak Moscow,0,Javier Mascherano,TITULAR,Alineación Inicial,Champions
2663568509,"Wednesday September 19, 2012",Spartak Moscow,0,Lionel Messi,TITULAR,Alineación Inicial,Champions
2663568509,"Wednesday September 19, 2012",Spartak Moscow,0,Pedro,TITULAR,Alineación Inicial,Champions
2663568509,"Wednesday September 19, 2012",Spartak Moscow,0,Gerard Piqué,TITULAR,Alineación Inicial,Champions
2663568509,"Wednesday September 19, 2012",Spartak Moscow,0,Cristian Tello,TITULAR,Alineación Inicial,Champions
2663568509,"Wednesday September 19, 2012",Spartak Moscow,0,Víctor Valdés,TITULAR,Alineación Inicial,Champions
2663568509,"Wednesday September 19, 2012",Spartak Moscow,0,Xavi,TITULAR,Alineación Inicial,Champions
2208806417,"Wednesday December 12, 2007",Stuttgart,0,Giovani dos Santos,TITULAR,Alineación Inicial,Champions
2208806417,"Wednesday December 12, 2007",Stuttgart,0,Samuel Eto'o,TITULAR,Alineación Inicial,Champions
2208806417,"Wednesday December 12, 2007",Stuttgart,0,Eiður Guðjohnsen,TITULAR,Alineación Inicial,Champions
2208806417,"Wednesday December 12, 2007",Stuttgart,0,Albert Jorquera,TITULAR,Alineación Inicial,Champions
2208806417,"Wednesday December 12, 2007",Stuttgart,0,Rafael Márquez,TITULAR,Alineación Inicial,Champions
2208806417,"Wednesday December 12, 2007",Stuttgart,0,Gabriel Milito,TITULAR,Alineación Inicial,Champions
2208806417,"Wednesday December 12, 2007",Stuttgart,0,Carles Puyol,TITULAR,Alineación Inicial,Champions
2208806417,"Wednesday December 12, 2007",Stuttgart,0,Ronaldinho,TITULAR,Alineación Inicial,Champions
2208806417,"Wednesday December 12, 2007",Stuttgart,0,Sylvinho,TITULAR,Alineación Inicial,Champions
2208806417,"Wednesday December 12, 2007",Stuttgart,0,Lilian Thuram,TITULAR,Alineación Inicial,Champions
2208806417,"Wednesday December 12, 2007",Stuttgart,0,Xavi,TITULAR,Alineación Inicial,Champions
1973980865,"Wednesday March 17, 2010",Stuttgart,0,Dani Alves,TITULAR,Alineación Inicial,Champions
1973980865,"Wednesday March 17, 2010",Stuttgart,0,Sergio Busquets,TITULAR,Alineación Inicial,Champions
1973980865,"Wednesday March 17, 2010",Stuttgart,0,Thierry Henry,TITULAR,Alineación Inicial,Champions
1973980865,"Wednesday March 17, 2010",Stuttgart,0,Andrés Iniesta,TITULAR,Alineación Inicial,Champions
1973980865,"Wednesday March 17, 2010",Stuttgart,0,Maxwell,TITULAR,Alineación Inicial,Champions
1973980865,"Wednesday March 17, 2010",Stuttgart,0,Lionel Messi,TITULAR,Alineación Inicial,Champions
1973980865,"Wednesday March 17, 2010",Stuttgart,0,Pedro,TITULAR,Alineación Inicial,Champions
1973980865,"Wednesday March 17, 2010",Stuttgart,0,Gerard Piqué,TITULAR,Alineación Inicial,Champions
1973980865,"Wednesday March 17, 2010",Stuttgart,0,Carles Puyol,TITULAR,Alineación Inicial,Champions
1973980865,"Wednesday March 17, 2010",Stuttgart,0,Yaya Touré,TITULAR,Alineación Inicial,Champions
1973980865,"Wednesday March 17, 2010",Stuttgart,0,Víctor Valdés,TITULAR,Alineación Inicial,Champions
3722402717,"Tuesday December 11, 2018",Tottenham Hotspur,0,Philippe Coutinho,TITULAR,Alineación Inicial,Champions
3722402717,"Tuesday December 11, 2018",Tottenham Hotspur,0,Munir El Haddadi,TITULAR,Alineación Inicial,Champions
3722402717,"Tuesday December 11, 2018",Tottenham Hotspur,0,Ousmane Dembélé,TITULAR,Alineación Inicial,Champions
3722402717,"Tuesday December 11, 2018",Tottenham Hotspur,0,Ivan Rakitić,TITULAR,Alineación Inicial,Champions
3722402717,"Tuesday December 11, 2018",Tottenham Hotspur,0,Carles Aleñá,TITULAR,Alineación Inicial,Champions
3722402717,"Tuesday December 11, 2018",Tottenham Hotspur,0,Arthur Melo,TITULAR,Alineación Inicial,Champions
3722402717,"Tuesday December 11, 2018",Tottenham Hotspur,0,Juan Miranda,TITULAR,Alineación Inicial,Champions
3722402717,"Tuesday December 11, 2018",Tottenham Hotspur,0,Thomas Vermaelen,TITULAR,Alineación Inicial,Champions
3722402717,"Tuesday December 11, 2018",Tottenham Hotspur,0,Clément Lenglet,TITULAR,Alineación Inicial,Champions
3722402717,"Tuesday December 11, 2018",Tottenham Hotspur,0,Nélson Semedo,TITULAR,Alineación Inicial,Champions
3722402717,"Tuesday December 11, 2018",Tottenham Hotspur,0,Jasper Cillessen,TITULAR,Alineación Inicial,Champions
3891683120,"Wednesday October 19, 2011",Viktoria Plzeň,0,Éric Abidal,TITULAR,Alineación Inicial,Champions
3891683120,"Wednesday October 19, 2011",Viktoria Plzeň,0,Adriano,TITULAR,Alineación Inicial,Champions
3891683120,"Wednesday October 19, 2011",Viktoria Plzeň,0,Dani Alves,TITULAR,Alineación Inicial,Champions
3891683120,"Wednesday October 19, 2011",Viktoria Plzeň,0,Sergio Busquets,TITULAR,Alineación Inicial,Champions
3891683120,"Wednesday October 19, 2011",Viktoria Plzeň,0,Andrés Iniesta,TITULAR,Alineación Inicial,Champions
3891683120,"Wednesday October 19, 2011",Viktoria Plzeň,0,Javier Mascherano,TITULAR,Alineación Inicial,Champions
3891683120,"Wednesday October 19, 2011",Viktoria Plzeň,0,Lionel Messi,TITULAR,Alineación Inicial,Champions
3891683120,"Wednesday October 19, 2011",Viktoria Plzeň,0,Pedro,TITULAR,Alineación Inicial,Champions
3891683120,"Wednesday October 19, 2011",Viktoria Plzeň,0,Víctor Valdés,TITULAR,Alineación Inicial,Champions
3891683120,"Wednesday October 19, 2011",Viktoria Plzeň,0,David Villa,TITULAR,Alineación Inicial,Champions
3891683120,"Wednesday October 19, 2011",Viktoria Plzeň,0,Xavi,TITULAR,Alineación Inicial,Champions
2306976000,"Tuesday October 1, 2024",Young Boys,0,Robert Lewandowski,TITULAR,Alineación Inicial,Champions
2306976000,"Tuesday October 1, 2024",Young Boys,0,Ferrán Torres,TITULAR,Alineación Inicial,Champions
2306976000,"Tuesday October 1, 2024",Young Boys,0,Lamine Yamal,TITULAR,Alineación Inicial,Champions
2306976000,"Tuesday October 1, 2024",Young Boys,0,Raphinha,TITULAR,Alineación Inicial,Champions
2306976000,"Tuesday October 1, 2024",Young Boys,0,Marc Casado,TITULAR,Alineación Inicial,Champions
2306976000,"Tuesday October 1, 2024",Young Boys,0,Pedri,TITULAR,Alineación Inicial,Champions
2306976000,"Tuesday October 1, 2024",Young Boys,0,Alejandro Balde,TITULAR,Alineación Inicial,Champions
2306976000,"Tuesday October 1, 2024",Young Boys,0,Iñigo Martínez,TITULAR,Alineación Inicial,Champions
2306976000,"Tuesday October 1, 2024",Young Boys,0,Pau Cubarsí,TITULAR,Alineación Inicial,Champions
2306976000,"Tuesday October 1, 2024",Young Boys,0,Jules Koundé,TITULAR,Alineación Inicial,Champions
2306976000,"Tuesday October 1, 2024",Young Boys,0,Iñaki Peña,TITULAR,Alineación Inicial,Champions
119333816,"Wednesday September 28, 2011",BATE Borisov,0,Éric Abidal,TITULAR,Alineación Inicial,Champions
119333816,"Wednesday September 28, 2011",BATE Borisov,0,Thiago Alcántara,TITULAR,Alineación Inicial,Champions
119333816,"Wednesday September 28, 2011",BATE Borisov,0,Dani Alves,TITULAR,Alineación Inicial,Champions
119333816,"Wednesday September 28, 2011",BATE Borisov,0,Seydou Keita,TITULAR,Alineación Inicial,Champions
119333816,"Wednesday September 28, 2011",BATE Borisov,0,Javier Mascherano,TITULAR,Alineación Inicial,Champions
119333816,"Wednesday September 28, 2011",BATE Borisov,0,Lionel Messi,TITULAR,Alineación Inicial,Champions
119333816,"Wednesday September 28, 2011",BATE Borisov,0,Pedro,TITULAR,Alineación Inicial,Champions
119333816,"Wednesday September 28, 2011",BATE Borisov,0,Carles Puyol,TITULAR,Alineación Inicial,Champions
119333816,"Wednesday September 28, 2011",BATE Borisov,0,Víctor Valdés,TITULAR,Alineación Inicial,Champions
119333816,"Wednesday September 28, 2011",BATE Borisov,0,David Villa,TITULAR,Alineación Inicial,Champions
119333816,"Wednesday September 28, 2011",BATE Borisov,0,Xavi,TITULAR,Alineación Inicial,Champions
465517634,"Tuesday April 23, 2013",Bayern Munich,0,Jordi Alba,TITULAR,Alineación Inicial,Champions
465517634,"Tuesday April 23, 2013",Bayern Munich,0,Dani Alves,TITULAR,Alineación Inicial,Champions
465517634,"Tuesday April 23, 2013",Bayern Munich,0,Marc Bartra,TITULAR,Alineación Inicial,Champions
465517634,"Tuesday April 23, 2013",Bayern Munich,0,Sergio Busquets,TITULAR,Alineación Inicial,Champions
465517634,"Tuesday April 23, 2013",Bayern Munich,0,Andrés Iniesta,TITULAR,Alineación Inicial,Champions
465517634,"Tuesday April 23, 2013",Bayern Munich,0,Lionel Messi,TITULAR,Alineación Inicial,Champions
465517634,"Tuesday April 23, 2013",Bayern Munich,0,Pedro,TITULAR,Alineación Inicial,Champions
465517634,"Tuesday April 23, 2013",Bayern Munich,0,Gerard Piqué,TITULAR,Alineación Inicial,Champions
465517634,"Tuesday April 23, 2013",Bayern Munich,0,Alexis Sánchez,TITULAR,Alineación Inicial,Champions
465517634,"Tuesday April 23, 2013",Bayern Munich,0,Víctor Valdés,TITULAR,Alineación Inicial,Champions
465517634,"Tuesday April 23, 2013",Bayern Munich,0,Xavi,TITULAR,Alineación Inicial,Champions
3983383127,"Tuesday January 21, 2025",Benfica,0,Robert Lewandowski,TITULAR,Alineación Inicial,Champions
3983383127,"Tuesday January 21, 2025",Benfica,0,Raphinha,TITULAR,Alineación Inicial,Champions
3983383127,"Tuesday January 21, 2025",Benfica,0,Gavi,TITULAR,Alineación Inicial,Champions
3983383127,"Tuesday January 21, 2025",Benfica,0,Lamine Yamal,TITULAR,Alineación Inicial,Champions
3983383127,"Tuesday January 21, 2025",Benfica,0,Pedri,TITULAR,Alineación Inicial,Champions
3983383127,"Tuesday January 21, 2025",Benfica,0,Marc Casado,TITULAR,Alineación Inicial,Champions
3983383127,"Tuesday January 21, 2025",Benfica,0,Alejandro Balde,TITULAR,Alineación Inicial,Champions
3983383127,"Tuesday January 21, 2025",Benfica,0,Pau Cubarsí,TITULAR,Alineación Inicial,Champions
3983383127,"Tuesday January 21, 2025",Benfica,0,Ronald Araújo,TITULAR,Alineación Inicial,Champions
3983383127,"Tuesday January 21, 2025",Benfica,0,Jules Koundé,TITULAR,Alineación Inicial,Champions
3983383127,"Tuesday January 21, 2025",Benfica,0,Wojciech Szczęsny,TITULAR,Alineación Inicial,Champions
1735501813,"Tuesday October 2, 2012",Benfica,0,Jordi Alba,TITULAR,Alineación Inicial,Champions
1735501813,"Tuesday October 2, 2012",Benfica,0,Dani Alves,TITULAR,Alineación Inicial,Champions
1735501813,"Tuesday October 2, 2012",Benfica,0,Sergio Busquets,TITULAR,Alineación Inicial,Champions
1735501813,"Tuesday October 2, 2012",Benfica,0,Cesc Fàbregas,TITULAR,Alineación Inicial,Champions
1735501813,"Tuesday October 2, 2012",Benfica,0,Javier Mascherano,TITULAR,Alineación Inicial,Champions
1735501813,"Tuesday October 2, 2012",Benfica,0,Lionel Messi,TITULAR,Alineación Inicial,Champions
1735501813,"Tuesday October 2, 2012",Benfica,0,Pedro,TITULAR,Alineación Inicial,Champions
1735501813,"Tuesday October 2, 2012",Benfica,0,Carles Puyol,TITULAR,Alineación Inicial,Champions
1735501813,"Tuesday October 2, 2012",Benfica,0,Alexis Sánchez,TITULAR,Alineación Inicial,Champions
1735501813,"Tuesday October 2, 2012",Benfica,0,Víctor Valdés,TITULAR,Alineación Inicial,Champions
1735501813,"Tuesday October 2, 2012",Benfica,0,Xavi,TITULAR,Alineación Inicial,Champions
1692674544,"Wednesday March 5, 2025",Benfica,0,Robert Lewandowski,TITULAR,Alineación Inicial,Champions
1692674544,"Wednesday March 5, 2025",Benfica,0,Raphinha,TITULAR,Alineación Inicial,Champions
1692674544,"Wednesday March 5, 2025",Benfica,0,Dani Olmo,TITULAR,Alineación Inicial,Champions
1692674544,"Wednesday March 5, 2025",Benfica,0,Lamine Yamal,TITULAR,Alineación Inicial,Champions
1692674544,"Wednesday March 5, 2025",Benfica,0,Pedri,TITULAR,Alineación Inicial,Champions
1692674544,"Wednesday March 5, 2025",Benfica,0,Frenkie de Jong,TITULAR,Alineación Inicial,Champions
1692674544,"Wednesday March 5, 2025",Benfica,0,Alejandro Balde,TITULAR,Alineación Inicial,Champions
1692674544,"Wednesday March 5, 2025",Benfica,0,Iñigo Martínez,TITULAR,Alineación Inicial,Champions
1692674544,"Wednesday March 5, 2025",Benfica,0,Pau Cubarsí,TITULAR,Alineación Inicial,Champions
1692674544,"Wednesday March 5, 2025",Benfica,0,Jules Koundé,TITULAR,Alineación Inicial,Champions
1692674544,"Wednesday March 5, 2025",Benfica,0,Wojciech Szczęsny,TITULAR,Alineación Inicial,Champions
3136674987,"Wednesday February 20, 2008",Celtic,0,Éric Abidal,TITULAR,Alineación Inicial,Champions
3136674987,"Wednesday February 20, 2008",Celtic,0,Deco,TITULAR,Alineación Inicial,Champions
3136674987,"Wednesday February 20, 2008",Celtic,0,Thierry Henry,TITULAR,Alineación Inicial,Champions
3136674987,"Wednesday February 20, 2008",Celtic,0,Andrés Iniesta,TITULAR,Alineación Inicial,Champions
3136674987,"Wednesday February 20, 2008",Celtic,0,Rafael Márquez,TITULAR,Alineación Inicial,Champions
3136674987,"Wednesday February 20, 2008",Celtic,0,Lionel Messi,TITULAR,Alineación Inicial,Champions
3136674987,"Wednesday February 20, 2008",Celtic,0,Gabriel Milito,TITULAR,Alineación Inicial,Champions
3136674987,"Wednesday February 20, 2008",Celtic,0,Carles Puyol,TITULAR,Alineación Inicial,Champions
3136674987,"Wednesday February 20, 2008",Celtic,0,Ronaldinho,TITULAR,Alineación Inicial,Champions
3136674987,"Wednesday February 20, 2008",Celtic,0,Yaya Touré,TITULAR,Alineación Inicial,Champions
3136674987,"Wednesday February 20, 2008",Celtic,0,Víctor Valdés,TITULAR,Alineación Inicial,Champions
1961724987,"Wednesday November 7, 2012",Celtic,0,Jordi Alba,TITULAR,Alineación Inicial,Champions
1961724987,"Wednesday November 7, 2012",Celtic,0,Dani Alves,TITULAR,Alineación Inicial,Champions
1961724987,"Wednesday November 7, 2012",Celtic,0,Marc Bartra,TITULAR,Alineación Inicial,Champions
1961724987,"Wednesday November 7, 2012",Celtic,0,Andrés Iniesta,TITULAR,Alineación Inicial,Champions
1961724987,"Wednesday November 7, 2012",Celtic,0,Javier Mascherano,TITULAR,Alineación Inicial,Champions
1961724987,"Wednesday November 7, 2012",Celtic,0,Lionel Messi,TITULAR,Alineación Inicial,Champions
1961724987,"Wednesday November 7, 2012",Celtic,0,Pedro,TITULAR,Alineación Inicial,Champions
1961724987,"Wednesday November 7, 2012",Celtic,0,Alexis Sánchez,TITULAR,Alineación Inicial,Champions
1961724987,"Wednesday November 7, 2012",Celtic,0,Alexandre Song,TITULAR,Alineación Inicial,Champions
1961724987,"Wednesday November 7, 2012",Celtic,0,Víctor Valdés,TITULAR,Alineación Inicial,Champions
1961724987,"Wednesday November 7, 2012",Celtic,0,Xavi,TITULAR,Alineación Inicial,Champions
1939911265,"Wednesday April 18, 2012",Chelsea,0,Adriano,TITULAR,Alineación Inicial,Champions
1939911265,"Wednesday April 18, 2012",Chelsea,0,Dani Alves,TITULAR,Alineación Inicial,Champions
1939911265,"Wednesday April 18, 2012",Chelsea,0,Sergio Busquets,TITULAR,Alineación Inicial,Champions
1939911265,"Wednesday April 18, 2012",Chelsea,0,Cesc Fàbregas,TITULAR,Alineación Inicial,Champions
1939911265,"Wednesday April 18, 2012",Chelsea,0,Andrés Iniesta,TITULAR,Alineación Inicial,Champions
1939911265,"Wednesday April 18, 2012",Chelsea,0,Javier Mascherano,TITULAR,Alineación Inicial,Champions
1939911265,"Wednesday April 18, 2012",Chelsea,0,Lionel Messi,TITULAR,Alineación Inicial,Champions
1939911265,"Wednesday April 18, 2012",Chelsea,0,Carles Puyol,TITULAR,Alineación Inicial,Champions
1939911265,"Wednesday April 18, 2012",Chelsea,0,Alexis Sánchez,TITULAR,Alineación Inicial,Champions
1939911265,"Wednesday April 18, 2012",Chelsea,0,Víctor Valdés,TITULAR,Alineación Inicial,Champions
1939911265,"Wednesday April 18, 2012",Chelsea,0,Xavi,TITULAR,Alineación Inicial,Champions
2860897283,"Wednesday February 22, 2006",Chelsea,0,Giovanni van Bronckhorst,TITULAR,Alineación Inicial,Champions
2860897283,"Wednesday February 22, 2006",Chelsea,0,Deco,TITULAR,Alineación Inicial,Champions
2860897283,"Wednesday February 22, 2006",Chelsea,0,Edmílson,TITULAR,Alineación Inicial,Champions
2860897283,"Wednesday February 22, 2006",Chelsea,0,Samuel Eto'o,TITULAR,Alineación Inicial,Champions
2860897283,"Wednesday February 22, 2006",Chelsea,0,Rafael Márquez,TITULAR,Alineación Inicial,Champions
2860897283,"Wednesday February 22, 2006",Chelsea,0,Lionel Messi,TITULAR,Alineación Inicial,Champions
2860897283,"Wednesday February 22, 2006",Chelsea,0,Oleguer Presas,TITULAR,Alineación Inicial,Champions
2860897283,"Wednesday February 22, 2006",Chelsea,0,Carles Puyol,TITULAR,Alineación Inicial,Champions
2860897283,"Wednesday February 22, 2006",Chelsea,0,Ronaldinho,TITULAR,Alineación Inicial,Champions
2860897283,"Wednesday February 22, 2006",Chelsea,0,Víctor Valdés,TITULAR,Alineación Inicial,Champions
3419752693,"Tuesday April 15, 2025",Dortmund,0,Robert Lewandowski,TITULAR,Alineación Inicial,Champions
3419752693,"Tuesday April 15, 2025",Dortmund,0,Raphinha,TITULAR,Alineación Inicial,Champions
3419752693,"Tuesday April 15, 2025",Dortmund,0,Fermin López,TITULAR,Alineación Inicial,Champions
3419752693,"Tuesday April 15, 2025",Dortmund,0,Lamine Yamal,TITULAR,Alineación Inicial,Champions
3419752693,"Tuesday April 15, 2025",Dortmund,0,Gavi,TITULAR,Alineación Inicial,Champions
3419752693,"Tuesday April 15, 2025",Dortmund,0,Frenkie de Jong,TITULAR,Alineación Inicial,Champions
3419752693,"Tuesday April 15, 2025",Dortmund,0,Gerard Martín,TITULAR,Alineación Inicial,Champions
3419752693,"Tuesday April 15, 2025",Dortmund,0,Pau Cubarsí,TITULAR,Alineación Inicial,Champions
3419752693,"Tuesday April 15, 2025",Dortmund,0,Ronald Araújo,TITULAR,Alineación Inicial,Champions
3419752693,"Tuesday April 15, 2025",Dortmund,0,Jules Koundé,TITULAR,Alineación Inicial,Champions
3419752693,"Tuesday April 15, 2025",Dortmund,0,Wojciech Szczęsny,TITULAR,Alineación Inicial,Champions
2929137246,"Wednesday December 11, 2024",Dortmund,0,Robert Lewandowski,TITULAR,Alineación Inicial,Champions
2929137246,"Wednesday December 11, 2024",Dortmund,0,Raphinha,TITULAR,Alineación Inicial,Champions
2929137246,"Wednesday December 11, 2024",Dortmund,0,Dani Olmo,TITULAR,Alineación Inicial,Champions
2929137246,"Wednesday December 11, 2024",Dortmund,0,Lamine Yamal,TITULAR,Alineación Inicial,Champions
2929137246,"Wednesday December 11, 2024",Dortmund,0,Pedri,TITULAR,Alineación Inicial,Champions
2929137246,"Wednesday December 11, 2024",Dortmund,0,Marc Casado,TITULAR,Alineación Inicial,Champions
2929137246,"Wednesday December 11, 2024",Dortmund,0,Alejandro Balde,TITULAR,Alineación Inicial,Champions
2929137246,"Wednesday December 11, 2024",Dortmund,0,Iñigo Martínez,TITULAR,Alineación Inicial,Champions
2929137246,"Wednesday December 11, 2024",Dortmund,0,Pau Cubarsí,TITULAR,Alineación Inicial,Champions
2929137246,"Wednesday December 11, 2024",Dortmund,0,Jules Koundé,TITULAR,Alineación Inicial,Champions
2929137246,"Wednesday December 11, 2024",Dortmund,0,Iñaki Peña,TITULAR,Alineación Inicial,Champions
2469362148,"Wednesday December 9, 2009",Dynamo Kyiv,0,Éric Abidal,TITULAR,Alineación Inicial,Champions
2469362148,"Wednesday December 9, 2009",Dynamo Kyiv,0,Dani Alves,TITULAR,Alineación Inicial,Champions
2469362148,"Wednesday December 9, 2009",Dynamo Kyiv,0,Sergio Busquets,TITULAR,Alineación Inicial,Champions
2469362148,"Wednesday December 9, 2009",Dynamo Kyiv,0,Zlatan Ibrahimović,TITULAR,Alineación Inicial,Champions
2469362148,"Wednesday December 9, 2009",Dynamo Kyiv,0,Andrés Iniesta,TITULAR,Alineación Inicial,Champions
2469362148,"Wednesday December 9, 2009",Dynamo Kyiv,0,Seydou Keita,TITULAR,Alineación Inicial,Champions
2469362148,"Wednesday December 9, 2009",Dynamo Kyiv,0,Lionel Messi,TITULAR,Alineación Inicial,Champions
2469362148,"Wednesday December 9, 2009",Dynamo Kyiv,0,Gerard Piqué,TITULAR,Alineación Inicial,Champions
2469362148,"Wednesday December 9, 2009",Dynamo Kyiv,0,Carles Puyol,TITULAR,Alineación Inicial,Champions
2469362148,"Wednesday December 9, 2009",Dynamo Kyiv,0,Víctor Valdés,TITULAR,Alineación Inicial,Champions
2469362148,"Wednesday December 9, 2009",Dynamo Kyiv,0,Xavi,TITULAR,Alineación Inicial,Champions
2868676722,"Tuesday April 20, 2010",Internazionale,0,Dani Alves,TITULAR,Alineación Inicial,Champions
2868676722,"Tuesday April 20, 2010",Internazionale,0,Sergio Busquets,TITULAR,Alineación Inicial,Champions
2868676722,"Tuesday April 20, 2010",Internazionale,0,Zlatan Ibrahimović,TITULAR,Alineación Inicial,Champions
2868676722,"Tuesday April 20, 2010",Internazionale,0,Seydou Keita,TITULAR,Alineación Inicial,Champions
2868676722,"Tuesday April 20, 2010",Internazionale,0,Maxwell,TITULAR,Alineación Inicial,Champions
2868676722,"Tuesday April 20, 2010",Internazionale,0,Lionel Messi,TITULAR,Alineación Inicial,Champions
2868676722,"Tuesday April 20, 2010",Internazionale,0,Pedro,TITULAR,Alineación Inicial,Champions
2868676722,"Tuesday April 20, 2010",Internazionale,0,Gerard Piqué,TITULAR,Alineación Inicial,Champions
2868676722,"Tuesday April 20, 2010",Internazionale,0,Carles Puyol,TITULAR,Alineación Inicial,Champions
2868676722,"Tuesday April 20, 2010",Internazionale,0,Víctor Valdés,TITULAR,Alineación Inicial,Champions
2868676722,"Tuesday April 20, 2010",Internazionale,0,Xavi,TITULAR,Alineación Inicial,Champions
4065096276,"Tuesday May 6, 2025",Internazionale,0,Ferrán Torres,TITULAR,Alineación Inicial,Champions
4065096276,"Tuesday May 6, 2025",Internazionale,0,Raphinha,TITULAR,Alineación Inicial,Champions
4065096276,"Tuesday May 6, 2025",Internazionale,0,Dani Olmo,TITULAR,Alineación Inicial,Champions
4065096276,"Tuesday May 6, 2025",Internazionale,0,Lamine Yamal,TITULAR,Alineación Inicial,Champions
4065096276,"Tuesday May 6, 2025",Internazionale,0,Pedri,TITULAR,Alineación Inicial,Champions
4065096276,"Tuesday May 6, 2025",Internazionale,0,Frenkie de Jong,TITULAR,Alineación Inicial,Champions
4065096276,"Tuesday May 6, 2025",Internazionale,0,Gerard Martín,TITULAR,Alineación Inicial,Champions
4065096276,"Tuesday May 6, 2025",Internazionale,0,Iñigo Martínez,TITULAR,Alineación Inicial,Champions
4065096276,"Tuesday May 6, 2025",Internazionale,0,Pau Cubarsí,TITULAR,Alineación Inicial,Champions
4065096276,"Tuesday May 6, 2025",Internazionale,0,Eric García,TITULAR,Alineación Inicial,Champions
4065096276,"Tuesday May 6, 2025",Internazionale,0,Wojciech Szczęsny,TITULAR,Alineación Inicial,Champions
220561913,"Tuesday November 6, 2018",Internazionale,0,Philippe Coutinho,TITULAR,Alineación Inicial,Champions
220561913,"Tuesday November 6, 2018",Internazionale,0,Luis Suárez,TITULAR,Alineación Inicial,Champions
220561913,"Tuesday November 6, 2018",Internazionale,0,Ousmane Dembélé,TITULAR,Alineación Inicial,Champions
220561913,"Tuesday November 6, 2018",Internazionale,0,Arthur Melo,TITULAR,Alineación Inicial,Champions
220561913,"Tuesday November 6, 2018",Internazionale,0,Sergio Busquets,TITULAR,Alineación Inicial,Champions
220561913,"Tuesday November 6, 2018",Internazionale,0,Ivan Rakitić,TITULAR,Alineación Inicial,Champions
220561913,"Tuesday November 6, 2018",Internazionale,0,Jordi Alba,TITULAR,Alineación Inicial,Champions
220561913,"Tuesday November 6, 2018",Internazionale,0,Clément Lenglet,TITULAR,Alineación Inicial,Champions
220561913,"Tuesday November 6, 2018",Internazionale,0,Gerard Piqué,TITULAR,Alineación Inicial,Champions
220561913,"Tuesday November 6, 2018",Internazionale,0,Sergi Roberto,TITULAR,Alineación Inicial,Champions
220561913,"Tuesday November 6, 2018",Internazionale,0,Marc-André ter Stegen,TITULAR,Alineación Inicial,Champions
1470824666,"Wednesday September 16, 2009",Internazionale,0,Éric Abidal,TITULAR,Alineación Inicial,Champions
1470824666,"Wednesday September 16, 2009",Internazionale,0,Dani Alves,TITULAR,Alineación Inicial,Champions
1470824666,"Wednesday September 16, 2009",Internazionale,0,Thierry Henry,TITULAR,Alineación Inicial,Champions
1470824666,"Wednesday September 16, 2009",Internazionale,0,Zlatan Ibrahimović,TITULAR,Alineación Inicial,Champions
1470824666,"Wednesday September 16, 2009",Internazionale,0,Seydou Keita,TITULAR,Alineación Inicial,Champions
1470824666,"Wednesday September 16, 2009",Internazionale,0,Lionel Messi,TITULAR,Alineación Inicial,Champions
1470824666,"Wednesday September 16, 2009",Internazionale,0,Gerard Piqué,TITULAR,Alineación Inicial,Champions
1470824666,"Wednesday September 16, 2009",Internazionale,0,Carles Puyol,TITULAR,Alineación Inicial,Champions
1470824666,"Wednesday September 16, 2009",Internazionale,0,Yaya Touré,TITULAR,Alineación Inicial,Champions
1470824666,"Wednesday September 16, 2009",Internazionale,0,Víctor Valdés,TITULAR,Alineación Inicial,Champions
1470824666,"Wednesday September 16, 2009",Internazionale,0,Xavi,TITULAR,Alineación Inicial,Champions
3146496055,"Tuesday February 14, 2012",Leverkusen,0,Éric Abidal,TITULAR,Alineación Inicial,Champions
3146496055,"Tuesday February 14, 2012",Leverkusen,0,Adriano,TITULAR,Alineación Inicial,Champions
3146496055,"Tuesday February 14, 2012",Leverkusen,0,Dani Alves,TITULAR,Alineación Inicial,Champions
3146496055,"Tuesday February 14, 2012",Leverkusen,0,Sergio Busquets,TITULAR,Alineación Inicial,Champions
3146496055,"Tuesday February 14, 2012",Leverkusen,0,Cesc Fàbregas,TITULAR,Alineación Inicial,Champions
3146496055,"Tuesday February 14, 2012",Leverkusen,0,Andrés Iniesta,TITULAR,Alineación Inicial,Champions
3146496055,"Tuesday February 14, 2012",Leverkusen,0,Javier Mascherano,TITULAR,Alineación Inicial,Champions
3146496055,"Tuesday February 14, 2012",Leverkusen,0,Lionel Messi,TITULAR,Alineación Inicial,Champions
3146496055,"Tuesday February 14, 2012",Leverkusen,0,Carles Puyol,TITULAR,Alineación Inicial,Champions
3146496055,"Tuesday February 14, 2012",Leverkusen,0,Alexis Sánchez,TITULAR,Alineación Inicial,Champions
3146496055,"Tuesday February 14, 2012",Leverkusen,0,Víctor Valdés,TITULAR,Alineación Inicial,Champions
1840977340,"Tuesday May 7, 2019",Liverpool,0,Luis Suárez,TITULAR,Alineación Inicial,Champions
1840977340,"Tuesday May 7, 2019",Liverpool,0,Lionel Messi,TITULAR,Alineación Inicial,Champions
1840977340,"Tuesday May 7, 2019",Liverpool,0,Philippe Coutinho,TITULAR,Alineación Inicial,Champions
1840977340,"Tuesday May 7, 2019",Liverpool,0,Ivan Rakitić,TITULAR,Alineación Inicial,Champions
1840977340,"Tuesday May 7, 2019",Liverpool,0,Sergio Busquets,TITULAR,Alineación Inicial,Champions
1840977340,"Tuesday May 7, 2019",Liverpool,0,Arturo Vidal,TITULAR,Alineación Inicial,Champions
1840977340,"Tuesday May 7, 2019",Liverpool,0,Jordi Alba,TITULAR,Alineación Inicial,Champions
1840977340,"Tuesday May 7, 2019",Liverpool,0,Clément Lenglet,TITULAR,Alineación Inicial,Champions
1840977340,"Tuesday May 7, 2019",Liverpool,0,Gerard Piqué,TITULAR,Alineación Inicial,Champions
1840977340,"Tuesday May 7, 2019",Liverpool,0,Sergi Roberto,TITULAR,Alineación Inicial,Champions
1840977340,"Tuesday May 7, 2019",Liverpool,0,Marc-André ter Stegen,TITULAR,Alineación Inicial,Champions
3735330618,"Tuesday February 19, 2019",Lyon,0,Ousmane Dembélé,TITULAR,Alineación Inicial,Champions
3735330618,"Tuesday February 19, 2019",Lyon,0,Luis Suárez,TITULAR,Alineación Inicial,Champions
3735330618,"Tuesday February 19, 2019",Lyon,0,Lionel Messi,TITULAR,Alineación Inicial,Champions
3735330618,"Tuesday February 19, 2019",Lyon,0,Ivan Rakitić,TITULAR,Alineación Inicial,Champions
3735330618,"Tuesday February 19, 2019",Lyon,0,Sergio Busquets,TITULAR,Alineación Inicial,Champions
3735330618,"Tuesday February 19, 2019",Lyon,0,Sergi Roberto,TITULAR,Alineación Inicial,Champions
3735330618,"Tuesday February 19, 2019",Lyon,0,Jordi Alba,TITULAR,Alineación Inicial,Champions
3735330618,"Tuesday February 19, 2019",Lyon,0,Clément Lenglet,TITULAR,Alineación Inicial,Champions
3735330618,"Tuesday February 19, 2019",Lyon,0,Gerard Piqué,TITULAR,Alineación Inicial,Champions
3735330618,"Tuesday February 19, 2019",Lyon,0,Nélson Semedo,TITULAR,Alineación Inicial,Champions
3735330618,"Tuesday February 19, 2019",Lyon,0,Marc-André ter Stegen,TITULAR,Alineación Inicial,Champions
910319005,"Tuesday November 27, 2007",Lyon,0,Éric Abidal,TITULAR,Alineación Inicial,Champions
910319005,"Tuesday November 27, 2007",Lyon,0,Eiður Guðjohnsen,TITULAR,Alineación Inicial,Champions
910319005,"Tuesday November 27, 2007",Lyon,0,Andrés Iniesta,TITULAR,Alineación Inicial,Champions
910319005,"Tuesday November 27, 2007",Lyon,0,Bojan Krkić,TITULAR,Alineación Inicial,Champions
910319005,"Tuesday November 27, 2007",Lyon,0,Lionel Messi,TITULAR,Alineación Inicial,Champions
910319005,"Tuesday November 27, 2007",Lyon,0,Gabriel Milito,TITULAR,Alineación Inicial,Champions
910319005,"Tuesday November 27, 2007",Lyon,0,Carles Puyol,TITULAR,Alineación Inicial,Champions
910319005,"Tuesday November 27, 2007",Lyon,0,Yaya Touré,TITULAR,Alineación Inicial,Champions
910319005,"Tuesday November 27, 2007",Lyon,0,Víctor Valdés,TITULAR,Alineación Inicial,Champions
910319005,"Tuesday November 27, 2007",Lyon,0,Xavi,TITULAR,Alineación Inicial,Champions
910319005,"Tuesday November 27, 2007",Lyon,0,Gianluca Zambrotta,TITULAR,Alineación Inicial,Champions
2149164639,"Tuesday April 29, 2008",Manchester United,0,Éric Abidal,TITULAR,Alineación Inicial,Champions
2149164639,"Tuesday April 29, 2008",Manchester United,0,Deco,TITULAR,Alineación Inicial,Champions
2149164639,"Tuesday April 29, 2008",Manchester United,0,Samuel Eto'o,TITULAR,Alineación Inicial,Champions
2149164639,"Tuesday April 29, 2008",Manchester United,0,Andrés Iniesta,TITULAR,Alineación Inicial,Champions
2149164639,"Tuesday April 29, 2008",Manchester United,0,Lionel Messi,TITULAR,Alineación Inicial,Champions
2149164639,"Tuesday April 29, 2008",Manchester United,0,Gabriel Milito,TITULAR,Alineación Inicial,Champions
2149164639,"Tuesday April 29, 2008",Manchester United,0,Carles Puyol,TITULAR,Alineación Inicial,Champions
2149164639,"Tuesday April 29, 2008",Manchester United,0,Yaya Touré,TITULAR,Alineación Inicial,Champions
2149164639,"Tuesday April 29, 2008",Manchester United,0,Víctor Valdés,TITULAR,Alineación Inicial,Champions
2149164639,"Tuesday April 29, 2008",Manchester United,0,Xavi,TITULAR,Alineación Inicial,Champions
2149164639,"Tuesday April 29, 2008",Manchester United,0,Gianluca Zambrotta,TITULAR,Alineación Inicial,Champions
238753287,"Wednesday April 10, 2019",Manchester United,0,Philippe Coutinho,TITULAR,Alineación Inicial,Champions
238753287,"Wednesday April 10, 2019",Manchester United,0,Luis Suárez,TITULAR,Alineación Inicial,Champions
238753287,"Wednesday April 10, 2019",Manchester United,0,Lionel Messi,TITULAR,Alineación Inicial,Champions
238753287,"Wednesday April 10, 2019",Manchester United,0,Ivan Rakitić,TITULAR,Alineación Inicial,Champions
238753287,"Wednesday April 10, 2019",Manchester United,0,Sergio Busquets,TITULAR,Alineación Inicial,Champions
238753287,"Wednesday April 10, 2019",Manchester United,0,Arthur Melo,TITULAR,Alineación Inicial,Champions
238753287,"Wednesday April 10, 2019",Manchester United,0,Jordi Alba,TITULAR,Alineación Inicial,Champions
238753287,"Wednesday April 10, 2019",Manchester United,0,Clément Lenglet,TITULAR,Alineación Inicial,Champions
238753287,"Wednesday April 10, 2019",Manchester United,0,Gerard Piqué,TITULAR,Alineación Inicial,Champions
238753287,"Wednesday April 10, 2019",Manchester United,0,Nélson Semedo,TITULAR,Alineación Inicial,Champions
238753287,"Wednesday April 10, 2019",Manchester United,0,Marc-André ter Stegen,TITULAR,Alineación Inicial,Champions
809465468,"Tuesday April 18, 2006",Milan,0,Mark van Bommel,TITULAR,Alineación Inicial,Champions
809465468,"Tuesday April 18, 2006",Milan,0,Giovanni van Bronckhorst,TITULAR,Alineación Inicial,Champions
809465468,"Tuesday April 18, 2006",Milan,0,Edmílson,TITULAR,Alineación Inicial,Champions
809465468,"Tuesday April 18, 2006",Milan,0,Samuel Eto'o,TITULAR,Alineación Inicial,Champions
809465468,"Tuesday April 18, 2006",Milan,0,Ludovic Giuly,TITULAR,Alineación Inicial,Champions
809465468,"Tuesday April 18, 2006",Milan,0,Andrés Iniesta,TITULAR,Alineación Inicial,Champions
809465468,"Tuesday April 18, 2006",Milan,0,Rafael Márquez,TITULAR,Alineación Inicial,Champions
809465468,"Tuesday April 18, 2006",Milan,0,Oleguer Presas,TITULAR,Alineación Inicial,Champions
809465468,"Tuesday April 18, 2006",Milan,0,Carles Puyol,TITULAR,Alineación Inicial,Champions
809465468,"Tuesday April 18, 2006",Milan,0,Ronaldinho,TITULAR,Alineación Inicial,Champions
809465468,"Tuesday April 18, 2006",Milan,0,Víctor Valdés,TITULAR,Alineación Inicial,Champions
3088775355,"Wednesday February 20, 2013",Milan,0,Jordi Alba,TITULAR,Alineación Inicial,Champions
3088775355,"Wednesday February 20, 2013",Milan,0,Dani Alves,TITULAR,Alineación Inicial,Champions
3088775355,"Wednesday February 20, 2013",Milan,0,Sergio Busquets,TITULAR,Alineación Inicial,Champions
3088775355,"Wednesday February 20, 2013",Milan,0,Cesc Fàbregas,TITULAR,Alineación Inicial,Champions
3088775355,"Wednesday February 20, 2013",Milan,0,Andrés Iniesta,TITULAR,Alineación Inicial,Champions
3088775355,"Wednesday February 20, 2013",Milan,0,Lionel Messi,TITULAR,Alineación Inicial,Champions
3088775355,"Wednesday February 20, 2013",Milan,0,Pedro,TITULAR,Alineación Inicial,Champions
3088775355,"Wednesday February 20, 2013",Milan,0,Gerard Piqué,TITULAR,Alineación Inicial,Champions
3088775355,"Wednesday February 20, 2013",Milan,0,Carles Puyol,TITULAR,Alineación Inicial,Champions
3088775355,"Wednesday February 20, 2013",Milan,0,Víctor Valdés,TITULAR,Alineación Inicial,Champions
3088775355,"Wednesday February 20, 2013",Milan,0,Xavi,TITULAR,Alineación Inicial,Champions
1324479335,"Wednesday March 28, 2012",Milan,0,Dani Alves,TITULAR,Alineación Inicial,Champions
1324479335,"Wednesday March 28, 2012",Milan,0,Sergio Busquets,TITULAR,Alineación Inicial,Champions
1324479335,"Wednesday March 28, 2012",Milan,0,Andrés Iniesta,TITULAR,Alineación Inicial,Champions
1324479335,"Wednesday March 28, 2012",Milan,0,Seydou Keita,TITULAR,Alineación Inicial,Champions
1324479335,"Wednesday March 28, 2012",Milan,0,Javier Mascherano,TITULAR,Alineación Inicial,Champions
1324479335,"Wednesday March 28, 2012",Milan,0,Lionel Messi,TITULAR,Alineación Inicial,Champions
1324479335,"Wednesday March 28, 2012",Milan,0,Gerard Piqué,TITULAR,Alineación Inicial,Champions
1324479335,"Wednesday March 28, 2012",Milan,0,Carles Puyol,TITULAR,Alineación Inicial,Champions
1324479335,"Wednesday March 28, 2012",Milan,0,Alexis Sánchez,TITULAR,Alineación Inicial,Champions
1324479335,"Wednesday March 28, 2012",Milan,0,Víctor Valdés,TITULAR,Alineación Inicial,Champions
1324479335,"Wednesday March 28, 2012",Milan,0,Xavi,TITULAR,Alineación Inicial,Champions
3221686141,"Wednesday November 23, 2011",Milan,0,Éric Abidal,TITULAR,Alineación Inicial,Champions
3221686141,"Wednesday November 23, 2011",Milan,0,Thiago Alcántara,TITULAR,Alineación Inicial,Champions
3221686141,"Wednesday November 23, 2011",Milan,0,Sergio Busquets,TITULAR,Alineación Inicial,Champions
3221686141,"Wednesday November 23, 2011",Milan,0,Cesc Fàbregas,TITULAR,Alineación Inicial,Champions
3221686141,"Wednesday November 23, 2011",Milan,0,Seydou Keita,TITULAR,Alineación Inicial,Champions
3221686141,"Wednesday November 23, 2011",Milan,0,Javier Mascherano,TITULAR,Alineación Inicial,Champions
3221686141,"Wednesday November 23, 2011",Milan,0,Lionel Messi,TITULAR,Alineación Inicial,Champions
3221686141,"Wednesday November 23, 2011",Milan,0,Carles Puyol,TITULAR,Alineación Inicial,Champions
3221686141,"Wednesday November 23, 2011",Milan,0,Víctor Valdés,TITULAR,Alineación Inicial,Champions
3221686141,"Wednesday November 23, 2011",Milan,0,David Villa,TITULAR,Alineación Inicial,Champions
3221686141,"Wednesday November 23, 2011",Milan,0,Xavi,TITULAR,Alineación Inicial,Champions
546009144,"Thursday September 19, 2024",Monaco,0,Robert Lewandowski,TITULAR,Alineación Inicial,Champions
546009144,"Thursday September 19, 2024",Monaco,0,Raphinha,TITULAR,Alineación Inicial,Champions
546009144,"Thursday September 19, 2024",Monaco,0,Pedri,TITULAR,Alineación Inicial,Champions
546009144,"Thursday September 19, 2024",Monaco,0,Lamine Yamal,TITULAR,Alineación Inicial,Champions
546009144,"Thursday September 19, 2024",Monaco,0,Eric García,TITULAR,Alineación Inicial,Champions
546009144,"Thursday September 19, 2024",Monaco,0,Marc Casado,TITULAR,Alineación Inicial,Champions
546009144,"Thursday September 19, 2024",Monaco,0,Alejandro Balde,TITULAR,Alineación Inicial,Champions
546009144,"Thursday September 19, 2024",Monaco,0,Iñigo Martínez,TITULAR,Alineación Inicial,Champions
546009144,"Thursday September 19, 2024",Monaco,0,Pau Cubarsí,TITULAR,Alineación Inicial,Champions
546009144,"Thursday September 19, 2024",Monaco,0,Jules Koundé,TITULAR,Alineación Inicial,Champions
546009144,"Thursday September 19, 2024",Monaco,0,Marc-André ter Stegen,TITULAR,Alineación Inicial,Champions
1593901533,"Tuesday October 18, 2005",Panathinaikos,0,Juliano Belletti,TITULAR,Alineación Inicial,Champions
1593901533,"Tuesday October 18, 2005",Panathinaikos,0,Mark van Bommel,TITULAR,Alineación Inicial,Champions
1593901533,"Tuesday October 18, 2005",Panathinaikos,0,Giovanni van Bronckhorst,TITULAR,Alineación Inicial,Champions
1593901533,"Tuesday October 18, 2005",Panathinaikos,0,Deco,TITULAR,Alineación Inicial,Champions
1593901533,"Tuesday October 18, 2005",Panathinaikos,0,Samuel Eto'o,TITULAR,Alineación Inicial,Champions
1593901533,"Tuesday October 18, 2005",Panathinaikos,0,Henrik Larsson,TITULAR,Alineación Inicial,Champions
1593901533,"Tuesday October 18, 2005",Panathinaikos,0,Rafael Márquez,TITULAR,Alineación Inicial,Champions
1593901533,"Tuesday October 18, 2005",Panathinaikos,0,Carles Puyol,TITULAR,Alineación Inicial,Champions
1593901533,"Tuesday October 18, 2005",Panathinaikos,0,Ronaldinho,TITULAR,Alineación Inicial,Champions
1593901533,"Tuesday October 18, 2005",Panathinaikos,0,Víctor Valdés,TITULAR,Alineación Inicial,Champions
1593901533,"Tuesday October 18, 2005",Panathinaikos,0,Xavi,TITULAR,Alineación Inicial,Champions
1999881512,"Tuesday April 2, 2013",Paris Saint-Germain,0,Jordi Alba,TITULAR,Alineación Inicial,Champions
1999881512,"Tuesday April 2, 2013",Paris Saint-Germain,0,Dani Alves,TITULAR,Alineación Inicial,Champions
1999881512,"Tuesday April 2, 2013",Paris Saint-Germain,0,Sergio Busquets,TITULAR,Alineación Inicial,Champions
1999881512,"Tuesday April 2, 2013",Paris Saint-Germain,0,Andrés Iniesta,TITULAR,Alineación Inicial,Champions
1999881512,"Tuesday April 2, 2013",Paris Saint-Germain,0,Javier Mascherano,TITULAR,Alineación Inicial,Champions
1999881512,"Tuesday April 2, 2013",Paris Saint-Germain,0,Lionel Messi,TITULAR,Alineación Inicial,Champions
1999881512,"Tuesday April 2, 2013",Paris Saint-Germain,0,Gerard Piqué,TITULAR,Alineación Inicial,Champions
1999881512,"Tuesday April 2, 2013",Paris Saint-Germain,0,Alexis Sánchez,TITULAR,Alineación Inicial,Champions
1999881512,"Tuesday April 2, 2013",Paris Saint-Germain,0,Víctor Valdés,TITULAR,Alineación Inicial,Champions
1999881512,"Tuesday April 2, 2013",Paris Saint-Germain,0,David Villa,TITULAR,Alineación Inicial,Champions
1999881512,"Tuesday April 2, 2013",Paris Saint-Germain,0,Xavi,TITULAR,Alineación Inicial,Champions
1388414820,"Wednesday November 28, 2018",PSV Eindhoven,0,Philippe Coutinho,TITULAR,Alineación Inicial,Champions
1388414820,"Wednesday November 28, 2018",PSV Eindhoven,0,Lionel Messi,TITULAR,Alineación Inicial,Champions
1388414820,"Wednesday November 28, 2018",PSV Eindhoven,0,Ousmane Dembélé,TITULAR,Alineación Inicial,Champions
1388414820,"Wednesday November 28, 2018",PSV Eindhoven,0,Arturo Vidal,TITULAR,Alineación Inicial,Champions
1388414820,"Wednesday November 28, 2018",PSV Eindhoven,0,Sergio Busquets,TITULAR,Alineación Inicial,Champions
1388414820,"Wednesday November 28, 2018",PSV Eindhoven,0,Ivan Rakitić,TITULAR,Alineación Inicial,Champions
1388414820,"Wednesday November 28, 2018",PSV Eindhoven,0,Jordi Alba,TITULAR,Alineación Inicial,Champions
1388414820,"Wednesday November 28, 2018",PSV Eindhoven,0,Clément Lenglet,TITULAR,Alineación Inicial,Champions
1388414820,"Wednesday November 28, 2018",PSV Eindhoven,0,Gerard Piqué,TITULAR,Alineación Inicial,Champions
1388414820,"Wednesday November 28, 2018",PSV Eindhoven,0,Nélson Semedo,TITULAR,Alineación Inicial,Champions
1388414820,"Wednesday November 28, 2018",PSV Eindhoven,0,Marc-André ter Stegen,TITULAR,Alineación Inicial,Champions
954259630,"Tuesday October 23, 2007",Rangers,0,Éric Abidal,TITULAR,Alineación Inicial,Champions
954259630,"Tuesday October 23, 2007",Rangers,0,Eiður Guðjohnsen,TITULAR,Alineación Inicial,Champions
954259630,"Tuesday October 23, 2007",Rangers,0,Thierry Henry,TITULAR,Alineación Inicial,Champions
954259630,"Tuesday October 23, 2007",Rangers,0,Andrés Iniesta,TITULAR,Alineación Inicial,Champions
954259630,"Tuesday October 23, 2007",Rangers,0,Lionel Messi,TITULAR,Alineación Inicial,Champions
954259630,"Tuesday October 23, 2007",Rangers,0,Gabriel Milito,TITULAR,Alineación Inicial,Champions
954259630,"Tuesday October 23, 2007",Rangers,0,Carles Puyol,TITULAR,Alineación Inicial,Champions
954259630,"Tuesday October 23, 2007",Rangers,0,Ronaldinho,TITULAR,Alineación Inicial,Champions
954259630,"Tuesday October 23, 2007",Rangers,0,Lilian Thuram,TITULAR,Alineación Inicial,Champions
954259630,"Tuesday October 23, 2007",Rangers,0,Víctor Valdés,TITULAR,Alineación Inicial,Champions
954259630,"Tuesday October 23, 2007",Rangers,0,Xavi,TITULAR,Alineación Inicial,Champions
1983053027,"Wednesday November 6, 2024",Red Star,0,Robert Lewandowski,TITULAR,Alineación Inicial,Champions
1983053027,"Wednesday November 6, 2024",Red Star,0,Raphinha,TITULAR,Alineación Inicial,Champions
1983053027,"Wednesday November 6, 2024",Red Star,0,Pedri,TITULAR,Alineación Inicial,Champions
1983053027,"Wednesday November 6, 2024",Red Star,0,Lamine Yamal,TITULAR,Alineación Inicial,Champions
1983053027,"Wednesday November 6, 2024",Red Star,0,Marc Casado,TITULAR,Alineación Inicial,Champions
1983053027,"Wednesday November 6, 2024",Red Star,0,Frenkie de Jong,TITULAR,Alineación Inicial,Champions
1983053027,"Wednesday November 6, 2024",Red Star,0,Gerard Martín,TITULAR,Alineación Inicial,Champions
1983053027,"Wednesday November 6, 2024",Red Star,0,Iñigo Martínez,TITULAR,Alineación Inicial,Champions
1983053027,"Wednesday November 6, 2024",Red Star,0,Pau Cubarsí,TITULAR,Alineación Inicial,Champions
1983053027,"Wednesday November 6, 2024",Red Star,0,Jules Koundé,TITULAR,Alineación Inicial,Champions
1983053027,"Wednesday November 6, 2024",Red Star,0,Iñaki Peña,TITULAR,Alineación Inicial,Champions
2354540978,"Wednesday November 4, 2009",Rubin Kazan,0,Éric Abidal,TITULAR,Alineación Inicial,Champions
2354540978,"Wednesday November 4, 2009",Rubin Kazan,0,Dani Alves,TITULAR,Alineación Inicial,Champions
2354540978,"Wednesday November 4, 2009",Rubin Kazan,0,Zlatan Ibrahimović,TITULAR,Alineación Inicial,Champions
2354540978,"Wednesday November 4, 2009",Rubin Kazan,0,Andrés Iniesta,TITULAR,Alineación Inicial,Champions
2354540978,"Wednesday November 4, 2009",Rubin Kazan,0,Seydou Keita,TITULAR,Alineación Inicial,Champions
2354540978,"Wednesday November 4, 2009",Rubin Kazan,0,Lionel Messi,TITULAR,Alineación Inicial,Champions
2354540978,"Wednesday November 4, 2009",Rubin Kazan,0,Gerard Piqué,TITULAR,Alineación Inicial,Champions
2354540978,"Wednesday November 4, 2009",Rubin Kazan,0,Carles Puyol,TITULAR,Alineación Inicial,Champions
2354540978,"Wednesday November 4, 2009",Rubin Kazan,0,Yaya Touré,TITULAR,Alineación Inicial,Champions
2354540978,"Wednesday November 4, 2009",Rubin Kazan,0,Víctor Valdés,TITULAR,Alineación Inicial,Champions
2354540978,"Wednesday November 4, 2009",Rubin Kazan,0,Xavi,TITULAR,Alineación Inicial,Champions
2398703832,"Tuesday April 1, 2008",Schalke 04,0,Éric Abidal,TITULAR,Alineación Inicial,Champions
2398703832,"Tuesday April 1, 2008",Schalke 04,0,Samuel Eto'o,TITULAR,Alineación Inicial,Champions
2398703832,"Tuesday April 1, 2008",Schalke 04,0,Thierry Henry,TITULAR,Alineación Inicial,Champions
2398703832,"Tuesday April 1, 2008",Schalke 04,0,Andrés Iniesta,TITULAR,Alineación Inicial,Champions
2398703832,"Tuesday April 1, 2008",Schalke 04,0,Bojan Krkić,TITULAR,Alineación Inicial,Champions
2398703832,"Tuesday April 1, 2008",Schalke 04,0,Gabriel Milito,TITULAR,Alineación Inicial,Champions
2398703832,"Tuesday April 1, 2008",Schalke 04,0,Carles Puyol,TITULAR,Alineación Inicial,Champions
2398703832,"Tuesday April 1, 2008",Schalke 04,0,Yaya Touré,TITULAR,Alineación Inicial,Champions
2398703832,"Tuesday April 1, 2008",Schalke 04,0,Víctor Valdés,TITULAR,Alineación Inicial,Champions
2398703832,"Tuesday April 1, 2008",Schalke 04,0,Xavi,TITULAR,Alineación Inicial,Champions
2398703832,"Tuesday April 1, 2008",Schalke 04,0,Gianluca Zambrotta,TITULAR,Alineación Inicial,Champions
3619459621,"Tuesday November 20, 2012",Spartak Moscow,0,Jordi Alba,TITULAR,Alineación Inicial,Champions
3619459621,"Tuesday November 20, 2012",Spartak Moscow,0,Dani Alves,TITULAR,Alineación Inicial,Champions
3619459621,"Tuesday November 20, 2012",Spartak Moscow,0,Sergio Busquets,TITULAR,Alineación Inicial,Champions
3619459621,"Tuesday November 20, 2012",Spartak Moscow,0,Cesc Fàbregas,TITULAR,Alineación Inicial,Champions
3619459621,"Tuesday November 20, 2012",Spartak Moscow,0,Andrés Iniesta,TITULAR,Alineación Inicial,Champions
3619459621,"Tuesday November 20, 2012",Spartak Moscow,0,Javier Mascherano,TITULAR,Alineación Inicial,Champions
3619459621,"Tuesday November 20, 2012",Spartak Moscow,0,Lionel Messi,TITULAR,Alineación Inicial,Champions
3619459621,"Tuesday November 20, 2012",Spartak Moscow,0,Pedro,TITULAR,Alineación Inicial,Champions
3619459621,"Tuesday November 20, 2012",Spartak Moscow,0,Gerard Piqué,TITULAR,Alineación Inicial,Champions
3619459621,"Tuesday November 20, 2012",Spartak Moscow,0,Víctor Valdés,TITULAR,Alineación Inicial,Champions
3619459621,"Tuesday November 20, 2012",Spartak Moscow,0,Xavi,TITULAR,Alineación Inicial,Champions
2331343780,"Tuesday February 23, 2010",Stuttgart,0,Sergio Busquets,TITULAR,Alineación Inicial,Champions
2331343780,"Tuesday February 23, 2010",Stuttgart,0,Zlatan Ibrahimović,TITULAR,Alineación Inicial,Champions
2331343780,"Tuesday February 23, 2010",Stuttgart,0,Andrés Iniesta,TITULAR,Alineación Inicial,Champions
2331343780,"Tuesday February 23, 2010",Stuttgart,0,Rafael Márquez,TITULAR,Alineación Inicial,Champions
2331343780,"Tuesday February 23, 2010",Stuttgart,0,Maxwell,TITULAR,Alineación Inicial,Champions
2331343780,"Tuesday February 23, 2010",Stuttgart,0,Lionel Messi,TITULAR,Alineación Inicial,Champions
2331343780,"Tuesday February 23, 2010",Stuttgart,0,Gerard Piqué,TITULAR,Alineación Inicial,Champions
2331343780,"Tuesday February 23, 2010",Stuttgart,0,Carles Puyol,TITULAR,Alineación Inicial,Champions
2331343780,"Tuesday February 23, 2010",Stuttgart,0,Yaya Touré,TITULAR,Alineación Inicial,Champions
2331343780,"Tuesday February 23, 2010",Stuttgart,0,Víctor Valdés,TITULAR,Alineación Inicial,Champions
2331343780,"Tuesday February 23, 2010",Stuttgart,0,Xavi,TITULAR,Alineación Inicial,Champions
4149006342,"Tuesday October 2, 2007",Stuttgart,0,Éric Abidal,TITULAR,Alineación Inicial,Champions
4149006342,"Tuesday October 2, 2007",Stuttgart,0,Deco,TITULAR,Alineación Inicial,Champions
4149006342,"Tuesday October 2, 2007",Stuttgart,0,Thierry Henry,TITULAR,Alineación Inicial,Champions
4149006342,"Tuesday October 2, 2007",Stuttgart,0,Andrés Iniesta,TITULAR,Alineación Inicial,Champions
4149006342,"Tuesday October 2, 2007",Stuttgart,0,Rafael Márquez,TITULAR,Alineación Inicial,Champions
4149006342,"Tuesday October 2, 2007",Stuttgart,0,Lionel Messi,TITULAR,Alineación Inicial,Champions
4149006342,"Tuesday October 2, 2007",Stuttgart,0,Oleguer Presas,TITULAR,Alineación Inicial,Champions
4149006342,"Tuesday October 2, 2007",Stuttgart,0,Ronaldinho,TITULAR,Alineación Inicial,Champions
4149006342,"Tuesday October 2, 2007",Stuttgart,0,Lilian Thuram,TITULAR,Alineación Inicial,Champions
4149006342,"Tuesday October 2, 2007",Stuttgart,0,Víctor Valdés,TITULAR,Alineación Inicial,Champions
4149006342,"Tuesday October 2, 2007",Stuttgart,0,Xavi,TITULAR,Alineación Inicial,Champions
1259345010,"Wednesday October 3, 2018",Tottenham Hotspur,0,Philippe Coutinho,TITULAR,Alineación Inicial,Champions
1259345010,"Wednesday October 3, 2018",Tottenham Hotspur,0,Luis Suárez,TITULAR,Alineación Inicial,Champions
1259345010,"Wednesday October 3, 2018",Tottenham Hotspur,0,Lionel Messi,TITULAR,Alineación Inicial,Champions
1259345010,"Wednesday October 3, 2018",Tottenham Hotspur,0,Ivan Rakitić,TITULAR,Alineación Inicial,Champions
1259345010,"Wednesday October 3, 2018",Tottenham Hotspur,0,Sergio Busquets,TITULAR,Alineación Inicial,Champions
1259345010,"Wednesday October 3, 2018",Tottenham Hotspur,0,Arthur Melo,TITULAR,Alineación Inicial,Champions
1259345010,"Wednesday October 3, 2018",Tottenham Hotspur,0,Jordi Alba,TITULAR,Alineación Inicial,Champions
1259345010,"Wednesday October 3, 2018",Tottenham Hotspur,0,Clément Lenglet,TITULAR,Alineación Inicial,Champions
1259345010,"Wednesday October 3, 2018",Tottenham Hotspur,0,Gerard Piqué,TITULAR,Alineación Inicial,Champions
1259345010,"Wednesday October 3, 2018",Tottenham Hotspur,0,Nélson Semedo,TITULAR,Alineación Inicial,Champions
1259345010,"Wednesday October 3, 2018",Tottenham Hotspur,0,Marc-André ter Stegen,TITULAR,Alineación Inicial,Champions
2863598613,"Wednesday December 7, 2005",Udinese,0,Juliano Belletti,TITULAR,Alineación Inicial,Champions
2863598613,"Wednesday December 7, 2005",Udinese,0,Giovanni van Bronckhorst,TITULAR,Alineación Inicial,Champions
2863598613,"Wednesday December 7, 2005",Udinese,0,Deco,TITULAR,Alineación Inicial,Champions
2863598613,"Wednesday December 7, 2005",Udinese,0,Edmílson,TITULAR,Alineación Inicial,Champions
2863598613,"Wednesday December 7, 2005",Udinese,0,Santiago Ezquerro,TITULAR,Alineación Inicial,Champions
2863598613,"Wednesday December 7, 2005",Udinese,0,Gabri García,TITULAR,Alineación Inicial,Champions
2863598613,"Wednesday December 7, 2005",Udinese,0,Ludovic Giuly,TITULAR,Alineación Inicial,Champions
2863598613,"Wednesday December 7, 2005",Udinese,0,Albert Jorquera,TITULAR,Alineación Inicial,Champions
2863598613,"Wednesday December 7, 2005",Udinese,0,Henrik Larsson,TITULAR,Alineación Inicial,Champions
2863598613,"Wednesday December 7, 2005",Udinese,0,Oleguer Presas,TITULAR,Alineación Inicial,Champions
2863598613,"Wednesday December 7, 2005",Udinese,0,Carles Puyol,TITULAR,Alineación Inicial,Champions
698832190,"Tuesday November 1, 2011",Viktoria Plzeň,0,Éric Abidal,TITULAR,Alineación Inicial,Champions
698832190,"Tuesday November 1, 2011",Viktoria Plzeň,0,Adriano,TITULAR,Alineación Inicial,Champions
698832190,"Tuesday November 1, 2011",Viktoria Plzeň,0,Thiago Alcántara,TITULAR,Alineación Inicial,Champions
698832190,"Tuesday November 1, 2011",Viktoria Plzeň,0,Dani Alves,TITULAR,Alineación Inicial,Champions
698832190,"Tuesday November 1, 2011",Viktoria Plzeň,0,Sergio Busquets,TITULAR,Alineación Inicial,Champions
698832190,"Tuesday November 1, 2011",Viktoria Plzeň,0,Isaac Cuenca,TITULAR,Alineación Inicial,Champions
698832190,"Tuesday November 1, 2011",Viktoria Plzeň,0,Cesc Fàbregas,TITULAR,Alineación Inicial,Champions
698832190,"Tuesday November 1, 2011",Viktoria Plzeň,0,Lionel Messi,TITULAR,Alineación Inicial,Champions
698832190,"Tuesday November 1, 2011",Viktoria Plzeň,0,Gerard Piqué,TITULAR,Alineación Inicial,Champions
698832190,"Tuesday November 1, 2011",Viktoria Plzeň,0,Carles Puyol,TITULAR,Alineación Inicial,Champions
698832190,"Tuesday November 1, 2011",Viktoria Plzeň,0,Víctor Valdés,TITULAR,Alineación Inicial,Champions
1285760224,"Wednesday September 14, 2005",Werder Bremen,0,Juliano Belletti,TITULAR,Alineación Inicial,Champions
1285760224,"Wednesday September 14, 2005",Werder Bremen,0,Giovanni van Bronckhorst,TITULAR,Alineación Inicial,Champions
1285760224,"Wednesday September 14, 2005",Werder Bremen,0,Deco,TITULAR,Alineación Inicial,Champions
1285760224,"Wednesday September 14, 2005",Werder Bremen,0,Samuel Eto'o,TITULAR,Alineación Inicial,Champions
1285760224,"Wednesday September 14, 2005",Werder Bremen,0,Ludovic Giuly,TITULAR,Alineación Inicial,Champions
1285760224,"Wednesday September 14, 2005",Werder Bremen,0,Rafael Márquez,TITULAR,Alineación Inicial,Champions
1285760224,"Wednesday September 14, 2005",Werder Bremen,0,Oleguer Presas,TITULAR,Alineación Inicial,Champions
1285760224,"Wednesday September 14, 2005",Werder Bremen,0,Carles Puyol,TITULAR,Alineación Inicial,Champions
1285760224,"Wednesday September 14, 2005",Werder Bremen,0,Víctor Valdés,TITULAR,Alineación Inicial,Champions
1285760224,"Wednesday September 14, 2005",Werder Bremen,0,Xavi,TITULAR,Alineación Inicial,Champions
