match_id,match_date,kick_off,home_score,away_score,match_status,match_status_360,last_updated,last_updated_360,match_week,competition.competition_id,competition.country_name,competition.competition_name,season.season_id,season.season_name,home_team.home_team_id,home_team.home_team_name,home_team.home_team_gender,home_team.home_team_group,home_team.country.id,home_team.country.name,home_team.managers,away_team.away_team_id,away_team.away_team_name,away_team.away_team_gender,away_team.away_team_group,away_team.country.id,away_team.country.name,away_team.managers,metadata.data_version,metadata.shot_fidelity_version,metadata.xy_fidelity_version,competition_stage.id,competition_stage.name,stadium.id,stadium.name,stadium.country.id,stadium.country.name,referee.id,referee.name,referee.country.id,referee.country.name
22912,2019-06-01,21:00:00.000,0,2,available,scheduled,2022-11-28T14:45:35.628134,2021-06-13T16:17:31.694,13,16,Europe,Champions League,4,2018/2019,38,Tottenham Hotspur,male,,68,England,"[{'id': 81, 'name': 'Mauricio Roberto Pochettino Trossero', 'nickname': 'Mauricio Pochettino', 'dob': '1972-03-02', 'country': {'id': 11, 'name': 'Argentina'}}]",24,Liverpool,male,,68,England,"[{'id': 94, 'name': 'Jürgen Klopp', 'nickname': None, 'dob': '1967-06-16', 'country': {'id': 85, 'name': 'Germany'}}]",1.1.0,2,2,26,Final,4654,	Estádio Cívitas Metropolitano,214,Spain,420.0,Damir Skomina,208.0,Slovenia
18245,2018-05-26,20:45:00.000,3,1,available,scheduled,2021-01-23T21:55:30.425330,2021-06-13T16:17:31.694,7,16,Europe,Champions League,1,2017/2018,220,Real Madrid,male,,214,Spain,"[{'id': 56, 'name': 'Zinédine Zidane', 'nickname': None, 'dob': '1972-06-23', 'country': {'id': 78, 'name': 'France'}}]",24,Liverpool,male,,68,England,"[{'id': 94, 'name': 'Jürgen Klopp', 'nickname': None, 'dob': '1967-06-16', 'country': {'id': 85, 'name': 'Germany'}}]",1.1.0,2,2,26,Final,4222,NSK Olimpiyskyi,238,Ukraine,727.0,Milorad Mažić,203.0,Serbia
18244,2017-06-03,20:45:00.000,1,4,available,scheduled,2020-07-29T05:00,2021-06-13T16:17:31.694,7,16,Europe,Champions League,2,2016/2017,224,Juventus,male,,112,Italy,"[{'id': 181, 'name': 'Massimiliano Allegri', 'nickname': None, 'dob': '1967-08-11', 'country': {'id': 112, 'name': 'Italy'}}]",220,Real Madrid,male,,214,Spain,"[{'id': 56, 'name': 'Zinédine Zidane', 'nickname': None, 'dob': '1972-06-23', 'country': {'id': 78, 'name': 'France'}}]",1.0.3,,,26,Final,113891,Principality Stadium,249,Wales,186.0,Felix Brych,85.0,Germany
18243,2016-05-28,20:45:00.000,1,1,available,scheduled,2020-07-29T05:00,2021-06-13T16:17:31.694,1,16,Europe,Champions League,27,2015/2016,220,Real Madrid,male,,214,Spain,"[{'id': 56, 'name': 'Zinédine Zidane', 'nickname': None, 'dob': '1972-06-23', 'country': {'id': 78, 'name': 'France'}}]",212,Atlético Madrid,male,,214,Spain,"[{'id': 230, 'name': 'Diego Pablo Simeone', 'nickname': 'Diego Simeone', 'dob': '1970-04-28', 'country': {'id': 11, 'name': 'Argentina'}}]",1.0.3,,,26,Final,388,Stadio Giuseppe Meazza    ,112,Italy,728.0,Mark Clattenburg,68.0,England
18242,2015-06-06,20:45:00.000,1,3,available,scheduled,2020-07-29T05:00,2021-06-13T16:17:31.694,1,16,Europe,Champions League,26,2014/2015,224,Juventus,male,,112,Italy,"[{'id': 181, 'name': 'Massimiliano Allegri', 'nickname': None, 'dob': '1967-08-11', 'country': {'id': 112, 'name': 'Italy'}}]",217,Barcelona,male,,214,Spain,"[{'id': 793, 'name': 'Luis Enrique Martínez García', 'nickname': 'Luis Enrique', 'dob': '1970-05-08', 'country': {'id': 214, 'name': 'Spain'}}]",1.0.3,,,26,Final,367,Olympiastadion Berlin,85,Germany,581.0,Cüneyt Çakιr,233.0,Turkey
18241,2014-05-24,20:45:00.000,4,1,available,scheduled,2020-07-29T05:00,2021-06-13T16:17:31.694,1,16,Europe,Champions League,25,2013/2014,220,Real Madrid,male,,214,Spain,"[{'id': 414, 'name': 'Carlo Ancelotti', 'nickname': None, 'dob': '1959-06-10', 'country': {'id': 112, 'name': 'Italy'}}]",212,Atlético Madrid,male,,214,Spain,"[{'id': 230, 'name': 'Diego Pablo Simeone', 'nickname': 'Diego Simeone', 'dob': '1970-04-28', 'country': {'id': 11, 'name': 'Argentina'}}]",1.0.3,,,26,Final,611,Estádio do Sport Lisboa e Benfica,183,Portugal,287.0,Björn Kuipers,160.0,Netherlands
18240,2013-05-25,20:45:00.000,1,2,available,scheduled,2021-07-10T13:41:45.751,2021-06-13T16:17:31.694,1,16,Europe,Champions League,24,2012/2013,180,Borussia Dortmund,male,,85,Germany,"[{'id': 94, 'name': 'Jürgen Klopp', 'nickname': None, 'dob': '1967-06-16', 'country': {'id': 85, 'name': 'Germany'}}]",169,Bayern Munich,male,,85,Germany,"[{'id': 444, 'name': 'Josef Heynckes', 'nickname': None, 'dob': '1945-05-09', 'country': {'id': 85, 'name': 'Germany'}}]",1.0.3,,,26,Final,4666,Wembley Stadium,68,England,419.0,Nicola Rizzoli,112.0,Italy
18237,2012-05-19,20:45:00.000,1,1,available,scheduled,2020-07-29T05:00,2021-06-13T16:17:31.694,1,16,Europe,Champions League,23,2011/2012,169,Bayern Munich,male,,85,Germany,"[{'id': 444, 'name': 'Josef Heynckes', 'nickname': None, 'dob': '1945-05-09', 'country': {'id': 85, 'name': 'Germany'}}]",33,Chelsea,male,,68,England,"[{'id': 789, 'name': 'Roberto Di Matteo', 'nickname': None, 'dob': '1970-05-29', 'country': {'id': 112, 'name': 'Italy'}}]",1.0.3,,,26,Final,4867,Allianz Arena,85,Germany,717.0,Pedro Proença,183.0,Portugal
18236,2011-05-28,20:45:00.000,3,1,available,scheduled,2022-01-26T21:07:11.033473,2021-06-13T16:17:31.694,1,16,Europe,Champions League,22,2010/2011,217,Barcelona,male,,214,Spain,"[{'id': 36, 'name': 'Josep Guardiola i Sala', 'nickname': 'Pep Guardiola', 'dob': '1971-01-18', 'country': {'id': 214, 'name': 'Spain'}}]",39,Manchester United,male,,68,England,"[{'id': 790, 'name': 'Alex Ferguson', 'nickname': None, 'dob': '1941-12-31', 'country': {'id': 201, 'name': 'Scotland'}}]",1.0.3,,,26,Final,4666,Wembley Stadium,68,England,449.0,Viktor Kassai,103.0,Hungary
18235,2010-05-22,20:45:00.000,0,2,available,scheduled,2022-11-15T17:26:10.871011,2021-06-13T16:17:31.694,1,16,Europe,Champions League,21,2009/2010,169,Bayern Munich,male,,85,Germany,"[{'id': 788, 'name': 'Louis van Gaal', 'nickname': None, 'dob': '1951-08-08', 'country': {'id': 160, 'name': 'Netherlands'}}]",238,Inter Milan,male,,112,Italy,"[{'id': 383, 'name': 'José Mario Felix dos Santos Mourinho', 'nickname': 'José Mourinho', 'dob': '1963-01-26', 'country': {'id': 183, 'name': 'Portugal'}}]",1.0.3,,,26,Final,353,Estadio Santiago Bernabéu,214,Spain,708.0,Howard Webb,68.0,England
3750201,2009-05-27,20:45:00.000,2,0,available,scheduled,2021-11-07T14:20:01.699993,2021-06-13T16:17:31.694,1,16,Europe,Champions League,41,2008/2009,217,Barcelona,male,,214,Spain,"[{'id': 36, 'name': 'Josep Guardiola i Sala', 'nickname': 'Pep Guardiola', 'dob': '1971-01-18', 'country': {'id': 214, 'name': 'Spain'}}]",39,Manchester United,male,,68,England,"[{'id': 790, 'name': 'Alex Ferguson', 'nickname': None, 'dob': '1941-12-31', 'country': {'id': 201, 'name': 'Scotland'}}]",1.1.0,2,2,26,Final,381,Estadio Olímpico,112,Italy,705.0,Massimo Busacca,221.0,Switzerland
3750200,2007-05-23,20:45:00.000,2,1,available,scheduled,2021-03-31T04:18:30.437060,2021-06-13T16:17:31.694,1,16,Europe,Champions League,39,2006/2007,243,AC Milan,male,,112,Italy,"[{'id': 414, 'name': 'Carlo Ancelotti', 'nickname': None, 'dob': '1959-06-10', 'country': {'id': 112, 'name': 'Italy'}}]",24,Liverpool,male,,68,England,"[{'id': 148, 'name': 'Rafael Benítez Maudes', 'nickname': 'Rafael Benítez', 'dob': '1960-04-16', 'country': {'id': 214, 'name': 'Spain'}}]",1.1.0,2,2,26,Final,1454,Olympiako Stadio Spyros Louis,88,Greece,700.0,Herbert Fandel,85.0,Germany
2302764,2005-05-25,,3,3,available,scheduled,2021-04-01T06:18:57.459032,2021-06-13T16:17:31.694,1,16,Europe,Champions League,37,2004/2005,243,AC Milan,male,,112,Italy,,24,Liverpool,male,,68,England,,1.1.0,2,2,26,Final,5666,Atatürk Olimpiyat Stadı,233,Turkey,,,,
3752619,2004-05-26,,0,3,available,scheduled,2020-07-29T05:00,2021-06-13T16:17:31.694,1,16,Europe,Champions League,44,2003/2004,129,AS Monaco,male,,150,Monaco,,256,FC Porto,male,,183,Portugal,,1.1.0,2,2,26,Final,370,VELTINS-Arena,85,Germany,,,,
3750240,1999-11-23,,2,0,available,scheduled,2020-07-29T05:00,2021-06-13T16:17:31.694,1,16,Europe,Champions League,76,1999/2000,239,Fiorentina,male,,112,Italy,,39,Manchester United,male,,68,England,,1.1.0,2,2,34,1st Round,386,Stadio Artemio Franchi    	,112,Italy,1925.0,Bernd Heynemann,85.0,Germany
3888706,1973-05-30,22:30:00.000,1,0,available,unscheduled,2023-07-06T12:49:07.467625,,1,16,Europe,Champions League,277,1972/1973,806,Ajax,male,,160,Netherlands,"[{'id': 1001760, 'name': 'Ștefan Kovács', 'nickname': None, 'dob': '1920-10-02', 'country': {'id': 187, 'name': 'Romania'}}]",224,Juventus,male,,112,Italy,"[{'id': 1003281, 'name': 'Cestmir Vycpalek', 'nickname': None, 'dob': '1921-05-15', 'country': {'id': 60, 'name': 'Czech Republic'}}]",1.1.0,2,2,26,Final,4080,Stadion Rajko Mitić,203,Serbia,,,,
3750235,1972-05-31,,2,0,available,scheduled,2020-07-29T05:00,2021-06-13T16:17:31.694,13,16,Europe,Champions League,71,1971/1972,806,Ajax,male,,160,Netherlands,,238,Inter Milan,male,,112,Italy,,1.1.0,2,2,26,Final,398,Stadion Feijenoord,160,Netherlands,1920.0,Robert Helies,78.0,France
3888711,1971-06-02,22:45:00.000,2,0,available,unscheduled,2023-07-06T12:50:01.961048,,1,16,Europe,Champions League,276,1970/1971,806,Ajax,male,,160,Netherlands,"[{'id': 1003270, 'name': 'Rinus Michels', 'nickname': None, 'dob': '1928-02-09', 'country': {'id': 160, 'name': 'Netherlands'}}]",952,Panathinaikos,male,,88,Greece,"[{'id': 1003271, 'name': 'Ferenc Puskás', 'nickname': None, 'dob': '1927-04-01', 'country': {'id': 103, 'name': 'Hungary'}}]",1.1.0,2,2,26,Final,4666,Wembley Stadium,68,England,1009028.0,Jack Taylor,68.0,England
3773386,2020-10-31,21:00:00.000,1,1,available,available,2023-07-25T03:54:59.280826,2023-07-25T04:25:41.348202,8,11,Spain,La Liga,90,2020/2021,206,Deportivo Alavés,male,,214,Spain,"[{'id': 234, 'name': 'Pablo Javier Machín Díez', 'nickname': 'Pablo Machín', 'dob': '1975-04-07', 'country': {'id': 214, 'name': 'Spain'}}]",217,Barcelona,male,,214,Spain,"[{'id': 676, 'name': 'Ronald Koeman', 'nickname': None, 'dob': '1963-03-21', 'country': {'id': 160, 'name': 'Netherlands'}}]",1.1.0,2,2,1,Regular Season,348,Estadio de Mendizorroza,214,Spain,,,,
3773565,2021-01-09,18:30:00.000,0,4,available,available,2023-07-25T03:51:37.437064,2023-07-25T04:30:16.058384,18,11,Spain,La Liga,90,2020/2021,1049,Granada,male,,214,Spain,"[{'id': 1597, 'name': 'Diego Martínez Penas', 'nickname': None, 'dob': '1980-12-16', 'country': {'id': 214, 'name': 'Spain'}}]",217,Barcelona,male,,214,Spain,"[{'id': 676, 'name': 'Ronald Koeman', 'nickname': None, 'dob': '1963-03-21', 'country': {'id': 160, 'name': 'Netherlands'}}]",1.1.0,2,2,1,Regular Season,4667,Estadio Nuevo Los Cármenes,214,Spain,2602.0,Ricardo De Burgos Bengoetxea,214.0,Spain
3773457,2021-05-16,18:30:00.000,1,2,available,available,2022-12-02T09:26:39.496362,2023-04-27T23:03:53.506485,37,11,Spain,La Liga,90,2020/2021,217,Barcelona,male,,214,Spain,"[{'id': 676, 'name': 'Ronald Koeman', 'nickname': None, 'dob': '1963-03-21', 'country': {'id': 160, 'name': 'Netherlands'}}]",209,Celta Vigo,male,,214,Spain,"[{'id': 2886, 'name': 'Eduardo Germán Coudet', 'nickname': 'Eduardo Coudet', 'dob': '1974-09-12', 'country': {'id': 11, 'name': 'Argentina'}}]",1.1.0,2,2,1,Regular Season,342,Spotify Camp Nou,214,Spain,,,,
3773631,2021-02-07,21:00:00.000,2,3,available,available,2023-07-25T03:47:44.278651,2023-07-25T03:56:34.733180,22,11,Spain,La Liga,90,2020/2021,218,Real Betis,male,,214,Spain,"[{'id': 733, 'name': 'Manuel Luis Pellegrini Ripamonti', 'nickname': 'Manuel Pellegrini', 'dob': '1953-09-16', 'country': {'id': 45, 'name': 'Chile'}}]",217,Barcelona,male,,214,Spain,"[{'id': 676, 'name': 'Ronald Koeman', 'nickname': None, 'dob': '1963-03-21', 'country': {'id': 160, 'name': 'Netherlands'}}]",1.1.0,2,2,1,Regular Season,352,Estadio Benito Villamarín,214,Spain,,,,
3773665,2021-03-06,21:00:00.000,0,2,available,available,2022-12-02T08:46:42.897589,2023-04-28T02:57:03.412841,26,11,Spain,La Liga,90,2020/2021,422,Osasuna,male,,214,Spain,"[{'id': 1592, 'name': 'Jagoba Arrasate Elustondo', 'nickname': 'Jagoba Arrasate', 'dob': '1978-04-22', 'country': {'id': 214, 'name': 'Spain'}}]",217,Barcelona,male,,214,Spain,"[{'id': 676, 'name': 'Ronald Koeman', 'nickname': None, 'dob': '1963-03-21', 'country': {'id': 160, 'name': 'Netherlands'}}]",1.1.0,2,2,1,Regular Season,4650,Estadio El Sadar,214,Spain,2402.0,Guillermo Cuadra Fernández,214.0,Spain
3773497,2021-04-10,21:00:00.000,2,1,available,available,2022-12-02T09:04:21.859831,2023-04-28T01:35:16.051381,30,11,Spain,La Liga,90,2020/2021,220,Real Madrid,male,,214,Spain,"[{'id': 56, 'name': 'Zinédine Zidane', 'nickname': None, 'dob': '1972-06-23', 'country': {'id': 78, 'name': 'France'}}]",217,Barcelona,male,,214,Spain,"[{'id': 676, 'name': 'Ronald Koeman', 'nickname': None, 'dob': '1963-03-21', 'country': {'id': 160, 'name': 'Netherlands'}}]",1.1.0,2,2,1,Regular Season,5341,Estadio Alfredo Di Stéfano,214,Spain,183.0,Jesús Gil Manzano,214.0,Spain
3773660,2020-12-13,21:00:00.000,1,0,available,available,2022-12-01T14:49:02.748131,2023-04-28T06:01:10.173360,13,11,Spain,La Liga,90,2020/2021,217,Barcelona,male,,214,Spain,"[{'id': 676, 'name': 'Ronald Koeman', 'nickname': None, 'dob': '1963-03-21', 'country': {'id': 160, 'name': 'Netherlands'}}]",221,Levante UD,male,,214,Spain,"[{'id': 219, 'name': 'Francisco José López Fernández', 'nickname': 'Paco López', 'dob': '1967-09-19', 'country': {'id': 214, 'name': 'Spain'}}]",1.1.0,2,2,1,Regular Season,342,Spotify Camp Nou,214,Spain,2602.0,Ricardo De Burgos Bengoetxea,214.0,Spain
3773593,2020-09-27,21:00:00.000,4,0,available,available,2023-07-25T04:01:57.790373,2023-07-25T04:44:03.367478,3,11,Spain,La Liga,90,2020/2021,217,Barcelona,male,,214,Spain,"[{'id': 676, 'name': 'Ronald Koeman', 'nickname': None, 'dob': '1963-03-21', 'country': {'id': 160, 'name': 'Netherlands'}}]",222,Villarreal,male,,214,Spain,"[{'id': 21, 'name': 'Unai Emery Etxegoien', 'nickname': 'Unai Emery', 'dob': '1971-11-03', 'country': {'id': 214, 'name': 'Spain'}}]",1.1.0,2,2,1,Regular Season,342,Spotify Camp Nou,214,Spain,2402.0,Guillermo Cuadra Fernández,214.0,Spain
3773466,2020-10-01,21:30:00.000,0,3,available,available,2023-07-25T03:55:25.794505,2023-07-25T04:40:53.635540,4,11,Spain,La Liga,90,2020/2021,209,Celta Vigo,male,,214,Spain,"[{'id': 430, 'name': 'Óscar García Junyent', 'nickname': 'Óscar García', 'dob': '1973-04-26', 'country': {'id': 214, 'name': 'Spain'}}]",217,Barcelona,male,,214,Spain,"[{'id': 676, 'name': 'Ronald Koeman', 'nickname': None, 'dob': '1963-03-21', 'country': {'id': 160, 'name': 'Netherlands'}}]",1.1.0,2,2,1,Regular Season,653,Abanca-Balaídos,214,Spain,2728.0,Carlos del Cerro Grande,214.0,Spain
3773585,2020-10-24,16:00:00.000,1,3,available,available,2023-07-25T03:53:35.185506,2023-07-25T04:29:21.140321,7,11,Spain,La Liga,90,2020/2021,217,Barcelona,male,,214,Spain,"[{'id': 676, 'name': 'Ronald Koeman', 'nickname': None, 'dob': '1963-03-21', 'country': {'id': 160, 'name': 'Netherlands'}}]",220,Real Madrid,male,,214,Spain,"[{'id': 56, 'name': 'Zinédine Zidane', 'nickname': None, 'dob': '1972-06-23', 'country': {'id': 78, 'name': 'France'}}]",1.1.0,2,2,1,Regular Season,342,Spotify Camp Nou,214,Spain,2434.0,Juan Martínez Munuera,214.0,Spain
3773552,2021-01-03,21:00:00.000,0,1,available,available,2021-05-09T12:03:31.185940,2022-08-04T12:00,17,11,Spain,La Liga,90,2020/2021,902,Huesca,male,,214,Spain,"[{'id': 766, 'name': 'Miguel Ángel Sánchez Muñoz', 'nickname': 'Míchel', 'dob': '1975-10-30', 'country': {'id': 214, 'name': 'Spain'}}]",217,Barcelona,male,,214,Spain,"[{'id': 676, 'name': 'Ronald Koeman', 'nickname': None, 'dob': '1963-03-21', 'country': {'id': 160, 'name': 'Netherlands'}}]",1.1.0,2,2,1,Regular Season,624,Estadio El Alcoraz,214,Spain,2402.0,Guillermo Cuadra Fernández,214.0,Spain
3773672,2020-10-04,21:00:00.000,1,1,available,available,2023-07-25T03:58:44.264327,2023-07-25T04:37:23.452819,5,11,Spain,La Liga,90,2020/2021,217,Barcelona,male,,214,Spain,"[{'id': 676, 'name': 'Ronald Koeman', 'nickname': None, 'dob': '1963-03-21', 'country': {'id': 160, 'name': 'Netherlands'}}]",213,Sevilla,male,,214,Spain,"[{'id': 741, 'name': 'Julen Lopetegui Argote', 'nickname': 'Julen Lopetegui', 'dob': '1966-08-28', 'country': {'id': 214, 'name': 'Spain'}}]",1.1.0,2,2,1,Regular Season,342,Spotify Camp Nou,214,Spain,183.0,Jesús Gil Manzano,214.0,Spain
3773587,2020-10-17,21:00:00.000,1,0,available,available,2023-07-25T04:01:45.160583,2023-07-25T04:34:28.413719,6,11,Spain,La Liga,90,2020/2021,216,Getafe,male,,214,Spain,"[{'id': 228, 'name': 'José Bordalás Jiménez', 'nickname': 'Pepe Bordalás', 'dob': '1964-03-05', 'country': {'id': 214, 'name': 'Spain'}}]",217,Barcelona,male,,214,Spain,"[{'id': 676, 'name': 'Ronald Koeman', 'nickname': None, 'dob': '1963-03-21', 'country': {'id': 160, 'name': 'Netherlands'}}]",1.1.0,2,2,1,Regular Season,354,Coliseum Alfonso Pérez,214,Spain,2470.0,César Soto Grado,214.0,Spain
3773656,2020-11-21,21:00:00.000,1,0,available,available,2020-11-24T06:29:13.401420,2022-08-04T12:00,10,11,Spain,La Liga,90,2020/2021,212,Atlético Madrid,male,,214,Spain,"[{'id': 230, 'name': 'Diego Pablo Simeone', 'nickname': 'Diego Simeone', 'dob': '1970-04-28', 'country': {'id': 11, 'name': 'Argentina'}}]",217,Barcelona,male,,214,Spain,"[{'id': 676, 'name': 'Ronald Koeman', 'nickname': None, 'dob': '1963-03-21', 'country': {'id': 160, 'name': 'Netherlands'}}]",1.1.0,2,2,1,Regular Season,4654,	Estádio Cívitas Metropolitano,214,Spain,,,,
3773377,2020-12-19,16:15:00.000,2,2,available,available,2023-07-25T03:50:34.381454,2023-07-25T03:51:52.970329,14,11,Spain,La Liga,90,2020/2021,217,Barcelona,male,,214,Spain,"[{'id': 676, 'name': 'Ronald Koeman', 'nickname': None, 'dob': '1963-03-21', 'country': {'id': 160, 'name': 'Netherlands'}}]",207,Valencia,male,,214,Spain,"[{'id': 188, 'name': 'Javier Gracia Carlos', 'nickname': 'Javi Gracia', 'dob': '1970-05-01', 'country': {'id': 214, 'name': 'Spain'}}]",1.1.0,2,2,1,Regular Season,342,Spotify Camp Nou,214,Spain,2608.0,Alejandro José Hernández Hernández,214.0,Spain
3773586,2021-04-29,19:00:00.000,1,2,available,available,2021-07-06T16:43:21.218,2022-08-04T12:00,33,11,Spain,La Liga,90,2020/2021,217,Barcelona,male,,214,Spain,"[{'id': 676, 'name': 'Ronald Koeman', 'nickname': None, 'dob': '1963-03-21', 'country': {'id': 160, 'name': 'Netherlands'}}]",1049,Granada,male,,214,Spain,"[{'id': 1597, 'name': 'Diego Martínez Penas', 'nickname': None, 'dob': '1980-12-16', 'country': {'id': 214, 'name': 'Spain'}}]",1.1.0,2,2,1,Regular Season,342,Spotify Camp Nou,214,Spain,2493.0,Pablo González Fuertes,214.0,Spain
3773372,2021-05-08,16:15:00.000,0,0,available,available,2021-05-10T04:24:10.396826,2022-08-04T12:00,35,11,Spain,La Liga,90,2020/2021,217,Barcelona,male,,214,Spain,"[{'id': 676, 'name': 'Ronald Koeman', 'nickname': None, 'dob': '1963-03-21', 'country': {'id': 160, 'name': 'Netherlands'}}]",212,Atlético Madrid,male,,214,Spain,"[{'id': 230, 'name': 'Diego Pablo Simeone', 'nickname': 'Diego Simeone', 'dob': '1970-04-28', 'country': {'id': 11, 'name': 'Argentina'}}]",1.1.0,2,2,1,Regular Season,342,Spotify Camp Nou,214,Spain,180.0,Antonio Miguel Mateu Lahoz,214.0,Spain
3773387,2021-05-11,22:00:00.000,3,3,available,available,2021-05-13T00:20:44.739341,2022-08-04T12:00,36,11,Spain,La Liga,90,2020/2021,221,Levante UD,male,,214,Spain,"[{'id': 219, 'name': 'Francisco José López Fernández', 'nickname': 'Paco López', 'dob': '1967-09-19', 'country': {'id': 214, 'name': 'Spain'}}]",217,Barcelona,male,,214,Spain,"[{'id': 676, 'name': 'Ronald Koeman', 'nickname': None, 'dob': '1963-03-21', 'country': {'id': 160, 'name': 'Netherlands'}}]",1.1.0,2,2,1,Regular Season,350,Estadio Ciudad de Valencia,214,Spain,2609.0,José Luis Munuera Montero,214.0,Spain
3773695,2021-05-02,21:00:00.000,2,3,available,available,2021-05-07T13:24:24.423335,2022-08-04T12:00,34,11,Spain,La Liga,90,2020/2021,207,Valencia,male,,214,Spain,"[{'id': 188, 'name': 'Javier Gracia Carlos', 'nickname': 'Javi Gracia', 'dob': '1970-05-01', 'country': {'id': 214, 'name': 'Spain'}}]",217,Barcelona,male,,214,Spain,"[{'id': 676, 'name': 'Ronald Koeman', 'nickname': None, 'dob': '1963-03-21', 'country': {'id': 160, 'name': 'Netherlands'}}]",1.1.0,2,2,1,Regular Season,344,Estadio de Mestalla,214,Spain,2625.0,José María Sánchez Martínez,214.0,Spain
3773369,2021-03-15,21:00:00.000,4,1,available,available,2022-12-02T08:56:56.809012,2023-04-28T02:22:22.114288,27,11,Spain,La Liga,90,2020/2021,217,Barcelona,male,,214,Spain,"[{'id': 676, 'name': 'Ronald Koeman', 'nickname': None, 'dob': '1963-03-21', 'country': {'id': 160, 'name': 'Netherlands'}}]",902,Huesca,male,,214,Spain,"[{'id': 1605, 'name': 'Juan José Rojo Martín', 'nickname': 'Pacheta', 'dob': '1968-03-23', 'country': {'id': 214, 'name': 'Spain'}}]",1.1.0,2,2,1,Regular Season,342,Spotify Camp Nou,214,Spain,2559.0,Adrián Cordero Vega,214.0,Spain
3773661,2021-04-22,22:00:00.000,5,2,available,available,2021-04-23T20:17:32.331635,2022-08-04T12:00,31,11,Spain,La Liga,90,2020/2021,217,Barcelona,male,,214,Spain,"[{'id': 676, 'name': 'Ronald Koeman', 'nickname': None, 'dob': '1963-03-21', 'country': {'id': 160, 'name': 'Netherlands'}}]",216,Getafe,male,,214,Spain,"[{'id': 228, 'name': 'José Bordalás Jiménez', 'nickname': 'Pepe Bordalás', 'dob': '1964-03-05', 'country': {'id': 214, 'name': 'Spain'}}]",1.1.0,2,2,1,Regular Season,342,Spotify Camp Nou,214,Spain,866.0,Jorge Figueroa Vázquez,214.0,Spain
3773597,2021-03-21,21:00:00.000,1,6,available,available,2021-03-22T21:28:32.452567,2022-08-04T12:00,28,11,Spain,La Liga,90,2020/2021,210,Real Sociedad,male,,214,Spain,"[{'id': 85, 'name': 'Imanol Alguacil Barrenetxea', 'nickname': 'Imanol Alguacil', 'dob': '1971-07-04', 'country': {'id': 214, 'name': 'Spain'}}]",217,Barcelona,male,,214,Spain,"[{'id': 676, 'name': 'Ronald Koeman', 'nickname': None, 'dob': '1963-03-21', 'country': {'id': 160, 'name': 'Netherlands'}}]",1.1.0,2,2,1,Regular Season,5043,Reale Arena,214,Spain,2609.0,José Luis Munuera Montero,214.0,Spain
3773523,2020-12-16,21:00:00.000,2,1,available,available,2023-07-25T03:54:28.731114,2023-07-25T04:40:11.813772,19,11,Spain,La Liga,90,2020/2021,217,Barcelona,male,,214,Spain,"[{'id': 676, 'name': 'Ronald Koeman', 'nickname': None, 'dob': '1963-03-21', 'country': {'id': 160, 'name': 'Netherlands'}}]",210,Real Sociedad,male,,214,Spain,"[{'id': 85, 'name': 'Imanol Alguacil Barrenetxea', 'nickname': 'Imanol Alguacil', 'dob': '1971-07-04', 'country': {'id': 214, 'name': 'Spain'}}]",1.1.0,2,2,1,Regular Season,342,Spotify Camp Nou,214,Spain,2625.0,José María Sánchez Martínez,214.0,Spain
3773571,2020-12-22,22:00:00.000,0,3,available,available,2022-12-01T14:54:17.777866,2023-04-28T05:40:41.883197,15,11,Spain,La Liga,90,2020/2021,901,Real Valladolid,male,,214,Spain,"[{'id': 576, 'name': 'Sergio González Soriano', 'nickname': 'Sergio', 'dob': '1976-11-10', 'country': {'id': 214, 'name': 'Spain'}}]",217,Barcelona,male,,214,Spain,"[{'id': 676, 'name': 'Ronald Koeman', 'nickname': None, 'dob': '1963-03-21', 'country': {'id': 160, 'name': 'Netherlands'}}]",1.1.0,2,2,1,Regular Season,622,Estadio Municipal José Zorrilla,214,Spain,2692.0,Mario Melero López,214.0,Spain
3773428,2020-12-05,21:00:00.000,2,1,available,available,2023-07-25T03:50:55.226757,2023-07-25T04:44:09.299901,12,11,Spain,La Liga,90,2020/2021,552,Cádiz,male,,214,Spain,"[{'id': 1598, 'name': 'Álvaro Cervera Díaz', 'nickname': 'Álvaro Cervera', 'dob': '1965-09-20', 'country': {'id': 214, 'name': 'Spain'}}]",217,Barcelona,male,,214,Spain,"[{'id': 676, 'name': 'Ronald Koeman', 'nickname': None, 'dob': '1963-03-21', 'country': {'id': 160, 'name': 'Netherlands'}}]",1.1.0,2,2,1,Regular Season,4662,Estadio Nuevo Mirandilla,214,Spain,2470.0,César Soto Grado,214.0,Spain
3764661,2021-01-06,21:00:00.000,2,3,available,available,2021-05-07T04:07:28.081860,2022-08-04T12:00,2,11,Spain,La Liga,90,2020/2021,215,Athletic Club,male,,214,Spain,"[{'id': 211, 'name': 'Marcelino García Toral', 'nickname': 'Marcelino', 'dob': '1965-08-14', 'country': {'id': 214, 'name': 'Spain'}}]",217,Barcelona,male,,214,Spain,"[{'id': 676, 'name': 'Ronald Koeman', 'nickname': None, 'dob': '1963-03-21', 'country': {'id': 160, 'name': 'Netherlands'}}]",1.1.0,2,2,1,Regular Season,345,San Mamés Barria,214,Spain,2728.0,Carlos del Cerro Grande,214.0,Spain
3773526,2021-02-13,21:00:00.000,5,1,available,available,2023-07-25T03:50:51.336686,2023-07-25T04:23:57.898904,23,11,Spain,La Liga,90,2020/2021,217,Barcelona,male,,214,Spain,"[{'id': 676, 'name': 'Ronald Koeman', 'nickname': None, 'dob': '1963-03-21', 'country': {'id': 160, 'name': 'Netherlands'}}]",206,Deportivo Alavés,male,,214,Spain,"[{'id': 187, 'name': 'Abelardo Fernández Antuña', 'nickname': 'Abelardo', 'dob': '1970-04-19', 'country': {'id': 214, 'name': 'Spain'}}]",1.1.0,2,2,1,Regular Season,342,Spotify Camp Nou,214,Spain,866.0,Jorge Figueroa Vázquez,214.0,Spain
3773474,2021-04-05,21:00:00.000,1,0,available,available,2021-04-12T07:10:50.227712,2022-08-04T12:00,29,11,Spain,La Liga,90,2020/2021,217,Barcelona,male,,214,Spain,"[{'id': 676, 'name': 'Ronald Koeman', 'nickname': None, 'dob': '1963-03-21', 'country': {'id': 160, 'name': 'Netherlands'}}]",901,Real Valladolid,male,,214,Spain,"[{'id': 576, 'name': 'Sergio González Soriano', 'nickname': 'Sergio', 'dob': '1976-11-10', 'country': {'id': 214, 'name': 'Spain'}}]",1.1.0,2,2,1,Regular Season,342,Spotify Camp Nou,214,Spain,2575.0,Santiago Jaime Latre,214.0,Spain
3773625,2021-02-27,16:15:00.000,0,2,available,available,2021-11-28T09:47:02.505122,2022-08-04T12:00,25,11,Spain,La Liga,90,2020/2021,213,Sevilla,male,,214,Spain,"[{'id': 741, 'name': 'Julen Lopetegui Argote', 'nickname': 'Julen Lopetegui', 'dob': '1966-08-28', 'country': {'id': 214, 'name': 'Spain'}}]",217,Barcelona,male,,214,Spain,"[{'id': 676, 'name': 'Ronald Koeman', 'nickname': None, 'dob': '1963-03-21', 'country': {'id': 160, 'name': 'Netherlands'}}]",1.1.0,2,2,1,Regular Season,349,Estadio Ramón Sánchez Pizjuán,214,Spain,2608.0,Alejandro José Hernández Hernández,214.0,Spain
3773403,2021-01-31,21:00:00.000,2,1,available,available,2022-12-02T08:36:08.592852,2023-04-28T08:16:45.884638,21,11,Spain,La Liga,90,2020/2021,217,Barcelona,male,,214,Spain,"[{'id': 676, 'name': 'Ronald Koeman', 'nickname': None, 'dob': '1963-03-21', 'country': {'id': 160, 'name': 'Netherlands'}}]",215,Athletic Club,male,,214,Spain,"[{'id': 211, 'name': 'Marcelino García Toral', 'nickname': 'Marcelino', 'dob': '1965-08-14', 'country': {'id': 214, 'name': 'Spain'}}]",1.1.0,2,2,1,Regular Season,342,Spotify Camp Nou,214,Spain,180.0,Antonio Miguel Mateu Lahoz,214.0,Spain
3773547,2020-11-29,14:00:00.000,4,0,available,available,2020-11-30T09:14:36.663981,2022-08-04T12:00,11,11,Spain,La Liga,90,2020/2021,217,Barcelona,male,,214,Spain,"[{'id': 676, 'name': 'Ronald Koeman', 'nickname': None, 'dob': '1963-03-21', 'country': {'id': 160, 'name': 'Netherlands'}}]",422,Osasuna,male,,214,Spain,"[{'id': 1592, 'name': 'Jagoba Arrasate Elustondo', 'nickname': 'Jagoba Arrasate', 'dob': '1978-04-22', 'country': {'id': 214, 'name': 'Spain'}}]",1.1.0,2,2,1,Regular Season,342,Spotify Camp Nou,214,Spain,180.0,Antonio Miguel Mateu Lahoz,214.0,Spain
3773415,2021-02-21,14:00:00.000,1,1,available,available,2023-07-25T03:10:18.051218,2023-07-25T03:17:10.679932,24,11,Spain,La Liga,90,2020/2021,217,Barcelona,male,,214,Spain,"[{'id': 676, 'name': 'Ronald Koeman', 'nickname': None, 'dob': '1963-03-21', 'country': {'id': 160, 'name': 'Netherlands'}}]",552,Cádiz,male,,214,Spain,"[{'id': 1598, 'name': 'Álvaro Cervera Díaz', 'nickname': 'Álvaro Cervera', 'dob': '1965-09-20', 'country': {'id': 214, 'name': 'Spain'}}]",1.1.0,2,2,1,Regular Season,342,Spotify Camp Nou,214,Spain,2434.0,Juan Martínez Munuera,214.0,Spain
3764440,2021-02-24,19:00:00.000,3,0,available,available,2023-07-25T03:06:46.373172,2023-07-25T03:12:39.582957,1,11,Spain,La Liga,90,2020/2021,217,Barcelona,male,,214,Spain,"[{'id': 676, 'name': 'Ronald Koeman', 'nickname': None, 'dob': '1963-03-21', 'country': {'id': 160, 'name': 'Netherlands'}}]",1042,Elche,male,,214,Spain,"[{'id': 509, 'name': 'Francisco Escriba Segura', 'nickname': 'Fran Escribá', 'dob': '1965-05-03', 'country': {'id': 214, 'name': 'Spain'}}]",1.1.0,2,2,1,Regular Season,342,Spotify Camp Nou,214,Spain,2634.0,Isidro Díaz de Mera Escuderos,214.0,Spain
3773689,2021-04-25,16:15:00.000,1,2,available,available,2022-12-02T09:12:52.250855,2023-04-28T00:44:33.357677,32,11,Spain,La Liga,90,2020/2021,222,Villarreal,male,,214,Spain,"[{'id': 21, 'name': 'Unai Emery Etxegoien', 'nickname': 'Unai Emery', 'dob': '1971-11-03', 'country': {'id': 214, 'name': 'Spain'}}]",217,Barcelona,male,,214,Spain,"[{'id': 676, 'name': 'Ronald Koeman', 'nickname': None, 'dob': '1963-03-21', 'country': {'id': 160, 'name': 'Netherlands'}}]",1.1.0,2,2,1,Regular Season,361,Estadio de la Cerámica,214,Spain,2728.0,Carlos del Cerro Grande,214.0,Spain
3773477,2020-11-07,16:15:00.000,5,2,available,available,2023-07-25T03:59:53.393191,2023-07-25T04:21:10.335828,9,11,Spain,La Liga,90,2020/2021,217,Barcelona,male,,214,Spain,"[{'id': 676, 'name': 'Ronald Koeman', 'nickname': None, 'dob': '1963-03-21', 'country': {'id': 160, 'name': 'Netherlands'}}]",218,Real Betis,male,,214,Spain,"[{'id': 733, 'name': 'Manuel Luis Pellegrini Ripamonti', 'nickname': 'Manuel Pellegrini', 'dob': '1953-09-16', 'country': {'id': 45, 'name': 'Chile'}}]",1.1.0,2,2,1,Regular Season,342,Spotify Camp Nou,214,Spain,,,,
303731,2020-02-22,16:00:00.000,5,0,available,scheduled,2020-07-29T05:00,2021-06-13T16:17:31.694,25,11,Spain,La Liga,42,2019/2020,217,Barcelona,male,,214,Spain,"[{'id': 238, 'name': 'Enrique Setién Solar', 'nickname': 'Quique Setién', 'dob': '1958-09-27', 'country': {'id': 214, 'name': 'Spain'}}]",322,Eibar,male,,214,Spain,"[{'id': 221, 'name': 'José Luis Mendilibar Etxebarria', 'nickname': 'José Luis Mendilibar', 'dob': '1961-03-14', 'country': {'id': 214, 'name': 'Spain'}}]",1.1.0,2,2,1,Regular Season,342,Spotify Camp Nou,214,Spain,,,,
303532,2020-06-16,22:00:00.000,2,0,available,scheduled,2022-12-01T10:49:24.173853,2021-06-13T16:17:31.694,29,11,Spain,La Liga,42,2019/2020,217,Barcelona,male,,214,Spain,"[{'id': 238, 'name': 'Enrique Setién Solar', 'nickname': 'Quique Setién', 'dob': '1958-09-27', 'country': {'id': 214, 'name': 'Spain'}}]",205,Leganés,male,,214,Spain,"[{'id': 3196, 'name': 'Javier Aguirre Onaindía', 'nickname': 'Javier Aguirre', 'dob': '1958-12-01', 'country': {'id': 147, 'name': 'Mexico'}}]",1.1.0,2,2,1,Regular Season,342,Spotify Camp Nou,214,Spain,,,,
303516,2020-06-27,17:00:00.000,2,2,available,scheduled,2022-12-01T11:01:34.955134,2021-06-13T16:17:31.694,32,11,Spain,La Liga,42,2019/2020,209,Celta Vigo,male,,214,Spain,"[{'id': 430, 'name': 'Óscar García Junyent', 'nickname': 'Óscar García', 'dob': '1973-04-26', 'country': {'id': 214, 'name': 'Spain'}}]",217,Barcelona,male,,214,Spain,"[{'id': 238, 'name': 'Enrique Setién Solar', 'nickname': 'Quique Setién', 'dob': '1958-09-27', 'country': {'id': 214, 'name': 'Spain'}}]",1.1.0,2,2,1,Regular Season,653,Abanca-Balaídos,214,Spain,,,,
303596,2019-12-18,20:00:00.000,0,0,available,scheduled,2020-07-29T05:00,2021-06-13T16:17:31.694,10,11,Spain,La Liga,42,2019/2020,217,Barcelona,male,,214,Spain,"[{'id': 227, 'name': 'Ernesto Valverde Tejedor', 'nickname': 'Ernesto Valverde', 'dob': '1964-02-09', 'country': {'id': 214, 'name': 'Spain'}}]",220,Real Madrid,male,,214,Spain,"[{'id': 56, 'name': 'Zinédine Zidane', 'nickname': None, 'dob': '1972-06-23', 'country': {'id': 78, 'name': 'France'}}]",1.1.0,2,2,1,Regular Season,342,Spotify Camp Nou,214,Spain,,,,
303430,2019-09-24,21:00:00.000,2,1,available,scheduled,2020-07-29T05:00,2021-06-13T16:17:31.694,6,11,Spain,La Liga,42,2019/2020,217,Barcelona,male,,214,Spain,"[{'id': 227, 'name': 'Ernesto Valverde Tejedor', 'nickname': 'Ernesto Valverde', 'dob': '1964-02-09', 'country': {'id': 214, 'name': 'Spain'}}]",222,Villarreal,male,,214,Spain,"[{'id': 182, 'name': 'Javier Calleja Revilla', 'nickname': 'Javi Calleja', 'dob': '1978-05-12', 'country': {'id': 214, 'name': 'Spain'}}]",1.1.0,2,2,1,Regular Season,342,Spotify Camp Nou,214,Spain,,,,
303725,2020-07-05,22:00:00.000,1,4,available,scheduled,2020-07-29T05:00,2021-06-13T16:17:31.694,34,11,Spain,La Liga,42,2019/2020,222,Villarreal,male,,214,Spain,"[{'id': 182, 'name': 'Javier Calleja Revilla', 'nickname': 'Javi Calleja', 'dob': '1978-05-12', 'country': {'id': 214, 'name': 'Spain'}}]",217,Barcelona,male,,214,Spain,"[{'id': 238, 'name': 'Enrique Setién Solar', 'nickname': 'Quique Setién', 'dob': '1958-09-27', 'country': {'id': 214, 'name': 'Spain'}}]",1.1.0,2,2,1,Regular Season,361,Estadio de la Cerámica,214,Spain,,,,
303504,2019-11-02,16:00:00.000,3,1,available,scheduled,2020-07-29T05:00,2021-06-13T16:17:31.694,12,11,Spain,La Liga,42,2019/2020,221,Levante UD,male,,214,Spain,"[{'id': 219, 'name': 'Francisco José López Fernández', 'nickname': 'Paco López', 'dob': '1967-09-19', 'country': {'id': 214, 'name': 'Spain'}}]",217,Barcelona,male,,214,Spain,"[{'id': 227, 'name': 'Ernesto Valverde Tejedor', 'nickname': 'Ernesto Valverde', 'dob': '1964-02-09', 'country': {'id': 214, 'name': 'Spain'}}]",1.1.0,2,2,1,Regular Season,350,Estadio Ciudad de Valencia,214,Spain,,,,
303451,2019-12-07,21:00:00.000,5,2,available,scheduled,2020-07-29T05:00,2021-06-13T16:17:31.694,16,11,Spain,La Liga,42,2019/2020,217,Barcelona,male,,214,Spain,"[{'id': 227, 'name': 'Ernesto Valverde Tejedor', 'nickname': 'Ernesto Valverde', 'dob': '1964-02-09', 'country': {'id': 214, 'name': 'Spain'}}]",1043,Mallorca,male,,214,Spain,"[{'id': 1603, 'name': 'Vicente Moreno Peris', 'nickname': 'Vicente Moreno', 'dob': '1974-10-26', 'country': {'id': 214, 'name': 'Spain'}}]",1.1.0,2,2,1,Regular Season,342,Spotify Camp Nou,214,Spain,,,,
303664,2019-12-14,16:00:00.000,2,2,available,scheduled,2020-07-29T05:00,2021-06-13T16:17:31.694,17,11,Spain,La Liga,42,2019/2020,210,Real Sociedad,male,,214,Spain,"[{'id': 85, 'name': 'Imanol Alguacil Barrenetxea', 'nickname': 'Imanol Alguacil', 'dob': '1971-07-04', 'country': {'id': 214, 'name': 'Spain'}}]",217,Barcelona,male,,214,Spain,"[{'id': 227, 'name': 'Ernesto Valverde Tejedor', 'nickname': 'Ernesto Valverde', 'dob': '1964-02-09', 'country': {'id': 214, 'name': 'Spain'}}]",1.1.0,2,2,1,Regular Season,5043,Reale Arena,214,Spain,,,,
303682,2020-02-02,21:00:00.000,2,1,available,scheduled,2022-11-12T01:17:24.133378,2021-06-13T16:17:31.694,22,11,Spain,La Liga,42,2019/2020,217,Barcelona,male,,214,Spain,"[{'id': 238, 'name': 'Enrique Setién Solar', 'nickname': 'Quique Setién', 'dob': '1958-09-27', 'country': {'id': 214, 'name': 'Spain'}}]",221,Levante UD,male,,214,Spain,"[{'id': 219, 'name': 'Francisco José López Fernández', 'nickname': 'Paco López', 'dob': '1967-09-19', 'country': {'id': 214, 'name': 'Spain'}}]",1.1.0,2,2,1,Regular Season,342,Spotify Camp Nou,214,Spain,,,,
303400,2020-01-25,16:00:00.000,2,0,available,scheduled,2020-07-29T05:00,2021-06-13T16:17:31.694,21,11,Spain,La Liga,42,2019/2020,207,Valencia,male,,214,Spain,"[{'id': 3580, 'name': 'Albert Celades López', 'nickname': 'Albert Celades', 'dob': '1975-09-29', 'country': {'id': 214, 'name': 'Spain'}}]",217,Barcelona,male,,214,Spain,"[{'id': 238, 'name': 'Enrique Setién Solar', 'nickname': 'Quique Setién', 'dob': '1958-09-27', 'country': {'id': 214, 'name': 'Spain'}}]",1.1.0,2,2,1,Regular Season,344,Estadio de Mestalla,214,Spain,183.0,Jesús Gil Manzano,214.0,Spain
303634,2020-07-16,21:00:00.000,1,2,available,scheduled,2020-09-18T13:16:12.825671,2021-06-13T16:17:31.694,37,11,Spain,La Liga,42,2019/2020,217,Barcelona,male,,214,Spain,"[{'id': 238, 'name': 'Enrique Setién Solar', 'nickname': 'Quique Setién', 'dob': '1958-09-27', 'country': {'id': 214, 'name': 'Spain'}}]",422,Osasuna,male,,214,Spain,"[{'id': 1592, 'name': 'Jagoba Arrasate Elustondo', 'nickname': 'Jagoba Arrasate', 'dob': '1978-04-22', 'country': {'id': 214, 'name': 'Spain'}}]",1.1.0,2,2,1,Regular Season,342,Spotify Camp Nou,214,Spain,,,,
303421,2020-07-19,17:00:00.000,0,5,available,scheduled,2022-12-01T11:29:05.649590,2021-06-13T16:17:31.694,38,11,Spain,La Liga,42,2019/2020,206,Deportivo Alavés,male,,214,Spain,"[{'id': 2, 'name': 'Juan Ramón López Muñiz', 'nickname': 'Juan Muñiz', 'dob': '1968-11-02', 'country': {'id': 214, 'name': 'Spain'}}]",217,Barcelona,male,,214,Spain,"[{'id': 238, 'name': 'Enrique Setién Solar', 'nickname': 'Quique Setién', 'dob': '1958-09-27', 'country': {'id': 214, 'name': 'Spain'}}]",1.1.0,2,2,1,Regular Season,348,Estadio de Mendizorroza,214,Spain,,,,
303493,2020-06-23,22:00:00.000,1,0,available,scheduled,2020-07-29T05:00,2021-06-13T16:17:31.694,31,11,Spain,La Liga,42,2019/2020,217,Barcelona,male,,214,Spain,"[{'id': 238, 'name': 'Enrique Setién Solar', 'nickname': 'Quique Setién', 'dob': '1958-09-27', 'country': {'id': 214, 'name': 'Spain'}}]",215,Athletic Club,male,,214,Spain,"[{'id': 767, 'name': 'Gaizka Garitano Aguirre', 'nickname': 'Gaizka Garitano', 'dob': '1975-07-09', 'country': {'id': 214, 'name': 'Spain'}}]",1.1.0,2,2,1,Regular Season,342,Spotify Camp Nou,214,Spain,183.0,Jesús Gil Manzano,214.0,Spain
303680,2020-07-11,19:30:00.000,0,1,available,scheduled,2020-12-18T12:10:38.985394,2021-06-13T16:17:31.694,36,11,Spain,La Liga,42,2019/2020,901,Real Valladolid,male,,214,Spain,"[{'id': 576, 'name': 'Sergio González Soriano', 'nickname': 'Sergio', 'dob': '1976-11-10', 'country': {'id': 214, 'name': 'Spain'}}]",217,Barcelona,male,,214,Spain,"[{'id': 238, 'name': 'Enrique Setién Solar', 'nickname': 'Quique Setién', 'dob': '1958-09-27', 'country': {'id': 214, 'name': 'Spain'}}]",1.1.0,2,2,1,Regular Season,622,Estadio Municipal José Zorrilla,214,Spain,180.0,Antonio Miguel Mateu Lahoz,214.0,Spain
303479,2020-03-07,18:30:00.000,1,0,available,scheduled,2020-07-29T05:00,2021-06-13T16:17:31.694,27,11,Spain,La Liga,42,2019/2020,217,Barcelona,male,,214,Spain,"[{'id': 238, 'name': 'Enrique Setién Solar', 'nickname': 'Quique Setién', 'dob': '1958-09-27', 'country': {'id': 214, 'name': 'Spain'}}]",210,Real Sociedad,male,,214,Spain,"[{'id': 85, 'name': 'Imanol Alguacil Barrenetxea', 'nickname': 'Imanol Alguacil', 'dob': '1971-07-04', 'country': {'id': 214, 'name': 'Spain'}}]",1.1.0,2,2,1,Regular Season,342,Spotify Camp Nou,214,Spain,,,,
303615,2020-07-08,22:00:00.000,1,0,available,scheduled,2020-09-11T23:12:41.238499,2021-06-13T16:17:31.694,35,11,Spain,La Liga,42,2019/2020,217,Barcelona,male,,214,Spain,"[{'id': 238, 'name': 'Enrique Setién Solar', 'nickname': 'Quique Setién', 'dob': '1958-09-27', 'country': {'id': 214, 'name': 'Spain'}}]",214,Espanyol,male,,214,Spain,"[{'id': 4978, 'name': 'Francisco Joaquín Pérez Rufete', 'nickname': 'Francisco Rufete', 'dob': '1976-11-20', 'country': {'id': 214, 'name': 'Spain'}}]",1.1.0,2,2,1,Regular Season,342,Spotify Camp Nou,214,Spain,,,,
303696,2020-06-30,22:00:00.000,2,2,available,scheduled,2023-04-19T10:52:22.240135,2021-06-13T16:17:31.694,33,11,Spain,La Liga,42,2019/2020,217,Barcelona,male,,214,Spain,"[{'id': 238, 'name': 'Enrique Setién Solar', 'nickname': 'Quique Setién', 'dob': '1958-09-27', 'country': {'id': 214, 'name': 'Spain'}}]",212,Atlético Madrid,male,,214,Spain,"[{'id': 230, 'name': 'Diego Pablo Simeone', 'nickname': 'Diego Simeone', 'dob': '1970-04-28', 'country': {'id': 11, 'name': 'Argentina'}}]",1.1.0,2,2,1,Regular Season,342,Spotify Camp Nou,214,Spain,,,,
303487,2019-11-09,21:00:00.000,4,1,available,scheduled,2022-07-15T23:21:08.621548,2021-06-13T16:17:31.694,13,11,Spain,La Liga,42,2019/2020,217,Barcelona,male,,214,Spain,"[{'id': 227, 'name': 'Ernesto Valverde Tejedor', 'nickname': 'Ernesto Valverde', 'dob': '1964-02-09', 'country': {'id': 214, 'name': 'Spain'}}]",209,Celta Vigo,male,,214,Spain,"[{'id': 430, 'name': 'Óscar García Junyent', 'nickname': 'Óscar García', 'dob': '1973-04-26', 'country': {'id': 214, 'name': 'Spain'}}]",1.1.0,2,2,1,Regular Season,342,Spotify Camp Nou,214,Spain,,,,
303600,2019-10-29,21:15:00.000,5,1,available,scheduled,2022-07-15T22:48:51.522655,2021-06-13T16:17:31.694,11,11,Spain,La Liga,42,2019/2020,217,Barcelona,male,,214,Spain,"[{'id': 227, 'name': 'Ernesto Valverde Tejedor', 'nickname': 'Ernesto Valverde', 'dob': '1964-02-09', 'country': {'id': 214, 'name': 'Spain'}}]",901,Real Valladolid,male,,214,Spain,"[{'id': 576, 'name': 'Sergio González Soriano', 'nickname': 'Sergio', 'dob': '1976-11-10', 'country': {'id': 214, 'name': 'Spain'}}]",1.1.0,2,2,1,Regular Season,342,Spotify Camp Nou,214,Spain,,,,
303548,2020-06-13,22:00:00.000,0,4,available,scheduled,2020-07-29T05:00,2021-06-13T16:17:31.694,28,11,Spain,La Liga,42,2019/2020,1043,Mallorca,male,,214,Spain,"[{'id': 1603, 'name': 'Vicente Moreno Peris', 'nickname': 'Vicente Moreno', 'dob': '1974-10-26', 'country': {'id': 214, 'name': 'Spain'}}]",217,Barcelona,male,,214,Spain,"[{'id': 238, 'name': 'Enrique Setién Solar', 'nickname': 'Quique Setién', 'dob': '1958-09-27', 'country': {'id': 214, 'name': 'Spain'}}]",1.1.0,2,2,1,Regular Season,4454,Estadi Mallorca Son Moix,214,Spain,,,,
303652,2020-01-04,21:00:00.000,2,2,available,scheduled,2020-07-29T05:00,2021-06-13T16:17:31.694,19,11,Spain,La Liga,42,2019/2020,214,Espanyol,male,,214,Spain,"[{'id': 187, 'name': 'Abelardo Fernández Antuña', 'nickname': 'Abelardo', 'dob': '1970-04-19', 'country': {'id': 214, 'name': 'Spain'}}]",217,Barcelona,male,,214,Spain,"[{'id': 227, 'name': 'Ernesto Valverde Tejedor', 'nickname': 'Ernesto Valverde', 'dob': '1964-02-09', 'country': {'id': 214, 'name': 'Spain'}}]",1.1.0,2,2,1,Regular Season,351,RCDE Stadium,214,Spain,,,,
303674,2020-06-19,22:00:00.000,0,0,available,scheduled,2022-12-01T10:51:57.948924,2021-06-13T16:17:31.694,30,11,Spain,La Liga,42,2019/2020,213,Sevilla,male,,214,Spain,"[{'id': 741, 'name': 'Julen Lopetegui Argote', 'nickname': 'Julen Lopetegui', 'dob': '1966-08-28', 'country': {'id': 214, 'name': 'Spain'}}]",217,Barcelona,male,,214,Spain,"[{'id': 238, 'name': 'Enrique Setién Solar', 'nickname': 'Quique Setién', 'dob': '1958-09-27', 'country': {'id': 214, 'name': 'Spain'}}]",1.1.0,2,2,1,Regular Season,349,Estadio Ramón Sánchez Pizjuán,214,Spain,211.0,José Luis González González,214.0,Spain
303470,2020-03-01,21:00:00.000,2,0,available,scheduled,2022-12-01T10:40:43.605436,2021-06-13T16:17:31.694,26,11,Spain,La Liga,42,2019/2020,220,Real Madrid,male,,214,Spain,"[{'id': 56, 'name': 'Zinédine Zidane', 'nickname': None, 'dob': '1972-06-23', 'country': {'id': 78, 'name': 'France'}}]",217,Barcelona,male,,214,Spain,"[{'id': 238, 'name': 'Enrique Setién Solar', 'nickname': 'Quique Setién', 'dob': '1958-09-27', 'country': {'id': 214, 'name': 'Spain'}}]",1.1.0,2,2,1,Regular Season,353,Estadio Santiago Bernabéu,214,Spain,180.0,Antonio Miguel Mateu Lahoz,214.0,Spain
303700,2019-10-19,13:00:00.000,0,3,available,scheduled,2020-07-29T05:00,2021-06-13T16:17:31.694,9,11,Spain,La Liga,42,2019/2020,322,Eibar,male,,214,Spain,"[{'id': 221, 'name': 'José Luis Mendilibar Etxebarria', 'nickname': 'José Luis Mendilibar', 'dob': '1961-03-14', 'country': {'id': 214, 'name': 'Spain'}}]",217,Barcelona,male,,214,Spain,"[{'id': 227, 'name': 'Ernesto Valverde Tejedor', 'nickname': 'Ernesto Valverde', 'dob': '1964-02-09', 'country': {'id': 214, 'name': 'Spain'}}]",1.1.0,2,2,1,Regular Season,347,Estadio Municipal de Ipurúa,214,Spain,,,,
303707,2020-02-09,21:00:00.000,2,3,available,scheduled,2022-11-12T01:19:12.101889,2021-06-13T16:17:31.694,23,11,Spain,La Liga,42,2019/2020,218,Real Betis,male,,214,Spain,"[{'id': 677, 'name': 'Joan Francesc Ferrer Sicilia', 'nickname': 'Rubí', 'dob': '1970-02-05', 'country': {'id': 214, 'name': 'Spain'}}]",217,Barcelona,male,,214,Spain,"[{'id': 238, 'name': 'Enrique Setién Solar', 'nickname': 'Quique Setién', 'dob': '1958-09-27', 'country': {'id': 214, 'name': 'Spain'}}]",1.1.0,2,2,1,Regular Season,352,Estadio Benito Villamarín,214,Spain,,,,
303666,2019-09-21,21:00:00.000,2,0,available,scheduled,2023-02-25T06:54:44.669897,2021-06-13T16:17:31.694,5,11,Spain,La Liga,42,2019/2020,1049,Granada,male,,214,Spain,"[{'id': 1597, 'name': 'Diego Martínez Penas', 'nickname': None, 'dob': '1980-12-16', 'country': {'id': 214, 'name': 'Spain'}}]",217,Barcelona,male,,214,Spain,"[{'id': 227, 'name': 'Ernesto Valverde Tejedor', 'nickname': 'Ernesto Valverde', 'dob': '1964-02-09', 'country': {'id': 214, 'name': 'Spain'}}]",1.1.0,2,2,1,Regular Season,4667,Estadio Nuevo Los Cármenes,214,Spain,,,,
303715,2019-11-23,13:00:00.000,1,2,available,scheduled,2023-07-25T00:15:08.494924,2021-06-13T16:17:31.694,14,11,Spain,La Liga,42,2019/2020,205,Leganés,male,,214,Spain,"[{'id': 3196, 'name': 'Javier Aguirre Onaindía', 'nickname': 'Javier Aguirre', 'dob': '1958-12-01', 'country': {'id': 147, 'name': 'Mexico'}}]",217,Barcelona,male,,214,Spain,"[{'id': 227, 'name': 'Ernesto Valverde Tejedor', 'nickname': 'Ernesto Valverde', 'dob': '1964-02-09', 'country': {'id': 214, 'name': 'Spain'}}]",1.1.0,2,2,1,Regular Season,355,Estadio Municipal de Butarque,214,Spain,,,,
303377,2020-02-15,16:00:00.000,2,1,available,scheduled,2022-11-12T01:08:03.360091,2021-06-13T16:17:31.694,24,11,Spain,La Liga,42,2019/2020,217,Barcelona,male,,214,Spain,"[{'id': 238, 'name': 'Enrique Setién Solar', 'nickname': 'Quique Setién', 'dob': '1958-09-27', 'country': {'id': 214, 'name': 'Spain'}}]",216,Getafe,male,,214,Spain,"[{'id': 228, 'name': 'José Bordalás Jiménez', 'nickname': 'Pepe Bordalás', 'dob': '1964-03-05', 'country': {'id': 214, 'name': 'Spain'}}]",1.1.0,2,2,1,Regular Season,342,Spotify Camp Nou,214,Spain,,,,
303524,2019-12-01,21:00:00.000,0,1,available,scheduled,2020-07-29T05:00,2021-06-13T16:17:31.694,15,11,Spain,La Liga,42,2019/2020,212,Atlético Madrid,male,,214,Spain,"[{'id': 230, 'name': 'Diego Pablo Simeone', 'nickname': 'Diego Simeone', 'dob': '1970-04-28', 'country': {'id': 11, 'name': 'Argentina'}}]",217,Barcelona,male,,214,Spain,"[{'id': 227, 'name': 'Ernesto Valverde Tejedor', 'nickname': 'Ernesto Valverde', 'dob': '1964-02-09', 'country': {'id': 214, 'name': 'Spain'}}]",1.1.0,2,2,1,Regular Season,4654,	Estádio Cívitas Metropolitano,214,Spain,180.0,Antonio Miguel Mateu Lahoz,214.0,Spain
303517,2019-12-21,16:00:00.000,4,1,available,scheduled,2020-07-29T05:00,2021-06-13T16:17:31.694,18,11,Spain,La Liga,42,2019/2020,217,Barcelona,male,,214,Spain,"[{'id': 227, 'name': 'Ernesto Valverde Tejedor', 'nickname': 'Ernesto Valverde', 'dob': '1964-02-09', 'country': {'id': 214, 'name': 'Spain'}}]",206,Deportivo Alavés,male,,214,Spain,"[{'id': 84, 'name': 'Asier Garitano Aguirrezábal', 'nickname': 'Asier Garitano', 'dob': '1969-12-06', 'country': {'id': 214, 'name': 'Spain'}}]",1.1.0,2,2,1,Regular Season,342,Spotify Camp Nou,214,Spain,,,,
303610,2020-01-19,21:00:00.000,1,0,available,scheduled,2023-07-25T00:11:42.596169,2021-06-13T16:17:31.694,20,11,Spain,La Liga,42,2019/2020,217,Barcelona,male,,214,Spain,"[{'id': 238, 'name': 'Enrique Setién Solar', 'nickname': 'Quique Setién', 'dob': '1958-09-27', 'country': {'id': 214, 'name': 'Spain'}}]",1049,Granada,male,,214,Spain,"[{'id': 1597, 'name': 'Diego Martínez Penas', 'nickname': None, 'dob': '1980-12-16', 'country': {'id': 214, 'name': 'Spain'}}]",1.1.0,2,2,1,Regular Season,342,Spotify Camp Nou,214,Spain,,,,
303473,2019-10-06,21:00:00.000,4,0,available,scheduled,2021-06-11T19:47:11.274,2021-06-13T16:17:31.694,8,11,Spain,La Liga,42,2019/2020,217,Barcelona,male,,214,Spain,"[{'id': 227, 'name': 'Ernesto Valverde Tejedor', 'nickname': 'Ernesto Valverde', 'dob': '1964-02-09', 'country': {'id': 214, 'name': 'Spain'}}]",213,Sevilla,male,,214,Spain,"[{'id': 741, 'name': 'Julen Lopetegui Argote', 'nickname': 'Julen Lopetegui', 'dob': '1966-08-28', 'country': {'id': 214, 'name': 'Spain'}}]",1.1.0,2,2,1,Regular Season,342,Spotify Camp Nou,214,Spain,180.0,Antonio Miguel Mateu Lahoz,214.0,Spain
15978,2018-09-15,16:15:00.000,1,2,available,scheduled,2022-12-05T14:46:11.299820,2021-06-13T16:17:31.694,4,11,Spain,La Liga,4,2018/2019,210,Real Sociedad,male,,214,Spain,"[{'id': 84, 'name': 'Asier Garitano Aguirrezábal', 'nickname': 'Asier Garitano', 'dob': '1969-12-06', 'country': {'id': 214, 'name': 'Spain'}}]",217,Barcelona,male,,214,Spain,"[{'id': 227, 'name': 'Ernesto Valverde Tejedor', 'nickname': 'Ernesto Valverde', 'dob': '1964-02-09', 'country': {'id': 214, 'name': 'Spain'}}]",1.1.0,2,2,1,Regular Season,5043,Reale Arena,214,Spain,2728.0,Carlos del Cerro Grande,214.0,Spain
15998,2018-09-26,20:00:00.000,2,1,available,scheduled,2020-07-29T05:00,2021-06-13T16:17:31.694,6,11,Spain,La Liga,4,2018/2019,205,Leganés,male,,214,Spain,"[{'id': 681, 'name': 'Mauricio Pellegrino', 'nickname': None, 'dob': '1971-10-05', 'country': {'id': 11, 'name': 'Argentina'}}]",217,Barcelona,male,,214,Spain,"[{'id': 227, 'name': 'Ernesto Valverde Tejedor', 'nickname': 'Ernesto Valverde', 'dob': '1964-02-09', 'country': {'id': 214, 'name': 'Spain'}}]",1.1.0,2,,1,Regular Season,355,Estadio Municipal de Butarque,214,Spain,221.0,Alberto Undiano Mallenco,214.0,Spain
16029,2018-10-20,20:45:00.000,4,2,available,scheduled,2020-07-29T05:00,2021-06-13T16:17:31.694,9,11,Spain,La Liga,4,2018/2019,217,Barcelona,male,,214,Spain,"[{'id': 227, 'name': 'Ernesto Valverde Tejedor', 'nickname': 'Ernesto Valverde', 'dob': '1964-02-09', 'country': {'id': 214, 'name': 'Spain'}}]",213,Sevilla,male,,214,Spain,"[{'id': 234, 'name': 'Pablo Javier Machín Díez', 'nickname': 'Pablo Machín', 'dob': '1975-04-07', 'country': {'id': 214, 'name': 'Spain'}}]",1.1.0,2,,1,Regular Season,342,Spotify Camp Nou,214,Spain,,,,
16073,2018-11-24,20:45:00.000,1,1,available,scheduled,2020-07-29T05:00,2021-06-13T16:17:31.694,13,11,Spain,La Liga,4,2018/2019,212,Atlético Madrid,male,,214,Spain,"[{'id': 230, 'name': 'Diego Pablo Simeone', 'nickname': 'Diego Simeone', 'dob': '1970-04-28', 'country': {'id': 11, 'name': 'Argentina'}}]",217,Barcelona,male,,214,Spain,"[{'id': 227, 'name': 'Ernesto Valverde Tejedor', 'nickname': 'Ernesto Valverde', 'dob': '1964-02-09', 'country': {'id': 214, 'name': 'Spain'}}]",1.1.0,2,,1,Regular Season,4654,	Estádio Cívitas Metropolitano,214,Spain,183.0,Jesús Gil Manzano,214.0,Spain
16086,2018-12-08,20:45:00.000,0,4,available,scheduled,2020-07-29T05:00,2021-06-13T16:17:31.694,15,11,Spain,La Liga,4,2018/2019,214,Espanyol,male,,214,Spain,"[{'id': 677, 'name': 'Joan Francesc Ferrer Sicilia', 'nickname': 'Rubí', 'dob': '1970-02-05', 'country': {'id': 214, 'name': 'Spain'}}]",217,Barcelona,male,,214,Spain,"[{'id': 227, 'name': 'Ernesto Valverde Tejedor', 'nickname': 'Ernesto Valverde', 'dob': '1964-02-09', 'country': {'id': 214, 'name': 'Spain'}}]",1.1.0,2,,1,Regular Season,351,RCDE Stadium,214,Spain,,,,
16190,2019-02-23,16:15:00.000,2,4,available,scheduled,2020-07-29T05:00,2021-06-13T16:17:31.694,25,11,Spain,La Liga,4,2018/2019,213,Sevilla,male,,214,Spain,"[{'id': 234, 'name': 'Pablo Javier Machín Díez', 'nickname': 'Pablo Machín', 'dob': '1975-04-07', 'country': {'id': 214, 'name': 'Spain'}}]",217,Barcelona,male,,214,Spain,"[{'id': 227, 'name': 'Ernesto Valverde Tejedor', 'nickname': 'Ernesto Valverde', 'dob': '1964-02-09', 'country': {'id': 214, 'name': 'Spain'}}]",1.1.0,2,,1,Regular Season,349,Estadio Ramón Sánchez Pizjuán,214,Spain,180.0,Antonio Miguel Mateu Lahoz,214.0,Spain
16109,2018-12-22,18:30:00.000,2,0,available,scheduled,2022-12-13T02:37:05.311336,2021-06-13T16:17:31.694,17,11,Spain,La Liga,4,2018/2019,217,Barcelona,male,,214,Spain,"[{'id': 227, 'name': 'Ernesto Valverde Tejedor', 'nickname': 'Ernesto Valverde', 'dob': '1964-02-09', 'country': {'id': 214, 'name': 'Spain'}}]",209,Celta Vigo,male,,214,Spain,"[{'id': 280, 'name': 'José Miguel Azevedo Cardoso', 'nickname': 'Miguel Cardoso', 'dob': '1972-05-28', 'country': {'id': 183, 'name': 'Portugal'}}]",1.1.0,2,2,1,Regular Season,342,Spotify Camp Nou,214,Spain,2419.0,Eduardo Prieto Iglesias,214.0,Spain
16120,2019-01-06,20:45:00.000,1,2,available,scheduled,2020-07-29T05:00,2021-06-13T16:17:31.694,18,11,Spain,La Liga,4,2018/2019,216,Getafe,male,,214,Spain,"[{'id': 228, 'name': 'José Bordalás Jiménez', 'nickname': 'Pepe Bordalás', 'dob': '1964-03-05', 'country': {'id': 214, 'name': 'Spain'}}]",217,Barcelona,male,,214,Spain,"[{'id': 227, 'name': 'Ernesto Valverde Tejedor', 'nickname': 'Ernesto Valverde', 'dob': '1964-02-09', 'country': {'id': 214, 'name': 'Spain'}}]",1.1.0,2,,1,Regular Season,354,Coliseum Alfonso Pérez,214,Spain,,,,
16182,2019-02-16,20:45:00.000,1,0,available,scheduled,2020-07-29T05:00,2021-06-13T16:17:31.694,24,11,Spain,La Liga,4,2018/2019,217,Barcelona,male,,214,Spain,"[{'id': 227, 'name': 'Ernesto Valverde Tejedor', 'nickname': 'Ernesto Valverde', 'dob': '1964-02-09', 'country': {'id': 214, 'name': 'Spain'}}]",901,Real Valladolid,male,,214,Spain,"[{'id': 576, 'name': 'Sergio González Soriano', 'nickname': 'Sergio', 'dob': '1976-11-10', 'country': {'id': 214, 'name': 'Spain'}}]",1.1.0,2,,1,Regular Season,342,Spotify Camp Nou,214,Spain,,,,
16215,2019-03-17,20:45:00.000,1,4,available,scheduled,2023-05-11T08:22:01.941875,2021-06-13T16:17:31.694,28,11,Spain,La Liga,4,2018/2019,218,Real Betis,male,,214,Spain,"[{'id': 238, 'name': 'Enrique Setién Solar', 'nickname': 'Quique Setién', 'dob': '1958-09-27', 'country': {'id': 214, 'name': 'Spain'}}]",217,Barcelona,male,,214,Spain,"[{'id': 227, 'name': 'Ernesto Valverde Tejedor', 'nickname': 'Ernesto Valverde', 'dob': '1964-02-09', 'country': {'id': 214, 'name': 'Spain'}}]",1.1.0,2,,1,Regular Season,352,Estadio Benito Villamarín,214,Spain,,,,
16173,2019-02-10,20:45:00.000,0,0,available,scheduled,2022-12-23T21:14:41.328965,2021-06-13T16:17:31.694,23,11,Spain,La Liga,4,2018/2019,215,Athletic Club,male,,214,Spain,"[{'id': 767, 'name': 'Gaizka Garitano Aguirre', 'nickname': 'Gaizka Garitano', 'dob': '1975-07-09', 'country': {'id': 214, 'name': 'Spain'}}]",217,Barcelona,male,,214,Spain,"[{'id': 227, 'name': 'Ernesto Valverde Tejedor', 'nickname': 'Ernesto Valverde', 'dob': '1964-02-09', 'country': {'id': 214, 'name': 'Spain'}}]",1.1.0,2,2,1,Regular Season,345,San Mamés Barria,214,Spain,2728.0,Carlos del Cerro Grande,214.0,Spain
16265,2019-04-20,20:45:00.000,2,1,available,scheduled,2020-07-29T05:00,2021-06-13T16:17:31.694,33,11,Spain,La Liga,4,2018/2019,217,Barcelona,male,,214,Spain,"[{'id': 227, 'name': 'Ernesto Valverde Tejedor', 'nickname': 'Ernesto Valverde', 'dob': '1964-02-09', 'country': {'id': 214, 'name': 'Spain'}}]",210,Real Sociedad,male,,214,Spain,"[{'id': 85, 'name': 'Imanol Alguacil Barrenetxea', 'nickname': 'Imanol Alguacil', 'dob': '1971-07-04', 'country': {'id': 214, 'name': 'Spain'}}]",1.1.0,2,,1,Regular Season,342,Spotify Camp Nou,214,Spain,,,,
15946,2018-08-18,22:15:00.000,3,0,available,scheduled,2022-12-05T14:32:32.223676,2021-06-13T16:17:31.694,1,11,Spain,La Liga,4,2018/2019,217,Barcelona,male,,214,Spain,"[{'id': 227, 'name': 'Ernesto Valverde Tejedor', 'nickname': 'Ernesto Valverde', 'dob': '1964-02-09', 'country': {'id': 214, 'name': 'Spain'}}]",206,Deportivo Alavés,male,,214,Spain,"[{'id': 187, 'name': 'Abelardo Fernández Antuña', 'nickname': 'Abelardo', 'dob': '1970-04-19', 'country': {'id': 214, 'name': 'Spain'}}]",1.1.0,2,2,1,Regular Season,342,Spotify Camp Nou,214,Spain,2625.0,José María Sánchez Martínez,214.0,Spain
16157,2019-02-02,18:30:00.000,2,2,available,scheduled,2020-07-29T05:00,2021-06-13T16:17:31.694,22,11,Spain,La Liga,4,2018/2019,217,Barcelona,male,,214,Spain,"[{'id': 227, 'name': 'Ernesto Valverde Tejedor', 'nickname': 'Ernesto Valverde', 'dob': '1964-02-09', 'country': {'id': 214, 'name': 'Spain'}}]",207,Valencia,male,,214,Spain,"[{'id': 211, 'name': 'Marcelino García Toral', 'nickname': 'Marcelino', 'dob': '1965-08-14', 'country': {'id': 214, 'name': 'Spain'}}]",1.1.0,2,,1,Regular Season,342,Spotify Camp Nou,214,Spain,221.0,Alberto Undiano Mallenco,214.0,Spain
16136,2019-01-20,20:45:00.000,3,1,available,scheduled,2022-12-13T02:40:13.071475,2021-06-13T16:17:31.694,20,11,Spain,La Liga,4,2018/2019,217,Barcelona,male,,214,Spain,"[{'id': 227, 'name': 'Ernesto Valverde Tejedor', 'nickname': 'Ernesto Valverde', 'dob': '1964-02-09', 'country': {'id': 214, 'name': 'Spain'}}]",205,Leganés,male,,214,Spain,"[{'id': 681, 'name': 'Mauricio Pellegrino', 'nickname': None, 'dob': '1971-10-05', 'country': {'id': 11, 'name': 'Argentina'}}]",1.1.0,2,2,1,Regular Season,342,Spotify Camp Nou,214,Spain,2602.0,Ricardo De Burgos Bengoetxea,214.0,Spain
16248,2019-04-06,20:45:00.000,2,0,available,scheduled,2020-07-29T05:00,2021-06-13T16:17:31.694,31,11,Spain,La Liga,4,2018/2019,217,Barcelona,male,,214,Spain,"[{'id': 227, 'name': 'Ernesto Valverde Tejedor', 'nickname': 'Ernesto Valverde', 'dob': '1964-02-09', 'country': {'id': 214, 'name': 'Spain'}}]",212,Atlético Madrid,male,,214,Spain,"[{'id': 230, 'name': 'Diego Pablo Simeone', 'nickname': 'Diego Simeone', 'dob': '1970-04-28', 'country': {'id': 11, 'name': 'Argentina'}}]",1.1.0,2,,1,Regular Season,342,Spotify Camp Nou,214,Spain,183.0,Jesús Gil Manzano,214.0,Spain
16056,2018-11-11,16:15:00.000,3,4,available,scheduled,2022-12-05T15:56:52.134800,2021-06-13T16:17:31.694,12,11,Spain,La Liga,4,2018/2019,217,Barcelona,male,,214,Spain,"[{'id': 227, 'name': 'Ernesto Valverde Tejedor', 'nickname': 'Ernesto Valverde', 'dob': '1964-02-09', 'country': {'id': 214, 'name': 'Spain'}}]",218,Real Betis,male,,214,Spain,"[{'id': 238, 'name': 'Enrique Setién Solar', 'nickname': 'Quique Setién', 'dob': '1958-09-27', 'country': {'id': 214, 'name': 'Spain'}}]",1.1.0,2,2,1,Regular Season,342,Spotify Camp Nou,214,Spain,180.0,Antonio Miguel Mateu Lahoz,214.0,Spain
16289,2019-04-27,20:45:00.000,1,0,available,scheduled,2021-04-12T07:10:50.239941,2021-06-13T16:17:31.694,35,11,Spain,La Liga,4,2018/2019,217,Barcelona,male,,214,Spain,"[{'id': 227, 'name': 'Ernesto Valverde Tejedor', 'nickname': 'Ernesto Valverde', 'dob': '1964-02-09', 'country': {'id': 214, 'name': 'Spain'}}]",221,Levante UD,male,,214,Spain,"[{'id': 219, 'name': 'Francisco José López Fernández', 'nickname': 'Paco López', 'dob': '1967-09-19', 'country': {'id': 214, 'name': 'Spain'}}]",1.1.0,2,,1,Regular Season,342,Spotify Camp Nou,214,Spain,2602.0,Ricardo De Burgos Bengoetxea,214.0,Spain
16079,2018-12-02,18:30:00.000,2,0,available,scheduled,2022-12-14T01:23:34.890423,2021-06-13T16:17:31.694,14,11,Spain,La Liga,4,2018/2019,217,Barcelona,male,,214,Spain,"[{'id': 227, 'name': 'Ernesto Valverde Tejedor', 'nickname': 'Ernesto Valverde', 'dob': '1964-02-09', 'country': {'id': 214, 'name': 'Spain'}}]",222,Villarreal,male,,214,Spain,"[{'id': 182, 'name': 'Javier Calleja Revilla', 'nickname': 'Javi Calleja', 'dob': '1978-05-12', 'country': {'id': 214, 'name': 'Spain'}}]",1.1.0,2,2,1,Regular Season,342,Spotify Camp Nou,214,Spain,2609.0,José Luis Munuera Montero,214.0,Spain
16149,2019-01-27,16:15:00.000,0,2,available,scheduled,2023-02-28T15:06:32.588321,2021-06-13T16:17:31.694,21,11,Spain,La Liga,4,2018/2019,211,Girona,male,,214,Spain,"[{'id': 229, 'name': 'Eusebio Sacristán Mena', 'nickname': 'Eusebio Sacristán', 'dob': '1964-04-13', 'country': {'id': 214, 'name': 'Spain'}}]",217,Barcelona,male,,214,Spain,"[{'id': 227, 'name': 'Ernesto Valverde Tejedor', 'nickname': 'Ernesto Valverde', 'dob': '1964-02-09', 'country': {'id': 214, 'name': 'Spain'}}]",1.1.0,2,2,1,Regular Season,343,Estadi Municipal de Montilivi,214,Spain,2493.0,Pablo González Fuertes,214.0,Spain
16275,2019-04-23,21:30:00.000,0,2,available,scheduled,2023-07-24T17:52:58.349594,2021-06-13T16:17:31.694,34,11,Spain,La Liga,4,2018/2019,206,Deportivo Alavés,male,,214,Spain,"[{'id': 187, 'name': 'Abelardo Fernández Antuña', 'nickname': 'Abelardo', 'dob': '1970-04-19', 'country': {'id': 214, 'name': 'Spain'}}]",217,Barcelona,male,,214,Spain,"[{'id': 227, 'name': 'Ernesto Valverde Tejedor', 'nickname': 'Ernesto Valverde', 'dob': '1964-02-09', 'country': {'id': 214, 'name': 'Spain'}}]",1.1.0,2,,1,Regular Season,348,Estadio de Mendizorroza,214,Spain,,,,
15973,2018-09-02,18:30:00.000,8,2,available,scheduled,2023-02-22T05:46:57.699229,2021-06-13T16:17:31.694,3,11,Spain,La Liga,4,2018/2019,217,Barcelona,male,,214,Spain,"[{'id': 227, 'name': 'Ernesto Valverde Tejedor', 'nickname': 'Ernesto Valverde', 'dob': '1964-02-09', 'country': {'id': 214, 'name': 'Spain'}}]",902,Huesca,male,,214,Spain,"[{'id': 768, 'name': 'Leonardo Neoren Franco', 'nickname': 'Leo Franco', 'dob': '1977-05-20', 'country': {'id': 11, 'name': 'Argentina'}}]",1.1.0,2,2,1,Regular Season,342,Spotify Camp Nou,214,Spain,2692.0,Mario Melero López,214.0,Spain
16317,2019-05-19,16:15:00.000,2,2,available,scheduled,2023-07-24T17:52:24.271833,2021-06-13T16:17:31.694,38,11,Spain,La Liga,4,2018/2019,322,Eibar,male,,214,Spain,"[{'id': 221, 'name': 'José Luis Mendilibar Etxebarria', 'nickname': 'José Luis Mendilibar', 'dob': '1961-03-14', 'country': {'id': 214, 'name': 'Spain'}}]",217,Barcelona,male,,214,Spain,"[{'id': 227, 'name': 'Ernesto Valverde Tejedor', 'nickname': 'Ernesto Valverde', 'dob': '1964-02-09', 'country': {'id': 214, 'name': 'Spain'}}]",1.1.0,2,,1,Regular Season,347,Estadio Municipal de Ipurúa,214,Spain,,,,
16131,2019-01-13,18:30:00.000,3,0,available,scheduled,2022-12-13T02:39:09.619019,2021-06-13T16:17:31.694,19,11,Spain,La Liga,4,2018/2019,217,Barcelona,male,,214,Spain,"[{'id': 227, 'name': 'Ernesto Valverde Tejedor', 'nickname': 'Ernesto Valverde', 'dob': '1964-02-09', 'country': {'id': 214, 'name': 'Spain'}}]",322,Eibar,male,,214,Spain,"[{'id': 221, 'name': 'José Luis Mendilibar Etxebarria', 'nickname': 'José Luis Mendilibar', 'dob': '1961-03-14', 'country': {'id': 214, 'name': 'Spain'}}]",1.1.0,2,2,1,Regular Season,342,Spotify Camp Nou,214,Spain,183.0,Jesús Gil Manzano,214.0,Spain
16205,2019-03-09,18:30:00.000,3,1,available,scheduled,2021-04-11T22:02:53.541997,2021-06-13T16:17:31.694,27,11,Spain,La Liga,4,2018/2019,217,Barcelona,male,,214,Spain,"[{'id': 227, 'name': 'Ernesto Valverde Tejedor', 'nickname': 'Ernesto Valverde', 'dob': '1964-02-09', 'country': {'id': 214, 'name': 'Spain'}}]",360,Rayo Vallecano,male,,214,Spain,"[{'id': 766, 'name': 'Miguel Ángel Sánchez Muñoz', 'nickname': 'Míchel', 'dob': '1975-10-30', 'country': {'id': 214, 'name': 'Spain'}}]",1.1.0,2,,1,Regular Season,342,Spotify Camp Nou,214,Spain,,,,
16095,2018-12-16,20:45:00.000,0,5,available,scheduled,2022-12-11T08:51:13.107818,2021-06-13T16:17:31.694,16,11,Spain,La Liga,4,2018/2019,221,Levante UD,male,,214,Spain,"[{'id': 219, 'name': 'Francisco José López Fernández', 'nickname': 'Paco López', 'dob': '1967-09-19', 'country': {'id': 214, 'name': 'Spain'}}]",217,Barcelona,male,,214,Spain,"[{'id': 227, 'name': 'Ernesto Valverde Tejedor', 'nickname': 'Ernesto Valverde', 'dob': '1964-02-09', 'country': {'id': 214, 'name': 'Spain'}}]",1.1.0,2,2,1,Regular Season,350,Estadio Ciudad de Valencia,214,Spain,211.0,José Luis González González,214.0,Spain
16306,2019-05-12,18:30:00.000,2,0,available,scheduled,2020-07-29T05:00,2021-06-13T16:17:31.694,37,11,Spain,La Liga,4,2018/2019,217,Barcelona,male,,214,Spain,"[{'id': 227, 'name': 'Ernesto Valverde Tejedor', 'nickname': 'Ernesto Valverde', 'dob': '1964-02-09', 'country': {'id': 214, 'name': 'Spain'}}]",216,Getafe,male,,214,Spain,"[{'id': 4268, 'name': 'José Ignacio Fernández García', 'nickname': 'Nacho Fernández', 'dob': '1973-05-05', 'country': {'id': 214, 'name': 'Spain'}}, {'id': 228, 'name': 'José Bordalás Jiménez', 'nickname': 'Pepe Bordalás', 'dob': '1964-03-05', 'country': {'id': 214, 'name': 'Spain'}}]",1.1.0,2,,1,Regular Season,342,Spotify Camp Nou,214,Spain,211.0,José Luis González González,214.0,Spain
16010,2018-09-29,16:15:00.000,1,1,available,scheduled,2022-12-01T12:03:49.759103,2021-06-13T16:17:31.694,7,11,Spain,La Liga,4,2018/2019,217,Barcelona,male,,214,Spain,"[{'id': 227, 'name': 'Ernesto Valverde Tejedor', 'nickname': 'Ernesto Valverde', 'dob': '1964-02-09', 'country': {'id': 214, 'name': 'Spain'}}]",215,Athletic Club,male,,214,Spain,"[{'id': 385, 'name': 'Manuel Eduardo Berizzo', 'nickname': 'Eduardo Berizzo', 'dob': '1969-11-13', 'country': {'id': 11, 'name': 'Argentina'}}]",1.1.0,2,2,1,Regular Season,342,Spotify Camp Nou,214,Spain,,,,
15986,2018-09-23,20:45:00.000,2,2,available,scheduled,2023-03-31T15:44:45.788046,2021-06-13T16:17:31.694,5,11,Spain,La Liga,4,2018/2019,217,Barcelona,male,,214,Spain,"[{'id': 227, 'name': 'Ernesto Valverde Tejedor', 'nickname': 'Ernesto Valverde', 'dob': '1964-02-09', 'country': {'id': 214, 'name': 'Spain'}}]",211,Girona,male,,214,Spain,"[{'id': 229, 'name': 'Eusebio Sacristán Mena', 'nickname': 'Eusebio Sacristán', 'dob': '1964-04-13', 'country': {'id': 214, 'name': 'Spain'}}]",1.1.0,2,2,1,Regular Season,342,Spotify Camp Nou,214,Spain,183.0,Jesús Gil Manzano,214.0,Spain
16240,2019-04-02,21:30:00.000,4,4,available,scheduled,2023-07-24T17:45:37.697121,2021-06-13T16:17:31.694,30,11,Spain,La Liga,4,2018/2019,222,Villarreal,male,,214,Spain,"[{'id': 182, 'name': 'Javier Calleja Revilla', 'nickname': 'Javi Calleja', 'dob': '1978-05-12', 'country': {'id': 214, 'name': 'Spain'}}]",217,Barcelona,male,,214,Spain,"[{'id': 227, 'name': 'Ernesto Valverde Tejedor', 'nickname': 'Ernesto Valverde', 'dob': '1964-02-09', 'country': {'id': 214, 'name': 'Spain'}}]",1.1.0,2,,1,Regular Season,361,Estadio de la Cerámica,214,Spain,,,,
16023,2018-10-07,20:45:00.000,1,1,available,scheduled,2022-12-20T18:02:32.291195,2021-06-13T16:17:31.694,8,11,Spain,La Liga,4,2018/2019,207,Valencia,male,,214,Spain,"[{'id': 211, 'name': 'Marcelino García Toral', 'nickname': 'Marcelino', 'dob': '1965-08-14', 'country': {'id': 214, 'name': 'Spain'}}]",217,Barcelona,male,,214,Spain,"[{'id': 227, 'name': 'Ernesto Valverde Tejedor', 'nickname': 'Ernesto Valverde', 'dob': '1964-02-09', 'country': {'id': 214, 'name': 'Spain'}}]",1.1.0,2,2,1,Regular Season,344,Estadio de Mestalla,214,Spain,211.0,José Luis González González,214.0,Spain
16196,2019-03-02,20:45:00.000,0,1,available,scheduled,2020-07-29T05:00,2021-06-13T16:17:31.694,26,11,Spain,La Liga,4,2018/2019,220,Real Madrid,male,,214,Spain,"[{'id': 25, 'name': 'Santiago Hernán Solari Poggio', 'nickname': 'Santiago Solari', 'dob': '1976-10-07', 'country': {'id': 11, 'name': 'Argentina'}}]",217,Barcelona,male,,214,Spain,"[{'id': 227, 'name': 'Ernesto Valverde Tejedor', 'nickname': 'Ernesto Valverde', 'dob': '1964-02-09', 'country': {'id': 214, 'name': 'Spain'}}]",1.1.0,2,,1,Regular Season,353,Estadio Santiago Bernabéu,214,Spain,221.0,Alberto Undiano Mallenco,214.0,Spain
15956,2018-08-25,22:15:00.000,0,1,available,scheduled,2022-12-09T22:04:24.608353,2021-06-13T16:17:31.694,2,11,Spain,La Liga,4,2018/2019,901,Real Valladolid,male,,214,Spain,"[{'id': 576, 'name': 'Sergio González Soriano', 'nickname': 'Sergio', 'dob': '1976-11-10', 'country': {'id': 214, 'name': 'Spain'}}]",217,Barcelona,male,,214,Spain,"[{'id': 227, 'name': 'Ernesto Valverde Tejedor', 'nickname': 'Ernesto Valverde', 'dob': '1964-02-09', 'country': {'id': 214, 'name': 'Spain'}}]",1.1.0,2,2,1,Regular Season,622,Estadio Municipal José Zorrilla,214,Spain,2602.0,Ricardo De Burgos Bengoetxea,214.0,Spain
16231,2019-03-30,16:15:00.000,2,0,available,scheduled,2023-07-24T17:49:29.379819,2021-06-13T16:17:31.694,29,11,Spain,La Liga,4,2018/2019,217,Barcelona,male,,214,Spain,"[{'id': 227, 'name': 'Ernesto Valverde Tejedor', 'nickname': 'Ernesto Valverde', 'dob': '1964-02-09', 'country': {'id': 214, 'name': 'Spain'}}]",214,Espanyol,male,,214,Spain,"[{'id': 677, 'name': 'Joan Francesc Ferrer Sicilia', 'nickname': 'Rubí', 'dob': '1970-02-05', 'country': {'id': 214, 'name': 'Spain'}}]",1.1.0,2,,1,Regular Season,342,Spotify Camp Nou,214,Spain,,,,
9880,2018-04-14,16:15:00.000,2,1,available,scheduled,2023-02-08T17:23:53.901920,2021-06-13T16:17:31.694,32,11,Spain,La Liga,1,2017/2018,217,Barcelona,male,,214,Spain,"[{'id': 227, 'name': 'Ernesto Valverde Tejedor', 'nickname': 'Ernesto Valverde', 'dob': '1964-02-09', 'country': {'id': 214, 'name': 'Spain'}}]",207,Valencia,male,,214,Spain,"[{'id': 211, 'name': 'Marcelino García Toral', 'nickname': 'Marcelino', 'dob': '1965-08-14', 'country': {'id': 214, 'name': 'Spain'}}]",1.1.0,2,2,1,Regular Season,342,Spotify Camp Nou,214,Spain,2728.0,Carlos del Cerro Grande,214.0,Spain
9912,2018-04-29,20:45:00.000,2,4,available,scheduled,2022-12-05T14:42:44.641092,2021-06-13T16:17:31.694,35,11,Spain,La Liga,1,2017/2018,219,RC Deportivo La Coruña,male,,214,Spain,"[{'id': 371, 'name': 'Clarence Seedorf', 'nickname': None, 'dob': '1976-04-01', 'country': {'id': 160, 'name': 'Netherlands'}}]",217,Barcelona,male,,214,Spain,"[{'id': 227, 'name': 'Ernesto Valverde Tejedor', 'nickname': 'Ernesto Valverde', 'dob': '1964-02-09', 'country': {'id': 214, 'name': 'Spain'}}]",1.1.0,2,2,1,Regular Season,4658,Estadio Abanca-Riazor,214,Spain,2602.0,Ricardo De Burgos Bengoetxea,214.0,Spain
9924,2018-05-06,20:45:00.000,2,2,available,scheduled,2022-12-01T03:25:12.063586,2021-06-13T16:17:31.694,36,11,Spain,La Liga,1,2017/2018,217,Barcelona,male,,214,Spain,"[{'id': 227, 'name': 'Ernesto Valverde Tejedor', 'nickname': 'Ernesto Valverde', 'dob': '1964-02-09', 'country': {'id': 214, 'name': 'Spain'}}]",220,Real Madrid,male,,214,Spain,"[{'id': 56, 'name': 'Zinédine Zidane', 'nickname': None, 'dob': '1972-06-23', 'country': {'id': 78, 'name': 'France'}}]",1.1.0,2,2,1,Regular Season,342,Spotify Camp Nou,214,Spain,2608.0,Alejandro José Hernández Hernández,214.0,Spain
9855,2018-03-18,16:15:00.000,2,0,available,scheduled,2022-12-01T02:33:31.178193,2021-06-13T16:17:31.694,29,11,Spain,La Liga,1,2017/2018,217,Barcelona,male,,214,Spain,"[{'id': 227, 'name': 'Ernesto Valverde Tejedor', 'nickname': 'Ernesto Valverde', 'dob': '1964-02-09', 'country': {'id': 214, 'name': 'Spain'}}]",215,Athletic Club,male,,214,Spain,"[{'id': 210, 'name': 'José Ángel Ziganda Lacunza', 'nickname': 'Cuco Ziganda', 'dob': '1966-10-01', 'country': {'id': 214, 'name': 'Spain'}}]",1.1.0,2,2,1,Regular Season,342,Spotify Camp Nou,214,Spain,2575.0,Santiago Jaime Latre,214.0,Spain
9827,2018-03-01,21:00:00.000,1,1,available,scheduled,2022-08-04T17:18:06.540844,2021-06-13T16:17:31.694,26,11,Spain,La Liga,1,2017/2018,208,Las Palmas,male,,214,Spain,"[{'id': 220, 'name': 'Francisco Jémez Martín', 'nickname': 'Paco Jémez', 'dob': '1970-04-18', 'country': {'id': 214, 'name': 'Spain'}}]",217,Barcelona,male,,214,Spain,"[{'id': 227, 'name': 'Ernesto Valverde Tejedor', 'nickname': 'Ernesto Valverde', 'dob': '1964-02-09', 'country': {'id': 214, 'name': 'Spain'}}]",1.1.0,2,2,1,Regular Season,357,Estadio de Gran Canaria,214,Spain,180.0,Antonio Miguel Mateu Lahoz,214.0,Spain
9799,2018-02-17,16:15:00.000,0,2,available,scheduled,2022-12-01T01:41:38.350571,2021-06-13T16:17:31.694,24,11,Spain,La Liga,1,2017/2018,322,Eibar,male,,214,Spain,"[{'id': 221, 'name': 'José Luis Mendilibar Etxebarria', 'nickname': 'José Luis Mendilibar', 'dob': '1961-03-14', 'country': {'id': 214, 'name': 'Spain'}}]",217,Barcelona,male,,214,Spain,"[{'id': 227, 'name': 'Ernesto Valverde Tejedor', 'nickname': 'Ernesto Valverde', 'dob': '1964-02-09', 'country': {'id': 214, 'name': 'Spain'}}]",1.1.0,2,2,1,Regular Season,347,Estadio Municipal de Ipurúa,214,Spain,2608.0,Alejandro José Hernández Hernández,214.0,Spain
9636,2017-10-01,16:15:00.000,3,0,available,scheduled,2022-02-04T22:31:59.619211,2021-06-13T16:17:31.694,7,11,Spain,La Liga,1,2017/2018,217,Barcelona,male,,214,Spain,"[{'id': 227, 'name': 'Ernesto Valverde Tejedor', 'nickname': 'Ernesto Valverde', 'dob': '1964-02-09', 'country': {'id': 214, 'name': 'Spain'}}]",208,Las Palmas,male,,214,Spain,"[{'id': 618, 'name': 'Francisco Martín Ayestarán Barandiarán', 'nickname': 'Pako Ayestarán', 'dob': '1963-02-05', 'country': {'id': 214, 'name': 'Spain'}}]",1.1.0,2,2,1,Regular Season,342,Spotify Camp Nou,214,Spain,2609.0,José Luis Munuera Montero,214.0,Spain
9609,2017-09-19,22:00:00.000,6,1,available,scheduled,2022-02-04T14:40:31.817331,2021-06-13T16:17:31.694,5,11,Spain,La Liga,1,2017/2018,217,Barcelona,male,,214,Spain,"[{'id': 227, 'name': 'Ernesto Valverde Tejedor', 'nickname': 'Ernesto Valverde', 'dob': '1964-02-09', 'country': {'id': 214, 'name': 'Spain'}}]",322,Eibar,male,,214,Spain,"[{'id': 221, 'name': 'José Luis Mendilibar Etxebarria', 'nickname': 'José Luis Mendilibar', 'dob': '1961-03-14', 'country': {'id': 214, 'name': 'Spain'}}]",1.1.0,2,2,1,Regular Season,342,Spotify Camp Nou,214,Spain,2608.0,Alejandro José Hernández Hernández,214.0,Spain
9575,2017-08-20,20:15:00.000,2,0,available,scheduled,2020-07-29T05:00,2021-06-13T16:17:31.694,1,11,Spain,La Liga,1,2017/2018,217,Barcelona,male,,214,Spain,"[{'id': 227, 'name': 'Ernesto Valverde Tejedor', 'nickname': 'Ernesto Valverde', 'dob': '1964-02-09', 'country': {'id': 214, 'name': 'Spain'}}]",218,Real Betis,male,,214,Spain,"[{'id': 238, 'name': 'Enrique Setién Solar', 'nickname': 'Quique Setién', 'dob': '1958-09-27', 'country': {'id': 214, 'name': 'Spain'}}]",1.1.0,2,,1,Regular Season,342,Spotify Camp Nou,214,Spain,2624.0,Daniel Jesús Trujillo Suárez,214.0,Spain
9928,2018-05-09,20:00:00.000,5,1,available,scheduled,2020-07-29T05:00,2021-06-13T16:17:31.694,34,11,Spain,La Liga,1,2017/2018,217,Barcelona,male,,214,Spain,"[{'id': 227, 'name': 'Ernesto Valverde Tejedor', 'nickname': 'Ernesto Valverde', 'dob': '1964-02-09', 'country': {'id': 214, 'name': 'Spain'}}]",222,Villarreal,male,,214,Spain,"[{'id': 182, 'name': 'Javier Calleja Revilla', 'nickname': 'Javi Calleja', 'dob': '1978-05-12', 'country': {'id': 214, 'name': 'Spain'}}]",1.1.0,2,,1,Regular Season,342,Spotify Camp Nou,214,Spain,,,,
9736,2017-12-23,13:00:00.000,0,3,available,scheduled,2020-07-29T05:00,2021-06-13T16:17:31.694,17,11,Spain,La Liga,1,2017/2018,220,Real Madrid,male,,214,Spain,"[{'id': 56, 'name': 'Zinédine Zidane', 'nickname': None, 'dob': '1972-06-23', 'country': {'id': 78, 'name': 'France'}}]",217,Barcelona,male,,214,Spain,"[{'id': 227, 'name': 'Ernesto Valverde Tejedor', 'nickname': 'Ernesto Valverde', 'dob': '1964-02-09', 'country': {'id': 214, 'name': 'Spain'}}]",1.1.0,2,,1,Regular Season,353,Estadio Santiago Bernabéu,214,Spain,,,,
9742,2018-01-07,16:15:00.000,3,0,available,scheduled,2022-06-18T19:26:24.300460,2021-06-13T16:17:31.694,18,11,Spain,La Liga,1,2017/2018,217,Barcelona,male,,214,Spain,"[{'id': 227, 'name': 'Ernesto Valverde Tejedor', 'nickname': 'Ernesto Valverde', 'dob': '1964-02-09', 'country': {'id': 214, 'name': 'Spain'}}]",221,Levante UD,male,,214,Spain,"[{'id': 2, 'name': 'Juan Ramón López Muñiz', 'nickname': 'Juan Muñiz', 'dob': '1968-11-02', 'country': {'id': 214, 'name': 'Spain'}}]",1.1.0,2,2,1,Regular Season,342,Spotify Camp Nou,214,Spain,,,,
9765,2018-01-21,20:45:00.000,0,5,available,scheduled,2020-07-29T05:00,2021-06-13T16:17:31.694,20,11,Spain,La Liga,1,2017/2018,218,Real Betis,male,,214,Spain,"[{'id': 620, 'name': 'Eder Sarabia Armesto', 'nickname': 'Eder Sarabia', 'dob': '1981-01-12', 'country': {'id': 214, 'name': 'Spain'}}, {'id': 238, 'name': 'Enrique Setién Solar', 'nickname': 'Quique Setién', 'dob': '1958-09-27', 'country': {'id': 214, 'name': 'Spain'}}]",217,Barcelona,male,,214,Spain,"[{'id': 227, 'name': 'Ernesto Valverde Tejedor', 'nickname': 'Ernesto Valverde', 'dob': '1964-02-09', 'country': {'id': 214, 'name': 'Spain'}}]",1.1.0,2,,1,Regular Season,352,Estadio Benito Villamarín,214,Spain,,,,
9661,2017-10-28,20:45:00.000,0,2,available,scheduled,2022-02-10T21:47:49.678101,2021-06-13T16:17:31.694,10,11,Spain,La Liga,1,2017/2018,215,Athletic Club,male,,214,Spain,"[{'id': 210, 'name': 'José Ángel Ziganda Lacunza', 'nickname': 'Cuco Ziganda', 'dob': '1966-10-01', 'country': {'id': 214, 'name': 'Spain'}}]",217,Barcelona,male,,214,Spain,"[{'id': 227, 'name': 'Ernesto Valverde Tejedor', 'nickname': 'Ernesto Valverde', 'dob': '1964-02-09', 'country': {'id': 214, 'name': 'Spain'}}]",1.1.0,2,2,1,Regular Season,345,San Mamés Barria,214,Spain,2434.0,Juan Martínez Munuera,214.0,Spain
9592,2017-09-09,20:45:00.000,5,0,available,scheduled,2020-07-29T05:00,2021-06-13T16:17:31.694,3,11,Spain,La Liga,1,2017/2018,217,Barcelona,male,,214,Spain,"[{'id': 227, 'name': 'Ernesto Valverde Tejedor', 'nickname': 'Ernesto Valverde', 'dob': '1964-02-09', 'country': {'id': 214, 'name': 'Spain'}}]",214,Espanyol,male,,214,Spain,"[{'id': 236, 'name': 'Enrique Sánchez Flores', 'nickname': 'Quique Sánchez Flores', 'dob': '1965-02-05', 'country': {'id': 214, 'name': 'Spain'}}]",1.1.0,2,,1,Regular Season,342,Spotify Camp Nou,214,Spain,183.0,Jesús Gil Manzano,214.0,Spain
9870,2018-04-07,20:45:00.000,3,1,available,scheduled,2023-02-28T07:25:15.903248,2021-06-13T16:17:31.694,31,11,Spain,La Liga,1,2017/2018,217,Barcelona,male,,214,Spain,"[{'id': 227, 'name': 'Ernesto Valverde Tejedor', 'nickname': 'Ernesto Valverde', 'dob': '1964-02-09', 'country': {'id': 214, 'name': 'Spain'}}]",205,Leganés,male,,214,Spain,"[{'id': 84, 'name': 'Asier Garitano Aguirrezábal', 'nickname': 'Asier Garitano', 'dob': '1969-12-06', 'country': {'id': 214, 'name': 'Spain'}}]",1.1.0,2,2,1,Regular Season,342,Spotify Camp Nou,214,Spain,2602.0,Ricardo De Burgos Bengoetxea,214.0,Spain
9783,2018-02-04,16:15:00.000,1,1,available,scheduled,2022-12-01T01:27:40.607637,2021-06-13T16:17:31.694,22,11,Spain,La Liga,1,2017/2018,214,Espanyol,male,,214,Spain,"[{'id': 236, 'name': 'Enrique Sánchez Flores', 'nickname': 'Quique Sánchez Flores', 'dob': '1965-02-05', 'country': {'id': 214, 'name': 'Spain'}}]",217,Barcelona,male,,214,Spain,"[{'id': 227, 'name': 'Ernesto Valverde Tejedor', 'nickname': 'Ernesto Valverde', 'dob': '1964-02-09', 'country': {'id': 214, 'name': 'Spain'}}]",1.1.0,2,2,1,Regular Season,351,RCDE Stadium,214,Spain,183.0,Jesús Gil Manzano,214.0,Spain
9700,2017-12-02,13:00:00.000,2,2,available,scheduled,2022-12-01T00:56:01.522299,2021-06-13T16:17:31.694,14,11,Spain,La Liga,1,2017/2018,217,Barcelona,male,,214,Spain,"[{'id': 227, 'name': 'Ernesto Valverde Tejedor', 'nickname': 'Ernesto Valverde', 'dob': '1964-02-09', 'country': {'id': 214, 'name': 'Spain'}}]",209,Celta Vigo,male,,214,Spain,"[{'id': 208, 'name': 'Juan Carlos Unzué Labiano', 'nickname': 'Juan Carlos Unzué', 'dob': '1967-04-22', 'country': {'id': 214, 'name': 'Spain'}}]",1.1.0,2,2,1,Regular Season,342,Spotify Camp Nou,214,Spain,,,,
9860,2018-03-31,20:45:00.000,2,2,available,scheduled,2022-12-01T02:37:52.910806,2021-06-13T16:17:31.694,30,11,Spain,La Liga,1,2017/2018,213,Sevilla,male,,214,Spain,"[{'id': 232, 'name': 'Vincenzo Montella', 'nickname': None, 'dob': '1974-06-18', 'country': {'id': 112, 'name': 'Italy'}}]",217,Barcelona,male,,214,Spain,"[{'id': 227, 'name': 'Ernesto Valverde Tejedor', 'nickname': 'Ernesto Valverde', 'dob': '1964-02-09', 'country': {'id': 214, 'name': 'Spain'}}]",1.1.0,2,2,1,Regular Season,349,Estadio Ramón Sánchez Pizjuán,214,Spain,211.0,José Luis González González,214.0,Spain
9695,2017-11-26,20:45:00.000,1,1,available,scheduled,2022-02-10T22:24:55.514083,2021-06-13T16:17:31.694,13,11,Spain,La Liga,1,2017/2018,207,Valencia,male,,214,Spain,"[{'id': 507, 'name': 'Juan Rubén Uría Corral', 'nickname': 'Rubén Uría', 'dob': '1968-01-30', 'country': {'id': 214, 'name': 'Spain'}}, {'id': 211, 'name': 'Marcelino García Toral', 'nickname': 'Marcelino', 'dob': '1965-08-14', 'country': {'id': 214, 'name': 'Spain'}}]",217,Barcelona,male,,214,Spain,"[{'id': 227, 'name': 'Ernesto Valverde Tejedor', 'nickname': 'Ernesto Valverde', 'dob': '1964-02-09', 'country': {'id': 214, 'name': 'Spain'}}]",1.1.0,2,2,1,Regular Season,344,Estadio de Mestalla,214,Spain,218.0,Ignacio Iglesias Villanueva,214.0,Spain
9794,2018-02-11,16:15:00.000,0,0,available,scheduled,2022-12-01T01:37:21.292561,2021-06-13T16:17:31.694,23,11,Spain,La Liga,1,2017/2018,217,Barcelona,male,,214,Spain,"[{'id': 227, 'name': 'Ernesto Valverde Tejedor', 'nickname': 'Ernesto Valverde', 'dob': '1964-02-09', 'country': {'id': 214, 'name': 'Spain'}}]",216,Getafe,male,,214,Spain,"[{'id': 228, 'name': 'José Bordalás Jiménez', 'nickname': 'Pepe Bordalás', 'dob': '1964-03-05', 'country': {'id': 214, 'name': 'Spain'}}]",1.1.0,2,2,1,Regular Season,342,Spotify Camp Nou,214,Spain,222.0,David Fernández Borbalan,214.0,Spain
9717,2017-12-10,20:45:00.000,0,2,available,scheduled,2022-03-30T23:12:28.894213,2021-06-13T16:17:31.694,15,11,Spain,La Liga,1,2017/2018,222,Villarreal,male,,214,Spain,"[{'id': 182, 'name': 'Javier Calleja Revilla', 'nickname': 'Javi Calleja', 'dob': '1978-05-12', 'country': {'id': 214, 'name': 'Spain'}}]",217,Barcelona,male,,214,Spain,"[{'id': 227, 'name': 'Ernesto Valverde Tejedor', 'nickname': 'Ernesto Valverde', 'dob': '1964-02-09', 'country': {'id': 214, 'name': 'Spain'}}]",1.1.0,2,2,1,Regular Season,361,Estadio de la Cerámica,214,Spain,,,,
9673,2017-11-04,20:45:00.000,2,1,available,scheduled,2022-05-08T17:33:48.241122,2021-06-13T16:17:31.694,11,11,Spain,La Liga,1,2017/2018,217,Barcelona,male,,214,Spain,"[{'id': 227, 'name': 'Ernesto Valverde Tejedor', 'nickname': 'Ernesto Valverde', 'dob': '1964-02-09', 'country': {'id': 214, 'name': 'Spain'}}]",213,Sevilla,male,,214,Spain,"[{'id': 385, 'name': 'Manuel Eduardo Berizzo', 'nickname': 'Eduardo Berizzo', 'dob': '1969-11-13', 'country': {'id': 11, 'name': 'Argentina'}}]",1.1.0,2,2,1,Regular Season,342,Spotify Camp Nou,214,Spain,211.0,José Luis González González,214.0,Spain
9650,2017-10-21,20:45:00.000,2,0,available,scheduled,2022-02-10T20:56:01.885373,2021-06-13T16:17:31.694,9,11,Spain,La Liga,1,2017/2018,217,Barcelona,male,,214,Spain,"[{'id': 227, 'name': 'Ernesto Valverde Tejedor', 'nickname': 'Ernesto Valverde', 'dob': '1964-02-09', 'country': {'id': 214, 'name': 'Spain'}}]",223,Málaga,male,,214,Spain,"[{'id': 505, 'name': 'José Miguel González Martín del Campo', 'nickname': 'Míchel', 'dob': '1963-03-23', 'country': {'id': 214, 'name': 'Spain'}}]",1.1.0,2,2,1,Regular Season,342,Spotify Camp Nou,214,Spain,,,,
9620,2017-09-23,20:45:00.000,0,3,available,scheduled,2022-03-30T20:28:12.616241,2021-06-13T16:17:31.694,6,11,Spain,La Liga,1,2017/2018,211,Girona,male,,214,Spain,"[{'id': 234, 'name': 'Pablo Javier Machín Díez', 'nickname': 'Pablo Machín', 'dob': '1975-04-07', 'country': {'id': 214, 'name': 'Spain'}}]",217,Barcelona,male,,214,Spain,"[{'id': 227, 'name': 'Ernesto Valverde Tejedor', 'nickname': 'Ernesto Valverde', 'dob': '1964-02-09', 'country': {'id': 214, 'name': 'Spain'}}]",1.1.0,2,2,1,Regular Season,343,Estadi Municipal de Montilivi,214,Spain,2625.0,José María Sánchez Martínez,214.0,Spain
9837,2018-03-04,16:15:00.000,1,0,available,scheduled,2022-12-01T02:14:30.480502,2021-06-13T16:17:31.694,27,11,Spain,La Liga,1,2017/2018,217,Barcelona,male,,214,Spain,"[{'id': 227, 'name': 'Ernesto Valverde Tejedor', 'nickname': 'Ernesto Valverde', 'dob': '1964-02-09', 'country': {'id': 214, 'name': 'Spain'}}]",212,Atlético Madrid,male,,214,Spain,"[{'id': 230, 'name': 'Diego Pablo Simeone', 'nickname': 'Diego Simeone', 'dob': '1970-04-28', 'country': {'id': 11, 'name': 'Argentina'}}]",1.1.0,2,2,1,Regular Season,342,Spotify Camp Nou,214,Spain,183.0,Jesús Gil Manzano,214.0,Spain
9811,2018-02-24,20:45:00.000,6,1,available,scheduled,2022-12-01T01:52:10.346111,2021-06-13T16:17:31.694,25,11,Spain,La Liga,1,2017/2018,217,Barcelona,male,,214,Spain,"[{'id': 227, 'name': 'Ernesto Valverde Tejedor', 'nickname': 'Ernesto Valverde', 'dob': '1964-02-09', 'country': {'id': 214, 'name': 'Spain'}}]",211,Girona,male,,214,Spain,"[{'id': 234, 'name': 'Pablo Javier Machín Díez', 'nickname': 'Pablo Machín', 'dob': '1975-04-07', 'country': {'id': 214, 'name': 'Spain'}}]",1.1.0,2,2,1,Regular Season,342,Spotify Camp Nou,214,Spain,,,,
9642,2017-10-14,20:45:00.000,1,1,available,scheduled,2022-02-04T22:48:33.627118,2021-06-13T16:17:31.694,8,11,Spain,La Liga,1,2017/2018,212,Atlético Madrid,male,,214,Spain,"[{'id': 230, 'name': 'Diego Pablo Simeone', 'nickname': 'Diego Simeone', 'dob': '1970-04-28', 'country': {'id': 11, 'name': 'Argentina'}}]",217,Barcelona,male,,214,Spain,"[{'id': 227, 'name': 'Ernesto Valverde Tejedor', 'nickname': 'Ernesto Valverde', 'dob': '1964-02-09', 'country': {'id': 214, 'name': 'Spain'}}]",1.1.0,2,2,1,Regular Season,4654,	Estádio Cívitas Metropolitano,214,Spain,180.0,Antonio Miguel Mateu Lahoz,214.0,Spain
9774,2018-01-28,20:45:00.000,2,1,available,scheduled,2022-12-01T01:18:40.194063,2021-06-13T16:17:31.694,21,11,Spain,La Liga,1,2017/2018,217,Barcelona,male,,214,Spain,"[{'id': 227, 'name': 'Ernesto Valverde Tejedor', 'nickname': 'Ernesto Valverde', 'dob': '1964-02-09', 'country': {'id': 214, 'name': 'Spain'}}]",206,Deportivo Alavés,male,,214,Spain,"[{'id': 187, 'name': 'Abelardo Fernández Antuña', 'nickname': 'Abelardo', 'dob': '1970-04-19', 'country': {'id': 214, 'name': 'Spain'}}]",1.1.0,2,2,1,Regular Season,342,Spotify Camp Nou,214,Spain,218.0,Ignacio Iglesias Villanueva,214.0,Spain
9602,2017-09-16,16:15:00.000,1,2,available,scheduled,2022-02-04T13:57:30.602817,2021-06-13T16:17:31.694,4,11,Spain,La Liga,1,2017/2018,216,Getafe,male,,214,Spain,"[{'id': 228, 'name': 'José Bordalás Jiménez', 'nickname': 'Pepe Bordalás', 'dob': '1964-03-05', 'country': {'id': 214, 'name': 'Spain'}}]",217,Barcelona,male,,214,Spain,"[{'id': 227, 'name': 'Ernesto Valverde Tejedor', 'nickname': 'Ernesto Valverde', 'dob': '1964-02-09', 'country': {'id': 214, 'name': 'Spain'}}]",1.1.0,2,2,1,Regular Season,354,Coliseum Alfonso Pérez,214,Spain,222.0,David Fernández Borbalan,214.0,Spain
9948,2018-05-20,20:45:00.000,1,0,available,scheduled,2022-12-05T14:51:46.221392,2021-06-13T16:17:31.694,38,11,Spain,La Liga,1,2017/2018,217,Barcelona,male,,214,Spain,"[{'id': 227, 'name': 'Ernesto Valverde Tejedor', 'nickname': 'Ernesto Valverde', 'dob': '1964-02-09', 'country': {'id': 214, 'name': 'Spain'}}]",210,Real Sociedad,male,,214,Spain,"[{'id': 85, 'name': 'Imanol Alguacil Barrenetxea', 'nickname': 'Imanol Alguacil', 'dob': '1971-07-04', 'country': {'id': 214, 'name': 'Spain'}}]",1.1.0,2,2,1,Regular Season,342,Spotify Camp Nou,214,Spain,2609.0,José Luis Munuera Montero,214.0,Spain
9682,2017-11-18,16:15:00.000,0,3,available,scheduled,2022-08-13T21:30:13.962297,2021-06-13T16:17:31.694,12,11,Spain,La Liga,1,2017/2018,205,Leganés,male,,214,Spain,"[{'id': 84, 'name': 'Asier Garitano Aguirrezábal', 'nickname': 'Asier Garitano', 'dob': '1969-12-06', 'country': {'id': 214, 'name': 'Spain'}}]",217,Barcelona,male,,214,Spain,"[{'id': 227, 'name': 'Ernesto Valverde Tejedor', 'nickname': 'Ernesto Valverde', 'dob': '1964-02-09', 'country': {'id': 214, 'name': 'Spain'}}]",1.1.0,2,2,1,Regular Season,355,Estadio Municipal de Butarque,214,Spain,221.0,Alberto Undiano Mallenco,214.0,Spain
9581,2017-08-26,18:15:00.000,0,2,available,scheduled,2022-02-04T12:35:34.095010,2021-06-13T16:17:31.694,2,11,Spain,La Liga,1,2017/2018,206,Deportivo Alavés,male,,214,Spain,"[{'id': 511, 'name': 'Luis Francisco Zubeldía', 'nickname': 'Luis Zubeldía', 'dob': '1981-01-13', 'country': {'id': 11, 'name': 'Argentina'}}]",217,Barcelona,male,,214,Spain,"[{'id': 227, 'name': 'Ernesto Valverde Tejedor', 'nickname': 'Ernesto Valverde', 'dob': '1964-02-09', 'country': {'id': 214, 'name': 'Spain'}}]",1.1.0,2,2,1,Regular Season,348,Estadio de Mendizorroza,214,Spain,2728.0,Carlos del Cerro Grande,214.0,Spain
9726,2017-12-17,20:45:00.000,4,0,available,scheduled,2022-05-08T19:11:07.806019,2021-06-13T16:17:31.694,16,11,Spain,La Liga,1,2017/2018,217,Barcelona,male,,214,Spain,"[{'id': 227, 'name': 'Ernesto Valverde Tejedor', 'nickname': 'Ernesto Valverde', 'dob': '1964-02-09', 'country': {'id': 214, 'name': 'Spain'}}]",219,RC Deportivo La Coruña,male,,214,Spain,"[{'id': 235, 'name': 'Cristóbal Parralo Aguilera', 'nickname': 'Cristóbal Parralo', 'dob': '1967-08-21', 'country': {'id': 214, 'name': 'Spain'}}]",1.1.0,2,2,1,Regular Season,342,Spotify Camp Nou,214,Spain,180.0,Antonio Miguel Mateu Lahoz,214.0,Spain
9754,2018-01-14,20:45:00.000,2,4,available,scheduled,2020-07-29T05:00,2021-06-13T16:17:31.694,19,11,Spain,La Liga,1,2017/2018,210,Real Sociedad,male,,214,Spain,"[{'id': 229, 'name': 'Eusebio Sacristán Mena', 'nickname': 'Eusebio Sacristán', 'dob': '1964-04-13', 'country': {'id': 214, 'name': 'Spain'}}]",217,Barcelona,male,,214,Spain,"[{'id': 227, 'name': 'Ernesto Valverde Tejedor', 'nickname': 'Ernesto Valverde', 'dob': '1964-02-09', 'country': {'id': 214, 'name': 'Spain'}}]",1.1.0,2,,1,Regular Season,5043,Reale Arena,214,Spain,211.0,José Luis González González,214.0,Spain
9889,2018-04-17,21:00:00.000,2,2,available,scheduled,2020-07-29T05:00,2021-06-13T16:17:31.694,33,11,Spain,La Liga,1,2017/2018,209,Celta Vigo,male,,214,Spain,"[{'id': 208, 'name': 'Juan Carlos Unzué Labiano', 'nickname': 'Juan Carlos Unzué', 'dob': '1967-04-22', 'country': {'id': 214, 'name': 'Spain'}}]",217,Barcelona,male,,214,Spain,"[{'id': 227, 'name': 'Ernesto Valverde Tejedor', 'nickname': 'Ernesto Valverde', 'dob': '1964-02-09', 'country': {'id': 214, 'name': 'Spain'}}]",1.1.0,2,,1,Regular Season,653,Abanca-Balaídos,214,Spain,222.0,David Fernández Borbalan,214.0,Spain
266989,2016-11-06,20:45:00.000,1,2,available,scheduled,2023-07-24T21:50:55.698179,2021-06-13T16:17:31.694,11,11,Spain,La Liga,2,2016/2017,213,Sevilla,male,,214,Spain,"[{'id': 637, 'name': 'Jorge Luis Sampaoli Moya', 'nickname': 'Jorge Sampaoli', 'dob': '1960-03-13', 'country': {'id': 11, 'name': 'Argentina'}}]",217,Barcelona,male,,214,Spain,"[{'id': 793, 'name': 'Luis Enrique Martínez García', 'nickname': 'Luis Enrique', 'dob': '1970-05-08', 'country': {'id': 214, 'name': 'Spain'}}]",1.1.0,2,2,1,Regular Season,349,Estadio Ramón Sánchez Pizjuán,214,Spain,,,,
266357,2016-12-10,13:00:00.000,0,3,available,scheduled,2023-07-24T21:41:37.118536,2021-06-13T16:17:31.694,15,11,Spain,La Liga,2,2016/2017,422,Osasuna,male,,214,Spain,"[{'id': 497, 'name': 'Joaquín de Jesús Caparrós Camino', 'nickname': 'Joaquín Caparrós', 'dob': '1955-10-15', 'country': {'id': 214, 'name': 'Spain'}}]",217,Barcelona,male,,214,Spain,"[{'id': 793, 'name': 'Luis Enrique Martínez García', 'nickname': 'Luis Enrique', 'dob': '1970-05-08', 'country': {'id': 214, 'name': 'Spain'}}]",1.1.0,2,2,1,Regular Season,4650,Estadio El Sadar,214,Spain,,,,
267569,2017-04-23,20:45:00.000,2,3,available,scheduled,2023-07-24T21:43:33.680670,2021-06-13T16:17:31.694,33,11,Spain,La Liga,2,2016/2017,220,Real Madrid,male,,214,Spain,"[{'id': 56, 'name': 'Zinédine Zidane', 'nickname': None, 'dob': '1972-06-23', 'country': {'id': 78, 'name': 'France'}}]",217,Barcelona,male,,214,Spain,"[{'id': 793, 'name': 'Luis Enrique Martínez García', 'nickname': 'Luis Enrique', 'dob': '1970-05-08', 'country': {'id': 214, 'name': 'Spain'}}]",1.1.0,2,2,1,Regular Season,353,Estadio Santiago Bernabéu,214,Spain,,,,
267212,2016-09-17,13:00:00.000,1,5,available,scheduled,2022-11-19T16:09:54.565019,2021-06-13T16:17:31.694,4,11,Spain,La Liga,2,2016/2017,205,Leganés,male,,214,Spain,"[{'id': 84, 'name': 'Asier Garitano Aguirrezábal', 'nickname': 'Asier Garitano', 'dob': '1969-12-06', 'country': {'id': 214, 'name': 'Spain'}}]",217,Barcelona,male,,214,Spain,"[{'id': 793, 'name': 'Luis Enrique Martínez García', 'nickname': 'Luis Enrique', 'dob': '1970-05-08', 'country': {'id': 214, 'name': 'Spain'}}]",1.1.0,2,2,1,Regular Season,355,Estadio Municipal de Butarque,214,Spain,,,,
266669,2016-09-10,20:30:00.000,1,2,available,scheduled,2023-05-11T08:12:51.955151,2021-06-13T16:17:31.694,3,11,Spain,La Liga,2,2016/2017,217,Barcelona,male,,214,Spain,"[{'id': 793, 'name': 'Luis Enrique Martínez García', 'nickname': 'Luis Enrique', 'dob': '1970-05-08', 'country': {'id': 214, 'name': 'Spain'}}]",206,Deportivo Alavés,male,,214,Spain,"[{'id': 681, 'name': 'Mauricio Pellegrino', 'nickname': None, 'dob': '1971-10-05', 'country': {'id': 11, 'name': 'Argentina'}}]",1.1.0,2,2,1,Regular Season,342,Spotify Camp Nou,214,Spain,,,,
266892,2016-08-28,20:15:00.000,0,1,available,scheduled,2022-11-19T16:05:59.289907,2021-06-13T16:17:31.694,2,11,Spain,La Liga,2,2016/2017,215,Athletic Club,male,,214,Spain,"[{'id': 227, 'name': 'Ernesto Valverde Tejedor', 'nickname': 'Ernesto Valverde', 'dob': '1964-02-09', 'country': {'id': 214, 'name': 'Spain'}}]",217,Barcelona,male,,214,Spain,"[{'id': 793, 'name': 'Luis Enrique Martínez García', 'nickname': 'Luis Enrique', 'dob': '1970-05-08', 'country': {'id': 214, 'name': 'Spain'}}]",1.1.0,2,2,1,Regular Season,345,San Mamés Barria,214,Spain,180.0,Antonio Miguel Mateu Lahoz,214.0,Spain
267220,2016-09-21,22:00:00.000,1,1,available,scheduled,2023-07-24T21:42:13.386289,2021-06-13T16:17:31.694,5,11,Spain,La Liga,2,2016/2017,217,Barcelona,male,,214,Spain,"[{'id': 793, 'name': 'Luis Enrique Martínez García', 'nickname': 'Luis Enrique', 'dob': '1970-05-08', 'country': {'id': 214, 'name': 'Spain'}}]",212,Atlético Madrid,male,,214,Spain,"[{'id': 230, 'name': 'Diego Pablo Simeone', 'nickname': 'Diego Simeone', 'dob': '1970-04-28', 'country': {'id': 11, 'name': 'Argentina'}}]",1.1.0,2,2,1,Regular Season,342,Spotify Camp Nou,214,Spain,222.0,David Fernández Borbalan,214.0,Spain
267670,2016-08-20,18:15:00.000,6,2,available,scheduled,2022-11-19T16:01:22.382731,2021-06-13T16:17:31.694,1,11,Spain,La Liga,2,2016/2017,217,Barcelona,male,,214,Spain,"[{'id': 793, 'name': 'Luis Enrique Martínez García', 'nickname': 'Luis Enrique', 'dob': '1970-05-08', 'country': {'id': 214, 'name': 'Spain'}}]",218,Real Betis,male,,214,Spain,"[{'id': 125, 'name': 'Gustavo Augusto Poyet Domínguez', 'nickname': 'Gus Poyet', 'dob': '1967-11-15', 'country': {'id': 242, 'name': 'Uruguay'}}]",1.1.0,2,2,1,Regular Season,342,Spotify Camp Nou,214,Spain,221.0,Alberto Undiano Mallenco,214.0,Spain
266516,2017-01-29,12:00:00.000,1,1,available,scheduled,2023-07-24T21:45:34.371938,2021-06-13T16:17:31.694,20,11,Spain,La Liga,2,2016/2017,218,Real Betis,male,,214,Spain,"[{'id': 3157, 'name': 'Víctor Sánchez del Amo', 'nickname': 'Víctor Sánchez', 'dob': '1976-02-23', 'country': {'id': 214, 'name': 'Spain'}}]",217,Barcelona,male,,214,Spain,"[{'id': 793, 'name': 'Luis Enrique Martínez García', 'nickname': 'Luis Enrique', 'dob': '1970-05-08', 'country': {'id': 214, 'name': 'Spain'}}]",1.1.0,2,2,1,Regular Season,352,Estadio Benito Villamarín,214,Spain,,,,
267039,2017-05-14,20:00:00.000,1,4,available,scheduled,2023-07-24T21:43:11.033141,2021-06-13T16:17:31.694,37,11,Spain,La Liga,2,2016/2017,208,Las Palmas,male,,214,Spain,"[{'id': 238, 'name': 'Enrique Setién Solar', 'nickname': 'Quique Setién', 'dob': '1958-09-27', 'country': {'id': 214, 'name': 'Spain'}}]",217,Barcelona,male,,214,Spain,"[{'id': 793, 'name': 'Luis Enrique Martínez García', 'nickname': 'Luis Enrique', 'dob': '1970-05-08', 'country': {'id': 214, 'name': 'Spain'}}]",1.1.0,2,2,1,Regular Season,357,Estadio de Gran Canaria,214,Spain,211.0,José Luis González González,214.0,Spain
266477,2017-01-08,20:45:00.000,1,1,available,scheduled,2023-07-24T17:55:12.814918,2021-06-13T16:17:31.694,17,11,Spain,La Liga,2,2016/2017,222,Villarreal,male,,214,Spain,"[{'id': 509, 'name': 'Francisco Escriba Segura', 'nickname': 'Fran Escribá', 'dob': '1965-05-03', 'country': {'id': 214, 'name': 'Spain'}}]",217,Barcelona,male,,214,Spain,"[{'id': 793, 'name': 'Luis Enrique Martínez García', 'nickname': 'Luis Enrique', 'dob': '1970-05-08', 'country': {'id': 214, 'name': 'Spain'}}]",1.1.0,2,2,1,Regular Season,361,Estadio de la Cerámica,214,Spain,218.0,Ignacio Iglesias Villanueva,214.0,Spain
267101,2017-04-26,19:30:00.000,7,1,available,scheduled,2023-07-24T21:48:41.471109,2021-06-13T16:17:31.694,34,11,Spain,La Liga,2,2016/2017,217,Barcelona,male,,214,Spain,"[{'id': 793, 'name': 'Luis Enrique Martínez García', 'nickname': 'Luis Enrique', 'dob': '1970-05-08', 'country': {'id': 214, 'name': 'Spain'}}]",422,Osasuna,male,,214,Spain,"[{'id': 3199, 'name': 'Petar Vasiljević', 'nickname': None, 'dob': '1970-11-03', 'country': {'id': 203, 'name': 'Serbia'}}]",1.1.0,2,2,1,Regular Season,342,Spotify Camp Nou,214,Spain,,,,
266440,2017-03-19,20:45:00.000,4,2,available,scheduled,2023-07-24T21:40:36.642214,2021-06-13T16:17:31.694,28,11,Spain,La Liga,2,2016/2017,217,Barcelona,male,,214,Spain,"[{'id': 793, 'name': 'Luis Enrique Martínez García', 'nickname': 'Luis Enrique', 'dob': '1970-05-08', 'country': {'id': 214, 'name': 'Spain'}}]",207,Valencia,male,,214,Spain,"[{'id': 4167, 'name': 'Salvador González Marco', 'nickname': 'Voro', 'dob': '1963-10-09', 'country': {'id': 214, 'name': 'Spain'}}]",1.1.0,2,2,1,Regular Season,342,Spotify Camp Nou,214,Spain,,,,
266033,2016-10-22,16:15:00.000,2,3,available,scheduled,2023-07-24T21:49:01.733896,2021-06-13T16:17:31.694,9,11,Spain,La Liga,2,2016/2017,207,Valencia,male,,214,Spain,"[{'id': 713, 'name': 'Claudio Cesare Prandelli', 'nickname': None, 'dob': '1957-08-19', 'country': {'id': 112, 'name': 'Italy'}}]",217,Barcelona,male,,214,Spain,"[{'id': 793, 'name': 'Luis Enrique Martínez García', 'nickname': 'Luis Enrique', 'dob': '1970-05-08', 'country': {'id': 214, 'name': 'Spain'}}]",1.1.0,2,2,1,Regular Season,344,Estadio de Mestalla,214,Spain,221.0,Alberto Undiano Mallenco,214.0,Spain
267660,2017-03-12,16:15:00.000,2,1,available,scheduled,2022-11-30T17:50:11.505639,2021-06-13T16:17:31.694,27,11,Spain,La Liga,2,2016/2017,219,RC Deportivo La Coruña,male,,214,Spain,"[{'id': 57, 'name': 'José Mel Pérez', 'nickname': 'Pepe Mel', 'dob': '1963-02-28', 'country': {'id': 214, 'name': 'Spain'}}]",217,Barcelona,male,,214,Spain,"[{'id': 793, 'name': 'Luis Enrique Martínez García', 'nickname': 'Luis Enrique', 'dob': '1970-05-08', 'country': {'id': 214, 'name': 'Spain'}}]",1.1.0,2,2,1,Regular Season,4658,Estadio Abanca-Riazor,214,Spain,222.0,David Fernández Borbalan,214.0,Spain
266273,2017-02-11,16:15:00.000,0,6,available,scheduled,2023-07-24T21:49:40.233242,2021-06-13T16:17:31.694,22,11,Spain,La Liga,2,2016/2017,206,Deportivo Alavés,male,,214,Spain,"[{'id': 681, 'name': 'Mauricio Pellegrino', 'nickname': None, 'dob': '1971-10-05', 'country': {'id': 11, 'name': 'Argentina'}}]",217,Barcelona,male,,214,Spain,"[{'id': 793, 'name': 'Luis Enrique Martínez García', 'nickname': 'Luis Enrique', 'dob': '1970-05-08', 'country': {'id': 214, 'name': 'Spain'}}]",1.1.0,2,2,1,Regular Season,348,Estadio de Mendizorroza,214,Spain,1008.0,Carlos Clos Gómez,214.0,Spain
267395,2017-01-14,16:15:00.000,5,0,available,scheduled,2023-05-11T08:13:40.117646,2021-06-13T16:17:31.694,18,11,Spain,La Liga,2,2016/2017,217,Barcelona,male,,214,Spain,"[{'id': 793, 'name': 'Luis Enrique Martínez García', 'nickname': 'Luis Enrique', 'dob': '1970-05-08', 'country': {'id': 214, 'name': 'Spain'}}]",208,Las Palmas,male,,214,Spain,"[{'id': 238, 'name': 'Enrique Setién Solar', 'nickname': 'Quique Setién', 'dob': '1958-09-27', 'country': {'id': 214, 'name': 'Spain'}}]",1.1.0,2,2,1,Regular Season,342,Spotify Camp Nou,214,Spain,221.0,Alberto Undiano Mallenco,214.0,Spain
266874,2017-02-04,16:15:00.000,3,0,available,scheduled,2023-07-24T17:57:56.516416,2021-06-13T16:17:31.694,21,11,Spain,La Liga,2,2016/2017,217,Barcelona,male,,214,Spain,"[{'id': 793, 'name': 'Luis Enrique Martínez García', 'nickname': 'Luis Enrique', 'dob': '1970-05-08', 'country': {'id': 214, 'name': 'Spain'}}]",215,Athletic Club,male,,214,Spain,"[{'id': 227, 'name': 'Ernesto Valverde Tejedor', 'nickname': 'Ernesto Valverde', 'dob': '1964-02-09', 'country': {'id': 214, 'name': 'Spain'}}]",1.1.0,2,2,1,Regular Season,342,Spotify Camp Nou,214,Spain,211.0,José Luis González González,214.0,Spain
266731,2017-01-22,20:45:00.000,0,4,available,scheduled,2023-07-24T17:57:06.130288,2021-06-13T16:17:31.694,19,11,Spain,La Liga,2,2016/2017,322,Eibar,male,,214,Spain,"[{'id': 221, 'name': 'José Luis Mendilibar Etxebarria', 'nickname': 'José Luis Mendilibar', 'dob': '1961-03-14', 'country': {'id': 214, 'name': 'Spain'}}]",217,Barcelona,male,,214,Spain,"[{'id': 793, 'name': 'Luis Enrique Martínez García', 'nickname': 'Luis Enrique', 'dob': '1970-05-08', 'country': {'id': 214, 'name': 'Spain'}}]",1.1.0,2,2,1,Regular Season,347,Estadio Municipal de Ipurúa,214,Spain,,,,
266528,2016-12-18,20:45:00.000,4,1,available,scheduled,2023-07-24T21:42:34.637040,2021-06-13T16:17:31.694,16,11,Spain,La Liga,2,2016/2017,217,Barcelona,male,,214,Spain,"[{'id': 793, 'name': 'Luis Enrique Martínez García', 'nickname': 'Luis Enrique', 'dob': '1970-05-08', 'country': {'id': 214, 'name': 'Spain'}}]",214,Espanyol,male,,214,Spain,"[{'id': 236, 'name': 'Enrique Sánchez Flores', 'nickname': 'Quique Sánchez Flores', 'dob': '1965-02-05', 'country': {'id': 214, 'name': 'Spain'}}]",1.1.0,2,2,1,Regular Season,342,Spotify Camp Nou,214,Spain,180.0,Antonio Miguel Mateu Lahoz,214.0,Spain
266280,2017-04-05,19:30:00.000,3,0,available,scheduled,2023-07-24T21:46:34.060601,2021-06-13T16:17:31.694,30,11,Spain,La Liga,2,2016/2017,217,Barcelona,male,,214,Spain,"[{'id': 793, 'name': 'Luis Enrique Martínez García', 'nickname': 'Luis Enrique', 'dob': '1970-05-08', 'country': {'id': 214, 'name': 'Spain'}}]",213,Sevilla,male,,214,Spain,"[{'id': 637, 'name': 'Jorge Luis Sampaoli Moya', 'nickname': 'Jorge Sampaoli', 'dob': '1960-03-13', 'country': {'id': 11, 'name': 'Argentina'}}]",1.1.0,2,2,1,Regular Season,342,Spotify Camp Nou,214,Spain,1008.0,Carlos Clos Gómez,214.0,Spain
267432,2017-05-21,20:00:00.000,4,2,available,scheduled,2022-11-30T18:34:51.329429,2021-06-13T16:17:31.694,38,11,Spain,La Liga,2,2016/2017,217,Barcelona,male,,214,Spain,"[{'id': 793, 'name': 'Luis Enrique Martínez García', 'nickname': 'Luis Enrique', 'dob': '1970-05-08', 'country': {'id': 214, 'name': 'Spain'}}]",322,Eibar,male,,214,Spain,"[{'id': 221, 'name': 'José Luis Mendilibar Etxebarria', 'nickname': 'José Luis Mendilibar', 'dob': '1961-03-14', 'country': {'id': 214, 'name': 'Spain'}}]",1.1.0,2,2,1,Regular Season,342,Spotify Camp Nou,214,Spain,,,,
267076,2016-12-03,16:15:00.000,1,1,available,scheduled,2022-11-19T16:45:15.008713,2021-06-13T16:17:31.694,14,11,Spain,La Liga,2,2016/2017,217,Barcelona,male,,214,Spain,"[{'id': 793, 'name': 'Luis Enrique Martínez García', 'nickname': 'Luis Enrique', 'dob': '1970-05-08', 'country': {'id': 214, 'name': 'Spain'}}]",220,Real Madrid,male,,214,Spain,"[{'id': 56, 'name': 'Zinédine Zidane', 'nickname': None, 'dob': '1972-06-23', 'country': {'id': 78, 'name': 'France'}}]",1.1.0,2,2,1,Regular Season,342,Spotify Camp Nou,214,Spain,1008.0,Carlos Clos Gómez,214.0,Spain
267590,2017-04-08,20:45:00.000,2,0,available,scheduled,2023-07-24T21:41:12.651789,2021-06-13T16:17:31.694,31,11,Spain,La Liga,2,2016/2017,223,Málaga,male,,214,Spain,"[{'id': 505, 'name': 'José Miguel González Martín del Campo', 'nickname': 'Míchel', 'dob': '1963-03-23', 'country': {'id': 214, 'name': 'Spain'}}]",217,Barcelona,male,,214,Spain,"[{'id': 793, 'name': 'Luis Enrique Martínez García', 'nickname': 'Luis Enrique', 'dob': '1970-05-08', 'country': {'id': 214, 'name': 'Spain'}}]",1.1.0,2,2,1,Regular Season,346,Estadio La Rosaleda,214,Spain,183.0,Jesús Gil Manzano,214.0,Spain
267373,2017-04-15,20:45:00.000,3,2,available,scheduled,2023-07-24T21:47:36.081731,2021-06-13T16:17:31.694,32,11,Spain,La Liga,2,2016/2017,217,Barcelona,male,,214,Spain,"[{'id': 793, 'name': 'Luis Enrique Martínez García', 'nickname': 'Luis Enrique', 'dob': '1970-05-08', 'country': {'id': 214, 'name': 'Spain'}}]",210,Real Sociedad,male,,214,Spain,"[{'id': 229, 'name': 'Eusebio Sacristán Mena', 'nickname': 'Eusebio Sacristán', 'dob': '1964-04-13', 'country': {'id': 214, 'name': 'Spain'}}]",1.1.0,2,2,1,Regular Season,342,Spotify Camp Nou,214,Spain,,,,
267077,2017-04-29,20:45:00.000,0,3,available,scheduled,2022-11-30T18:20:38.178231,2021-06-13T16:17:31.694,35,11,Spain,La Liga,2,2016/2017,214,Espanyol,male,,214,Spain,"[{'id': 236, 'name': 'Enrique Sánchez Flores', 'nickname': 'Quique Sánchez Flores', 'dob': '1965-02-05', 'country': {'id': 214, 'name': 'Spain'}}]",217,Barcelona,male,,214,Spain,"[{'id': 793, 'name': 'Luis Enrique Martínez García', 'nickname': 'Luis Enrique', 'dob': '1970-05-08', 'country': {'id': 214, 'name': 'Spain'}}]",1.1.0,2,2,1,Regular Season,351,RCDE Stadium,214,Spain,221.0,Alberto Undiano Mallenco,214.0,Spain
266952,2017-05-06,18:30:00.000,4,1,available,scheduled,2023-07-24T21:44:41.005181,2021-06-13T16:17:31.694,36,11,Spain,La Liga,2,2016/2017,217,Barcelona,male,,214,Spain,"[{'id': 793, 'name': 'Luis Enrique Martínez García', 'nickname': 'Luis Enrique', 'dob': '1970-05-08', 'country': {'id': 214, 'name': 'Spain'}}]",222,Villarreal,male,,214,Spain,"[{'id': 509, 'name': 'Francisco Escriba Segura', 'nickname': 'Fran Escribá', 'dob': '1965-05-03', 'country': {'id': 214, 'name': 'Spain'}}]",1.1.0,2,2,1,Regular Season,342,Spotify Camp Nou,214,Spain,,,,
267464,2017-02-26,16:15:00.000,1,2,available,scheduled,2023-07-24T17:58:47.723079,2021-06-13T16:17:31.694,24,11,Spain,La Liga,2,2016/2017,212,Atlético Madrid,male,,214,Spain,"[{'id': 230, 'name': 'Diego Pablo Simeone', 'nickname': 'Diego Simeone', 'dob': '1970-04-28', 'country': {'id': 11, 'name': 'Argentina'}}]",217,Barcelona,male,,214,Spain,"[{'id': 793, 'name': 'Luis Enrique Martínez García', 'nickname': 'Luis Enrique', 'dob': '1970-05-08', 'country': {'id': 214, 'name': 'Spain'}}]",1.1.0,2,2,1,Regular Season,625,Estadio Vicente Calderón,214,Spain,180.0,Antonio Miguel Mateu Lahoz,214.0,Spain
266299,2017-03-04,20:45:00.000,5,0,available,scheduled,2022-11-30T17:46:36.271147,2021-06-13T16:17:31.694,26,11,Spain,La Liga,2,2016/2017,217,Barcelona,male,,214,Spain,"[{'id': 793, 'name': 'Luis Enrique Martínez García', 'nickname': 'Luis Enrique', 'dob': '1970-05-08', 'country': {'id': 214, 'name': 'Spain'}}]",209,Celta Vigo,male,,214,Spain,"[{'id': 385, 'name': 'Manuel Eduardo Berizzo', 'nickname': 'Eduardo Berizzo', 'dob': '1969-11-13', 'country': {'id': 11, 'name': 'Argentina'}}]",1.1.0,2,2,1,Regular Season,342,Spotify Camp Nou,214,Spain,183.0,Jesús Gil Manzano,214.0,Spain
266191,2016-11-27,20:45:00.000,1,1,available,scheduled,2022-11-19T16:42:06.063453,2021-06-13T16:17:31.694,13,11,Spain,La Liga,2,2016/2017,210,Real Sociedad,male,,214,Spain,"[{'id': 229, 'name': 'Eusebio Sacristán Mena', 'nickname': 'Eusebio Sacristán', 'dob': '1964-04-13', 'country': {'id': 214, 'name': 'Spain'}}]",217,Barcelona,male,,214,Spain,"[{'id': 793, 'name': 'Luis Enrique Martínez García', 'nickname': 'Luis Enrique', 'dob': '1970-05-08', 'country': {'id': 214, 'name': 'Spain'}}]",1.1.0,2,2,1,Regular Season,5043,Reale Arena,214,Spain,183.0,Jesús Gil Manzano,214.0,Spain
265952,2017-03-01,19:30:00.000,6,1,available,scheduled,2022-11-30T17:41:12.856741,2021-06-13T16:17:31.694,25,11,Spain,La Liga,2,2016/2017,217,Barcelona,male,,214,Spain,"[{'id': 793, 'name': 'Luis Enrique Martínez García', 'nickname': 'Luis Enrique', 'dob': '1970-05-08', 'country': {'id': 214, 'name': 'Spain'}}]",1041,Sporting Gijón,male,,214,Spain,"[{'id': 677, 'name': 'Joan Francesc Ferrer Sicilia', 'nickname': 'Rubí', 'dob': '1970-02-05', 'country': {'id': 214, 'name': 'Spain'}}]",1.1.0,2,2,1,Regular Season,342,Spotify Camp Nou,214,Spain,,,,
267492,2016-10-15,16:15:00.000,4,0,available,scheduled,2023-07-24T21:44:15.323363,2021-06-13T16:17:31.694,8,11,Spain,La Liga,2,2016/2017,217,Barcelona,male,,214,Spain,"[{'id': 793, 'name': 'Luis Enrique Martínez García', 'nickname': 'Luis Enrique', 'dob': '1970-05-08', 'country': {'id': 214, 'name': 'Spain'}}]",219,RC Deportivo La Coruña,male,,214,Spain,"[{'id': 767, 'name': 'Gaizka Garitano Aguirre', 'nickname': 'Gaizka Garitano', 'dob': '1975-07-09', 'country': {'id': 214, 'name': 'Spain'}}]",1.1.0,2,2,1,Regular Season,342,Spotify Camp Nou,214,Spain,,,,
267596,2017-02-19,20:45:00.000,2,1,available,scheduled,2022-11-30T17:34:55.935989,2021-06-13T16:17:31.694,23,11,Spain,La Liga,2,2016/2017,217,Barcelona,male,,214,Spain,"[{'id': 793, 'name': 'Luis Enrique Martínez García', 'nickname': 'Luis Enrique', 'dob': '1970-05-08', 'country': {'id': 214, 'name': 'Spain'}}]",205,Leganés,male,,214,Spain,"[{'id': 84, 'name': 'Asier Garitano Aguirrezábal', 'nickname': 'Asier Garitano', 'dob': '1969-12-06', 'country': {'id': 214, 'name': 'Spain'}}]",1.1.0,2,2,1,Regular Season,342,Spotify Camp Nou,214,Spain,218.0,Ignacio Iglesias Villanueva,214.0,Spain
267058,2016-10-29,20:45:00.000,1,0,available,scheduled,2022-11-19T16:31:49.005726,2021-06-13T16:17:31.694,10,11,Spain,La Liga,2,2016/2017,217,Barcelona,male,,214,Spain,"[{'id': 793, 'name': 'Luis Enrique Martínez García', 'nickname': 'Luis Enrique', 'dob': '1970-05-08', 'country': {'id': 214, 'name': 'Spain'}}]",1049,Granada,male,,214,Spain,"[{'id': 1612, 'name': 'Luis Lucas Alcaraz González', 'nickname': 'Lucas Alcaraz', 'dob': '1966-06-21', 'country': {'id': 214, 'name': 'Spain'}}]",1.1.0,2,2,1,Regular Season,342,Spotify Camp Nou,214,Spain,,,,
3825848,2015-09-23,20:00:00.000,2,2,available,unscheduled,2023-02-21T15:19:45.745471,,5,11,Spain,La Liga,27,2015/2016,221,Levante UD,male,,214,Spain,"[{'id': 1612, 'name': 'Luis Lucas Alcaraz González', 'nickname': 'Lucas Alcaraz', 'dob': '1966-06-21', 'country': {'id': 214, 'name': 'Spain'}}]",322,Eibar,male,,214,Spain,"[{'id': 221, 'name': 'José Luis Mendilibar Etxebarria', 'nickname': 'José Luis Mendilibar', 'dob': '1961-03-14', 'country': {'id': 214, 'name': 'Spain'}}]",1.1.0,2,2,1,Regular Season,350,Estadio Ciudad de Valencia,214,Spain,,,,
3825895,2015-09-23,22:00:00.000,2,0,available,unscheduled,2023-02-21T15:19:07.927548,,5,11,Spain,La Liga,27,2015/2016,208,Las Palmas,male,,214,Spain,"[{'id': 745, 'name': 'Francisco Herrera Lorenzo', 'nickname': 'Paco Herrera', 'dob': '1953-12-02', 'country': {'id': 214, 'name': 'Spain'}}]",213,Sevilla,male,,214,Spain,"[{'id': 21, 'name': 'Unai Emery Etxegoien', 'nickname': 'Unai Emery', 'dob': '1971-11-03', 'country': {'id': 214, 'name': 'Spain'}}]",1.1.0,2,2,1,Regular Season,357,Estadio de Gran Canaria,214,Spain,2728.0,Carlos del Cerro Grande,214.0,Spain
3825894,2016-05-01,18:15:00.000,0,2,available,unscheduled,2022-08-30T12:53:16.828350,,36,11,Spain,La Liga,27,2015/2016,219,RC Deportivo La Coruña,male,,214,Spain,"[{'id': 3157, 'name': 'Víctor Sánchez del Amo', 'nickname': 'Víctor Sánchez', 'dob': '1976-02-23', 'country': {'id': 214, 'name': 'Spain'}}]",216,Getafe,male,,214,Spain,"[{'id': 1001036, 'name': 'Juan Eduardo Esnáider Belén', 'nickname': None, 'dob': '1973-03-05', 'country': {'id': 11, 'name': 'Argentina'}}]",1.1.0,2,2,1,Regular Season,4658,Estadio Abanca-Riazor,214,Spain,1008.0,Carlos Clos Gómez,214.0,Spain
3825855,2016-05-02,20:30:00.000,3,1,available,unscheduled,2022-08-30T12:53:53.790835,,36,11,Spain,La Liga,27,2015/2016,223,Málaga,male,,214,Spain,"[{'id': 188, 'name': 'Javier Gracia Carlos', 'nickname': 'Javi Gracia', 'dob': '1970-05-01', 'country': {'id': 214, 'name': 'Spain'}}]",221,Levante UD,male,,214,Spain,"[{'id': 677, 'name': 'Joan Francesc Ferrer Sicilia', 'nickname': 'Rubí', 'dob': '1970-02-05', 'country': {'id': 214, 'name': 'Spain'}}]",1.1.0,2,2,1,Regular Season,346,Estadio La Rosaleda,214,Spain,2480.0,Iñaki Bikandi Garrido,214.0,Spain
3825908,2016-05-15,19:00:00.000,4,2,available,unscheduled,2022-04-06T22:39:49.425989,,38,11,Spain,La Liga,27,2015/2016,214,Espanyol,male,,214,Spain,"[{'id': 1816, 'name': 'Constantin Gâlcă', 'nickname': None, 'dob': '1972-03-08', 'country': {'id': 187, 'name': 'Romania'}}]",322,Eibar,male,,214,Spain,"[{'id': 221, 'name': 'José Luis Mendilibar Etxebarria', 'nickname': 'José Luis Mendilibar', 'dob': '1961-03-14', 'country': {'id': 214, 'name': 'Spain'}}]",1.1.0,2,2,1,Regular Season,351,RCDE Stadium,214,Spain,2692.0,Mario Melero López,214.0,Spain
3825883,2016-05-15,12:00:00.000,4,1,available,unscheduled,2022-08-30T13:15:37.855155,,38,11,Spain,La Liga,27,2015/2016,223,Málaga,male,,214,Spain,"[{'id': 188, 'name': 'Javier Gracia Carlos', 'nickname': 'Javi Gracia', 'dob': '1970-05-01', 'country': {'id': 214, 'name': 'Spain'}}]",208,Las Palmas,male,,214,Spain,"[{'id': 238, 'name': 'Enrique Setién Solar', 'nickname': 'Quique Setién', 'dob': '1958-09-27', 'country': {'id': 214, 'name': 'Spain'}}]",1.1.0,2,2,1,Regular Season,346,Estadio La Rosaleda,214,Spain,2602.0,Ricardo De Burgos Bengoetxea,214.0,Spain
3825900,2016-05-15,19:30:00.000,2,0,available,unscheduled,2022-04-06T22:37:12.121807,,38,11,Spain,La Liga,27,2015/2016,1041,Sporting Gijón,male,,214,Spain,"[{'id': 187, 'name': 'Abelardo Fernández Antuña', 'nickname': 'Abelardo', 'dob': '1970-04-19', 'country': {'id': 214, 'name': 'Spain'}}]",222,Villarreal,male,,214,Spain,"[{'id': 211, 'name': 'Marcelino García Toral', 'nickname': 'Marcelino', 'dob': '1965-08-14', 'country': {'id': 214, 'name': 'Spain'}}]",1.1.0,2,2,1,Regular Season,4656,Estadio Municipal El Molinón,214,Spain,221.0,Alberto Undiano Mallenco,214.0,Spain
3825902,2016-05-15,19:30:00.000,3,1,available,unscheduled,2022-04-06T22:35:46.511745,,38,11,Spain,La Liga,27,2015/2016,360,Rayo Vallecano,male,,214,Spain,"[{'id': 220, 'name': 'Francisco Jémez Martín', 'nickname': 'Paco Jémez', 'dob': '1970-04-18', 'country': {'id': 214, 'name': 'Spain'}}]",221,Levante UD,male,,214,Spain,"[{'id': 677, 'name': 'Joan Francesc Ferrer Sicilia', 'nickname': 'Rubí', 'dob': '1970-02-05', 'country': {'id': 214, 'name': 'Spain'}}]",1.1.0,2,2,1,Regular Season,4640,Estadio de Vallecas,214,Spain,1008.0,Carlos Clos Gómez,214.0,Spain
3825876,2016-05-15,19:30:00.000,2,1,available,unscheduled,2022-04-06T22:34:43.462936,,38,11,Spain,La Liga,27,2015/2016,218,Real Betis,male,,214,Spain,"[{'id': 5049, 'name': 'Juan Merino Ruíz', 'nickname': 'Juan Merino', 'dob': '1970-08-24', 'country': {'id': 214, 'name': 'Spain'}}]",216,Getafe,male,,214,Spain,"[{'id': 1001036, 'name': 'Juan Eduardo Esnáider Belén', 'nickname': None, 'dob': '1973-03-05', 'country': {'id': 11, 'name': 'Argentina'}}]",1.1.0,2,2,1,Regular Season,352,Estadio Benito Villamarín,214,Spain,183.0,Jesús Gil Manzano,214.0,Spain
3825846,2016-05-14,17:00:00.000,0,2,available,unscheduled,2022-04-06T22:33:41.582817,,38,11,Spain,La Liga,27,2015/2016,219,RC Deportivo La Coruña,male,,214,Spain,"[{'id': 3157, 'name': 'Víctor Sánchez del Amo', 'nickname': 'Víctor Sánchez', 'dob': '1976-02-23', 'country': {'id': 214, 'name': 'Spain'}}]",220,Real Madrid,male,,214,Spain,"[{'id': 56, 'name': 'Zinédine Zidane', 'nickname': None, 'dob': '1972-06-23', 'country': {'id': 78, 'name': 'France'}}]",1.1.0,2,2,1,Regular Season,4658,Estadio Abanca-Riazor,214,Spain,180.0,Antonio Miguel Mateu Lahoz,214.0,Spain
3825869,2016-05-14,19:30:00.000,3,1,available,unscheduled,2022-08-30T13:07:58.378542,,38,11,Spain,La Liga,27,2015/2016,215,Athletic Club,male,,214,Spain,"[{'id': 227, 'name': 'Ernesto Valverde Tejedor', 'nickname': 'Ernesto Valverde', 'dob': '1964-02-09', 'country': {'id': 214, 'name': 'Spain'}}]",213,Sevilla,male,,214,Spain,"[{'id': 21, 'name': 'Unai Emery Etxegoien', 'nickname': 'Unai Emery', 'dob': '1971-11-03', 'country': {'id': 214, 'name': 'Spain'}}]",1.1.0,2,2,1,Regular Season,345,San Mamés Barria,214,Spain,212.0,Alfonso Álvarez Izquierdo,214.0,Spain
3825882,2016-05-14,19:30:00.000,2,0,available,unscheduled,2022-04-06T22:30:58.085822,,38,11,Spain,La Liga,27,2015/2016,212,Atlético Madrid,male,,214,Spain,"[{'id': 230, 'name': 'Diego Pablo Simeone', 'nickname': 'Diego Simeone', 'dob': '1970-04-28', 'country': {'id': 11, 'name': 'Argentina'}}]",209,Celta Vigo,male,,214,Spain,"[{'id': 385, 'name': 'Manuel Eduardo Berizzo', 'nickname': 'Eduardo Berizzo', 'dob': '1969-11-13', 'country': {'id': 11, 'name': 'Argentina'}}]",1.1.0,2,2,1,Regular Season,625,Estadio Vicente Calderón,214,Spain,222.0,David Fernández Borbalan,214.0,Spain
3825849,2016-05-13,20:30:00.000,0,1,available,unscheduled,2022-04-06T22:29:38.434065,,38,11,Spain,La Liga,27,2015/2016,207,Valencia,male,,214,Spain,"[{'id': 618, 'name': 'Francisco Martín Ayestarán Barandiarán', 'nickname': 'Pako Ayestarán', 'dob': '1963-02-05', 'country': {'id': 214, 'name': 'Spain'}}]",210,Real Sociedad,male,,214,Spain,"[{'id': 229, 'name': 'Eusebio Sacristán Mena', 'nickname': 'Eusebio Sacristán', 'dob': '1964-04-13', 'country': {'id': 214, 'name': 'Spain'}}]",1.1.0,2,2,1,Regular Season,344,Estadio de Mestalla,214,Spain,2535.0,Carlos Velasco Carballo,214.0,Spain
3825860,2016-05-08,17:00:00.000,2,1,available,unscheduled,2022-04-06T22:28:03.762635,,37,11,Spain,La Liga,27,2015/2016,221,Levante UD,male,,214,Spain,"[{'id': 677, 'name': 'Joan Francesc Ferrer Sicilia', 'nickname': 'Rubí', 'dob': '1970-02-05', 'country': {'id': 214, 'name': 'Spain'}}]",212,Atlético Madrid,male,,214,Spain,"[{'id': 230, 'name': 'Diego Pablo Simeone', 'nickname': 'Diego Simeone', 'dob': '1970-04-28', 'country': {'id': 11, 'name': 'Argentina'}}]",1.1.0,2,2,1,Regular Season,350,Estadio Ciudad de Valencia,214,Spain,211.0,José Luis González González,214.0,Spain
3825847,2016-04-23,22:05:00.000,1,1,available,unscheduled,2022-03-26T14:52:57.605118,,35,11,Spain,La Liga,27,2015/2016,322,Eibar,male,,214,Spain,"[{'id': 221, 'name': 'José Luis Mendilibar Etxebarria', 'nickname': 'José Luis Mendilibar', 'dob': '1961-03-14', 'country': {'id': 214, 'name': 'Spain'}}]",219,RC Deportivo La Coruña,male,,214,Spain,"[{'id': 3157, 'name': 'Víctor Sánchez del Amo', 'nickname': 'Víctor Sánchez', 'dob': '1976-02-23', 'country': {'id': 214, 'name': 'Spain'}}]",1.1.0,2,2,1,Regular Season,347,Estadio Municipal de Ipurúa,214,Spain,2419.0,Eduardo Prieto Iglesias,214.0,Spain
3825817,2016-03-18,21:30:00.000,1,1,available,unscheduled,2022-05-08T21:31:56.027635,,30,11,Spain,La Liga,27,2015/2016,216,Getafe,male,,214,Spain,"[{'id': 509, 'name': 'Francisco Escriba Segura', 'nickname': 'Fran Escribá', 'dob': '1965-05-03', 'country': {'id': 214, 'name': 'Spain'}}]",322,Eibar,male,,214,Spain,"[{'id': 221, 'name': 'José Luis Mendilibar Etxebarria', 'nickname': 'José Luis Mendilibar', 'dob': '1961-03-14', 'country': {'id': 214, 'name': 'Spain'}}]",1.1.0,2,2,1,Regular Season,354,Coliseum Alfonso Pérez,214,Spain,218.0,Ignacio Iglesias Villanueva,214.0,Spain
3825778,2016-02-20,21:30:00.000,1,1,available,unscheduled,2022-03-26T14:39:54.280421,,25,11,Spain,La Liga,27,2015/2016,218,Real Betis,male,,214,Spain,"[{'id': 5049, 'name': 'Juan Merino Ruíz', 'nickname': 'Juan Merino', 'dob': '1970-08-24', 'country': {'id': 214, 'name': 'Spain'}}]",1041,Sporting Gijón,male,,214,Spain,"[{'id': 187, 'name': 'Abelardo Fernández Antuña', 'nickname': 'Abelardo', 'dob': '1970-04-19', 'country': {'id': 214, 'name': 'Spain'}}]",1.1.0,2,2,1,Regular Season,352,Estadio Benito Villamarín,214,Spain,212.0,Alfonso Álvarez Izquierdo,214.0,Spain
3825777,2016-02-19,21:30:00.000,3,0,available,unscheduled,2022-05-08T21:01:17.716495,,25,11,Spain,La Liga,27,2015/2016,221,Levante UD,male,,214,Spain,"[{'id': 677, 'name': 'Joan Francesc Ferrer Sicilia', 'nickname': 'Rubí', 'dob': '1970-02-05', 'country': {'id': 214, 'name': 'Spain'}}]",216,Getafe,male,,214,Spain,"[{'id': 509, 'name': 'Francisco Escriba Segura', 'nickname': 'Fran Escribá', 'dob': '1965-05-03', 'country': {'id': 214, 'name': 'Spain'}}]",1.1.0,2,2,1,Regular Season,350,Estadio Ciudad de Valencia,214,Spain,211.0,José Luis González González,214.0,Spain
3825740,2016-01-18,21:30:00.000,5,1,available,unscheduled,2022-03-26T14:32:05.054723,,20,11,Spain,La Liga,27,2015/2016,322,Eibar,male,,214,Spain,"[{'id': 221, 'name': 'José Luis Mendilibar Etxebarria', 'nickname': 'José Luis Mendilibar', 'dob': '1961-03-14', 'country': {'id': 214, 'name': 'Spain'}}]",1049,Granada,male,,214,Spain,"[{'id': 1617, 'name': 'José Ramón Sandoval Huertas', 'nickname': 'José Ramón Sandoval', 'dob': '1968-05-02', 'country': {'id': 214, 'name': 'Spain'}}]",1.1.0,2,2,1,Regular Season,347,Estadio Municipal de Ipurúa,214,Spain,2625.0,José María Sánchez Martínez,214.0,Spain
3825875,2016-04-24,20:30:00.000,0,0,available,unscheduled,2022-03-22T17:53:23.536170,,35,11,Spain,La Liga,27,2015/2016,222,Villarreal,male,,214,Spain,"[{'id': 211, 'name': 'Marcelino García Toral', 'nickname': 'Marcelino', 'dob': '1965-08-14', 'country': {'id': 214, 'name': 'Spain'}}]",210,Real Sociedad,male,,214,Spain,"[{'id': 229, 'name': 'Eusebio Sacristán Mena', 'nickname': 'Eusebio Sacristán', 'dob': '1964-04-13', 'country': {'id': 214, 'name': 'Spain'}}]",1.1.0,2,2,1,Regular Season,361,Estadio de la Cerámica,214,Spain,222.0,David Fernández Borbalan,214.0,Spain
3825884,2016-04-24,16:00:00.000,2,0,available,unscheduled,2022-03-22T17:52:05.246223,,35,11,Spain,La Liga,27,2015/2016,213,Sevilla,male,,214,Spain,"[{'id': 21, 'name': 'Unai Emery Etxegoien', 'nickname': 'Unai Emery', 'dob': '1971-11-03', 'country': {'id': 214, 'name': 'Spain'}}]",218,Real Betis,male,,214,Spain,"[{'id': 5049, 'name': 'Juan Merino Ruíz', 'nickname': 'Juan Merino', 'dob': '1970-08-24', 'country': {'id': 214, 'name': 'Spain'}}]",1.1.0,2,2,1,Regular Season,349,Estadio Ramón Sánchez Pizjuán,214,Spain,2535.0,Carlos Velasco Carballo,214.0,Spain
3825842,2016-04-24,12:00:00.000,2,2,available,unscheduled,2022-03-22T17:50:55.877622,,35,11,Spain,La Liga,27,2015/2016,221,Levante UD,male,,214,Spain,"[{'id': 677, 'name': 'Joan Francesc Ferrer Sicilia', 'nickname': 'Rubí', 'dob': '1970-02-05', 'country': {'id': 214, 'name': 'Spain'}}]",215,Athletic Club,male,,214,Spain,"[{'id': 227, 'name': 'Ernesto Valverde Tejedor', 'nickname': 'Ernesto Valverde', 'dob': '1964-02-09', 'country': {'id': 214, 'name': 'Spain'}}]",1.1.0,2,2,1,Regular Season,350,Estadio Ciudad de Valencia,214,Spain,218.0,Ignacio Iglesias Villanueva,214.0,Spain
3825890,2016-04-23,18:15:00.000,1,0,available,unscheduled,2022-08-30T12:44:42.308506,,35,11,Spain,La Liga,27,2015/2016,212,Atlético Madrid,male,,214,Spain,"[{'id': 230, 'name': 'Diego Pablo Simeone', 'nickname': 'Diego Simeone', 'dob': '1970-04-28', 'country': {'id': 11, 'name': 'Argentina'}}]",223,Málaga,male,,214,Spain,"[{'id': 188, 'name': 'Javier Gracia Carlos', 'nickname': 'Javi Gracia', 'dob': '1970-05-01', 'country': {'id': 214, 'name': 'Spain'}}]",1.1.0,2,2,1,Regular Season,625,Estadio Vicente Calderón,214,Spain,180.0,Antonio Miguel Mateu Lahoz,214.0,Spain
3825871,2016-04-22,21:00:00.000,4,0,available,unscheduled,2022-03-22T17:47:15.901669,,35,11,Spain,La Liga,27,2015/2016,208,Las Palmas,male,,214,Spain,"[{'id': 238, 'name': 'Enrique Setién Solar', 'nickname': 'Quique Setién', 'dob': '1958-09-27', 'country': {'id': 214, 'name': 'Spain'}}]",214,Espanyol,male,,214,Spain,"[{'id': 1816, 'name': 'Constantin Gâlcă', 'nickname': None, 'dob': '1972-03-08', 'country': {'id': 187, 'name': 'Romania'}}]",1.1.0,2,2,1,Regular Season,357,Estadio de Gran Canaria,214,Spain,2692.0,Mario Melero López,214.0,Spain
3825896,2016-04-21,21:00:00.000,5,1,available,unscheduled,2022-03-22T17:45:55.967812,,34,11,Spain,La Liga,27,2015/2016,1049,Granada,male,,214,Spain,"[{'id': 1001017, 'name': 'Ricardo Miguel Moreira da Costa', 'nickname': 'Ricardo Costa', 'dob': '1981-05-16', 'country': {'id': 183, 'name': 'Portugal'}}, {'id': 226, 'name': 'José Manuel González López', 'nickname': 'José González', 'dob': '1966-10-14', 'country': {'id': 214, 'name': 'Spain'}}]",221,Levante UD,male,,214,Spain,"[{'id': 677, 'name': 'Joan Francesc Ferrer Sicilia', 'nickname': 'Rubí', 'dob': '1970-02-05', 'country': {'id': 214, 'name': 'Spain'}}]",1.1.0,2,2,1,Regular Season,4667,Estadio Nuevo Los Cármenes,214,Spain,2575.0,Santiago Jaime Latre,214.0,Spain
3825841,2016-04-21,20:30:00.000,1,2,available,unscheduled,2022-03-22T17:44:50.976880,,34,11,Spain,La Liga,27,2015/2016,210,Real Sociedad,male,,214,Spain,"[{'id': 229, 'name': 'Eusebio Sacristán Mena', 'nickname': 'Eusebio Sacristán', 'dob': '1964-04-13', 'country': {'id': 214, 'name': 'Spain'}}]",216,Getafe,male,,214,Spain,"[{'id': 1001036, 'name': 'Juan Eduardo Esnáider Belén', 'nickname': None, 'dob': '1973-03-05', 'country': {'id': 11, 'name': 'Argentina'}}]",1.1.0,2,2,1,Regular Season,5043,Reale Arena,214,Spain,2625.0,José María Sánchez Martínez,214.0,Spain
3825843,2016-04-20,20:45:00.000,1,1,available,unscheduled,2022-03-22T17:43:29.416234,,34,11,Spain,La Liga,27,2015/2016,223,Málaga,male,,214,Spain,"[{'id': 188, 'name': 'Javier Gracia Carlos', 'nickname': 'Javi Gracia', 'dob': '1970-05-01', 'country': {'id': 214, 'name': 'Spain'}}]",360,Rayo Vallecano,male,,214,Spain,"[{'id': 220, 'name': 'Francisco Jémez Martín', 'nickname': 'Paco Jémez', 'dob': '1970-04-18', 'country': {'id': 214, 'name': 'Spain'}}]",1.1.0,2,2,1,Regular Season,346,Estadio La Rosaleda,214,Spain,221.0,Alberto Undiano Mallenco,214.0,Spain
3825839,2016-04-20,20:45:00.000,2,1,available,unscheduled,2022-03-22T17:42:18.002144,,34,11,Spain,La Liga,27,2015/2016,1041,Sporting Gijón,male,,214,Spain,"[{'id': 187, 'name': 'Abelardo Fernández Antuña', 'nickname': 'Abelardo', 'dob': '1970-04-19', 'country': {'id': 214, 'name': 'Spain'}}]",213,Sevilla,male,,214,Spain,"[{'id': 21, 'name': 'Unai Emery Etxegoien', 'nickname': 'Unai Emery', 'dob': '1971-11-03', 'country': {'id': 214, 'name': 'Spain'}}]",1.1.0,2,2,1,Regular Season,4656,Estadio Municipal El Molinón,214,Spain,211.0,José Luis González González,214.0,Spain
3825838,2016-04-20,20:45:00.000,0,1,available,unscheduled,2022-11-17T12:34:59.497858,,34,11,Spain,La Liga,27,2015/2016,215,Athletic Club,male,,214,Spain,"[{'id': 227, 'name': 'Ernesto Valverde Tejedor', 'nickname': 'Ernesto Valverde', 'dob': '1964-02-09', 'country': {'id': 214, 'name': 'Spain'}}]",212,Atlético Madrid,male,,214,Spain,"[{'id': 230, 'name': 'Diego Pablo Simeone', 'nickname': 'Diego Simeone', 'dob': '1970-04-28', 'country': {'id': 11, 'name': 'Argentina'}}]",1.1.0,2,2,1,Regular Season,345,San Mamés Barria,214,Spain,2434.0,Juan Martínez Munuera,214.0,Spain
3825840,2016-04-20,20:45:00.000,4,0,available,unscheduled,2022-08-30T12:37:08.653307,,34,11,Spain,La Liga,27,2015/2016,207,Valencia,male,,214,Spain,"[{'id': 618, 'name': 'Francisco Martín Ayestarán Barandiarán', 'nickname': 'Pako Ayestarán', 'dob': '1963-02-05', 'country': {'id': 214, 'name': 'Spain'}}]",322,Eibar,male,,214,Spain,"[{'id': 221, 'name': 'José Luis Mendilibar Etxebarria', 'nickname': 'José Luis Mendilibar', 'dob': '1961-03-14', 'country': {'id': 214, 'name': 'Spain'}}]",1.1.0,2,2,1,Regular Season,344,Estadio de Mestalla,214,Spain,2604.0,Xavier Estrada Fernández,214.0,Spain
3825837,2016-04-19,21:00:00.000,1,0,available,unscheduled,2022-03-22T17:38:08.234909,,34,11,Spain,La Liga,27,2015/2016,218,Real Betis,male,,214,Spain,"[{'id': 5049, 'name': 'Juan Merino Ruíz', 'nickname': 'Juan Merino', 'dob': '1970-08-24', 'country': {'id': 214, 'name': 'Spain'}}]",208,Las Palmas,male,,214,Spain,"[{'id': 238, 'name': 'Enrique Setién Solar', 'nickname': 'Quique Setién', 'dob': '1958-09-27', 'country': {'id': 214, 'name': 'Spain'}}]",1.1.0,2,2,1,Regular Season,352,Estadio Benito Villamarín,214,Spain,,,,
3825836,2016-04-17,18:15:00.000,2,1,available,unscheduled,2022-03-22T17:36:54.949472,,33,11,Spain,La Liga,27,2015/2016,360,Rayo Vallecano,male,,214,Spain,"[{'id': 220, 'name': 'Francisco Jémez Martín', 'nickname': 'Paco Jémez', 'dob': '1970-04-18', 'country': {'id': 214, 'name': 'Spain'}}]",222,Villarreal,male,,214,Spain,"[{'id': 211, 'name': 'Marcelino García Toral', 'nickname': 'Marcelino', 'dob': '1965-08-14', 'country': {'id': 214, 'name': 'Spain'}}]",1.1.0,2,2,1,Regular Season,4640,Estadio de Vallecas,214,Spain,218.0,Ignacio Iglesias Villanueva,214.0,Spain
3825835,2016-04-17,12:00:00.000,0,1,available,unscheduled,2022-03-22T17:35:40.878770,,33,11,Spain,La Liga,27,2015/2016,223,Málaga,male,,214,Spain,"[{'id': 188, 'name': 'Javier Gracia Carlos', 'nickname': 'Javi Gracia', 'dob': '1970-05-01', 'country': {'id': 214, 'name': 'Spain'}}]",215,Athletic Club,male,,214,Spain,"[{'id': 1000960, 'name': 'Carlos Gurpegi Nausia', 'nickname': None, 'dob': '1980-08-19', 'country': {'id': 214, 'name': 'Spain'}}, {'id': 227, 'name': 'Ernesto Valverde Tejedor', 'nickname': 'Ernesto Valverde', 'dob': '1964-02-09', 'country': {'id': 214, 'name': 'Spain'}}]",1.1.0,2,2,1,Regular Season,346,Estadio La Rosaleda,214,Spain,2625.0,José María Sánchez Martínez,214.0,Spain
3825834,2016-04-17,18:15:00.000,3,0,available,unscheduled,2022-03-22T17:34:29.478585,,33,11,Spain,La Liga,27,2015/2016,212,Atlético Madrid,male,,214,Spain,"[{'id': 230, 'name': 'Diego Pablo Simeone', 'nickname': 'Diego Simeone', 'dob': '1970-04-28', 'country': {'id': 11, 'name': 'Argentina'}}]",1049,Granada,male,,214,Spain,"[{'id': 226, 'name': 'José Manuel González López', 'nickname': 'José González', 'dob': '1966-10-14', 'country': {'id': 214, 'name': 'Spain'}}]",1.1.0,2,2,1,Regular Season,625,Estadio Vicente Calderón,214,Spain,2419.0,Eduardo Prieto Iglesias,214.0,Spain
3825906,2016-04-17,16:00:00.000,1,1,available,unscheduled,2022-03-22T17:33:09.286220,,33,11,Spain,La Liga,27,2015/2016,213,Sevilla,male,,214,Spain,"[{'id': 21, 'name': 'Unai Emery Etxegoien', 'nickname': 'Unai Emery', 'dob': '1971-11-03', 'country': {'id': 214, 'name': 'Spain'}}]",219,RC Deportivo La Coruña,male,,214,Spain,"[{'id': 3157, 'name': 'Víctor Sánchez del Amo', 'nickname': 'Víctor Sánchez', 'dob': '1976-02-23', 'country': {'id': 214, 'name': 'Spain'}}]",1.1.0,2,2,1,Regular Season,349,Estadio Ramón Sánchez Pizjuán,214,Spain,2575.0,Santiago Jaime Latre,214.0,Spain
3825897,2016-04-16,20:30:00.000,2,1,available,unscheduled,2022-03-22T17:31:54.504158,,33,11,Spain,La Liga,27,2015/2016,322,Eibar,male,,214,Spain,"[{'id': 221, 'name': 'José Luis Mendilibar Etxebarria', 'nickname': 'José Luis Mendilibar', 'dob': '1961-03-14', 'country': {'id': 214, 'name': 'Spain'}}]",210,Real Sociedad,male,,214,Spain,"[{'id': 229, 'name': 'Eusebio Sacristán Mena', 'nickname': 'Eusebio Sacristán', 'dob': '1964-04-13', 'country': {'id': 214, 'name': 'Spain'}}]",1.1.0,2,2,1,Regular Season,347,Estadio Municipal de Ipurúa,214,Spain,2692.0,Mario Melero López,214.0,Spain
3825889,2016-04-16,22:05:00.000,1,1,available,unscheduled,2022-03-22T17:30:41.825416,,33,11,Spain,La Liga,27,2015/2016,209,Celta Vigo,male,,214,Spain,"[{'id': 385, 'name': 'Manuel Eduardo Berizzo', 'nickname': 'Eduardo Berizzo', 'dob': '1969-11-13', 'country': {'id': 11, 'name': 'Argentina'}}]",218,Real Betis,male,,214,Spain,"[{'id': 5049, 'name': 'Juan Merino Ruíz', 'nickname': 'Juan Merino', 'dob': '1970-08-24', 'country': {'id': 214, 'name': 'Spain'}}]",1.1.0,2,2,1,Regular Season,653,Abanca-Balaídos,214,Spain,2602.0,Ricardo De Burgos Bengoetxea,214.0,Spain
3825833,2016-04-16,16:00:00.000,1,5,available,unscheduled,2022-05-08T21:59:10.171579,,33,11,Spain,La Liga,27,2015/2016,216,Getafe,male,,214,Spain,"[{'id': 1001036, 'name': 'Juan Eduardo Esnáider Belén', 'nickname': None, 'dob': '1973-03-05', 'country': {'id': 11, 'name': 'Argentina'}}]",220,Real Madrid,male,,214,Spain,"[{'id': 56, 'name': 'Zinédine Zidane', 'nickname': None, 'dob': '1972-06-23', 'country': {'id': 78, 'name': 'France'}}]",1.1.0,2,2,1,Regular Season,354,Coliseum Alfonso Pérez,214,Spain,211.0,José Luis González González,214.0,Spain
3825857,2016-04-15,20:30:00.000,2,1,available,unscheduled,2022-03-22T17:28:01.958657,,33,11,Spain,La Liga,27,2015/2016,221,Levante UD,male,,214,Spain,"[{'id': 677, 'name': 'Joan Francesc Ferrer Sicilia', 'nickname': 'Rubí', 'dob': '1970-02-05', 'country': {'id': 214, 'name': 'Spain'}}]",214,Espanyol,male,,214,Spain,"[{'id': 1816, 'name': 'Constantin Gâlcă', 'nickname': None, 'dob': '1972-03-08', 'country': {'id': 187, 'name': 'Romania'}}]",1.1.0,2,2,1,Regular Season,350,Estadio Ciudad de Valencia,214,Spain,2608.0,Alejandro José Hernández Hernández,214.0,Spain
3825863,2016-04-11,20:30:00.000,1,3,available,unscheduled,2022-03-22T17:26:46.410346,,32,11,Spain,La Liga,27,2015/2016,219,RC Deportivo La Coruña,male,,214,Spain,"[{'id': 3157, 'name': 'Víctor Sánchez del Amo', 'nickname': 'Víctor Sánchez', 'dob': '1976-02-23', 'country': {'id': 214, 'name': 'Spain'}}]",208,Las Palmas,male,,214,Spain,"[{'id': 238, 'name': 'Enrique Setién Solar', 'nickname': 'Quique Setién', 'dob': '1958-09-27', 'country': {'id': 214, 'name': 'Spain'}}]",1.1.0,2,2,1,Regular Season,4658,Estadio Abanca-Riazor,214,Spain,212.0,Alfonso Álvarez Izquierdo,214.0,Spain
3825829,2016-04-10,20:30:00.000,1,0,available,unscheduled,2022-05-08T21:45:19.855549,,32,11,Spain,La Liga,27,2015/2016,215,Athletic Club,male,,214,Spain,"[{'id': 227, 'name': 'Ernesto Valverde Tejedor', 'nickname': 'Ernesto Valverde', 'dob': '1964-02-09', 'country': {'id': 214, 'name': 'Spain'}}]",360,Rayo Vallecano,male,,214,Spain,"[{'id': 220, 'name': 'Francisco Jémez Martín', 'nickname': 'Paco Jémez', 'dob': '1970-04-18', 'country': {'id': 214, 'name': 'Spain'}}]",1.1.0,2,2,1,Regular Season,345,San Mamés Barria,214,Spain,183.0,Jesús Gil Manzano,214.0,Spain
3825830,2016-04-10,18:15:00.000,2,0,available,unscheduled,2022-08-30T12:14:00.244163,,32,11,Spain,La Liga,27,2015/2016,222,Villarreal,male,,214,Spain,"[{'id': 211, 'name': 'Marcelino García Toral', 'nickname': 'Marcelino', 'dob': '1965-08-14', 'country': {'id': 214, 'name': 'Spain'}}]",216,Getafe,male,,214,Spain,"[{'id': 509, 'name': 'Francisco Escriba Segura', 'nickname': 'Fran Escribá', 'dob': '1965-05-03', 'country': {'id': 214, 'name': 'Spain'}}]",1.1.0,2,2,1,Regular Season,361,Estadio de la Cerámica,214,Spain,221.0,Alberto Undiano Mallenco,214.0,Spain
3825832,2016-04-10,12:00:00.000,0,1,available,unscheduled,2022-08-30T12:21:41.743947,,32,11,Spain,La Liga,27,2015/2016,1041,Sporting Gijón,male,,214,Spain,"[{'id': 187, 'name': 'Abelardo Fernández Antuña', 'nickname': 'Abelardo', 'dob': '1970-04-19', 'country': {'id': 214, 'name': 'Spain'}}]",209,Celta Vigo,male,,214,Spain,"[{'id': 385, 'name': 'Manuel Eduardo Berizzo', 'nickname': 'Eduardo Berizzo', 'dob': '1969-11-13', 'country': {'id': 11, 'name': 'Argentina'}}]",1.1.0,2,2,1,Regular Season,4656,Estadio Municipal El Molinón,214,Spain,180.0,Antonio Miguel Mateu Lahoz,214.0,Spain
3825831,2016-04-10,16:00:00.000,2,1,available,unscheduled,2022-05-08T21:38:24.735332,,32,11,Spain,La Liga,27,2015/2016,207,Valencia,male,,214,Spain,"[{'id': 618, 'name': 'Francisco Martín Ayestarán Barandiarán', 'nickname': 'Pako Ayestarán', 'dob': '1963-02-05', 'country': {'id': 214, 'name': 'Spain'}}]",213,Sevilla,male,,214,Spain,"[{'id': 21, 'name': 'Unai Emery Etxegoien', 'nickname': 'Unai Emery', 'dob': '1971-11-03', 'country': {'id': 214, 'name': 'Spain'}}]",1.1.0,2,2,1,Regular Season,344,Estadio de Mestalla,214,Spain,2480.0,Iñaki Bikandi Garrido,214.0,Spain
3825828,2016-04-09,18:15:00.000,1,3,available,unscheduled,2022-03-22T17:20:29.813180,,32,11,Spain,La Liga,27,2015/2016,214,Espanyol,male,,214,Spain,"[{'id': 1816, 'name': 'Constantin Gâlcă', 'nickname': None, 'dob': '1972-03-08', 'country': {'id': 187, 'name': 'Romania'}}]",212,Atlético Madrid,male,,214,Spain,"[{'id': 230, 'name': 'Diego Pablo Simeone', 'nickname': 'Diego Simeone', 'dob': '1970-04-28', 'country': {'id': 11, 'name': 'Argentina'}}]",1.1.0,2,2,1,Regular Season,351,RCDE Stadium,214,Spain,2602.0,Ricardo De Burgos Bengoetxea,214.0,Spain
3825827,2016-04-09,22:05:00.000,1,0,available,unscheduled,2022-03-22T17:19:14.333406,,32,11,Spain,La Liga,27,2015/2016,218,Real Betis,male,,214,Spain,"[{'id': 5049, 'name': 'Juan Merino Ruíz', 'nickname': 'Juan Merino', 'dob': '1970-08-24', 'country': {'id': 214, 'name': 'Spain'}}]",221,Levante UD,male,,214,Spain,"[{'id': 677, 'name': 'Joan Francesc Ferrer Sicilia', 'nickname': 'Rubí', 'dob': '1970-02-05', 'country': {'id': 214, 'name': 'Spain'}}]",1.1.0,2,2,1,Regular Season,352,Estadio Benito Villamarín,214,Spain,2419.0,Eduardo Prieto Iglesias,214.0,Spain
3825826,2016-04-08,20:30:00.000,0,0,available,unscheduled,2022-03-22T17:18:01.599109,,32,11,Spain,La Liga,27,2015/2016,1049,Granada,male,,214,Spain,"[{'id': 226, 'name': 'José Manuel González López', 'nickname': 'José González', 'dob': '1966-10-14', 'country': {'id': 214, 'name': 'Spain'}}]",223,Málaga,male,,214,Spain,"[{'id': 188, 'name': 'Javier Gracia Carlos', 'nickname': 'Javi Gracia', 'dob': '1970-05-01', 'country': {'id': 214, 'name': 'Spain'}}]",1.1.0,2,2,1,Regular Season,4667,Estadio Nuevo Los Cármenes,214,Spain,2604.0,Xavier Estrada Fernández,214.0,Spain
3825825,2016-04-04,20:30:00.000,0,0,available,unscheduled,2022-03-22T17:16:51.506800,,31,11,Spain,La Liga,27,2015/2016,221,Levante UD,male,,214,Spain,"[{'id': 677, 'name': 'Joan Francesc Ferrer Sicilia', 'nickname': 'Rubí', 'dob': '1970-02-05', 'country': {'id': 214, 'name': 'Spain'}}]",1041,Sporting Gijón,male,,214,Spain,"[{'id': 187, 'name': 'Abelardo Fernández Antuña', 'nickname': 'Abelardo', 'dob': '1970-04-19', 'country': {'id': 214, 'name': 'Spain'}}]",1.1.0,2,2,1,Regular Season,350,Estadio Ciudad de Valencia,214,Spain,2692.0,Mario Melero López,214.0,Spain
3825824,2016-04-03,18:15:00.000,1,2,available,unscheduled,2022-03-22T17:15:37.021825,,31,11,Spain,La Liga,27,2015/2016,322,Eibar,male,,214,Spain,"[{'id': 221, 'name': 'José Luis Mendilibar Etxebarria', 'nickname': 'José Luis Mendilibar', 'dob': '1961-03-14', 'country': {'id': 214, 'name': 'Spain'}}]",222,Villarreal,male,,214,Spain,"[{'id': 211, 'name': 'Marcelino García Toral', 'nickname': 'Marcelino', 'dob': '1965-08-14', 'country': {'id': 214, 'name': 'Spain'}}]",1.1.0,2,2,1,Regular Season,347,Estadio Municipal de Ipurúa,214,Spain,2728.0,Carlos del Cerro Grande,214.0,Spain
3825823,2016-04-03,20:30:00.000,1,2,available,unscheduled,2022-03-22T17:14:04.781326,,31,11,Spain,La Liga,27,2015/2016,213,Sevilla,male,,214,Spain,"[{'id': 21, 'name': 'Unai Emery Etxegoien', 'nickname': 'Unai Emery', 'dob': '1971-11-03', 'country': {'id': 214, 'name': 'Spain'}}]",210,Real Sociedad,male,,214,Spain,"[{'id': 229, 'name': 'Eusebio Sacristán Mena', 'nickname': 'Eusebio Sacristán', 'dob': '1964-04-13', 'country': {'id': 214, 'name': 'Spain'}}]",1.1.0,2,2,1,Regular Season,349,Estadio Ramón Sánchez Pizjuán,214,Spain,1008.0,Carlos Clos Gómez,214.0,Spain
3825905,2016-04-03,16:00:00.000,1,1,available,unscheduled,2022-03-22T17:12:42.421115,,31,11,Spain,La Liga,27,2015/2016,223,Málaga,male,,214,Spain,"[{'id': 188, 'name': 'Javier Gracia Carlos', 'nickname': 'Javi Gracia', 'dob': '1970-05-01', 'country': {'id': 214, 'name': 'Spain'}}]",214,Espanyol,male,,214,Spain,"[{'id': 1816, 'name': 'Constantin Gâlcă', 'nickname': None, 'dob': '1972-03-08', 'country': {'id': 187, 'name': 'Romania'}}]",1.1.0,2,2,1,Regular Season,346,Estadio La Rosaleda,214,Spain,2434.0,Juan Martínez Munuera,214.0,Spain
3825822,2016-04-02,18:15:00.000,2,1,available,unscheduled,2022-03-22T17:11:25.624467,,31,11,Spain,La Liga,27,2015/2016,208,Las Palmas,male,,214,Spain,"[{'id': 238, 'name': 'Enrique Setién Solar', 'nickname': 'Quique Setién', 'dob': '1958-09-27', 'country': {'id': 214, 'name': 'Spain'}}]",207,Valencia,male,,214,Spain,"[{'id': 618, 'name': 'Francisco Martín Ayestarán Barandiarán', 'nickname': 'Pako Ayestarán', 'dob': '1963-02-05', 'country': {'id': 214, 'name': 'Spain'}}]",1.1.0,2,2,1,Regular Season,357,Estadio de Gran Canaria,214,Spain,1015.0,Pedro Jesús Pérez Montero,214.0,Spain
3825821,2016-03-20,13:00:00.000,2,1,available,unscheduled,2022-03-22T17:10:01.328863,,30,11,Spain,La Liga,27,2015/2016,214,Espanyol,male,,214,Spain,"[{'id': 1816, 'name': 'Constantin Gâlcă', 'nickname': None, 'dob': '1972-03-08', 'country': {'id': 187, 'name': 'Romania'}}]",215,Athletic Club,male,,214,Spain,"[{'id': 227, 'name': 'Ernesto Valverde Tejedor', 'nickname': 'Ernesto Valverde', 'dob': '1964-02-09', 'country': {'id': 214, 'name': 'Spain'}}]",1.1.0,2,2,1,Regular Season,351,RCDE Stadium,214,Spain,2419.0,Eduardo Prieto Iglesias,214.0,Spain
3825820,2016-03-20,21:30:00.000,4,0,available,unscheduled,2022-03-22T17:08:47.863803,,30,11,Spain,La Liga,27,2015/2016,220,Real Madrid,male,,214,Spain,"[{'id': 56, 'name': 'Zinédine Zidane', 'nickname': None, 'dob': '1972-06-23', 'country': {'id': 78, 'name': 'France'}}]",213,Sevilla,male,,214,Spain,"[{'id': 21, 'name': 'Unai Emery Etxegoien', 'nickname': 'Unai Emery', 'dob': '1971-11-03', 'country': {'id': 214, 'name': 'Spain'}}]",1.1.0,2,2,1,Regular Season,353,Estadio Santiago Bernabéu,214,Spain,2604.0,Xavier Estrada Fernández,214.0,Spain
3825819,2016-03-20,19:15:00.000,0,2,available,unscheduled,2022-03-22T17:07:25.756352,,30,11,Spain,La Liga,27,2015/2016,207,Valencia,male,,214,Spain,"[{'id': 2449, 'name': 'Gary Neville', 'nickname': None, 'dob': '1975-02-18', 'country': {'id': 68, 'name': 'England'}}]",209,Celta Vigo,male,,214,Spain,"[{'id': 385, 'name': 'Manuel Eduardo Berizzo', 'nickname': 'Eduardo Berizzo', 'dob': '1969-11-13', 'country': {'id': 11, 'name': 'Argentina'}}]",1.1.0,2,2,1,Regular Season,344,Estadio de Mestalla,214,Spain,221.0,Alberto Undiano Mallenco,214.0,Spain
3825818,2016-03-19,19:15:00.000,0,1,available,unscheduled,2022-03-22T17:05:56.792358,,30,11,Spain,La Liga,27,2015/2016,210,Real Sociedad,male,,214,Spain,"[{'id': 229, 'name': 'Eusebio Sacristán Mena', 'nickname': 'Eusebio Sacristán', 'dob': '1964-04-13', 'country': {'id': 214, 'name': 'Spain'}}]",208,Las Palmas,male,,214,Spain,"[{'id': 238, 'name': 'Enrique Setién Solar', 'nickname': 'Quique Setién', 'dob': '1958-09-27', 'country': {'id': 214, 'name': 'Spain'}}]",1.1.0,2,2,1,Regular Season,5043,Reale Arena,214,Spain,180.0,Antonio Miguel Mateu Lahoz,214.0,Spain
3825887,2016-03-19,19:15:00.000,2,2,available,unscheduled,2022-03-22T17:04:35.662805,,30,11,Spain,La Liga,27,2015/2016,1049,Granada,male,,214,Spain,"[{'id': 226, 'name': 'José Manuel González López', 'nickname': 'José González', 'dob': '1966-10-14', 'country': {'id': 214, 'name': 'Spain'}}]",360,Rayo Vallecano,male,,214,Spain,"[{'id': 220, 'name': 'Francisco Jémez Martín', 'nickname': 'Paco Jémez', 'dob': '1970-04-18', 'country': {'id': 214, 'name': 'Spain'}}]",1.1.0,2,2,1,Regular Season,4667,Estadio Nuevo Los Cármenes,214,Spain,2608.0,Alejandro José Hernández Hernández,214.0,Spain
3825907,2016-03-19,17:00:00.000,2,1,available,unscheduled,2022-03-22T17:03:22.167334,,30,11,Spain,La Liga,27,2015/2016,1041,Sporting Gijón,male,,214,Spain,"[{'id': 187, 'name': 'Abelardo Fernández Antuña', 'nickname': 'Abelardo', 'dob': '1970-04-19', 'country': {'id': 214, 'name': 'Spain'}}]",212,Atlético Madrid,male,,214,Spain,"[{'id': 230, 'name': 'Diego Pablo Simeone', 'nickname': 'Diego Simeone', 'dob': '1970-04-28', 'country': {'id': 11, 'name': 'Argentina'}}]",1.1.0,2,2,1,Regular Season,4656,Estadio Municipal El Molinón,214,Spain,183.0,Jesús Gil Manzano,214.0,Spain
3825903,2016-03-19,23:05:00.000,0,1,available,unscheduled,2022-03-22T17:02:01.807518,,30,11,Spain,La Liga,27,2015/2016,218,Real Betis,male,,214,Spain,"[{'id': 5049, 'name': 'Juan Merino Ruíz', 'nickname': 'Juan Merino', 'dob': '1970-08-24', 'country': {'id': 214, 'name': 'Spain'}}]",223,Málaga,male,,214,Spain,"[{'id': 188, 'name': 'Javier Gracia Carlos', 'nickname': 'Javi Gracia', 'dob': '1970-05-01', 'country': {'id': 214, 'name': 'Spain'}}]",1.1.0,2,2,1,Regular Season,352,Estadio Benito Villamarín,214,Spain,1008.0,Carlos Clos Gómez,214.0,Spain
3825816,2016-03-13,17:00:00.000,4,2,available,unscheduled,2022-03-22T16:59:03.433435,,29,11,Spain,La Liga,27,2015/2016,213,Sevilla,male,,214,Spain,"[{'id': 21, 'name': 'Unai Emery Etxegoien', 'nickname': 'Unai Emery', 'dob': '1971-11-03', 'country': {'id': 214, 'name': 'Spain'}}]",222,Villarreal,male,,214,Spain,"[{'id': 211, 'name': 'Marcelino García Toral', 'nickname': 'Marcelino', 'dob': '1965-08-14', 'country': {'id': 214, 'name': 'Spain'}}]",1.1.0,2,2,1,Regular Season,349,Estadio Ramón Sánchez Pizjuán,214,Spain,2535.0,Carlos Velasco Carballo,214.0,Spain
3825815,2016-03-13,13:00:00.000,1,0,available,unscheduled,2022-03-22T16:57:47.894385,,29,11,Spain,La Liga,27,2015/2016,221,Levante UD,male,,214,Spain,"[{'id': 677, 'name': 'Joan Francesc Ferrer Sicilia', 'nickname': 'Rubí', 'dob': '1970-02-05', 'country': {'id': 214, 'name': 'Spain'}}]",207,Valencia,male,,214,Spain,"[{'id': 2449, 'name': 'Gary Neville', 'nickname': None, 'dob': '1975-02-18', 'country': {'id': 68, 'name': 'England'}}]",1.1.0,2,2,1,Regular Season,350,Estadio Ciudad de Valencia,214,Spain,2728.0,Carlos del Cerro Grande,214.0,Spain
3825858,2016-03-12,23:05:00.000,1,1,available,unscheduled,2022-04-06T21:45:07.462493,,29,11,Spain,La Liga,27,2015/2016,360,Rayo Vallecano,male,,214,Spain,"[{'id': 220, 'name': 'Francisco Jémez Martín', 'nickname': 'Paco Jémez', 'dob': '1970-04-18', 'country': {'id': 214, 'name': 'Spain'}}]",322,Eibar,male,,214,Spain,"[{'id': 221, 'name': 'José Luis Mendilibar Etxebarria', 'nickname': 'José Luis Mendilibar', 'dob': '1961-03-14', 'country': {'id': 214, 'name': 'Spain'}}]",1.1.0,2,2,1,Regular Season,4640,Estadio de Vallecas,214,Spain,212.0,Alfonso Álvarez Izquierdo,214.0,Spain
3825813,2016-03-12,21:30:00.000,3,0,available,unscheduled,2022-03-22T16:55:17.566471,,29,11,Spain,La Liga,27,2015/2016,212,Atlético Madrid,male,,214,Spain,"[{'id': 230, 'name': 'Diego Pablo Simeone', 'nickname': 'Diego Simeone', 'dob': '1970-04-28', 'country': {'id': 11, 'name': 'Argentina'}}]",219,RC Deportivo La Coruña,male,,214,Spain,"[{'id': 3157, 'name': 'Víctor Sánchez del Amo', 'nickname': 'Víctor Sánchez', 'dob': '1976-02-23', 'country': {'id': 214, 'name': 'Spain'}}]",1.1.0,2,2,1,Regular Season,625,Estadio Vicente Calderón,214,Spain,2692.0,Mario Melero López,214.0,Spain
3825814,2016-03-12,19:15:00.000,1,0,available,unscheduled,2022-03-22T16:53:56.477499,,29,11,Spain,La Liga,27,2015/2016,209,Celta Vigo,male,,214,Spain,"[{'id': 385, 'name': 'Manuel Eduardo Berizzo', 'nickname': 'Eduardo Berizzo', 'dob': '1969-11-13', 'country': {'id': 11, 'name': 'Argentina'}}]",210,Real Sociedad,male,,214,Spain,"[{'id': 229, 'name': 'Eusebio Sacristán Mena', 'nickname': 'Eusebio Sacristán', 'dob': '1964-04-13', 'country': {'id': 214, 'name': 'Spain'}}]",1.1.0,2,2,1,Regular Season,653,Abanca-Balaídos,214,Spain,2434.0,Juan Martínez Munuera,214.0,Spain
3825812,2016-03-11,21:30:00.000,1,0,available,unscheduled,2022-03-22T16:52:42.108254,,29,11,Spain,La Liga,27,2015/2016,223,Málaga,male,,214,Spain,,1041,Sporting Gijón,male,,214,Spain,"[{'id': 187, 'name': 'Abelardo Fernández Antuña', 'nickname': 'Abelardo', 'dob': '1970-04-19', 'country': {'id': 214, 'name': 'Spain'}}]",1.1.0,2,2,1,Regular Season,346,Estadio La Rosaleda,214,Spain,2602.0,Ricardo De Burgos Bengoetxea,214.0,Spain
3825811,2016-03-07,21:30:00.000,2,1,available,unscheduled,2022-03-22T16:51:24.215184,,28,11,Spain,La Liga,27,2015/2016,214,Espanyol,male,,214,Spain,"[{'id': 1816, 'name': 'Constantin Gâlcă', 'nickname': None, 'dob': '1972-03-08', 'country': {'id': 187, 'name': 'Romania'}}]",360,Rayo Vallecano,male,,214,Spain,"[{'id': 220, 'name': 'Francisco Jémez Martín', 'nickname': 'Paco Jémez', 'dob': '1970-04-18', 'country': {'id': 214, 'name': 'Spain'}}]",1.1.0,2,2,1,Regular Season,351,RCDE Stadium,214,Spain,222.0,David Fernández Borbalan,214.0,Spain
3825807,2016-03-06,21:30:00.000,1,3,available,unscheduled,2022-03-22T16:50:11.284992,,28,11,Spain,La Liga,27,2015/2016,207,Valencia,male,,214,Spain,"[{'id': 2449, 'name': 'Gary Neville', 'nickname': None, 'dob': '1975-02-18', 'country': {'id': 68, 'name': 'England'}}]",212,Atlético Madrid,male,,214,Spain,"[{'id': 230, 'name': 'Diego Pablo Simeone', 'nickname': 'Diego Simeone', 'dob': '1970-04-28', 'country': {'id': 11, 'name': 'Argentina'}}]",1.1.0,2,2,1,Regular Season,344,Estadio de Mestalla,214,Spain,212.0,Alfonso Álvarez Izquierdo,214.0,Spain
3825809,2016-03-06,13:00:00.000,2,0,available,unscheduled,2022-03-22T16:48:47.870366,,28,11,Spain,La Liga,27,2015/2016,218,Real Betis,male,,214,Spain,"[{'id': 5049, 'name': 'Juan Merino Ruíz', 'nickname': 'Juan Merino', 'dob': '1970-08-24', 'country': {'id': 214, 'name': 'Spain'}}]",1049,Granada,male,,214,Spain,"[{'id': 1001017, 'name': 'Ricardo Miguel Moreira da Costa', 'nickname': 'Ricardo Costa', 'dob': '1981-05-16', 'country': {'id': 183, 'name': 'Portugal'}}, {'id': 226, 'name': 'José Manuel González López', 'nickname': 'José González', 'dob': '1966-10-14', 'country': {'id': 214, 'name': 'Spain'}}]",1.1.0,2,2,1,Regular Season,352,Estadio Benito Villamarín,214,Spain,218.0,Ignacio Iglesias Villanueva,214.0,Spain
3825810,2016-03-06,19:15:00.000,1,1,available,unscheduled,2022-03-22T16:47:42.421176,,28,11,Spain,La Liga,27,2015/2016,210,Real Sociedad,male,,214,Spain,"[{'id': 229, 'name': 'Eusebio Sacristán Mena', 'nickname': 'Eusebio Sacristán', 'dob': '1964-04-13', 'country': {'id': 214, 'name': 'Spain'}}]",221,Levante UD,male,,214,Spain,"[{'id': 677, 'name': 'Joan Francesc Ferrer Sicilia', 'nickname': 'Rubí', 'dob': '1970-02-05', 'country': {'id': 214, 'name': 'Spain'}}]",1.1.0,2,2,1,Regular Season,5043,Reale Arena,214,Spain,1015.0,Pedro Jesús Pérez Montero,214.0,Spain
3825808,2016-03-06,19:15:00.000,0,2,available,unscheduled,2022-03-22T16:46:15.368481,,28,11,Spain,La Liga,27,2015/2016,1041,Sporting Gijón,male,,214,Spain,"[{'id': 187, 'name': 'Abelardo Fernández Antuña', 'nickname': 'Abelardo', 'dob': '1970-04-19', 'country': {'id': 214, 'name': 'Spain'}}]",215,Athletic Club,male,,214,Spain,"[{'id': 227, 'name': 'Ernesto Valverde Tejedor', 'nickname': 'Ernesto Valverde', 'dob': '1964-02-09', 'country': {'id': 214, 'name': 'Spain'}}]",1.1.0,2,2,1,Regular Season,4656,Estadio Municipal El Molinón,214,Spain,2728.0,Carlos del Cerro Grande,214.0,Spain
3825804,2016-03-05,23:05:00.000,3,3,available,unscheduled,2022-03-22T16:44:51.542935,,28,11,Spain,La Liga,27,2015/2016,219,RC Deportivo La Coruña,male,,214,Spain,"[{'id': 3157, 'name': 'Víctor Sánchez del Amo', 'nickname': 'Víctor Sánchez', 'dob': '1976-02-23', 'country': {'id': 214, 'name': 'Spain'}}]",223,Málaga,male,,214,Spain,"[{'id': 188, 'name': 'Javier Gracia Carlos', 'nickname': 'Javi Gracia', 'dob': '1970-05-01', 'country': {'id': 214, 'name': 'Spain'}}]",1.1.0,2,2,1,Regular Season,4658,Estadio Abanca-Riazor,214,Spain,2535.0,Carlos Velasco Carballo,214.0,Spain
3825867,2016-03-05,21:30:00.000,1,1,available,unscheduled,2022-03-22T16:43:27.588846,,28,11,Spain,La Liga,27,2015/2016,216,Getafe,male,,214,Spain,"[{'id': 509, 'name': 'Francisco Escriba Segura', 'nickname': 'Fran Escribá', 'dob': '1965-05-03', 'country': {'id': 214, 'name': 'Spain'}}]",213,Sevilla,male,,214,Spain,"[{'id': 21, 'name': 'Unai Emery Etxegoien', 'nickname': 'Unai Emery', 'dob': '1971-11-03', 'country': {'id': 214, 'name': 'Spain'}}]",1.1.0,2,2,1,Regular Season,354,Coliseum Alfonso Pérez,214,Spain,2419.0,Eduardo Prieto Iglesias,214.0,Spain
3825805,2016-03-05,19:15:00.000,0,1,available,unscheduled,2022-03-22T16:42:03.628651,,28,11,Spain,La Liga,27,2015/2016,222,Villarreal,male,,214,Spain,"[{'id': 211, 'name': 'Marcelino García Toral', 'nickname': 'Marcelino', 'dob': '1965-08-14', 'country': {'id': 214, 'name': 'Spain'}}]",208,Las Palmas,male,,214,Spain,"[{'id': 238, 'name': 'Enrique Setién Solar', 'nickname': 'Quique Setién', 'dob': '1958-09-27', 'country': {'id': 214, 'name': 'Spain'}}]",1.1.0,2,2,1,Regular Season,361,Estadio de la Cerámica,214,Spain,1008.0,Carlos Clos Gómez,214.0,Spain
3825784,2016-02-21,21:30:00.000,0,0,available,unscheduled,2022-03-22T16:40:17.213585,,25,11,Spain,La Liga,27,2015/2016,212,Atlético Madrid,male,,214,Spain,"[{'id': 230, 'name': 'Diego Pablo Simeone', 'nickname': 'Diego Simeone', 'dob': '1970-04-28', 'country': {'id': 11, 'name': 'Argentina'}}]",222,Villarreal,male,,214,Spain,"[{'id': 211, 'name': 'Marcelino García Toral', 'nickname': 'Marcelino', 'dob': '1965-08-14', 'country': {'id': 214, 'name': 'Spain'}}]",1.1.0,2,2,1,Regular Season,625,Estadio Vicente Calderón,214,Spain,2419.0,Eduardo Prieto Iglesias,214.0,Spain
3825782,2016-02-21,19:15:00.000,1,2,available,unscheduled,2022-03-22T16:33:31.321413,,25,11,Spain,La Liga,27,2015/2016,1049,Granada,male,,214,Spain,"[{'id': 1617, 'name': 'José Ramón Sandoval Huertas', 'nickname': 'José Ramón Sandoval', 'dob': '1968-05-02', 'country': {'id': 214, 'name': 'Spain'}}]",207,Valencia,male,,214,Spain,"[{'id': 2449, 'name': 'Gary Neville', 'nickname': None, 'dob': '1975-02-18', 'country': {'id': 68, 'name': 'England'}}]",1.1.0,2,2,1,Regular Season,4667,Estadio Nuevo Los Cármenes,214,Spain,2480.0,Iñaki Bikandi Garrido,214.0,Spain
3825757,2016-01-31,21:30:00.000,6,0,available,unscheduled,2022-03-22T16:26:16.085756,,22,11,Spain,La Liga,27,2015/2016,220,Real Madrid,male,,214,Spain,"[{'id': 56, 'name': 'Zinédine Zidane', 'nickname': None, 'dob': '1972-06-23', 'country': {'id': 78, 'name': 'France'}}]",214,Espanyol,male,,214,Spain,"[{'id': 1816, 'name': 'Constantin Gâlcă', 'nickname': None, 'dob': '1972-03-08', 'country': {'id': 187, 'name': 'Romania'}}]",1.1.0,2,2,1,Regular Season,353,Estadio Santiago Bernabéu,214,Spain,2608.0,Alejandro José Hernández Hernández,214.0,Spain
3825641,2015-10-26,21:30:00.000,3,0,available,unscheduled,2022-03-22T16:12:33.648996,,9,11,Spain,La Liga,27,2015/2016,215,Athletic Club,male,,214,Spain,"[{'id': 227, 'name': 'Ernesto Valverde Tejedor', 'nickname': 'Ernesto Valverde', 'dob': '1964-02-09', 'country': {'id': 214, 'name': 'Spain'}}]",1041,Sporting Gijón,male,,214,Spain,"[{'id': 187, 'name': 'Abelardo Fernández Antuña', 'nickname': 'Abelardo', 'dob': '1970-04-19', 'country': {'id': 214, 'name': 'Spain'}}]",1.1.0,2,2,1,Regular Season,345,San Mamés Barria,214,Spain,218.0,Ignacio Iglesias Villanueva,214.0,Spain
3825803,2016-03-03,21:00:00.000,2,0,available,unscheduled,2022-03-20T23:24:05.688151,,27,11,Spain,La Liga,27,2015/2016,1049,Granada,male,,214,Spain,"[{'id': 226, 'name': 'José Manuel González López', 'nickname': 'José González', 'dob': '1966-10-14', 'country': {'id': 214, 'name': 'Spain'}}]",1041,Sporting Gijón,male,,214,Spain,"[{'id': 187, 'name': 'Abelardo Fernández Antuña', 'nickname': 'Abelardo', 'dob': '1970-04-19', 'country': {'id': 214, 'name': 'Spain'}}]",1.1.0,2,2,1,Regular Season,4667,Estadio Nuevo Los Cármenes,214,Spain,2604.0,Xavier Estrada Fernández,214.0,Spain
3825800,2016-03-02,23:00:00.000,0,0,available,unscheduled,2022-05-08T21:20:20.588050,,27,11,Spain,La Liga,27,2015/2016,209,Celta Vigo,male,,214,Spain,"[{'id': 385, 'name': 'Manuel Eduardo Berizzo', 'nickname': 'Eduardo Berizzo', 'dob': '1969-11-13', 'country': {'id': 11, 'name': 'Argentina'}}]",222,Villarreal,male,,214,Spain,"[{'id': 211, 'name': 'Marcelino García Toral', 'nickname': 'Marcelino', 'dob': '1965-08-14', 'country': {'id': 214, 'name': 'Spain'}}]",1.1.0,2,2,1,Regular Season,653,Abanca-Balaídos,214,Spain,2575.0,Santiago Jaime Latre,214.0,Spain
3825801,2016-03-02,23:00:00.000,1,0,available,unscheduled,2022-03-20T23:21:00.814849,,27,11,Spain,La Liga,27,2015/2016,213,Sevilla,male,,214,Spain,"[{'id': 21, 'name': 'Unai Emery Etxegoien', 'nickname': 'Unai Emery', 'dob': '1971-11-03', 'country': {'id': 214, 'name': 'Spain'}}]",322,Eibar,male,,214,Spain,"[{'id': 221, 'name': 'José Luis Mendilibar Etxebarria', 'nickname': 'José Luis Mendilibar', 'dob': '1961-03-14', 'country': {'id': 214, 'name': 'Spain'}}]",1.1.0,2,2,1,Regular Season,349,Estadio Ramón Sánchez Pizjuán,214,Spain,2434.0,Juan Martínez Munuera,214.0,Spain
3825799,2016-03-02,20:00:00.000,1,2,available,unscheduled,2022-03-20T23:19:31.191812,,27,11,Spain,La Liga,27,2015/2016,223,Málaga,male,,214,Spain,"[{'id': 188, 'name': 'Javier Gracia Carlos', 'nickname': 'Javi Gracia', 'dob': '1970-05-01', 'country': {'id': 214, 'name': 'Spain'}}]",207,Valencia,male,,214,Spain,"[{'id': 2449, 'name': 'Gary Neville', 'nickname': None, 'dob': '1975-02-18', 'country': {'id': 68, 'name': 'England'}}]",1.1.0,2,2,1,Regular Season,346,Estadio La Rosaleda,214,Spain,211.0,José Luis González González,214.0,Spain
3825797,2016-03-02,23:00:00.000,4,1,available,unscheduled,2022-03-20T23:17:53.338826,,27,11,Spain,La Liga,27,2015/2016,215,Athletic Club,male,,214,Spain,"[{'id': 227, 'name': 'Ernesto Valverde Tejedor', 'nickname': 'Ernesto Valverde', 'dob': '1964-02-09', 'country': {'id': 214, 'name': 'Spain'}}]",219,RC Deportivo La Coruña,male,,214,Spain,"[{'id': 3157, 'name': 'Víctor Sánchez del Amo', 'nickname': 'Víctor Sánchez', 'dob': '1976-02-23', 'country': {'id': 214, 'name': 'Spain'}}]",1.1.0,2,2,1,Regular Season,345,San Mamés Barria,214,Spain,180.0,Antonio Miguel Mateu Lahoz,214.0,Spain
3825798,2016-03-02,22:00:00.000,1,3,available,unscheduled,2022-03-20T23:15:50.875072,,27,11,Spain,La Liga,27,2015/2016,221,Levante UD,male,,214,Spain,"[{'id': 677, 'name': 'Joan Francesc Ferrer Sicilia', 'nickname': 'Rubí', 'dob': '1970-02-05', 'country': {'id': 214, 'name': 'Spain'}}]",220,Real Madrid,male,,214,Spain,"[{'id': 56, 'name': 'Zinédine Zidane', 'nickname': None, 'dob': '1972-06-23', 'country': {'id': 78, 'name': 'France'}}]",1.1.0,2,2,1,Regular Season,350,Estadio Ciudad de Valencia,214,Spain,2602.0,Ricardo De Burgos Bengoetxea,214.0,Spain
3825796,2016-03-01,23:00:00.000,4,0,available,unscheduled,2022-03-20T23:14:00.630362,,27,11,Spain,La Liga,27,2015/2016,208,Las Palmas,male,,214,Spain,"[{'id': 238, 'name': 'Enrique Setién Solar', 'nickname': 'Quique Setién', 'dob': '1958-09-27', 'country': {'id': 214, 'name': 'Spain'}}]",216,Getafe,male,,214,Spain,"[{'id': 509, 'name': 'Francisco Escriba Segura', 'nickname': 'Fran Escribá', 'dob': '1965-05-03', 'country': {'id': 214, 'name': 'Spain'}}]",1.1.0,2,2,1,Regular Season,357,Estadio de Gran Canaria,214,Spain,,,,
3825795,2016-03-01,22:00:00.000,3,0,available,unscheduled,2022-03-20T23:12:33.698472,,27,11,Spain,La Liga,27,2015/2016,212,Atlético Madrid,male,,214,Spain,"[{'id': 230, 'name': 'Diego Pablo Simeone', 'nickname': 'Diego Simeone', 'dob': '1970-04-28', 'country': {'id': 11, 'name': 'Argentina'}}]",210,Real Sociedad,male,,214,Spain,"[{'id': 229, 'name': 'Eusebio Sacristán Mena', 'nickname': 'Eusebio Sacristán', 'dob': '1964-04-13', 'country': {'id': 214, 'name': 'Spain'}}]",1.1.0,2,2,1,Regular Season,625,Estadio Vicente Calderón,214,Spain,2608.0,Alejandro José Hernández Hernández,214.0,Spain
3825793,2016-02-28,17:00:00.000,0,3,available,unscheduled,2022-05-08T21:14:18.615165,,26,11,Spain,La Liga,27,2015/2016,207,Valencia,male,,214,Spain,"[{'id': 2449, 'name': 'Gary Neville', 'nickname': None, 'dob': '1975-02-18', 'country': {'id': 68, 'name': 'England'}}]",215,Athletic Club,male,,214,Spain,"[{'id': 227, 'name': 'Ernesto Valverde Tejedor', 'nickname': 'Ernesto Valverde', 'dob': '1964-02-09', 'country': {'id': 214, 'name': 'Spain'}}]",1.1.0,2,2,1,Regular Season,344,Estadio de Mestalla,214,Spain,183.0,Jesús Gil Manzano,214.0,Spain
3825792,2016-02-28,19:15:00.000,0,1,available,unscheduled,2022-03-20T23:08:56.478570,,26,11,Spain,La Liga,27,2015/2016,219,RC Deportivo La Coruña,male,,214,Spain,"[{'id': 3157, 'name': 'Víctor Sánchez del Amo', 'nickname': 'Víctor Sánchez', 'dob': '1976-02-23', 'country': {'id': 214, 'name': 'Spain'}}]",1049,Granada,male,,214,Spain,"[{'id': 1001017, 'name': 'Ricardo Miguel Moreira da Costa', 'nickname': 'Ricardo Costa', 'dob': '1981-05-16', 'country': {'id': 183, 'name': 'Portugal'}}, {'id': 226, 'name': 'José Manuel González López', 'nickname': 'José González', 'dob': '1966-10-14', 'country': {'id': 214, 'name': 'Spain'}}]",1.1.0,2,2,1,Regular Season,4658,Estadio Abanca-Riazor,214,Spain,2434.0,Juan Martínez Munuera,214.0,Spain
3825794,2016-02-28,13:00:00.000,3,0,available,unscheduled,2022-03-20T23:07:09.857505,,26,11,Spain,La Liga,27,2015/2016,222,Villarreal,male,,214,Spain,"[{'id': 1000958, 'name': 'Daniele Bonera', 'nickname': None, 'dob': '1981-05-31', 'country': {'id': 112, 'name': 'Italy'}}, {'id': 211, 'name': 'Marcelino García Toral', 'nickname': 'Marcelino', 'dob': '1965-08-14', 'country': {'id': 214, 'name': 'Spain'}}]",221,Levante UD,male,,214,Spain,"[{'id': 677, 'name': 'Joan Francesc Ferrer Sicilia', 'nickname': 'Rubí', 'dob': '1970-02-05', 'country': {'id': 214, 'name': 'Spain'}}]",1.1.0,2,2,1,Regular Season,361,Estadio de la Cerámica,214,Spain,2608.0,Alejandro José Hernández Hernández,214.0,Spain
3825788,2016-02-27,19:15:00.000,0,1,available,unscheduled,2022-03-20T23:05:52.388356,,26,11,Spain,La Liga,27,2015/2016,216,Getafe,male,,214,Spain,"[{'id': 509, 'name': 'Francisco Escriba Segura', 'nickname': 'Fran Escribá', 'dob': '1965-05-03', 'country': {'id': 214, 'name': 'Spain'}}]",209,Celta Vigo,male,,214,Spain,"[{'id': 385, 'name': 'Manuel Eduardo Berizzo', 'nickname': 'Eduardo Berizzo', 'dob': '1969-11-13', 'country': {'id': 11, 'name': 'Argentina'}}]",1.1.0,2,2,1,Regular Season,354,Coliseum Alfonso Pérez,214,Spain,222.0,David Fernández Borbalan,214.0,Spain
3825791,2016-02-27,21:30:00.000,2,2,available,unscheduled,2022-03-20T23:04:30.938137,,26,11,Spain,La Liga,27,2015/2016,218,Real Betis,male,,214,Spain,"[{'id': 5049, 'name': 'Juan Merino Ruíz', 'nickname': 'Juan Merino', 'dob': '1970-08-24', 'country': {'id': 214, 'name': 'Spain'}}]",360,Rayo Vallecano,male,,214,Spain,"[{'id': 220, 'name': 'Francisco Jémez Martín', 'nickname': 'Paco Jémez', 'dob': '1970-04-18', 'country': {'id': 214, 'name': 'Spain'}}]",1.1.0,2,2,1,Regular Season,352,Estadio Benito Villamarín,214,Spain,180.0,Antonio Miguel Mateu Lahoz,214.0,Spain
3825790,2016-02-27,19:15:00.000,2,4,available,unscheduled,2022-03-20T23:03:17.325025,,26,11,Spain,La Liga,27,2015/2016,1041,Sporting Gijón,male,,214,Spain,"[{'id': 187, 'name': 'Abelardo Fernández Antuña', 'nickname': 'Abelardo', 'dob': '1970-04-19', 'country': {'id': 214, 'name': 'Spain'}}]",214,Espanyol,male,,214,Spain,"[{'id': 1816, 'name': 'Constantin Gâlcă', 'nickname': None, 'dob': '1972-03-08', 'country': {'id': 187, 'name': 'Romania'}}]",1.1.0,2,2,1,Regular Season,4656,Estadio Municipal El Molinón,214,Spain,2535.0,Carlos Velasco Carballo,214.0,Spain
3825787,2016-02-27,17:00:00.000,0,1,available,unscheduled,2022-03-20T23:01:59.136205,,26,11,Spain,La Liga,27,2015/2016,220,Real Madrid,male,,214,Spain,"[{'id': 56, 'name': 'Zinédine Zidane', 'nickname': None, 'dob': '1972-06-23', 'country': {'id': 78, 'name': 'France'}}]",212,Atlético Madrid,male,,214,Spain,"[{'id': 230, 'name': 'Diego Pablo Simeone', 'nickname': 'Diego Simeone', 'dob': '1970-04-28', 'country': {'id': 11, 'name': 'Argentina'}}]",1.1.0,2,2,1,Regular Season,353,Estadio Santiago Bernabéu,214,Spain,1008.0,Carlos Clos Gómez,214.0,Spain
3825789,2016-02-27,23:05:00.000,1,1,available,unscheduled,2022-03-20T23:00:39.067096,,26,11,Spain,La Liga,27,2015/2016,210,Real Sociedad,male,,214,Spain,"[{'id': 229, 'name': 'Eusebio Sacristán Mena', 'nickname': 'Eusebio Sacristán', 'dob': '1964-04-13', 'country': {'id': 214, 'name': 'Spain'}}]",223,Málaga,male,,214,Spain,"[{'id': 188, 'name': 'Javier Gracia Carlos', 'nickname': 'Javi Gracia', 'dob': '1970-05-01', 'country': {'id': 214, 'name': 'Spain'}}]",1.1.0,2,2,1,Regular Season,5043,Reale Arena,214,Spain,221.0,Alberto Undiano Mallenco,214.0,Spain
3825786,2016-02-26,21:30:00.000,0,1,available,unscheduled,2022-03-20T22:58:57.255017,,26,11,Spain,La Liga,27,2015/2016,322,Eibar,male,,214,Spain,"[{'id': 221, 'name': 'José Luis Mendilibar Etxebarria', 'nickname': 'José Luis Mendilibar', 'dob': '1961-03-14', 'country': {'id': 214, 'name': 'Spain'}}]",208,Las Palmas,male,,214,Spain,"[{'id': 238, 'name': 'Enrique Setién Solar', 'nickname': 'Quique Setién', 'dob': '1958-09-27', 'country': {'id': 214, 'name': 'Spain'}}]",1.1.0,2,2,1,Regular Season,347,Estadio Municipal de Ipurúa,214,Spain,1015.0,Pedro Jesús Pérez Montero,214.0,Spain
3825781,2016-02-21,13:00:00.000,2,2,available,unscheduled,2022-08-30T11:46:06.868587,,25,11,Spain,La Liga,27,2015/2016,360,Rayo Vallecano,male,,214,Spain,"[{'id': 220, 'name': 'Francisco Jémez Martín', 'nickname': 'Paco Jémez', 'dob': '1970-04-18', 'country': {'id': 214, 'name': 'Spain'}}]",213,Sevilla,male,,214,Spain,"[{'id': 21, 'name': 'Unai Emery Etxegoien', 'nickname': 'Unai Emery', 'dob': '1971-11-03', 'country': {'id': 214, 'name': 'Spain'}}]",1.1.0,2,2,1,Regular Season,4640,Estadio de Vallecas,214,Spain,2604.0,Xavier Estrada Fernández,214.0,Spain
3825785,2016-02-21,17:00:00.000,1,1,available,unscheduled,2022-03-20T22:56:38.976506,,25,11,Spain,La Liga,27,2015/2016,223,Málaga,male,,214,Spain,,220,Real Madrid,male,,214,Spain,"[{'id': 56, 'name': 'Zinédine Zidane', 'nickname': None, 'dob': '1972-06-23', 'country': {'id': 78, 'name': 'France'}}]",1.1.0,2,2,1,Regular Season,346,Estadio La Rosaleda,214,Spain,218.0,Ignacio Iglesias Villanueva,214.0,Spain
3825783,2016-02-21,19:15:00.000,0,1,available,unscheduled,2022-03-20T22:55:26.873111,,25,11,Spain,La Liga,27,2015/2016,215,Athletic Club,male,,214,Spain,"[{'id': 227, 'name': 'Ernesto Valverde Tejedor', 'nickname': 'Ernesto Valverde', 'dob': '1964-02-09', 'country': {'id': 214, 'name': 'Spain'}}]",210,Real Sociedad,male,,214,Spain,"[{'id': 229, 'name': 'Eusebio Sacristán Mena', 'nickname': 'Eusebio Sacristán', 'dob': '1964-04-13', 'country': {'id': 214, 'name': 'Spain'}}]",1.1.0,2,2,1,Regular Season,345,San Mamés Barria,214,Spain,2625.0,José María Sánchez Martínez,214.0,Spain
3825780,2016-02-20,19:15:00.000,1,0,available,unscheduled,2022-03-20T22:49:57.244994,,25,11,Spain,La Liga,27,2015/2016,214,Espanyol,male,,214,Spain,"[{'id': 1816, 'name': 'Constantin Gâlcă', 'nickname': None, 'dob': '1972-03-08', 'country': {'id': 187, 'name': 'Romania'}}]",219,RC Deportivo La Coruña,male,,214,Spain,"[{'id': 3157, 'name': 'Víctor Sánchez del Amo', 'nickname': 'Víctor Sánchez', 'dob': '1976-02-23', 'country': {'id': 214, 'name': 'Spain'}}]",1.1.0,2,2,1,Regular Season,351,RCDE Stadium,214,Spain,2602.0,Ricardo De Burgos Bengoetxea,214.0,Spain
3825779,2016-02-20,23:05:00.000,3,2,available,unscheduled,2022-03-20T22:48:39.722011,,25,11,Spain,La Liga,27,2015/2016,209,Celta Vigo,male,,214,Spain,"[{'id': 385, 'name': 'Manuel Eduardo Berizzo', 'nickname': 'Eduardo Berizzo', 'dob': '1969-11-13', 'country': {'id': 11, 'name': 'Argentina'}}]",322,Eibar,male,,214,Spain,"[{'id': 221, 'name': 'José Luis Mendilibar Etxebarria', 'nickname': 'José Luis Mendilibar', 'dob': '1961-03-14', 'country': {'id': 214, 'name': 'Spain'}}]",1.1.0,2,2,1,Regular Season,653,Abanca-Balaídos,214,Spain,2692.0,Mario Melero López,214.0,Spain
3825773,2016-02-14,19:15:00.000,2,0,available,unscheduled,2022-03-20T22:47:16.517880,,24,11,Spain,La Liga,27,2015/2016,322,Eibar,male,,214,Spain,"[{'id': 221, 'name': 'José Luis Mendilibar Etxebarria', 'nickname': 'José Luis Mendilibar', 'dob': '1961-03-14', 'country': {'id': 214, 'name': 'Spain'}}]",221,Levante UD,male,,214,Spain,"[{'id': 677, 'name': 'Joan Francesc Ferrer Sicilia', 'nickname': 'Rubí', 'dob': '1970-02-05', 'country': {'id': 214, 'name': 'Spain'}}]",1.1.0,2,2,1,Regular Season,347,Estadio Municipal de Ipurúa,214,Spain,2604.0,Xavier Estrada Fernández,214.0,Spain
3825776,2016-02-14,17:00:00.000,2,0,available,unscheduled,2022-03-20T22:40:25.193922,,24,11,Spain,La Liga,27,2015/2016,213,Sevilla,male,,214,Spain,"[{'id': 21, 'name': 'Unai Emery Etxegoien', 'nickname': 'Unai Emery', 'dob': '1971-11-03', 'country': {'id': 214, 'name': 'Spain'}}]",208,Las Palmas,male,,214,Spain,"[{'id': 238, 'name': 'Enrique Setién Solar', 'nickname': 'Quique Setién', 'dob': '1958-09-27', 'country': {'id': 214, 'name': 'Spain'}}]",1.1.0,2,2,1,Regular Season,349,Estadio Ramón Sánchez Pizjuán,214,Spain,2419.0,Eduardo Prieto Iglesias,214.0,Spain
3825775,2016-02-14,13:00:00.000,3,0,available,unscheduled,2022-03-20T22:38:47.919808,,24,11,Spain,La Liga,27,2015/2016,210,Real Sociedad,male,,214,Spain,"[{'id': 229, 'name': 'Eusebio Sacristán Mena', 'nickname': 'Eusebio Sacristán', 'dob': '1964-04-13', 'country': {'id': 214, 'name': 'Spain'}}]",1049,Granada,male,,214,Spain,"[{'id': 1617, 'name': 'José Ramón Sandoval Huertas', 'nickname': 'José Ramón Sandoval', 'dob': '1968-05-02', 'country': {'id': 214, 'name': 'Spain'}}]",1.1.0,2,2,1,Regular Season,5043,Reale Arena,214,Spain,211.0,José Luis González González,214.0,Spain
3825769,2016-02-13,19:15:00.000,1,0,available,unscheduled,2022-08-30T11:39:10.532969,,24,11,Spain,La Liga,27,2015/2016,222,Villarreal,male,,214,Spain,"[{'id': 211, 'name': 'Marcelino García Toral', 'nickname': 'Marcelino', 'dob': '1965-08-14', 'country': {'id': 214, 'name': 'Spain'}}]",223,Málaga,male,,214,Spain,"[{'id': 188, 'name': 'Javier Gracia Carlos', 'nickname': 'Javi Gracia', 'dob': '1970-05-01', 'country': {'id': 214, 'name': 'Spain'}}]",1.1.0,2,2,1,Regular Season,361,Estadio de la Cerámica,214,Spain,,,,
3825770,2016-02-13,17:00:00.000,4,2,available,unscheduled,2022-03-20T22:30:43.857614,,24,11,Spain,La Liga,27,2015/2016,220,Real Madrid,male,,214,Spain,"[{'id': 56, 'name': 'Zinédine Zidane', 'nickname': None, 'dob': '1972-06-23', 'country': {'id': 78, 'name': 'France'}}]",215,Athletic Club,male,,214,Spain,"[{'id': 227, 'name': 'Ernesto Valverde Tejedor', 'nickname': 'Ernesto Valverde', 'dob': '1964-02-09', 'country': {'id': 214, 'name': 'Spain'}}]",1.1.0,2,2,1,Regular Season,353,Estadio Santiago Bernabéu,214,Spain,212.0,Alfonso Álvarez Izquierdo,214.0,Spain
3825768,2016-02-12,21:30:00.000,2,2,available,unscheduled,2022-03-20T22:22:33.720131,,24,11,Spain,La Liga,27,2015/2016,1041,Sporting Gijón,male,,214,Spain,"[{'id': 187, 'name': 'Abelardo Fernández Antuña', 'nickname': 'Abelardo', 'dob': '1970-04-19', 'country': {'id': 214, 'name': 'Spain'}}]",360,Rayo Vallecano,male,,214,Spain,"[{'id': 220, 'name': 'Francisco Jémez Martín', 'nickname': 'Paco Jémez', 'dob': '1970-04-18', 'country': {'id': 214, 'name': 'Spain'}}]",1.1.0,2,2,1,Regular Season,4656,Estadio Municipal El Molinón,214,Spain,1008.0,Carlos Clos Gómez,214.0,Spain
3825736,2016-01-17,13:00:00.000,2,2,available,unscheduled,2022-03-20T22:01:43.819435,,20,11,Spain,La Liga,27,2015/2016,207,Valencia,male,,214,Spain,"[{'id': 2449, 'name': 'Gary Neville', 'nickname': None, 'dob': '1975-02-18', 'country': {'id': 68, 'name': 'England'}}]",360,Rayo Vallecano,male,,214,Spain,"[{'id': 220, 'name': 'Francisco Jémez Martín', 'nickname': 'Paco Jémez', 'dob': '1970-04-18', 'country': {'id': 214, 'name': 'Spain'}}]",1.1.0,2,2,1,Regular Season,344,Estadio de Mestalla,214,Spain,2419.0,Eduardo Prieto Iglesias,214.0,Spain
3825731,2016-01-10,19:15:00.000,1,1,available,unscheduled,2022-04-06T21:39:52.202808,,19,11,Spain,La Liga,27,2015/2016,208,Las Palmas,male,,214,Spain,"[{'id': 238, 'name': 'Enrique Setién Solar', 'nickname': 'Quique Setién', 'dob': '1958-09-27', 'country': {'id': 214, 'name': 'Spain'}}]",223,Málaga,male,,214,Spain,"[{'id': 188, 'name': 'Javier Gracia Carlos', 'nickname': 'Javi Gracia', 'dob': '1970-05-01', 'country': {'id': 214, 'name': 'Spain'}}]",1.1.0,2,2,1,Regular Season,357,Estadio de Gran Canaria,214,Spain,218.0,Ignacio Iglesias Villanueva,214.0,Spain
3825685,2015-12-06,19:15:00.000,3,1,available,unscheduled,2022-03-20T21:47:23.357431,,14,11,Spain,La Liga,27,2015/2016,1041,Sporting Gijón,male,,214,Spain,"[{'id': 187, 'name': 'Abelardo Fernández Antuña', 'nickname': 'Abelardo', 'dob': '1970-04-19', 'country': {'id': 214, 'name': 'Spain'}}]",208,Las Palmas,male,,214,Spain,"[{'id': 238, 'name': 'Enrique Setién Solar', 'nickname': 'Quique Setién', 'dob': '1958-09-27', 'country': {'id': 214, 'name': 'Spain'}}]",1.1.0,2,2,1,Regular Season,4656,Estadio Municipal El Molinón,214,Spain,221.0,Alberto Undiano Mallenco,214.0,Spain
3825678,2015-11-29,17:00:00.000,0,2,available,unscheduled,2022-03-20T21:39:48.103890,,13,11,Spain,La Liga,27,2015/2016,322,Eibar,male,,214,Spain,"[{'id': 221, 'name': 'José Luis Mendilibar Etxebarria', 'nickname': 'José Luis Mendilibar', 'dob': '1961-03-14', 'country': {'id': 214, 'name': 'Spain'}}]",220,Real Madrid,male,,214,Spain,"[{'id': 148, 'name': 'Rafael Benítez Maudes', 'nickname': 'Rafael Benítez', 'dob': '1960-04-16', 'country': {'id': 214, 'name': 'Spain'}}]",1.1.0,2,2,1,Regular Season,347,Estadio Municipal de Ipurúa,214,Spain,183.0,Jesús Gil Manzano,214.0,Spain
3825643,2015-10-31,17:00:00.000,3,1,available,unscheduled,2022-03-20T21:32:32.301513,,10,11,Spain,La Liga,27,2015/2016,220,Real Madrid,male,,214,Spain,"[{'id': 148, 'name': 'Rafael Benítez Maudes', 'nickname': 'Rafael Benítez', 'dob': '1960-04-16', 'country': {'id': 214, 'name': 'Spain'}}]",208,Las Palmas,male,,214,Spain,"[{'id': 238, 'name': 'Enrique Setién Solar', 'nickname': 'Quique Setién', 'dob': '1958-09-27', 'country': {'id': 214, 'name': 'Spain'}}]",1.1.0,2,2,1,Regular Season,353,Estadio Santiago Bernabéu,214,Spain,2575.0,Santiago Jaime Latre,214.0,Spain
3825642,2015-10-30,21:30:00.000,1,1,available,unscheduled,2022-03-20T21:24:16.419880,,10,11,Spain,La Liga,27,2015/2016,219,RC Deportivo La Coruña,male,,214,Spain,"[{'id': 3157, 'name': 'Víctor Sánchez del Amo', 'nickname': 'Víctor Sánchez', 'dob': '1976-02-23', 'country': {'id': 214, 'name': 'Spain'}}]",212,Atlético Madrid,male,,214,Spain,"[{'id': 230, 'name': 'Diego Pablo Simeone', 'nickname': 'Diego Simeone', 'dob': '1970-04-28', 'country': {'id': 11, 'name': 'Argentina'}}]",1.1.0,2,2,1,Regular Season,4658,Estadio Abanca-Riazor,214,Spain,1015.0,Pedro Jesús Pérez Montero,214.0,Spain
3825638,2015-10-25,20:30:00.000,2,1,available,unscheduled,2022-08-30T10:52:28.076905,,9,11,Spain,La Liga,27,2015/2016,212,Atlético Madrid,male,,214,Spain,"[{'id': 230, 'name': 'Diego Pablo Simeone', 'nickname': 'Diego Simeone', 'dob': '1970-04-28', 'country': {'id': 11, 'name': 'Argentina'}}]",207,Valencia,male,,214,Spain,"[{'id': 396, 'name': 'Nuno Herlander Simões Espírito Santo', 'nickname': 'Nuno Espírito Santo', 'dob': '1974-01-25', 'country': {'id': 183, 'name': 'Portugal'}}]",1.1.0,2,2,1,Regular Season,625,Estadio Vicente Calderón,214,Spain,183.0,Jesús Gil Manzano,214.0,Spain
3825614,2015-10-03,18:15:00.000,1,1,available,unscheduled,2022-03-20T21:09:47.279772,,7,11,Spain,La Liga,27,2015/2016,1049,Granada,male,,214,Spain,"[{'id': 1617, 'name': 'José Ramón Sandoval Huertas', 'nickname': 'José Ramón Sandoval', 'dob': '1968-05-02', 'country': {'id': 214, 'name': 'Spain'}}]",219,RC Deportivo La Coruña,male,,214,Spain,"[{'id': 3157, 'name': 'Víctor Sánchez del Amo', 'nickname': 'Víctor Sánchez', 'dob': '1976-02-23', 'country': {'id': 214, 'name': 'Spain'}}]",1.1.0,2,2,1,Regular Season,4667,Estadio Nuevo Los Cármenes,214,Spain,2480.0,Iñaki Bikandi Garrido,214.0,Spain
3825612,2015-09-27,18:15:00.000,3,0,available,unscheduled,2022-03-20T21:03:11.651299,,6,11,Spain,La Liga,27,2015/2016,216,Getafe,male,,214,Spain,"[{'id': 509, 'name': 'Francisco Escriba Segura', 'nickname': 'Fran Escribá', 'dob': '1965-05-03', 'country': {'id': 214, 'name': 'Spain'}}]",221,Levante UD,male,,214,Spain,"[{'id': 1612, 'name': 'Luis Lucas Alcaraz González', 'nickname': 'Lucas Alcaraz', 'dob': '1966-06-21', 'country': {'id': 214, 'name': 'Spain'}}]",1.1.0,2,2,1,Regular Season,354,Coliseum Alfonso Pérez,214,Spain,2575.0,Santiago Jaime Latre,214.0,Spain
3825607,2015-09-26,20:30:00.000,1,0,available,unscheduled,2022-03-20T20:56:07.082687,,6,11,Spain,La Liga,27,2015/2016,222,Villarreal,male,,214,Spain,"[{'id': 211, 'name': 'Marcelino García Toral', 'nickname': 'Marcelino', 'dob': '1965-08-14', 'country': {'id': 214, 'name': 'Spain'}}]",212,Atlético Madrid,male,,214,Spain,"[{'id': 230, 'name': 'Diego Pablo Simeone', 'nickname': 'Diego Simeone', 'dob': '1970-04-28', 'country': {'id': 11, 'name': 'Argentina'}}]",1.1.0,2,2,1,Regular Season,361,Estadio de la Cerámica,214,Spain,222.0,David Fernández Borbalan,214.0,Spain
3825595,2015-09-20,18:15:00.000,3,1,available,unscheduled,2022-03-20T20:48:38.128823,,4,11,Spain,La Liga,27,2015/2016,222,Villarreal,male,,214,Spain,"[{'id': 211, 'name': 'Marcelino García Toral', 'nickname': 'Marcelino', 'dob': '1965-08-14', 'country': {'id': 214, 'name': 'Spain'}}]",215,Athletic Club,male,,214,Spain,"[{'id': 227, 'name': 'Ernesto Valverde Tejedor', 'nickname': 'Ernesto Valverde', 'dob': '1964-02-09', 'country': {'id': 214, 'name': 'Spain'}}]",1.1.0,2,2,1,Regular Season,361,Estadio de la Cerámica,214,Spain,1008.0,Carlos Clos Gómez,214.0,Spain
3825579,2015-08-30,20:30:00.000,0,3,available,unscheduled,2022-03-20T20:41:44.188068,,2,11,Spain,La Liga,27,2015/2016,213,Sevilla,male,,214,Spain,"[{'id': 21, 'name': 'Unai Emery Etxegoien', 'nickname': 'Unai Emery', 'dob': '1971-11-03', 'country': {'id': 214, 'name': 'Spain'}}]",212,Atlético Madrid,male,,214,Spain,"[{'id': 230, 'name': 'Diego Pablo Simeone', 'nickname': 'Diego Simeone', 'dob': '1970-04-28', 'country': {'id': 11, 'name': 'Argentina'}}]",1.1.0,2,2,1,Regular Season,349,Estadio Ramón Sánchez Pizjuán,214,Spain,1008.0,Carlos Clos Gómez,214.0,Spain
3825572,2015-08-29,22:30:00.000,5,0,available,unscheduled,2022-03-20T20:33:23.773202,,2,11,Spain,La Liga,27,2015/2016,220,Real Madrid,male,,214,Spain,"[{'id': 148, 'name': 'Rafael Benítez Maudes', 'nickname': 'Rafael Benítez', 'dob': '1960-04-16', 'country': {'id': 214, 'name': 'Spain'}}]",218,Real Betis,male,,214,Spain,"[{'id': 57, 'name': 'José Mel Pérez', 'nickname': 'Pepe Mel', 'dob': '1963-02-28', 'country': {'id': 214, 'name': 'Spain'}}]",1.1.0,2,2,1,Regular Season,353,Estadio Santiago Bernabéu,214,Spain,2608.0,Alejandro José Hernández Hernández,214.0,Spain
3825774,2016-02-14,19:15:00.000,0,1,available,unscheduled,2022-02-28T19:09:08.311380,,24,11,Spain,La Liga,27,2015/2016,216,Getafe,male,,214,Spain,"[{'id': 509, 'name': 'Francisco Escriba Segura', 'nickname': 'Fran Escribá', 'dob': '1965-05-03', 'country': {'id': 214, 'name': 'Spain'}}]",212,Atlético Madrid,male,,214,Spain,"[{'id': 230, 'name': 'Diego Pablo Simeone', 'nickname': 'Diego Simeone', 'dob': '1970-04-28', 'country': {'id': 11, 'name': 'Argentina'}}]",1.1.0,2,2,1,Regular Season,354,Coliseum Alfonso Pérez,214,Spain,180.0,Antonio Miguel Mateu Lahoz,214.0,Spain
3825772,2016-02-13,21:30:00.000,2,1,available,unscheduled,2022-02-28T19:07:47.540348,,24,11,Spain,La Liga,27,2015/2016,207,Valencia,male,,214,Spain,,214,Espanyol,male,,214,Spain,"[{'id': 1816, 'name': 'Constantin Gâlcă', 'nickname': None, 'dob': '1972-03-08', 'country': {'id': 187, 'name': 'Romania'}}]",1.1.0,2,2,1,Regular Season,344,Estadio de Mestalla,214,Spain,2728.0,Carlos del Cerro Grande,214.0,Spain
3825771,2016-02-13,23:05:00.000,2,2,available,unscheduled,2022-02-28T19:05:37.645934,,24,11,Spain,La Liga,27,2015/2016,219,RC Deportivo La Coruña,male,,214,Spain,"[{'id': 3157, 'name': 'Víctor Sánchez del Amo', 'nickname': 'Víctor Sánchez', 'dob': '1976-02-23', 'country': {'id': 214, 'name': 'Spain'}}]",218,Real Betis,male,,214,Spain,"[{'id': 5049, 'name': 'Juan Merino Ruíz', 'nickname': 'Juan Merino', 'dob': '1970-08-24', 'country': {'id': 214, 'name': 'Spain'}}]",1.1.0,2,2,1,Regular Season,4658,Estadio Abanca-Riazor,214,Spain,221.0,Alberto Undiano Mallenco,214.0,Spain
3825767,2016-02-08,21:30:00.000,0,5,available,unscheduled,2022-05-08T20:48:55.541224,,23,11,Spain,La Liga,27,2015/2016,214,Espanyol,male,,214,Spain,"[{'id': 1816, 'name': 'Constantin Gâlcă', 'nickname': None, 'dob': '1972-03-08', 'country': {'id': 187, 'name': 'Romania'}}]",210,Real Sociedad,male,,214,Spain,"[{'id': 229, 'name': 'Eusebio Sacristán Mena', 'nickname': 'Eusebio Sacristán', 'dob': '1964-04-13', 'country': {'id': 214, 'name': 'Spain'}}]",1.1.0,2,2,1,Regular Season,351,RCDE Stadium,214,Spain,2575.0,Santiago Jaime Latre,214.0,Spain
3825706,2015-12-30,21:30:00.000,0,1,available,unscheduled,2022-02-28T17:57:44.019471,,17,11,Spain,La Liga,27,2015/2016,209,Celta Vigo,male,,214,Spain,"[{'id': 385, 'name': 'Manuel Eduardo Berizzo', 'nickname': 'Eduardo Berizzo', 'dob': '1969-11-13', 'country': {'id': 11, 'name': 'Argentina'}}]",215,Athletic Club,male,,214,Spain,"[{'id': 227, 'name': 'Ernesto Valverde Tejedor', 'nickname': 'Ernesto Valverde', 'dob': '1964-02-09', 'country': {'id': 214, 'name': 'Spain'}}]",1.1.0,2,2,1,Regular Season,653,Abanca-Balaídos,214,Spain,1015.0,Pedro Jesús Pérez Montero,214.0,Spain
3825712,2015-12-30,21:30:00.000,0,0,available,unscheduled,2022-02-28T17:56:31.505588,,17,11,Spain,La Liga,27,2015/2016,216,Getafe,male,,214,Spain,"[{'id': 509, 'name': 'Francisco Escriba Segura', 'nickname': 'Fran Escribá', 'dob': '1965-05-03', 'country': {'id': 214, 'name': 'Spain'}}]",219,RC Deportivo La Coruña,male,,214,Spain,"[{'id': 3157, 'name': 'Víctor Sánchez del Amo', 'nickname': 'Víctor Sánchez', 'dob': '1976-02-23', 'country': {'id': 214, 'name': 'Spain'}}]",1.1.0,2,2,1,Regular Season,354,Coliseum Alfonso Pérez,214,Spain,221.0,Alberto Undiano Mallenco,214.0,Spain
3825708,2015-12-30,17:00:00.000,0,1,available,unscheduled,2022-02-28T17:55:27.093610,,17,11,Spain,La Liga,27,2015/2016,221,Levante UD,male,,214,Spain,"[{'id': 677, 'name': 'Joan Francesc Ferrer Sicilia', 'nickname': 'Rubí', 'dob': '1970-02-05', 'country': {'id': 214, 'name': 'Spain'}}]",223,Málaga,male,,214,Spain,"[{'id': 188, 'name': 'Javier Gracia Carlos', 'nickname': 'Javi Gracia', 'dob': '1970-05-01', 'country': {'id': 214, 'name': 'Spain'}}]",1.1.0,2,2,1,Regular Season,350,Estadio Ciudad de Valencia,214,Spain,183.0,Jesús Gil Manzano,214.0,Spain
3825707,2015-12-30,22:00:00.000,4,1,available,unscheduled,2022-02-28T17:54:29.612701,,17,11,Spain,La Liga,27,2015/2016,208,Las Palmas,male,,214,Spain,"[{'id': 238, 'name': 'Enrique Setién Solar', 'nickname': 'Quique Setién', 'dob': '1958-09-27', 'country': {'id': 214, 'name': 'Spain'}}]",1049,Granada,male,,214,Spain,"[{'id': 1617, 'name': 'José Ramón Sandoval Huertas', 'nickname': 'José Ramón Sandoval', 'dob': '1968-05-02', 'country': {'id': 214, 'name': 'Spain'}}]",1.1.0,2,2,1,Regular Season,357,Estadio de Gran Canaria,214,Spain,2575.0,Santiago Jaime Latre,214.0,Spain
3825705,2015-12-30,19:30:00.000,2,0,available,unscheduled,2022-02-28T17:53:24.947314,,17,11,Spain,La Liga,27,2015/2016,322,Eibar,male,,214,Spain,"[{'id': 221, 'name': 'José Luis Mendilibar Etxebarria', 'nickname': 'José Luis Mendilibar', 'dob': '1961-03-14', 'country': {'id': 214, 'name': 'Spain'}}]",1041,Sporting Gijón,male,,214,Spain,"[{'id': 187, 'name': 'Abelardo Fernández Antuña', 'nickname': 'Abelardo', 'dob': '1970-04-19', 'country': {'id': 214, 'name': 'Spain'}}]",1.1.0,2,2,1,Regular Season,347,Estadio Municipal de Ipurúa,214,Spain,2535.0,Carlos Velasco Carballo,214.0,Spain
3825711,2015-12-30,19:15:00.000,0,2,available,unscheduled,2022-02-28T17:52:23.528107,,17,11,Spain,La Liga,27,2015/2016,360,Rayo Vallecano,male,,214,Spain,"[{'id': 220, 'name': 'Francisco Jémez Martín', 'nickname': 'Paco Jémez', 'dob': '1970-04-18', 'country': {'id': 214, 'name': 'Spain'}}]",212,Atlético Madrid,male,,214,Spain,"[{'id': 230, 'name': 'Diego Pablo Simeone', 'nickname': 'Diego Simeone', 'dob': '1970-04-28', 'country': {'id': 11, 'name': 'Argentina'}}]",1.1.0,2,2,1,Regular Season,4640,Estadio de Vallecas,214,Spain,2625.0,José María Sánchez Martínez,214.0,Spain
3825703,2015-12-20,19:15:00.000,2,0,available,unscheduled,2022-02-28T17:51:22.306678,,16,11,Spain,La Liga,27,2015/2016,215,Athletic Club,male,,214,Spain,"[{'id': 227, 'name': 'Ernesto Valverde Tejedor', 'nickname': 'Ernesto Valverde', 'dob': '1964-02-09', 'country': {'id': 214, 'name': 'Spain'}}]",221,Levante UD,male,,214,Spain,"[{'id': 677, 'name': 'Joan Francesc Ferrer Sicilia', 'nickname': 'Rubí', 'dob': '1970-02-05', 'country': {'id': 214, 'name': 'Spain'}}]",1.1.0,2,2,1,Regular Season,345,San Mamés Barria,214,Spain,2608.0,Alejandro José Hernández Hernández,214.0,Spain
3825700,2015-12-20,17:00:00.000,10,2,available,unscheduled,2022-02-28T17:50:11.660523,,16,11,Spain,La Liga,27,2015/2016,220,Real Madrid,male,,214,Spain,"[{'id': 148, 'name': 'Rafael Benítez Maudes', 'nickname': 'Rafael Benítez', 'dob': '1960-04-16', 'country': {'id': 214, 'name': 'Spain'}}]",360,Rayo Vallecano,male,,214,Spain,"[{'id': 220, 'name': 'Francisco Jémez Martín', 'nickname': 'Paco Jémez', 'dob': '1970-04-18', 'country': {'id': 214, 'name': 'Spain'}}]",1.1.0,2,2,1,Regular Season,353,Estadio Santiago Bernabéu,214,Spain,218.0,Ignacio Iglesias Villanueva,214.0,Spain
3825701,2015-12-20,21:30:00.000,1,0,available,unscheduled,2022-02-28T17:49:03.311589,,16,11,Spain,La Liga,27,2015/2016,223,Málaga,male,,214,Spain,"[{'id': 188, 'name': 'Javier Gracia Carlos', 'nickname': 'Javi Gracia', 'dob': '1970-05-01', 'country': {'id': 214, 'name': 'Spain'}}]",212,Atlético Madrid,male,,214,Spain,"[{'id': 230, 'name': 'Diego Pablo Simeone', 'nickname': 'Diego Simeone', 'dob': '1970-04-28', 'country': {'id': 11, 'name': 'Argentina'}}]",1.1.0,2,2,1,Regular Season,346,Estadio La Rosaleda,214,Spain,180.0,Antonio Miguel Mateu Lahoz,214.0,Spain
3825702,2015-12-20,19:15:00.000,0,2,available,unscheduled,2022-02-28T17:47:48.973489,,16,11,Spain,La Liga,27,2015/2016,210,Real Sociedad,male,,214,Spain,"[{'id': 229, 'name': 'Eusebio Sacristán Mena', 'nickname': 'Eusebio Sacristán', 'dob': '1964-04-13', 'country': {'id': 214, 'name': 'Spain'}}]",222,Villarreal,male,,214,Spain,"[{'id': 211, 'name': 'Marcelino García Toral', 'nickname': 'Marcelino', 'dob': '1965-08-14', 'country': {'id': 214, 'name': 'Spain'}}]",1.1.0,2,2,1,Regular Season,5043,Reale Arena,214,Spain,2728.0,Carlos del Cerro Grande,214.0,Spain
3825704,2015-12-20,19:15:00.000,0,2,available,unscheduled,2022-02-28T17:46:35.809644,,16,11,Spain,La Liga,27,2015/2016,1049,Granada,male,,214,Spain,"[{'id': 1617, 'name': 'José Ramón Sandoval Huertas', 'nickname': 'José Ramón Sandoval', 'dob': '1968-05-02', 'country': {'id': 214, 'name': 'Spain'}}]",209,Celta Vigo,male,,214,Spain,"[{'id': 385, 'name': 'Manuel Eduardo Berizzo', 'nickname': 'Eduardo Berizzo', 'dob': '1969-11-13', 'country': {'id': 11, 'name': 'Argentina'}}]",1.1.0,2,2,1,Regular Season,4667,Estadio Nuevo Los Cármenes,214,Spain,2434.0,Juan Martínez Munuera,214.0,Spain
3825891,2015-12-19,19:15:00.000,1,0,available,unscheduled,2022-02-28T17:45:31.174367,,16,11,Spain,La Liga,27,2015/2016,214,Espanyol,male,,214,Spain,"[{'id': 1816, 'name': 'Constantin Gâlcă', 'nickname': None, 'dob': '1972-03-08', 'country': {'id': 187, 'name': 'Romania'}}]",208,Las Palmas,male,,214,Spain,"[{'id': 238, 'name': 'Enrique Setién Solar', 'nickname': 'Quique Setién', 'dob': '1958-09-27', 'country': {'id': 214, 'name': 'Spain'}}]",1.1.0,2,2,1,Regular Season,351,RCDE Stadium,214,Spain,2692.0,Mario Melero López,214.0,Spain
3825699,2015-12-19,21:30:00.000,0,0,available,unscheduled,2022-02-28T17:44:21.020208,,16,11,Spain,La Liga,27,2015/2016,218,Real Betis,male,,214,Spain,"[{'id': 57, 'name': 'José Mel Pérez', 'nickname': 'Pepe Mel', 'dob': '1963-02-28', 'country': {'id': 214, 'name': 'Spain'}}]",213,Sevilla,male,,214,Spain,"[{'id': 21, 'name': 'Unai Emery Etxegoien', 'nickname': 'Unai Emery', 'dob': '1971-11-03', 'country': {'id': 214, 'name': 'Spain'}}]",1.1.0,2,2,1,Regular Season,352,Estadio Benito Villamarín,214,Spain,1008.0,Carlos Clos Gómez,214.0,Spain
3825697,2015-12-19,17:00:00.000,2,2,available,unscheduled,2022-02-28T17:43:23.410634,,16,11,Spain,La Liga,27,2015/2016,207,Valencia,male,,214,Spain,"[{'id': 2449, 'name': 'Gary Neville', 'nickname': None, 'dob': '1975-02-18', 'country': {'id': 68, 'name': 'England'}}]",216,Getafe,male,,214,Spain,"[{'id': 509, 'name': 'Francisco Escriba Segura', 'nickname': 'Fran Escribá', 'dob': '1965-05-03', 'country': {'id': 214, 'name': 'Spain'}}]",1.1.0,2,2,1,Regular Season,344,Estadio de Mestalla,214,Spain,222.0,David Fernández Borbalan,214.0,Spain
3825698,2015-12-19,23:05:00.000,2,0,available,unscheduled,2022-02-28T17:42:11.184533,,16,11,Spain,La Liga,27,2015/2016,219,RC Deportivo La Coruña,male,,214,Spain,"[{'id': 3157, 'name': 'Víctor Sánchez del Amo', 'nickname': 'Víctor Sánchez', 'dob': '1976-02-23', 'country': {'id': 214, 'name': 'Spain'}}]",322,Eibar,male,,214,Spain,"[{'id': 221, 'name': 'José Luis Mendilibar Etxebarria', 'nickname': 'José Luis Mendilibar', 'dob': '1961-03-14', 'country': {'id': 214, 'name': 'Spain'}}]",1.1.0,2,2,1,Regular Season,4658,Estadio Abanca-Riazor,214,Spain,2604.0,Xavier Estrada Fernández,214.0,Spain
3825694,2015-12-13,17:00:00.000,1,1,available,unscheduled,2022-02-28T17:41:00.596595,,15,11,Spain,La Liga,27,2015/2016,322,Eibar,male,,214,Spain,"[{'id': 221, 'name': 'José Luis Mendilibar Etxebarria', 'nickname': 'José Luis Mendilibar', 'dob': '1961-03-14', 'country': {'id': 214, 'name': 'Spain'}}]",207,Valencia,male,,214,Spain,"[{'id': 2449, 'name': 'Gary Neville', 'nickname': None, 'dob': '1975-02-18', 'country': {'id': 68, 'name': 'England'}}]",1.1.0,2,2,1,Regular Season,347,Estadio Municipal de Ipurúa,214,Spain,211.0,José Luis González González,214.0,Spain
3825693,2015-12-13,19:15:00.000,2,1,available,unscheduled,2022-02-28T17:39:58.434264,,15,11,Spain,La Liga,27,2015/2016,212,Atlético Madrid,male,,214,Spain,"[{'id': 230, 'name': 'Diego Pablo Simeone', 'nickname': 'Diego Simeone', 'dob': '1970-04-28', 'country': {'id': 11, 'name': 'Argentina'}}]",215,Athletic Club,male,,214,Spain,"[{'id': 227, 'name': 'Ernesto Valverde Tejedor', 'nickname': 'Ernesto Valverde', 'dob': '1964-02-09', 'country': {'id': 214, 'name': 'Spain'}}]",1.1.0,2,2,1,Regular Season,625,Estadio Vicente Calderón,214,Spain,2434.0,Juan Martínez Munuera,214.0,Spain
3825696,2015-12-13,13:00:00.000,1,2,available,unscheduled,2022-02-28T17:38:42.303151,,15,11,Spain,La Liga,27,2015/2016,360,Rayo Vallecano,male,,214,Spain,"[{'id': 220, 'name': 'Francisco Jémez Martín', 'nickname': 'Paco Jémez', 'dob': '1970-04-18', 'country': {'id': 214, 'name': 'Spain'}}]",223,Málaga,male,,214,Spain,"[{'id': 188, 'name': 'Javier Gracia Carlos', 'nickname': 'Javi Gracia', 'dob': '1970-05-01', 'country': {'id': 214, 'name': 'Spain'}}]",1.1.0,2,2,1,Regular Season,4640,Estadio de Vallecas,214,Spain,1008.0,Carlos Clos Gómez,214.0,Spain
3825695,2015-12-13,21:30:00.000,1,0,available,unscheduled,2022-02-28T17:37:40.599914,,15,11,Spain,La Liga,27,2015/2016,222,Villarreal,male,,214,Spain,"[{'id': 211, 'name': 'Marcelino García Toral', 'nickname': 'Marcelino', 'dob': '1965-08-14', 'country': {'id': 214, 'name': 'Spain'}}]",220,Real Madrid,male,,214,Spain,"[{'id': 148, 'name': 'Rafael Benítez Maudes', 'nickname': 'Rafael Benítez', 'dob': '1960-04-16', 'country': {'id': 214, 'name': 'Spain'}}]",1.1.0,2,2,1,Regular Season,361,Estadio de la Cerámica,214,Spain,221.0,Alberto Undiano Mallenco,214.0,Spain
3825689,2015-12-12,19:15:00.000,1,0,available,unscheduled,2022-02-28T17:36:29.188879,,15,11,Spain,La Liga,27,2015/2016,209,Celta Vigo,male,,214,Spain,"[{'id': 385, 'name': 'Manuel Eduardo Berizzo', 'nickname': 'Eduardo Berizzo', 'dob': '1969-11-13', 'country': {'id': 11, 'name': 'Argentina'}}]",214,Espanyol,male,,214,Spain,"[{'id': 576, 'name': 'Sergio González Soriano', 'nickname': 'Sergio', 'dob': '1976-11-10', 'country': {'id': 214, 'name': 'Spain'}}]",1.1.0,2,2,1,Regular Season,653,Abanca-Balaídos,214,Spain,222.0,David Fernández Borbalan,214.0,Spain
3825690,2015-12-12,23:05:00.000,1,0,available,unscheduled,2022-02-28T17:35:26.222828,,15,11,Spain,La Liga,27,2015/2016,208,Las Palmas,male,,214,Spain,"[{'id': 238, 'name': 'Enrique Setién Solar', 'nickname': 'Quique Setién', 'dob': '1958-09-27', 'country': {'id': 214, 'name': 'Spain'}}]",218,Real Betis,male,,214,Spain,"[{'id': 57, 'name': 'José Mel Pérez', 'nickname': 'Pepe Mel', 'dob': '1963-02-28', 'country': {'id': 214, 'name': 'Spain'}}]",1.1.0,2,2,1,Regular Season,357,Estadio de Gran Canaria,214,Spain,183.0,Jesús Gil Manzano,214.0,Spain
3825692,2015-12-12,21:30:00.000,2,0,available,unscheduled,2022-02-28T17:34:14.983222,,15,11,Spain,La Liga,27,2015/2016,213,Sevilla,male,,214,Spain,"[{'id': 21, 'name': 'Unai Emery Etxegoien', 'nickname': 'Unai Emery', 'dob': '1971-11-03', 'country': {'id': 214, 'name': 'Spain'}}]",1041,Sporting Gijón,male,,214,Spain,"[{'id': 187, 'name': 'Abelardo Fernández Antuña', 'nickname': 'Abelardo', 'dob': '1970-04-19', 'country': {'id': 214, 'name': 'Spain'}}]",1.1.0,2,2,1,Regular Season,349,Estadio Ramón Sánchez Pizjuán,214,Spain,2728.0,Carlos del Cerro Grande,214.0,Spain
3825691,2015-12-12,19:15:00.000,1,2,available,unscheduled,2022-02-28T17:33:07.335256,,15,11,Spain,La Liga,27,2015/2016,221,Levante UD,male,,214,Spain,"[{'id': 677, 'name': 'Joan Francesc Ferrer Sicilia', 'nickname': 'Rubí', 'dob': '1970-02-05', 'country': {'id': 214, 'name': 'Spain'}}]",1049,Granada,male,,214,Spain,"[{'id': 1617, 'name': 'José Ramón Sandoval Huertas', 'nickname': 'José Ramón Sandoval', 'dob': '1968-05-02', 'country': {'id': 214, 'name': 'Spain'}}]",1.1.0,2,2,1,Regular Season,350,Estadio Ciudad de Valencia,214,Spain,2480.0,Iñaki Bikandi Garrido,214.0,Spain
3825688,2015-12-11,21:30:00.000,1,1,available,unscheduled,2022-02-28T17:31:56.131944,,15,11,Spain,La Liga,27,2015/2016,216,Getafe,male,,214,Spain,"[{'id': 509, 'name': 'Francisco Escriba Segura', 'nickname': 'Fran Escribá', 'dob': '1965-05-03', 'country': {'id': 214, 'name': 'Spain'}}]",210,Real Sociedad,male,,214,Spain,"[{'id': 229, 'name': 'Eusebio Sacristán Mena', 'nickname': 'Eusebio Sacristán', 'dob': '1964-04-13', 'country': {'id': 214, 'name': 'Spain'}}]",1.1.0,2,2,1,Regular Season,354,Coliseum Alfonso Pérez,214,Spain,1015.0,Pedro Jesús Pérez Montero,214.0,Spain
3825687,2015-12-07,21:30:00.000,1,1,available,unscheduled,2022-02-28T17:30:44.504835,,14,11,Spain,La Liga,27,2015/2016,214,Espanyol,male,,214,Spain,"[{'id': 576, 'name': 'Sergio González Soriano', 'nickname': 'Sergio', 'dob': '1976-11-10', 'country': {'id': 214, 'name': 'Spain'}}]",221,Levante UD,male,,214,Spain,"[{'id': 677, 'name': 'Joan Francesc Ferrer Sicilia', 'nickname': 'Rubí', 'dob': '1970-02-05', 'country': {'id': 214, 'name': 'Spain'}}]",1.1.0,2,2,1,Regular Season,351,RCDE Stadium,214,Spain,2535.0,Carlos Velasco Carballo,214.0,Spain
3825683,2015-12-06,13:00:00.000,2,1,available,unscheduled,2022-02-28T17:28:30.972309,,14,11,Spain,La Liga,27,2015/2016,210,Real Sociedad,male,,214,Spain,"[{'id': 229, 'name': 'Eusebio Sacristán Mena', 'nickname': 'Eusebio Sacristán', 'dob': '1964-04-13', 'country': {'id': 214, 'name': 'Spain'}}]",322,Eibar,male,,214,Spain,"[{'id': 221, 'name': 'José Luis Mendilibar Etxebarria', 'nickname': 'José Luis Mendilibar', 'dob': '1961-03-14', 'country': {'id': 214, 'name': 'Spain'}}]",1.1.0,2,2,1,Regular Season,5043,Reale Arena,214,Spain,2692.0,Mario Melero López,214.0,Spain
3825686,2015-12-06,21:30:00.000,0,0,available,unscheduled,2022-02-28T17:27:29.078878,,14,11,Spain,La Liga,27,2015/2016,215,Athletic Club,male,,214,Spain,"[{'id': 227, 'name': 'Ernesto Valverde Tejedor', 'nickname': 'Ernesto Valverde', 'dob': '1964-02-09', 'country': {'id': 214, 'name': 'Spain'}}]",223,Málaga,male,,214,Spain,"[{'id': 188, 'name': 'Javier Gracia Carlos', 'nickname': 'Javi Gracia', 'dob': '1970-05-01', 'country': {'id': 214, 'name': 'Spain'}}]",1.1.0,2,2,1,Regular Season,345,San Mamés Barria,214,Spain,212.0,Alfonso Álvarez Izquierdo,214.0,Spain
3825684,2015-12-06,17:00:00.000,2,1,available,unscheduled,2022-02-28T17:26:28.341665,,14,11,Spain,La Liga,27,2015/2016,222,Villarreal,male,,214,Spain,"[{'id': 211, 'name': 'Marcelino García Toral', 'nickname': 'Marcelino', 'dob': '1965-08-14', 'country': {'id': 214, 'name': 'Spain'}}]",360,Rayo Vallecano,male,,214,Spain,"[{'id': 220, 'name': 'Francisco Jémez Martín', 'nickname': 'Paco Jémez', 'dob': '1970-04-18', 'country': {'id': 214, 'name': 'Spain'}}]",1.1.0,2,2,1,Regular Season,361,Estadio de la Cerámica,214,Spain,2604.0,Xavier Estrada Fernández,214.0,Spain
3825681,2015-12-05,17:00:00.000,4,1,available,unscheduled,2022-02-28T17:25:20.917523,,14,11,Spain,La Liga,27,2015/2016,220,Real Madrid,male,,214,Spain,"[{'id': 148, 'name': 'Rafael Benítez Maudes', 'nickname': 'Rafael Benítez', 'dob': '1960-04-16', 'country': {'id': 214, 'name': 'Spain'}}]",216,Getafe,male,,214,Spain,"[{'id': 509, 'name': 'Francisco Escriba Segura', 'nickname': 'Fran Escribá', 'dob': '1965-05-03', 'country': {'id': 214, 'name': 'Spain'}}]",1.1.0,2,2,1,Regular Season,353,Estadio Santiago Bernabéu,214,Spain,180.0,Antonio Miguel Mateu Lahoz,214.0,Spain
3825682,2015-12-05,19:15:00.000,0,2,available,unscheduled,2022-02-28T17:24:03.398879,,14,11,Spain,La Liga,27,2015/2016,1049,Granada,male,,214,Spain,"[{'id': 1617, 'name': 'José Ramón Sandoval Huertas', 'nickname': 'José Ramón Sandoval', 'dob': '1968-05-02', 'country': {'id': 214, 'name': 'Spain'}}]",212,Atlético Madrid,male,,214,Spain,"[{'id': 230, 'name': 'Diego Pablo Simeone', 'nickname': 'Diego Simeone', 'dob': '1970-04-28', 'country': {'id': 11, 'name': 'Argentina'}}]",1.1.0,2,2,1,Regular Season,4667,Estadio Nuevo Los Cármenes,214,Spain,2419.0,Eduardo Prieto Iglesias,214.0,Spain
3825680,2015-12-05,23:00:00.000,1,1,available,unscheduled,2022-02-28T17:22:48.163839,,14,11,Spain,La Liga,27,2015/2016,219,RC Deportivo La Coruña,male,,214,Spain,"[{'id': 3157, 'name': 'Víctor Sánchez del Amo', 'nickname': 'Víctor Sánchez', 'dob': '1976-02-23', 'country': {'id': 214, 'name': 'Spain'}}]",213,Sevilla,male,,214,Spain,"[{'id': 21, 'name': 'Unai Emery Etxegoien', 'nickname': 'Unai Emery', 'dob': '1971-11-03', 'country': {'id': 214, 'name': 'Spain'}}]",1.1.0,2,2,1,Regular Season,4658,Estadio Abanca-Riazor,214,Spain,2602.0,Ricardo De Burgos Bengoetxea,214.0,Spain
3825677,2015-11-29,21:30:00.000,1,0,available,unscheduled,2022-02-28T17:19:27.933100,,13,11,Spain,La Liga,27,2015/2016,213,Sevilla,male,,214,Spain,"[{'id': 21, 'name': 'Unai Emery Etxegoien', 'nickname': 'Unai Emery', 'dob': '1971-11-03', 'country': {'id': 214, 'name': 'Spain'}}]",207,Valencia,male,,214,Spain,"[{'id': 396, 'name': 'Nuno Herlander Simões Espírito Santo', 'nickname': 'Nuno Espírito Santo', 'dob': '1974-01-25', 'country': {'id': 183, 'name': 'Portugal'}}]",1.1.0,2,2,1,Regular Season,349,Estadio Ramón Sánchez Pizjuán,214,Spain,2535.0,Carlos Velasco Carballo,214.0,Spain
3825675,2015-11-29,19:15:00.000,0,3,available,unscheduled,2022-02-28T17:18:26.103612,,13,11,Spain,La Liga,27,2015/2016,360,Rayo Vallecano,male,,214,Spain,"[{'id': 220, 'name': 'Francisco Jémez Martín', 'nickname': 'Paco Jémez', 'dob': '1970-04-18', 'country': {'id': 214, 'name': 'Spain'}}]",215,Athletic Club,male,,214,Spain,"[{'id': 227, 'name': 'Ernesto Valverde Tejedor', 'nickname': 'Ernesto Valverde', 'dob': '1964-02-09', 'country': {'id': 214, 'name': 'Spain'}}]",1.1.0,2,2,1,Regular Season,4640,Estadio de Vallecas,214,Spain,2608.0,Alejandro José Hernández Hernández,214.0,Spain
3825676,2015-11-29,13:00:00.000,2,0,available,unscheduled,2022-02-28T17:17:18.068746,,13,11,Spain,La Liga,27,2015/2016,216,Getafe,male,,214,Spain,"[{'id': 509, 'name': 'Francisco Escriba Segura', 'nickname': 'Fran Escribá', 'dob': '1965-05-03', 'country': {'id': 214, 'name': 'Spain'}}]",222,Villarreal,male,,214,Spain,"[{'id': 211, 'name': 'Marcelino García Toral', 'nickname': 'Marcelino', 'dob': '1965-08-14', 'country': {'id': 214, 'name': 'Spain'}}]",1.1.0,2,2,1,Regular Season,354,Coliseum Alfonso Pérez,214,Spain,211.0,José Luis González González,214.0,Spain
3825674,2015-11-28,19:15:00.000,1,0,available,unscheduled,2022-02-28T17:16:13.323494,,13,11,Spain,La Liga,27,2015/2016,212,Atlético Madrid,male,,214,Spain,"[{'id': 230, 'name': 'Diego Pablo Simeone', 'nickname': 'Diego Simeone', 'dob': '1970-04-28', 'country': {'id': 11, 'name': 'Argentina'}}]",214,Espanyol,male,,214,Spain,"[{'id': 576, 'name': 'Sergio González Soriano', 'nickname': 'Sergio', 'dob': '1976-11-10', 'country': {'id': 214, 'name': 'Spain'}}]",1.1.0,2,2,1,Regular Season,625,Estadio Vicente Calderón,214,Spain,2480.0,Iñaki Bikandi Garrido,214.0,Spain
3825673,2015-11-28,23:00:00.000,0,2,available,unscheduled,2022-02-28T17:15:07.296136,,13,11,Spain,La Liga,27,2015/2016,208,Las Palmas,male,,214,Spain,"[{'id': 238, 'name': 'Enrique Setién Solar', 'nickname': 'Quique Setién', 'dob': '1958-09-27', 'country': {'id': 214, 'name': 'Spain'}}]",219,RC Deportivo La Coruña,male,,214,Spain,"[{'id': 3157, 'name': 'Víctor Sánchez del Amo', 'nickname': 'Víctor Sánchez', 'dob': '1976-02-23', 'country': {'id': 214, 'name': 'Spain'}}]",1.1.0,2,2,1,Regular Season,357,Estadio de Gran Canaria,214,Spain,1008.0,Carlos Clos Gómez,214.0,Spain
3825671,2015-11-28,23:05:00.000,2,1,available,unscheduled,2022-02-28T17:13:55.408623,,13,11,Spain,La Liga,27,2015/2016,209,Celta Vigo,male,,214,Spain,"[{'id': 385, 'name': 'Manuel Eduardo Berizzo', 'nickname': 'Eduardo Berizzo', 'dob': '1969-11-13', 'country': {'id': 11, 'name': 'Argentina'}}]",1041,Sporting Gijón,male,,214,Spain,"[{'id': 187, 'name': 'Abelardo Fernández Antuña', 'nickname': 'Abelardo', 'dob': '1970-04-19', 'country': {'id': 214, 'name': 'Spain'}}]",1.1.0,2,2,1,Regular Season,653,Abanca-Balaídos,214,Spain,2575.0,Santiago Jaime Latre,214.0,Spain
3825672,2015-11-28,21:30:00.000,2,2,available,unscheduled,2022-02-28T17:12:47.356538,,13,11,Spain,La Liga,27,2015/2016,223,Málaga,male,,214,Spain,"[{'id': 188, 'name': 'Javier Gracia Carlos', 'nickname': 'Javi Gracia', 'dob': '1970-05-01', 'country': {'id': 214, 'name': 'Spain'}}]",1049,Granada,male,,214,Spain,"[{'id': 1617, 'name': 'José Ramón Sandoval Huertas', 'nickname': 'José Ramón Sandoval', 'dob': '1968-05-02', 'country': {'id': 214, 'name': 'Spain'}}]",1.1.0,2,2,1,Regular Season,346,Estadio La Rosaleda,214,Spain,2604.0,Xavier Estrada Fernández,214.0,Spain
3825670,2015-11-27,21:30:00.000,0,1,available,unscheduled,2022-02-28T17:11:56.627004,,13,11,Spain,La Liga,27,2015/2016,221,Levante UD,male,,214,Spain,"[{'id': 677, 'name': 'Joan Francesc Ferrer Sicilia', 'nickname': 'Rubí', 'dob': '1970-02-05', 'country': {'id': 214, 'name': 'Spain'}}]",218,Real Betis,male,,214,Spain,"[{'id': 57, 'name': 'José Mel Pérez', 'nickname': 'Pepe Mel', 'dob': '1963-02-28', 'country': {'id': 214, 'name': 'Spain'}}]",1.1.0,2,2,1,Regular Season,350,Estadio Ciudad de Valencia,214,Spain,2625.0,José María Sánchez Martínez,214.0,Spain
3825669,2015-11-23,21:30:00.000,1,1,available,unscheduled,2022-02-28T17:10:46.330060,,12,11,Spain,La Liga,27,2015/2016,216,Getafe,male,,214,Spain,"[{'id': 509, 'name': 'Francisco Escriba Segura', 'nickname': 'Fran Escribá', 'dob': '1965-05-03', 'country': {'id': 214, 'name': 'Spain'}}]",360,Rayo Vallecano,male,,214,Spain,"[{'id': 220, 'name': 'Francisco Jémez Martín', 'nickname': 'Paco Jémez', 'dob': '1970-04-18', 'country': {'id': 214, 'name': 'Spain'}}]",1.1.0,2,2,1,Regular Season,354,Coliseum Alfonso Pérez,214,Spain,2602.0,Ricardo De Burgos Bengoetxea,214.0,Spain
3825668,2015-11-22,13:00:00.000,0,3,available,unscheduled,2022-02-28T17:09:40.472922,,12,11,Spain,La Liga,27,2015/2016,1041,Sporting Gijón,male,,214,Spain,"[{'id': 187, 'name': 'Abelardo Fernández Antuña', 'nickname': 'Abelardo', 'dob': '1970-04-19', 'country': {'id': 214, 'name': 'Spain'}}]",221,Levante UD,male,,214,Spain,"[{'id': 677, 'name': 'Joan Francesc Ferrer Sicilia', 'nickname': 'Rubí', 'dob': '1970-02-05', 'country': {'id': 214, 'name': 'Spain'}}]",1.1.0,2,2,1,Regular Season,4656,Estadio Municipal El Molinón,214,Spain,2692.0,Mario Melero López,214.0,Spain
3825666,2015-11-22,21:30:00.000,0,1,available,unscheduled,2022-02-28T17:08:34.539131,,12,11,Spain,La Liga,27,2015/2016,218,Real Betis,male,,214,Spain,"[{'id': 57, 'name': 'José Mel Pérez', 'nickname': 'Pepe Mel', 'dob': '1963-02-28', 'country': {'id': 214, 'name': 'Spain'}}]",212,Atlético Madrid,male,,214,Spain,"[{'id': 230, 'name': 'Diego Pablo Simeone', 'nickname': 'Diego Simeone', 'dob': '1970-04-28', 'country': {'id': 11, 'name': 'Argentina'}}]",1.1.0,2,2,1,Regular Season,352,Estadio Benito Villamarín,214,Spain,2575.0,Santiago Jaime Latre,214.0,Spain
3825665,2015-11-22,19:15:00.000,2,0,available,unscheduled,2022-02-28T17:07:17.500352,,12,11,Spain,La Liga,27,2015/2016,1049,Granada,male,,214,Spain,"[{'id': 1617, 'name': 'José Ramón Sandoval Huertas', 'nickname': 'José Ramón Sandoval', 'dob': '1968-05-02', 'country': {'id': 214, 'name': 'Spain'}}]",215,Athletic Club,male,,214,Spain,"[{'id': 227, 'name': 'Ernesto Valverde Tejedor', 'nickname': 'Ernesto Valverde', 'dob': '1964-02-09', 'country': {'id': 214, 'name': 'Spain'}}]",1.1.0,2,2,1,Regular Season,4667,Estadio Nuevo Los Cármenes,214,Spain,2728.0,Carlos del Cerro Grande,214.0,Spain
3825667,2015-11-22,17:00:00.000,1,1,available,unscheduled,2022-02-28T17:06:16.539475,,12,11,Spain,La Liga,27,2015/2016,222,Villarreal,male,,214,Spain,"[{'id': 211, 'name': 'Marcelino García Toral', 'nickname': 'Marcelino', 'dob': '1965-08-14', 'country': {'id': 214, 'name': 'Spain'}}]",322,Eibar,male,,214,Spain,"[{'id': 221, 'name': 'José Luis Mendilibar Etxebarria', 'nickname': 'José Luis Mendilibar', 'dob': '1961-03-14', 'country': {'id': 214, 'name': 'Spain'}}]",1.1.0,2,2,1,Regular Season,361,Estadio de la Cerámica,214,Spain,2419.0,Eduardo Prieto Iglesias,214.0,Spain
3825664,2015-11-21,17:00:00.000,2,0,available,unscheduled,2022-02-28T17:05:06.697034,,12,11,Spain,La Liga,27,2015/2016,210,Real Sociedad,male,,214,Spain,"[{'id': 229, 'name': 'Eusebio Sacristán Mena', 'nickname': 'Eusebio Sacristán', 'dob': '1964-04-13', 'country': {'id': 214, 'name': 'Spain'}}]",213,Sevilla,male,,214,Spain,"[{'id': 21, 'name': 'Unai Emery Etxegoien', 'nickname': 'Unai Emery', 'dob': '1971-11-03', 'country': {'id': 214, 'name': 'Spain'}}]",1.1.0,2,2,1,Regular Season,5043,Reale Arena,214,Spain,180.0,Antonio Miguel Mateu Lahoz,214.0,Spain
3825662,2015-11-21,23:05:00.000,2,0,available,unscheduled,2022-02-28T17:03:56.226992,,12,11,Spain,La Liga,27,2015/2016,219,RC Deportivo La Coruña,male,,214,Spain,"[{'id': 3157, 'name': 'Víctor Sánchez del Amo', 'nickname': 'Víctor Sánchez', 'dob': '1976-02-23', 'country': {'id': 214, 'name': 'Spain'}}]",209,Celta Vigo,male,,214,Spain,"[{'id': 385, 'name': 'Manuel Eduardo Berizzo', 'nickname': 'Eduardo Berizzo', 'dob': '1969-11-13', 'country': {'id': 11, 'name': 'Argentina'}}]",1.1.0,2,2,1,Regular Season,4658,Estadio Abanca-Riazor,214,Spain,212.0,Alfonso Álvarez Izquierdo,214.0,Spain
3825888,2015-11-21,23:00:00.000,1,1,available,unscheduled,2022-02-28T17:02:49.848884,,12,11,Spain,La Liga,27,2015/2016,207,Valencia,male,,214,Spain,"[{'id': 396, 'name': 'Nuno Herlander Simões Espírito Santo', 'nickname': 'Nuno Espírito Santo', 'dob': '1974-01-25', 'country': {'id': 183, 'name': 'Portugal'}}]",208,Las Palmas,male,,214,Spain,"[{'id': 238, 'name': 'Enrique Setién Solar', 'nickname': 'Quique Setién', 'dob': '1958-09-27', 'country': {'id': 214, 'name': 'Spain'}}]",1.1.0,2,2,1,Regular Season,344,Estadio de Mestalla,214,Spain,1015.0,Pedro Jesús Pérez Montero,214.0,Spain
3825663,2015-11-21,21:30:00.000,2,0,available,unscheduled,2022-02-28T17:01:28.119702,,12,11,Spain,La Liga,27,2015/2016,214,Espanyol,male,,214,Spain,"[{'id': 576, 'name': 'Sergio González Soriano', 'nickname': 'Sergio', 'dob': '1976-11-10', 'country': {'id': 214, 'name': 'Spain'}}]",223,Málaga,male,,214,Spain,"[{'id': 188, 'name': 'Javier Gracia Carlos', 'nickname': 'Javi Gracia', 'dob': '1970-05-01', 'country': {'id': 214, 'name': 'Spain'}}]",1.1.0,2,2,1,Regular Season,351,RCDE Stadium,214,Spain,2434.0,Juan Martínez Munuera,214.0,Spain
3825659,2015-11-08,13:00:00.000,2,1,available,unscheduled,2022-02-28T17:00:20.368780,,11,11,Spain,La Liga,27,2015/2016,215,Athletic Club,male,,214,Spain,"[{'id': 227, 'name': 'Ernesto Valverde Tejedor', 'nickname': 'Ernesto Valverde', 'dob': '1964-02-09', 'country': {'id': 214, 'name': 'Spain'}}]",214,Espanyol,male,,214,Spain,"[{'id': 576, 'name': 'Sergio González Soriano', 'nickname': 'Sergio', 'dob': '1976-11-10', 'country': {'id': 214, 'name': 'Spain'}}]",1.1.0,2,2,1,Regular Season,345,San Mamés Barria,214,Spain,221.0,Alberto Undiano Mallenco,214.0,Spain
3825658,2015-11-08,19:15:00.000,1,0,available,unscheduled,2022-02-28T16:59:23.929282,,11,11,Spain,La Liga,27,2015/2016,212,Atlético Madrid,male,,214,Spain,"[{'id': 230, 'name': 'Diego Pablo Simeone', 'nickname': 'Diego Simeone', 'dob': '1970-04-28', 'country': {'id': 11, 'name': 'Argentina'}}]",1041,Sporting Gijón,male,,214,Spain,"[{'id': 187, 'name': 'Abelardo Fernández Antuña', 'nickname': 'Abelardo', 'dob': '1970-04-19', 'country': {'id': 214, 'name': 'Spain'}}]",1.1.0,2,2,1,Regular Season,625,Estadio Vicente Calderón,214,Spain,2604.0,Xavier Estrada Fernández,214.0,Spain
3825660,2015-11-08,17:00:00.000,3,0,available,unscheduled,2022-02-28T16:58:10.853647,,11,11,Spain,La Liga,27,2015/2016,217,Barcelona,male,,214,Spain,"[{'id': 793, 'name': 'Luis Enrique Martínez García', 'nickname': 'Luis Enrique', 'dob': '1970-05-08', 'country': {'id': 214, 'name': 'Spain'}}]",222,Villarreal,male,,214,Spain,"[{'id': 211, 'name': 'Marcelino García Toral', 'nickname': 'Marcelino', 'dob': '1965-08-14', 'country': {'id': 214, 'name': 'Spain'}}]",1.1.0,2,2,1,Regular Season,342,Spotify Camp Nou,214,Spain,1008.0,Carlos Clos Gómez,214.0,Spain
3825661,2015-11-08,21:30:00.000,3,2,available,unscheduled,2022-02-28T16:56:54.006920,,11,11,Spain,La Liga,27,2015/2016,213,Sevilla,male,,214,Spain,"[{'id': 21, 'name': 'Unai Emery Etxegoien', 'nickname': 'Unai Emery', 'dob': '1971-11-03', 'country': {'id': 214, 'name': 'Spain'}}]",220,Real Madrid,male,,214,Spain,"[{'id': 148, 'name': 'Rafael Benítez Maudes', 'nickname': 'Rafael Benítez', 'dob': '1960-04-16', 'country': {'id': 214, 'name': 'Spain'}}]",1.1.0,2,2,1,Regular Season,349,Estadio Ramón Sánchez Pizjuán,214,Spain,211.0,José Luis González González,214.0,Spain
3825656,2015-11-07,19:15:00.000,1,1,available,unscheduled,2022-02-28T16:55:36.452986,,11,11,Spain,La Liga,27,2015/2016,221,Levante UD,male,,214,Spain,"[{'id': 677, 'name': 'Joan Francesc Ferrer Sicilia', 'nickname': 'Rubí', 'dob': '1970-02-05', 'country': {'id': 214, 'name': 'Spain'}}]",219,RC Deportivo La Coruña,male,,214,Spain,"[{'id': 3157, 'name': 'Víctor Sánchez del Amo', 'nickname': 'Víctor Sánchez', 'dob': '1976-02-23', 'country': {'id': 214, 'name': 'Spain'}}]",1.1.0,2,2,1,Regular Season,350,Estadio Ciudad de Valencia,214,Spain,2728.0,Carlos del Cerro Grande,214.0,Spain
3825657,2015-11-07,23:05:00.000,0,1,available,unscheduled,2022-02-28T16:54:26.078731,,11,11,Spain,La Liga,27,2015/2016,223,Málaga,male,,214,Spain,"[{'id': 188, 'name': 'Javier Gracia Carlos', 'nickname': 'Javi Gracia', 'dob': '1970-05-01', 'country': {'id': 214, 'name': 'Spain'}}]",218,Real Betis,male,,214,Spain,"[{'id': 57, 'name': 'José Mel Pérez', 'nickname': 'Pepe Mel', 'dob': '1963-02-28', 'country': {'id': 214, 'name': 'Spain'}}]",1.1.0,2,2,1,Regular Season,346,Estadio La Rosaleda,214,Spain,2419.0,Eduardo Prieto Iglesias,214.0,Spain
3825652,2015-11-06,21:30:00.000,2,0,available,unscheduled,2022-02-28T16:53:18.796269,,11,11,Spain,La Liga,27,2015/2016,208,Las Palmas,male,,214,Spain,"[{'id': 238, 'name': 'Enrique Setién Solar', 'nickname': 'Quique Setién', 'dob': '1958-09-27', 'country': {'id': 214, 'name': 'Spain'}}]",210,Real Sociedad,male,,214,Spain,"[{'id': 86, 'name': 'David Moyes', 'nickname': None, 'dob': '1963-04-25', 'country': {'id': 201, 'name': 'Scotland'}}]",1.1.0,2,2,1,Regular Season,357,Estadio de Gran Canaria,214,Spain,2535.0,Carlos Velasco Carballo,214.0,Spain
3825623,2015-10-17,22:00:00.000,3,0,available,unscheduled,2022-08-30T10:44:29.473229,,8,11,Spain,La Liga,27,2015/2016,207,Valencia,male,,214,Spain,"[{'id': 396, 'name': 'Nuno Herlander Simões Espírito Santo', 'nickname': 'Nuno Espírito Santo', 'dob': '1974-01-25', 'country': {'id': 183, 'name': 'Portugal'}}]",223,Málaga,male,,214,Spain,"[{'id': 188, 'name': 'Javier Gracia Carlos', 'nickname': 'Javi Gracia', 'dob': '1970-05-01', 'country': {'id': 214, 'name': 'Spain'}}]",1.1.0,2,2,1,Regular Season,344,Estadio de Mestalla,214,Spain,2608.0,Alejandro José Hernández Hernández,214.0,Spain
3825626,2015-10-17,22:05:00.000,1,3,available,unscheduled,2022-02-28T16:35:41.838171,,8,11,Spain,La Liga,27,2015/2016,218,Real Betis,male,,214,Spain,"[{'id': 57, 'name': 'José Mel Pérez', 'nickname': 'Pepe Mel', 'dob': '1963-02-28', 'country': {'id': 214, 'name': 'Spain'}}]",214,Espanyol,male,,214,Spain,"[{'id': 576, 'name': 'Sergio González Soriano', 'nickname': 'Sergio', 'dob': '1976-11-10', 'country': {'id': 214, 'name': 'Spain'}}]",1.1.0,2,2,1,Regular Season,352,Estadio Benito Villamarín,214,Spain,2602.0,Ricardo De Burgos Bengoetxea,214.0,Spain
3825616,2015-10-03,22:05:00.000,3,1,available,unscheduled,2022-02-28T16:29:03.136377,,7,11,Spain,La Liga,27,2015/2016,223,Málaga,male,,214,Spain,"[{'id': 188, 'name': 'Javier Gracia Carlos', 'nickname': 'Javi Gracia', 'dob': '1970-05-01', 'country': {'id': 214, 'name': 'Spain'}}]",210,Real Sociedad,male,,214,Spain,"[{'id': 86, 'name': 'David Moyes', 'nickname': None, 'dob': '1963-04-25', 'country': {'id': 201, 'name': 'Scotland'}}]",1.1.0,2,2,1,Regular Season,346,Estadio La Rosaleda,214,Spain,2728.0,Carlos del Cerro Grande,214.0,Spain
3825608,2015-09-26,22:05:00.000,1,1,available,unscheduled,2022-02-28T16:22:58.091493,,6,11,Spain,La Liga,27,2015/2016,322,Eibar,male,,214,Spain,"[{'id': 221, 'name': 'José Luis Mendilibar Etxebarria', 'nickname': 'José Luis Mendilibar', 'dob': '1961-03-14', 'country': {'id': 214, 'name': 'Spain'}}]",209,Celta Vigo,male,,214,Spain,"[{'id': 385, 'name': 'Manuel Eduardo Berizzo', 'nickname': 'Eduardo Berizzo', 'dob': '1969-11-13', 'country': {'id': 11, 'name': 'Argentina'}}]",1.1.0,2,2,1,Regular Season,347,Estadio Municipal de Ipurúa,214,Spain,1015.0,Pedro Jesús Pérez Montero,214.0,Spain
3825601,2015-09-23,20:00:00.000,2,1,available,unscheduled,2022-08-30T10:36:55.275376,,5,11,Spain,La Liga,27,2015/2016,360,Rayo Vallecano,male,,214,Spain,"[{'id': 220, 'name': 'Francisco Jémez Martín', 'nickname': 'Paco Jémez', 'dob': '1970-04-18', 'country': {'id': 214, 'name': 'Spain'}}]",1041,Sporting Gijón,male,,214,Spain,"[{'id': 187, 'name': 'Abelardo Fernández Antuña', 'nickname': 'Abelardo', 'dob': '1970-04-19', 'country': {'id': 214, 'name': 'Spain'}}]",1.1.0,2,2,1,Regular Season,4640,Estadio de Vallecas,214,Spain,2480.0,Iñaki Bikandi Garrido,214.0,Spain
3825899,2016-04-24,18:15:00.000,2,2,available,unscheduled,2022-08-30T12:45:23.767392,,35,11,Spain,La Liga,27,2015/2016,216,Getafe,male,,214,Spain,"[{'id': 1001036, 'name': 'Juan Eduardo Esnáider Belén', 'nickname': None, 'dob': '1973-03-05', 'country': {'id': 11, 'name': 'Argentina'}}]",207,Valencia,male,,214,Spain,"[{'id': 618, 'name': 'Francisco Martín Ayestarán Barandiarán', 'nickname': 'Pako Ayestarán', 'dob': '1963-02-05', 'country': {'id': 214, 'name': 'Spain'}}]",1.1.0,2,2,1,Regular Season,354,Coliseum Alfonso Pérez,214,Spain,2602.0,Ricardo De Burgos Bengoetxea,214.0,Spain
3825852,2016-04-16,18:15:00.000,1,1,available,unscheduled,2022-05-25T13:46:10.459042,,33,11,Spain,La Liga,27,2015/2016,208,Las Palmas,male,,214,Spain,"[{'id': 238, 'name': 'Enrique Setién Solar', 'nickname': 'Quique Setién', 'dob': '1958-09-27', 'country': {'id': 214, 'name': 'Spain'}}]",1041,Sporting Gijón,male,,214,Spain,"[{'id': 187, 'name': 'Abelardo Fernández Antuña', 'nickname': 'Abelardo', 'dob': '1970-04-19', 'country': {'id': 214, 'name': 'Spain'}}]",1.1.0,2,2,1,Regular Season,357,Estadio de Gran Canaria,214,Spain,221.0,Alberto Undiano Mallenco,214.0,Spain
3825647,2015-10-31,19:15:00.000,3,0,available,unscheduled,2022-02-14T14:55:12.175755,,10,11,Spain,La Liga,27,2015/2016,207,Valencia,male,,214,Spain,"[{'id': 396, 'name': 'Nuno Herlander Simões Espírito Santo', 'nickname': 'Nuno Espírito Santo', 'dob': '1974-01-25', 'country': {'id': 183, 'name': 'Portugal'}}]",221,Levante UD,male,,214,Spain,"[{'id': 677, 'name': 'Joan Francesc Ferrer Sicilia', 'nickname': 'Rubí', 'dob': '1970-02-05', 'country': {'id': 214, 'name': 'Spain'}}]",1.1.0,2,2,1,Regular Season,344,Estadio de Mestalla,214,Spain,2602.0,Ricardo De Burgos Bengoetxea,214.0,Spain
3825637,2015-10-25,19:15:00.000,3,1,available,unscheduled,2022-02-14T14:44:25.324498,,9,11,Spain,La Liga,27,2015/2016,217,Barcelona,male,,214,Spain,"[{'id': 793, 'name': 'Luis Enrique Martínez García', 'nickname': 'Luis Enrique', 'dob': '1970-05-08', 'country': {'id': 214, 'name': 'Spain'}}]",322,Eibar,male,,214,Spain,"[{'id': 221, 'name': 'José Luis Mendilibar Etxebarria', 'nickname': 'José Luis Mendilibar', 'dob': '1961-03-14', 'country': {'id': 214, 'name': 'Spain'}}]",1.1.0,2,2,1,Regular Season,342,Spotify Camp Nou,214,Spain,2728.0,Carlos del Cerro Grande,214.0,Spain
3825628,2015-10-18,18:15:00.000,4,0,available,unscheduled,2022-02-14T14:34:51.021322,,8,11,Spain,La Liga,27,2015/2016,216,Getafe,male,,214,Spain,"[{'id': 509, 'name': 'Francisco Escriba Segura', 'nickname': 'Fran Escribá', 'dob': '1965-05-03', 'country': {'id': 214, 'name': 'Spain'}}]",208,Las Palmas,male,,214,Spain,"[{'id': 745, 'name': 'Francisco Herrera Lorenzo', 'nickname': 'Paco Herrera', 'dob': '1953-12-02', 'country': {'id': 214, 'name': 'Spain'}}]",1.1.0,2,2,1,Regular Season,354,Coliseum Alfonso Pérez,214,Spain,222.0,David Fernández Borbalan,214.0,Spain
3825619,2015-10-04,18:15:00.000,1,0,available,unscheduled,2022-02-14T14:24:27.571278,,7,11,Spain,La Liga,27,2015/2016,221,Levante UD,male,,214,Spain,"[{'id': 1612, 'name': 'Luis Lucas Alcaraz González', 'nickname': 'Lucas Alcaraz', 'dob': '1966-06-21', 'country': {'id': 214, 'name': 'Spain'}}]",222,Villarreal,male,,214,Spain,"[{'id': 211, 'name': 'Marcelino García Toral', 'nickname': 'Marcelino', 'dob': '1965-08-14', 'country': {'id': 214, 'name': 'Spain'}}]",1.1.0,2,2,1,Regular Season,350,Estadio Ciudad de Valencia,214,Spain,212.0,Alfonso Álvarez Izquierdo,214.0,Spain
3825618,2015-10-03,22:00:00.000,0,2,available,unscheduled,2022-02-14T14:23:25.239790,,7,11,Spain,La Liga,27,2015/2016,208,Las Palmas,male,,214,Spain,"[{'id': 745, 'name': 'Francisco Herrera Lorenzo', 'nickname': 'Paco Herrera', 'dob': '1953-12-02', 'country': {'id': 214, 'name': 'Spain'}}]",322,Eibar,male,,214,Spain,"[{'id': 221, 'name': 'José Luis Mendilibar Etxebarria', 'nickname': 'José Luis Mendilibar', 'dob': '1961-03-14', 'country': {'id': 214, 'name': 'Spain'}}]",1.1.0,2,2,1,Regular Season,357,Estadio de Gran Canaria,214,Spain,180.0,Antonio Miguel Mateu Lahoz,214.0,Spain
3825611,2015-09-27,16:00:00.000,3,0,available,unscheduled,2022-02-14T14:15:30.630820,,6,11,Spain,La Liga,27,2015/2016,219,RC Deportivo La Coruña,male,,214,Spain,"[{'id': 3157, 'name': 'Víctor Sánchez del Amo', 'nickname': 'Víctor Sánchez', 'dob': '1976-02-23', 'country': {'id': 214, 'name': 'Spain'}}]",214,Espanyol,male,,214,Spain,"[{'id': 576, 'name': 'Sergio González Soriano', 'nickname': 'Sergio', 'dob': '1976-11-10', 'country': {'id': 214, 'name': 'Spain'}}]",1.1.0,2,2,1,Regular Season,4658,Estadio Abanca-Riazor,214,Spain,2625.0,José María Sánchez Martínez,214.0,Spain
3825609,2015-09-27,20:30:00.000,0,0,available,unscheduled,2022-02-14T14:13:21.074967,,6,11,Spain,La Liga,27,2015/2016,210,Real Sociedad,male,,214,Spain,"[{'id': 86, 'name': 'David Moyes', 'nickname': None, 'dob': '1963-04-25', 'country': {'id': 201, 'name': 'Scotland'}}]",215,Athletic Club,male,,214,Spain,"[{'id': 227, 'name': 'Ernesto Valverde Tejedor', 'nickname': 'Ernesto Valverde', 'dob': '1964-02-09', 'country': {'id': 214, 'name': 'Spain'}}]",1.1.0,2,2,1,Regular Season,5043,Reale Arena,214,Spain,2535.0,Carlos Velasco Carballo,214.0,Spain
3825598,2015-09-22,20:00:00.000,2,0,available,unscheduled,2022-02-14T14:01:04.231179,,5,11,Spain,La Liga,27,2015/2016,212,Atlético Madrid,male,,214,Spain,"[{'id': 230, 'name': 'Diego Pablo Simeone', 'nickname': 'Diego Simeone', 'dob': '1970-04-28', 'country': {'id': 11, 'name': 'Argentina'}}]",216,Getafe,male,,214,Spain,"[{'id': 509, 'name': 'Francisco Escriba Segura', 'nickname': 'Fran Escribá', 'dob': '1965-05-03', 'country': {'id': 214, 'name': 'Spain'}}]",1.1.0,2,2,1,Regular Season,625,Estadio Vicente Calderón,214,Spain,212.0,Alfonso Álvarez Izquierdo,214.0,Spain
3825584,2015-09-13,12:00:00.000,1,3,available,unscheduled,2022-02-14T13:45:43.728722,,3,11,Spain,La Liga,27,2015/2016,1049,Granada,male,,214,Spain,"[{'id': 1617, 'name': 'José Ramón Sandoval Huertas', 'nickname': 'José Ramón Sandoval', 'dob': '1968-05-02', 'country': {'id': 214, 'name': 'Spain'}}]",222,Villarreal,male,,214,Spain,"[{'id': 211, 'name': 'Marcelino García Toral', 'nickname': 'Marcelino', 'dob': '1965-08-14', 'country': {'id': 214, 'name': 'Spain'}}]",1.1.0,2,2,1,Regular Season,4667,Estadio Nuevo Los Cármenes,214,Spain,183.0,Jesús Gil Manzano,214.0,Spain
3825570,2015-08-24,20:30:00.000,1,3,available,unscheduled,2022-02-14T13:30:46.502597,,1,11,Spain,La Liga,27,2015/2016,1049,Granada,male,,214,Spain,"[{'id': 1617, 'name': 'José Ramón Sandoval Huertas', 'nickname': 'José Ramón Sandoval', 'dob': '1968-05-02', 'country': {'id': 214, 'name': 'Spain'}}]",322,Eibar,male,,214,Spain,"[{'id': 221, 'name': 'José Luis Mendilibar Etxebarria', 'nickname': 'José Luis Mendilibar', 'dob': '1961-03-14', 'country': {'id': 214, 'name': 'Spain'}}]",1.1.0,2,2,1,Regular Season,4667,Estadio Nuevo Los Cármenes,214,Spain,218.0,Ignacio Iglesias Villanueva,214.0,Spain
3825562,2015-08-21,20:30:00.000,0,0,available,unscheduled,2022-02-14T13:21:45.007898,,1,11,Spain,La Liga,27,2015/2016,223,Málaga,male,,214,Spain,"[{'id': 188, 'name': 'Javier Gracia Carlos', 'nickname': 'Javi Gracia', 'dob': '1970-05-01', 'country': {'id': 214, 'name': 'Spain'}}]",213,Sevilla,male,,214,Spain,"[{'id': 21, 'name': 'Unai Emery Etxegoien', 'nickname': 'Unai Emery', 'dob': '1971-11-03', 'country': {'id': 214, 'name': 'Spain'}}]",1.1.0,2,2,1,Regular Season,346,Estadio La Rosaleda,214,Spain,212.0,Alfonso Álvarez Izquierdo,214.0,Spain
3825904,2016-05-08,17:00:00.000,1,1,available,unscheduled,2022-04-06T22:24:27.098717,,37,11,Spain,La Liga,27,2015/2016,322,Eibar,male,,214,Spain,"[{'id': 221, 'name': 'José Luis Mendilibar Etxebarria', 'nickname': 'José Luis Mendilibar', 'dob': '1961-03-14', 'country': {'id': 214, 'name': 'Spain'}}]",218,Real Betis,male,,214,Spain,"[{'id': 5049, 'name': 'Juan Merino Ruíz', 'nickname': 'Juan Merino', 'dob': '1970-08-24', 'country': {'id': 214, 'name': 'Spain'}}]",1.1.0,2,2,1,Regular Season,347,Estadio Municipal de Ipurúa,214,Spain,2434.0,Juan Martínez Munuera,214.0,Spain
3825901,2016-05-08,17:00:00.000,3,2,available,unscheduled,2022-05-08T22:34:19.136404,,37,11,Spain,La Liga,27,2015/2016,220,Real Madrid,male,,214,Spain,"[{'id': 56, 'name': 'Zinédine Zidane', 'nickname': None, 'dob': '1972-06-23', 'country': {'id': 78, 'name': 'France'}}]",207,Valencia,male,,214,Spain,"[{'id': 618, 'name': 'Francisco Martín Ayestarán Barandiarán', 'nickname': 'Pako Ayestarán', 'dob': '1963-02-05', 'country': {'id': 214, 'name': 'Spain'}}]",1.1.0,2,2,1,Regular Season,353,Estadio Santiago Bernabéu,214,Spain,222.0,David Fernández Borbalan,214.0,Spain
3825898,2016-04-02,22:05:00.000,1,1,available,unscheduled,2022-08-30T11:59:18.225779,,31,11,Spain,La Liga,27,2015/2016,209,Celta Vigo,male,,214,Spain,"[{'id': 385, 'name': 'Manuel Eduardo Berizzo', 'nickname': 'Eduardo Berizzo', 'dob': '1969-11-13', 'country': {'id': 11, 'name': 'Argentina'}}]",219,RC Deportivo La Coruña,male,,214,Spain,"[{'id': 3157, 'name': 'Víctor Sánchez del Amo', 'nickname': 'Víctor Sánchez', 'dob': '1976-02-23', 'country': {'id': 214, 'name': 'Spain'}}]",1.1.0,2,2,1,Regular Season,653,Abanca-Balaídos,214,Spain,222.0,David Fernández Borbalan,214.0,Spain
3825893,2016-04-20,22:00:00.000,3,0,available,unscheduled,2022-04-06T22:06:38.190016,,34,11,Spain,La Liga,27,2015/2016,220,Real Madrid,male,,214,Spain,"[{'id': 56, 'name': 'Zinédine Zidane', 'nickname': None, 'dob': '1972-06-23', 'country': {'id': 78, 'name': 'France'}}]",222,Villarreal,male,,214,Spain,"[{'id': 211, 'name': 'Marcelino García Toral', 'nickname': 'Marcelino', 'dob': '1965-08-14', 'country': {'id': 214, 'name': 'Spain'}}]",1.1.0,2,2,1,Regular Season,353,Estadio Santiago Bernabéu,214,Spain,1008.0,Carlos Clos Gómez,214.0,Spain
3825892,2015-09-22,22:00:00.000,0,3,available,unscheduled,2022-11-17T12:34:03.613551,,5,11,Spain,La Liga,27,2015/2016,1049,Granada,male,,214,Spain,"[{'id': 1617, 'name': 'José Ramón Sandoval Huertas', 'nickname': 'José Ramón Sandoval', 'dob': '1968-05-02', 'country': {'id': 214, 'name': 'Spain'}}]",210,Real Sociedad,male,,214,Spain,"[{'id': 86, 'name': 'David Moyes', 'nickname': None, 'dob': '1963-04-25', 'country': {'id': 201, 'name': 'Scotland'}}]",1.1.0,2,2,1,Regular Season,4667,Estadio Nuevo Los Cármenes,214,Spain,2604.0,Xavier Estrada Fernández,214.0,Spain
3825886,2016-04-23,16:00:00.000,2,3,available,unscheduled,2022-05-08T22:12:08.084025,,35,11,Spain,La Liga,27,2015/2016,360,Rayo Vallecano,male,,214,Spain,"[{'id': 220, 'name': 'Francisco Jémez Martín', 'nickname': 'Paco Jémez', 'dob': '1970-04-18', 'country': {'id': 214, 'name': 'Spain'}}]",220,Real Madrid,male,,214,Spain,"[{'id': 56, 'name': 'Zinédine Zidane', 'nickname': None, 'dob': '1972-06-23', 'country': {'id': 78, 'name': 'France'}}]",1.1.0,2,2,1,Regular Season,4640,Estadio de Vallecas,214,Spain,2608.0,Alejandro José Hernández Hernández,214.0,Spain
3825885,2016-04-01,20:30:00.000,2,0,available,unscheduled,2022-08-30T11:58:36.465906,,31,11,Spain,La Liga,27,2015/2016,360,Rayo Vallecano,male,,214,Spain,"[{'id': 220, 'name': 'Francisco Jémez Martín', 'nickname': 'Paco Jémez', 'dob': '1970-04-18', 'country': {'id': 214, 'name': 'Spain'}}]",216,Getafe,male,,214,Spain,"[{'id': 509, 'name': 'Francisco Escriba Segura', 'nickname': 'Fran Escribá', 'dob': '1965-05-03', 'country': {'id': 214, 'name': 'Spain'}}]",1.1.0,2,2,1,Regular Season,4640,Estadio de Vallecas,214,Spain,2575.0,Santiago Jaime Latre,214.0,Spain
3825881,2016-03-14,21:30:00.000,1,1,available,unscheduled,2022-05-08T21:25:36.815049,,29,11,Spain,La Liga,27,2015/2016,1049,Granada,male,,214,Spain,"[{'id': 226, 'name': 'José Manuel González López', 'nickname': 'José González', 'dob': '1966-10-14', 'country': {'id': 214, 'name': 'Spain'}}]",214,Espanyol,male,,214,Spain,"[{'id': 1816, 'name': 'Constantin Gâlcă', 'nickname': None, 'dob': '1972-03-08', 'country': {'id': 187, 'name': 'Romania'}}]",1.1.0,2,2,1,Regular Season,4667,Estadio Nuevo Los Cármenes,214,Spain,211.0,José Luis González González,214.0,Spain
3825880,2016-03-19,21:30:00.000,2,1,available,unscheduled,2022-04-06T21:48:30.272948,,30,11,Spain,La Liga,27,2015/2016,219,RC Deportivo La Coruña,male,,214,Spain,"[{'id': 3157, 'name': 'Víctor Sánchez del Amo', 'nickname': 'Víctor Sánchez', 'dob': '1976-02-23', 'country': {'id': 214, 'name': 'Spain'}}]",221,Levante UD,male,,214,Spain,"[{'id': 677, 'name': 'Joan Francesc Ferrer Sicilia', 'nickname': 'Rubí', 'dob': '1970-02-05', 'country': {'id': 214, 'name': 'Spain'}}]",1.1.0,2,2,1,Regular Season,4658,Estadio Abanca-Riazor,214,Spain,2480.0,Iñaki Bikandi Garrido,214.0,Spain
3825879,2016-03-13,21:30:00.000,1,2,available,unscheduled,2022-08-30T11:57:52.148978,,29,11,Spain,La Liga,27,2015/2016,208,Las Palmas,male,,214,Spain,"[{'id': 238, 'name': 'Enrique Setién Solar', 'nickname': 'Quique Setién', 'dob': '1958-09-27', 'country': {'id': 214, 'name': 'Spain'}}]",220,Real Madrid,male,,214,Spain,"[{'id': 56, 'name': 'Zinédine Zidane', 'nickname': None, 'dob': '1972-06-23', 'country': {'id': 78, 'name': 'France'}}]",1.1.0,2,2,1,Regular Season,357,Estadio de Gran Canaria,214,Spain,222.0,David Fernández Borbalan,214.0,Spain
3825878,2016-04-30,18:15:00.000,1,0,available,unscheduled,2022-04-06T22:11:02.367741,,36,11,Spain,La Liga,27,2015/2016,212,Atlético Madrid,male,,214,Spain,"[{'id': 230, 'name': 'Diego Pablo Simeone', 'nickname': 'Diego Simeone', 'dob': '1970-04-28', 'country': {'id': 11, 'name': 'Argentina'}}]",360,Rayo Vallecano,male,,214,Spain,"[{'id': 220, 'name': 'Francisco Jémez Martín', 'nickname': 'Paco Jémez', 'dob': '1970-04-18', 'country': {'id': 214, 'name': 'Spain'}}]",1.1.0,2,2,1,Regular Season,625,Estadio Vicente Calderón,214,Spain,2625.0,José María Sánchez Martínez,214.0,Spain
3825877,2016-04-03,12:00:00.000,1,1,available,unscheduled,2022-08-30T12:00:01.034113,,31,11,Spain,La Liga,27,2015/2016,215,Athletic Club,male,,214,Spain,"[{'id': 227, 'name': 'Ernesto Valverde Tejedor', 'nickname': 'Ernesto Valverde', 'dob': '1964-02-09', 'country': {'id': 214, 'name': 'Spain'}}]",1049,Granada,male,,214,Spain,"[{'id': 226, 'name': 'José Manuel González López', 'nickname': 'José González', 'dob': '1966-10-14', 'country': {'id': 214, 'name': 'Spain'}}]",1.1.0,2,2,1,Regular Season,345,San Mamés Barria,214,Spain,2535.0,Carlos Velasco Carballo,214.0,Spain
3825874,2015-10-24,20:30:00.000,5,0,available,unscheduled,2022-08-30T10:45:09.259948,,9,11,Spain,La Liga,27,2015/2016,213,Sevilla,male,,214,Spain,"[{'id': 21, 'name': 'Unai Emery Etxegoien', 'nickname': 'Unai Emery', 'dob': '1971-11-03', 'country': {'id': 214, 'name': 'Spain'}}]",216,Getafe,male,,214,Spain,"[{'id': 509, 'name': 'Francisco Escriba Segura', 'nickname': 'Fran Escribá', 'dob': '1965-05-03', 'country': {'id': 214, 'name': 'Spain'}}]",1.1.0,2,2,1,Regular Season,349,Estadio Ramón Sánchez Pizjuán,214,Spain,2480.0,Iñaki Bikandi Garrido,214.0,Spain
3825873,2016-05-01,20:30:00.000,0,2,available,unscheduled,2022-05-08T22:18:35.593034,,36,11,Spain,La Liga,27,2015/2016,207,Valencia,male,,214,Spain,"[{'id': 618, 'name': 'Francisco Martín Ayestarán Barandiarán', 'nickname': 'Pako Ayestarán', 'dob': '1963-02-05', 'country': {'id': 214, 'name': 'Spain'}}]",222,Villarreal,male,,214,Spain,"[{'id': 211, 'name': 'Marcelino García Toral', 'nickname': 'Marcelino', 'dob': '1965-08-14', 'country': {'id': 214, 'name': 'Spain'}}]",1.1.0,2,2,1,Regular Season,344,Estadio de Mestalla,214,Spain,2728.0,Carlos del Cerro Grande,214.0,Spain
3825872,2016-04-02,16:00:00.000,5,1,available,unscheduled,2022-04-06T21:49:38.137760,,31,11,Spain,La Liga,27,2015/2016,212,Atlético Madrid,male,,214,Spain,"[{'id': 230, 'name': 'Diego Pablo Simeone', 'nickname': 'Diego Simeone', 'dob': '1970-04-28', 'country': {'id': 11, 'name': 'Argentina'}}]",218,Real Betis,male,,214,Spain,"[{'id': 5049, 'name': 'Juan Merino Ruíz', 'nickname': 'Juan Merino', 'dob': '1970-08-24', 'country': {'id': 214, 'name': 'Spain'}}]",1.1.0,2,2,1,Regular Season,625,Estadio Vicente Calderón,214,Spain,211.0,José Luis González González,214.0,Spain
3825870,2016-05-01,12:00:00.000,2,1,available,unscheduled,2022-04-06T22:14:25.306942,,36,11,Spain,La Liga,27,2015/2016,215,Athletic Club,male,,214,Spain,"[{'id': 227, 'name': 'Ernesto Valverde Tejedor', 'nickname': 'Ernesto Valverde', 'dob': '1964-02-09', 'country': {'id': 214, 'name': 'Spain'}}]",209,Celta Vigo,male,,214,Spain,"[{'id': 385, 'name': 'Manuel Eduardo Berizzo', 'nickname': 'Eduardo Berizzo', 'dob': '1969-11-13', 'country': {'id': 11, 'name': 'Argentina'}}]",1.1.0,2,2,1,Regular Season,345,San Mamés Barria,214,Spain,2604.0,Xavier Estrada Fernández,214.0,Spain
3825868,2016-04-25,20:30:00.000,2,1,available,unscheduled,2022-04-06T22:09:00.248692,,35,11,Spain,La Liga,27,2015/2016,209,Celta Vigo,male,,214,Spain,"[{'id': 385, 'name': 'Manuel Eduardo Berizzo', 'nickname': 'Eduardo Berizzo', 'dob': '1969-11-13', 'country': {'id': 11, 'name': 'Argentina'}}]",1049,Granada,male,,214,Spain,"[{'id': 226, 'name': 'José Manuel González López', 'nickname': 'José González', 'dob': '1966-10-14', 'country': {'id': 214, 'name': 'Spain'}}]",1.1.0,2,2,1,Regular Season,653,Abanca-Balaídos,214,Spain,183.0,Jesús Gil Manzano,214.0,Spain
3825866,2016-05-08,17:00:00.000,0,0,available,unscheduled,2022-04-06T22:22:05.828413,,37,11,Spain,La Liga,27,2015/2016,208,Las Palmas,male,,214,Spain,"[{'id': 238, 'name': 'Enrique Setién Solar', 'nickname': 'Quique Setién', 'dob': '1958-09-27', 'country': {'id': 214, 'name': 'Spain'}}]",215,Athletic Club,male,,214,Spain,"[{'id': 227, 'name': 'Ernesto Valverde Tejedor', 'nickname': 'Ernesto Valverde', 'dob': '1964-02-09', 'country': {'id': 214, 'name': 'Spain'}}]",1.1.0,2,2,1,Regular Season,357,Estadio de Gran Canaria,214,Spain,1015.0,Pedro Jesús Pérez Montero,214.0,Spain
3825865,2016-05-08,17:00:00.000,1,1,available,unscheduled,2022-04-06T22:25:38.174446,,37,11,Spain,La Liga,27,2015/2016,216,Getafe,male,,214,Spain,"[{'id': 1001036, 'name': 'Juan Eduardo Esnáider Belén', 'nickname': None, 'dob': '1973-03-05', 'country': {'id': 11, 'name': 'Argentina'}}]",1041,Sporting Gijón,male,,214,Spain,"[{'id': 187, 'name': 'Abelardo Fernández Antuña', 'nickname': 'Abelardo', 'dob': '1970-04-19', 'country': {'id': 214, 'name': 'Spain'}}]",1.1.0,2,2,1,Regular Season,354,Coliseum Alfonso Pérez,214,Spain,212.0,Alfonso Álvarez Izquierdo,214.0,Spain
3825864,2016-04-30,16:00:00.000,0,1,available,unscheduled,2022-04-06T22:12:12.933442,,36,11,Spain,La Liga,27,2015/2016,210,Real Sociedad,male,,214,Spain,"[{'id': 229, 'name': 'Eusebio Sacristán Mena', 'nickname': 'Eusebio Sacristán', 'dob': '1964-04-13', 'country': {'id': 214, 'name': 'Spain'}}]",220,Real Madrid,male,,214,Spain,"[{'id': 56, 'name': 'Zinédine Zidane', 'nickname': None, 'dob': '1972-06-23', 'country': {'id': 78, 'name': 'France'}}]",1.1.0,2,2,1,Regular Season,5043,Reale Arena,214,Spain,221.0,Alberto Undiano Mallenco,214.0,Spain
3825862,2016-04-19,20:00:00.000,1,1,available,unscheduled,2022-05-08T22:05:19.872448,,34,11,Spain,La Liga,27,2015/2016,214,Espanyol,male,,214,Spain,"[{'id': 1816, 'name': 'Constantin Gâlcă', 'nickname': None, 'dob': '1972-03-08', 'country': {'id': 187, 'name': 'Romania'}}]",209,Celta Vigo,male,,214,Spain,"[{'id': 385, 'name': 'Manuel Eduardo Berizzo', 'nickname': 'Eduardo Berizzo', 'dob': '1969-11-13', 'country': {'id': 11, 'name': 'Argentina'}}]",1.1.0,2,2,1,Regular Season,351,RCDE Stadium,214,Spain,2419.0,Eduardo Prieto Iglesias,214.0,Spain
3825861,2016-05-08,17:00:00.000,2,1,available,unscheduled,2022-04-06T22:19:36.200070,,37,11,Spain,La Liga,27,2015/2016,210,Real Sociedad,male,,214,Spain,"[{'id': 229, 'name': 'Eusebio Sacristán Mena', 'nickname': 'Eusebio Sacristán', 'dob': '1964-04-13', 'country': {'id': 214, 'name': 'Spain'}}]",360,Rayo Vallecano,male,,214,Spain,"[{'id': 220, 'name': 'Francisco Jémez Martín', 'nickname': 'Paco Jémez', 'dob': '1970-04-18', 'country': {'id': 214, 'name': 'Spain'}}]",1.1.0,2,2,1,Regular Season,5043,Reale Arena,214,Spain,2575.0,Santiago Jaime Latre,214.0,Spain
3825859,2016-04-30,22:05:00.000,3,2,available,unscheduled,2022-04-06T22:13:17.026984,,36,11,Spain,La Liga,27,2015/2016,1049,Granada,male,,214,Spain,"[{'id': 226, 'name': 'José Manuel González López', 'nickname': 'José González', 'dob': '1966-10-14', 'country': {'id': 214, 'name': 'Spain'}}]",208,Las Palmas,male,,214,Spain,"[{'id': 238, 'name': 'Enrique Setién Solar', 'nickname': 'Quique Setién', 'dob': '1958-09-27', 'country': {'id': 214, 'name': 'Spain'}}]",1.1.0,2,2,1,Regular Season,4667,Estadio Nuevo Los Cármenes,214,Spain,211.0,José Luis González González,214.0,Spain
3825856,2016-04-09,16:00:00.000,4,0,available,unscheduled,2022-04-06T21:50:47.488206,,32,11,Spain,La Liga,27,2015/2016,220,Real Madrid,male,,214,Spain,"[{'id': 56, 'name': 'Zinédine Zidane', 'nickname': None, 'dob': '1972-06-23', 'country': {'id': 78, 'name': 'France'}}]",322,Eibar,male,,214,Spain,"[{'id': 221, 'name': 'José Luis Mendilibar Etxebarria', 'nickname': 'José Luis Mendilibar', 'dob': '1961-03-14', 'country': {'id': 214, 'name': 'Spain'}}]",1.1.0,2,2,1,Regular Season,353,Estadio Santiago Bernabéu,214,Spain,2625.0,José María Sánchez Martínez,214.0,Spain
3825854,2016-04-29,20:30:00.000,2,0,available,unscheduled,2022-04-06T22:09:59.737573,,36,11,Spain,La Liga,27,2015/2016,1041,Sporting Gijón,male,,214,Spain,"[{'id': 187, 'name': 'Abelardo Fernández Antuña', 'nickname': 'Abelardo', 'dob': '1970-04-19', 'country': {'id': 214, 'name': 'Spain'}}]",322,Eibar,male,,214,Spain,"[{'id': 221, 'name': 'José Luis Mendilibar Etxebarria', 'nickname': 'José Luis Mendilibar', 'dob': '1961-03-14', 'country': {'id': 214, 'name': 'Spain'}}]",1.1.0,2,2,1,Regular Season,4656,Estadio Municipal El Molinón,214,Spain,2608.0,Alejandro José Hernández Hernández,214.0,Spain
3825853,2016-05-08,17:00:00.000,1,4,available,unscheduled,2022-04-06T22:18:12.863622,,37,11,Spain,La Liga,27,2015/2016,213,Sevilla,male,,214,Spain,"[{'id': 21, 'name': 'Unai Emery Etxegoien', 'nickname': 'Unai Emery', 'dob': '1971-11-03', 'country': {'id': 214, 'name': 'Spain'}}]",1049,Granada,male,,214,Spain,"[{'id': 226, 'name': 'José Manuel González López', 'nickname': 'José González', 'dob': '1966-10-14', 'country': {'id': 214, 'name': 'Spain'}}]",1.1.0,2,2,1,Regular Season,349,Estadio Ramón Sánchez Pizjuán,214,Spain,221.0,Alberto Undiano Mallenco,214.0,Spain
3825851,2016-05-08,17:00:00.000,0,2,available,unscheduled,2022-04-06T22:20:48.916919,,37,11,Spain,La Liga,27,2015/2016,222,Villarreal,male,,214,Spain,"[{'id': 211, 'name': 'Marcelino García Toral', 'nickname': 'Marcelino', 'dob': '1965-08-14', 'country': {'id': 214, 'name': 'Spain'}}]",219,RC Deportivo La Coruña,male,,214,Spain,"[{'id': 3157, 'name': 'Víctor Sánchez del Amo', 'nickname': 'Víctor Sánchez', 'dob': '1976-02-23', 'country': {'id': 214, 'name': 'Spain'}}]",1.1.0,2,2,1,Regular Season,361,Estadio de la Cerámica,214,Spain,2604.0,Xavier Estrada Fernández,214.0,Spain
3825850,2016-05-08,17:00:00.000,1,0,available,unscheduled,2022-05-25T13:53:32.247303,,37,11,Spain,La Liga,27,2015/2016,209,Celta Vigo,male,,214,Spain,"[{'id': 385, 'name': 'Manuel Eduardo Berizzo', 'nickname': 'Eduardo Berizzo', 'dob': '1969-11-13', 'country': {'id': 11, 'name': 'Argentina'}}]",223,Málaga,male,,214,Spain,"[{'id': 188, 'name': 'Javier Gracia Carlos', 'nickname': 'Javi Gracia', 'dob': '1970-05-01', 'country': {'id': 214, 'name': 'Spain'}}]",1.1.0,2,2,1,Regular Season,653,Abanca-Balaídos,214,Spain,2728.0,Carlos del Cerro Grande,214.0,Spain
3825845,2016-05-01,16:00:00.000,1,0,available,unscheduled,2022-04-06T22:15:36.950932,,36,11,Spain,La Liga,27,2015/2016,214,Espanyol,male,,214,Spain,"[{'id': 1816, 'name': 'Constantin Gâlcă', 'nickname': None, 'dob': '1972-03-08', 'country': {'id': 187, 'name': 'Romania'}}]",213,Sevilla,male,,214,Spain,"[{'id': 21, 'name': 'Unai Emery Etxegoien', 'nickname': 'Unai Emery', 'dob': '1971-11-03', 'country': {'id': 214, 'name': 'Spain'}}]",1.1.0,2,2,1,Regular Season,351,RCDE Stadium,214,Spain,2434.0,Juan Martínez Munuera,214.0,Spain
3825844,2016-03-13,19:15:00.000,3,1,available,unscheduled,2022-04-06T21:46:27.892421,,29,11,Spain,La Liga,27,2015/2016,215,Athletic Club,male,,214,Spain,"[{'id': 227, 'name': 'Ernesto Valverde Tejedor', 'nickname': 'Ernesto Valverde', 'dob': '1964-02-09', 'country': {'id': 214, 'name': 'Spain'}}]",218,Real Betis,male,,214,Spain,"[{'id': 5049, 'name': 'Juan Merino Ruíz', 'nickname': 'Juan Merino', 'dob': '1970-08-24', 'country': {'id': 214, 'name': 'Spain'}}]",1.1.0,2,2,1,Regular Season,345,San Mamés Barria,214,Spain,2575.0,Santiago Jaime Latre,214.0,Spain
3825806,2016-03-05,17:00:00.000,7,1,available,unscheduled,2022-08-30T11:55:14.910628,,28,11,Spain,La Liga,27,2015/2016,220,Real Madrid,male,,214,Spain,"[{'id': 56, 'name': 'Zinédine Zidane', 'nickname': None, 'dob': '1972-06-23', 'country': {'id': 78, 'name': 'France'}}]",209,Celta Vigo,male,,214,Spain,"[{'id': 385, 'name': 'Manuel Eduardo Berizzo', 'nickname': 'Eduardo Berizzo', 'dob': '1969-11-13', 'country': {'id': 11, 'name': 'Argentina'}}]",1.1.0,2,2,1,Regular Season,353,Estadio Santiago Bernabéu,214,Spain,183.0,Jesús Gil Manzano,214.0,Spain
3825802,2016-03-03,23:30:00.000,0,3,available,unscheduled,2023-02-21T15:55:07.071365,,27,11,Spain,La Liga,27,2015/2016,214,Espanyol,male,,214,Spain,"[{'id': 1816, 'name': 'Constantin Gâlcă', 'nickname': None, 'dob': '1972-03-08', 'country': {'id': 187, 'name': 'Romania'}}]",218,Real Betis,male,,214,Spain,"[{'id': 5049, 'name': 'Juan Merino Ruíz', 'nickname': 'Juan Merino', 'dob': '1970-08-24', 'country': {'id': 214, 'name': 'Spain'}}]",1.1.0,2,2,1,Regular Season,351,RCDE Stadium,214,Spain,2625.0,José María Sánchez Martínez,214.0,Spain
3825679,2015-12-05,23:05:00.000,1,1,available,unscheduled,2022-02-28T17:21:43.398357,,14,11,Spain,La Liga,27,2015/2016,218,Real Betis,male,,214,Spain,"[{'id': 57, 'name': 'José Mel Pérez', 'nickname': 'Pepe Mel', 'dob': '1963-02-28', 'country': {'id': 214, 'name': 'Spain'}}]",209,Celta Vigo,male,,214,Spain,"[{'id': 385, 'name': 'Manuel Eduardo Berizzo', 'nickname': 'Eduardo Berizzo', 'dob': '1969-11-13', 'country': {'id': 11, 'name': 'Argentina'}}]",1.1.0,2,2,1,Regular Season,352,Estadio Benito Villamarín,214,Spain,2608.0,Alejandro José Hernández Hernández,214.0,Spain
3825655,2015-11-07,21:30:00.000,2,1,available,unscheduled,2022-02-14T15:03:39.940644,,11,11,Spain,La Liga,27,2015/2016,360,Rayo Vallecano,male,,214,Spain,"[{'id': 220, 'name': 'Francisco Jémez Martín', 'nickname': 'Paco Jémez', 'dob': '1970-04-18', 'country': {'id': 214, 'name': 'Spain'}}]",1049,Granada,male,,214,Spain,"[{'id': 1617, 'name': 'José Ramón Sandoval Huertas', 'nickname': 'José Ramón Sandoval', 'dob': '1968-05-02', 'country': {'id': 214, 'name': 'Spain'}}]",1.1.0,2,2,1,Regular Season,4640,Estadio de Vallecas,214,Spain,183.0,Jesús Gil Manzano,214.0,Spain
3825654,2015-11-07,17:00:00.000,1,5,available,unscheduled,2022-02-14T15:02:47.627104,,11,11,Spain,La Liga,27,2015/2016,209,Celta Vigo,male,,214,Spain,"[{'id': 385, 'name': 'Manuel Eduardo Berizzo', 'nickname': 'Eduardo Berizzo', 'dob': '1969-11-13', 'country': {'id': 11, 'name': 'Argentina'}}]",207,Valencia,male,,214,Spain,"[{'id': 396, 'name': 'Nuno Herlander Simões Espírito Santo', 'nickname': 'Nuno Espírito Santo', 'dob': '1974-01-25', 'country': {'id': 183, 'name': 'Portugal'}}]",1.1.0,2,2,1,Regular Season,653,Abanca-Balaídos,214,Spain,2480.0,Iñaki Bikandi Garrido,214.0,Spain
3825653,2015-11-07,21:30:00.000,3,1,available,unscheduled,2022-02-14T15:01:39.829787,,11,11,Spain,La Liga,27,2015/2016,322,Eibar,male,,214,Spain,"[{'id': 221, 'name': 'José Luis Mendilibar Etxebarria', 'nickname': 'José Luis Mendilibar', 'dob': '1961-03-14', 'country': {'id': 214, 'name': 'Spain'}}]",216,Getafe,male,,214,Spain,"[{'id': 509, 'name': 'Francisco Escriba Segura', 'nickname': 'Fran Escribá', 'dob': '1965-05-03', 'country': {'id': 214, 'name': 'Spain'}}]",1.1.0,2,2,1,Regular Season,347,Estadio Municipal de Ipurúa,214,Spain,218.0,Ignacio Iglesias Villanueva,214.0,Spain
3825651,2015-11-01,17:00:00.000,1,1,available,unscheduled,2022-02-14T14:59:26.480205,,10,11,Spain,La Liga,27,2015/2016,214,Espanyol,male,,214,Spain,"[{'id': 576, 'name': 'Sergio González Soriano', 'nickname': 'Sergio', 'dob': '1976-11-10', 'country': {'id': 214, 'name': 'Spain'}}]",1049,Granada,male,,214,Spain,"[{'id': 1617, 'name': 'José Ramón Sandoval Huertas', 'nickname': 'José Ramón Sandoval', 'dob': '1968-05-02', 'country': {'id': 214, 'name': 'Spain'}}]",1.1.0,2,2,1,Regular Season,351,RCDE Stadium,214,Spain,2608.0,Alejandro José Hernández Hernández,214.0,Spain
3825650,2015-11-01,23:30:00.000,1,3,available,unscheduled,2022-02-14T14:58:28.048599,,10,11,Spain,La Liga,27,2015/2016,218,Real Betis,male,,214,Spain,"[{'id': 57, 'name': 'José Mel Pérez', 'nickname': 'Pepe Mel', 'dob': '1963-02-28', 'country': {'id': 214, 'name': 'Spain'}}]",215,Athletic Club,male,,214,Spain,"[{'id': 227, 'name': 'Ernesto Valverde Tejedor', 'nickname': 'Ernesto Valverde', 'dob': '1964-02-09', 'country': {'id': 214, 'name': 'Spain'}}]",1.1.0,2,2,1,Regular Season,352,Estadio Benito Villamarín,214,Spain,211.0,José Luis González González,214.0,Spain
3825649,2015-11-01,19:15:00.000,1,0,available,unscheduled,2022-02-14T14:57:20.183688,,10,11,Spain,La Liga,27,2015/2016,1041,Sporting Gijón,male,,214,Spain,"[{'id': 187, 'name': 'Abelardo Fernández Antuña', 'nickname': 'Abelardo', 'dob': '1970-04-19', 'country': {'id': 214, 'name': 'Spain'}}]",223,Málaga,male,,214,Spain,"[{'id': 188, 'name': 'Javier Gracia Carlos', 'nickname': 'Javi Gracia', 'dob': '1970-05-01', 'country': {'id': 214, 'name': 'Spain'}}]",1.1.0,2,2,1,Regular Season,4656,Estadio Municipal El Molinón,214,Spain,180.0,Antonio Miguel Mateu Lahoz,214.0,Spain
3825648,2015-11-01,13:00:00.000,1,0,available,unscheduled,2022-02-14T14:56:18.986515,,10,11,Spain,La Liga,27,2015/2016,322,Eibar,male,,214,Spain,"[{'id': 221, 'name': 'José Luis Mendilibar Etxebarria', 'nickname': 'José Luis Mendilibar', 'dob': '1961-03-14', 'country': {'id': 214, 'name': 'Spain'}}]",360,Rayo Vallecano,male,,214,Spain,"[{'id': 220, 'name': 'Francisco Jémez Martín', 'nickname': 'Paco Jémez', 'dob': '1970-04-18', 'country': {'id': 214, 'name': 'Spain'}}]",1.1.0,2,2,1,Regular Season,347,Estadio Municipal de Ipurúa,214,Spain,212.0,Alfonso Álvarez Izquierdo,214.0,Spain
3825765,2016-02-07,19:15:00.000,1,1,available,unscheduled,2022-02-28T19:01:12.282464,,23,11,Spain,La Liga,27,2015/2016,209,Celta Vigo,male,,214,Spain,"[{'id': 385, 'name': 'Manuel Eduardo Berizzo', 'nickname': 'Eduardo Berizzo', 'dob': '1969-11-13', 'country': {'id': 11, 'name': 'Argentina'}}]",213,Sevilla,male,,214,Spain,"[{'id': 21, 'name': 'Unai Emery Etxegoien', 'nickname': 'Unai Emery', 'dob': '1971-11-03', 'country': {'id': 214, 'name': 'Spain'}}]",1.1.0,2,2,1,Regular Season,653,Abanca-Balaídos,214,Spain,2535.0,Carlos Velasco Carballo,214.0,Spain
3825766,2016-02-07,17:00:00.000,1,0,available,unscheduled,2022-02-28T19:00:05.673135,,23,11,Spain,La Liga,27,2015/2016,218,Real Betis,male,,214,Spain,"[{'id': 5049, 'name': 'Juan Merino Ruíz', 'nickname': 'Juan Merino', 'dob': '1970-08-24', 'country': {'id': 214, 'name': 'Spain'}}]",207,Valencia,male,,214,Spain,"[{'id': 2449, 'name': 'Gary Neville', 'nickname': None, 'dob': '1975-02-18', 'country': {'id': 68, 'name': 'England'}}]",1.1.0,2,2,1,Regular Season,352,Estadio Benito Villamarín,214,Spain,2625.0,José María Sánchez Martínez,214.0,Spain
3825764,2016-02-07,21:30:00.000,1,2,available,unscheduled,2022-02-28T18:59:10.083580,,23,11,Spain,La Liga,27,2015/2016,1049,Granada,male,,214,Spain,"[{'id': 1617, 'name': 'José Ramón Sandoval Huertas', 'nickname': 'José Ramón Sandoval', 'dob': '1968-05-02', 'country': {'id': 214, 'name': 'Spain'}}]",220,Real Madrid,male,,214,Spain,"[{'id': 56, 'name': 'Zinédine Zidane', 'nickname': None, 'dob': '1972-06-23', 'country': {'id': 78, 'name': 'France'}}]",1.1.0,2,2,1,Regular Season,4667,Estadio Nuevo Los Cármenes,214,Spain,183.0,Jesús Gil Manzano,214.0,Spain
3825760,2016-02-06,17:00:00.000,3,1,available,unscheduled,2022-02-28T18:57:59.248450,,23,11,Spain,La Liga,27,2015/2016,212,Atlético Madrid,male,,214,Spain,"[{'id': 230, 'name': 'Diego Pablo Simeone', 'nickname': 'Diego Simeone', 'dob': '1970-04-28', 'country': {'id': 11, 'name': 'Argentina'}}]",322,Eibar,male,,214,Spain,"[{'id': 221, 'name': 'José Luis Mendilibar Etxebarria', 'nickname': 'José Luis Mendilibar', 'dob': '1961-03-14', 'country': {'id': 214, 'name': 'Spain'}}]",1.1.0,2,2,1,Regular Season,625,Estadio Vicente Calderón,214,Spain,222.0,David Fernández Borbalan,214.0,Spain
3825763,2016-02-06,19:15:00.000,2,0,available,unscheduled,2022-02-28T18:56:58.570083,,23,11,Spain,La Liga,27,2015/2016,360,Rayo Vallecano,male,,214,Spain,"[{'id': 220, 'name': 'Francisco Jémez Martín', 'nickname': 'Paco Jémez', 'dob': '1970-04-18', 'country': {'id': 214, 'name': 'Spain'}}]",208,Las Palmas,male,,214,Spain,"[{'id': 238, 'name': 'Enrique Setién Solar', 'nickname': 'Quique Setién', 'dob': '1958-09-27', 'country': {'id': 214, 'name': 'Spain'}}]",1.1.0,2,2,1,Regular Season,4640,Estadio de Vallecas,214,Spain,218.0,Ignacio Iglesias Villanueva,214.0,Spain
3825761,2016-02-06,21:30:00.000,0,0,available,unscheduled,2022-02-28T18:55:49.734711,,23,11,Spain,La Liga,27,2015/2016,215,Athletic Club,male,,214,Spain,"[{'id': 227, 'name': 'Ernesto Valverde Tejedor', 'nickname': 'Ernesto Valverde', 'dob': '1964-02-09', 'country': {'id': 214, 'name': 'Spain'}}]",222,Villarreal,male,,214,Spain,"[{'id': 211, 'name': 'Marcelino García Toral', 'nickname': 'Marcelino', 'dob': '1965-08-14', 'country': {'id': 214, 'name': 'Spain'}}]",1.1.0,2,2,1,Regular Season,345,San Mamés Barria,214,Spain,2692.0,Mario Melero López,214.0,Spain
3825762,2016-02-06,23:05:00.000,1,1,available,unscheduled,2022-02-28T18:54:44.325868,,23,11,Spain,La Liga,27,2015/2016,1041,Sporting Gijón,male,,214,Spain,"[{'id': 187, 'name': 'Abelardo Fernández Antuña', 'nickname': 'Abelardo', 'dob': '1970-04-19', 'country': {'id': 214, 'name': 'Spain'}}]",219,RC Deportivo La Coruña,male,,214,Spain,"[{'id': 3157, 'name': 'Víctor Sánchez del Amo', 'nickname': 'Víctor Sánchez', 'dob': '1976-02-23', 'country': {'id': 214, 'name': 'Spain'}}]",1.1.0,2,2,1,Regular Season,4656,Estadio Municipal El Molinón,214,Spain,2608.0,Alejandro José Hernández Hernández,214.0,Spain
3825759,2016-02-05,21:30:00.000,3,0,available,unscheduled,2022-02-28T18:53:42.658485,,23,11,Spain,La Liga,27,2015/2016,223,Málaga,male,,214,Spain,"[{'id': 188, 'name': 'Javier Gracia Carlos', 'nickname': 'Javi Gracia', 'dob': '1970-05-01', 'country': {'id': 214, 'name': 'Spain'}}]",216,Getafe,male,,214,Spain,"[{'id': 509, 'name': 'Francisco Escriba Segura', 'nickname': 'Fran Escribá', 'dob': '1965-05-03', 'country': {'id': 214, 'name': 'Spain'}}]",1.1.0,2,2,1,Regular Season,346,Estadio La Rosaleda,214,Spain,2434.0,Juan Martínez Munuera,214.0,Spain
3825758,2016-02-01,21:30:00.000,2,2,available,unscheduled,2022-02-28T18:52:34.257922,,22,11,Spain,La Liga,27,2015/2016,219,RC Deportivo La Coruña,male,,214,Spain,"[{'id': 3157, 'name': 'Víctor Sánchez del Amo', 'nickname': 'Víctor Sánchez', 'dob': '1976-02-23', 'country': {'id': 214, 'name': 'Spain'}}]",360,Rayo Vallecano,male,,214,Spain,"[{'id': 220, 'name': 'Francisco Jémez Martín', 'nickname': 'Paco Jémez', 'dob': '1970-04-18', 'country': {'id': 214, 'name': 'Spain'}}]",1.1.0,2,2,1,Regular Season,4658,Estadio Abanca-Riazor,214,Spain,2480.0,Iñaki Bikandi Garrido,214.0,Spain
3825756,2016-01-31,13:00:00.000,3,1,available,unscheduled,2022-02-28T18:50:22.292471,,22,11,Spain,La Liga,27,2015/2016,213,Sevilla,male,,214,Spain,"[{'id': 21, 'name': 'Unai Emery Etxegoien', 'nickname': 'Unai Emery', 'dob': '1971-11-03', 'country': {'id': 214, 'name': 'Spain'}}]",221,Levante UD,male,,214,Spain,"[{'id': 677, 'name': 'Joan Francesc Ferrer Sicilia', 'nickname': 'Rubí', 'dob': '1970-02-05', 'country': {'id': 214, 'name': 'Spain'}}]",1.1.0,2,2,1,Regular Season,349,Estadio Ramón Sánchez Pizjuán,214,Spain,212.0,Alfonso Álvarez Izquierdo,214.0,Spain
3825755,2016-01-31,17:00:00.000,0,1,available,unscheduled,2022-02-28T18:49:18.358817,,22,11,Spain,La Liga,27,2015/2016,207,Valencia,male,,214,Spain,"[{'id': 2449, 'name': 'Gary Neville', 'nickname': None, 'dob': '1975-02-18', 'country': {'id': 68, 'name': 'England'}}]",1041,Sporting Gijón,male,,214,Spain,"[{'id': 187, 'name': 'Abelardo Fernández Antuña', 'nickname': 'Abelardo', 'dob': '1970-04-19', 'country': {'id': 214, 'name': 'Spain'}}]",1.1.0,2,2,1,Regular Season,344,Estadio de Mestalla,214,Spain,211.0,José Luis González González,214.0,Spain
3825754,2016-01-31,19:15:00.000,2,1,available,unscheduled,2022-02-28T18:48:10.474676,,22,11,Spain,La Liga,27,2015/2016,208,Las Palmas,male,,214,Spain,"[{'id': 238, 'name': 'Enrique Setién Solar', 'nickname': 'Quique Setién', 'dob': '1958-09-27', 'country': {'id': 214, 'name': 'Spain'}}]",209,Celta Vigo,male,,214,Spain,"[{'id': 385, 'name': 'Manuel Eduardo Berizzo', 'nickname': 'Eduardo Berizzo', 'dob': '1969-11-13', 'country': {'id': 11, 'name': 'Argentina'}}]",1.1.0,2,2,1,Regular Season,357,Estadio de Gran Canaria,214,Spain,2625.0,José María Sánchez Martínez,214.0,Spain
3825750,2016-01-30,23:05:00.000,2,1,available,unscheduled,2022-02-28T18:47:05.861876,,22,11,Spain,La Liga,27,2015/2016,210,Real Sociedad,male,,214,Spain,"[{'id': 229, 'name': 'Eusebio Sacristán Mena', 'nickname': 'Eusebio Sacristán', 'dob': '1964-04-13', 'country': {'id': 214, 'name': 'Spain'}}]",218,Real Betis,male,,214,Spain,"[{'id': 5049, 'name': 'Juan Merino Ruíz', 'nickname': 'Juan Merino', 'dob': '1970-08-24', 'country': {'id': 214, 'name': 'Spain'}}]",1.1.0,2,2,1,Regular Season,5043,Reale Arena,214,Spain,2419.0,Eduardo Prieto Iglesias,214.0,Spain
3825752,2016-01-30,19:15:00.000,1,2,available,unscheduled,2022-02-28T18:45:58.418818,,22,11,Spain,La Liga,27,2015/2016,322,Eibar,male,,214,Spain,"[{'id': 221, 'name': 'José Luis Mendilibar Etxebarria', 'nickname': 'José Luis Mendilibar', 'dob': '1961-03-14', 'country': {'id': 214, 'name': 'Spain'}}]",223,Málaga,male,,214,Spain,"[{'id': 188, 'name': 'Javier Gracia Carlos', 'nickname': 'Javi Gracia', 'dob': '1970-05-01', 'country': {'id': 214, 'name': 'Spain'}}]",1.1.0,2,2,1,Regular Season,347,Estadio Municipal de Ipurúa,214,Spain,180.0,Antonio Miguel Mateu Lahoz,214.0,Spain
3825751,2016-01-30,19:15:00.000,0,1,available,unscheduled,2022-02-28T18:44:58.196144,,22,11,Spain,La Liga,27,2015/2016,216,Getafe,male,,214,Spain,"[{'id': 509, 'name': 'Francisco Escriba Segura', 'nickname': 'Fran Escribá', 'dob': '1965-05-03', 'country': {'id': 214, 'name': 'Spain'}}]",215,Athletic Club,male,,214,Spain,"[{'id': 1000960, 'name': 'Carlos Gurpegi Nausia', 'nickname': None, 'dob': '1980-08-19', 'country': {'id': 214, 'name': 'Spain'}}, {'id': 227, 'name': 'Ernesto Valverde Tejedor', 'nickname': 'Ernesto Valverde', 'dob': '1964-02-09', 'country': {'id': 214, 'name': 'Spain'}}]",1.1.0,2,2,1,Regular Season,354,Coliseum Alfonso Pérez,214,Spain,2604.0,Xavier Estrada Fernández,214.0,Spain
3825753,2016-01-30,21:30:00.000,1,0,available,unscheduled,2022-02-28T18:43:51.491479,,22,11,Spain,La Liga,27,2015/2016,222,Villarreal,male,,214,Spain,"[{'id': 211, 'name': 'Marcelino García Toral', 'nickname': 'Marcelino', 'dob': '1965-08-14', 'country': {'id': 214, 'name': 'Spain'}}]",1049,Granada,male,,214,Spain,"[{'id': 1617, 'name': 'José Ramón Sandoval Huertas', 'nickname': 'José Ramón Sandoval', 'dob': '1968-05-02', 'country': {'id': 214, 'name': 'Spain'}}]",1.1.0,2,2,1,Regular Season,361,Estadio de la Cerámica,214,Spain,2728.0,Carlos del Cerro Grande,214.0,Spain
3825749,2016-01-25,23:30:00.000,3,2,available,unscheduled,2022-02-28T18:42:46.286891,,21,11,Spain,La Liga,27,2015/2016,221,Levante UD,male,,214,Spain,"[{'id': 677, 'name': 'Joan Francesc Ferrer Sicilia', 'nickname': 'Rubí', 'dob': '1970-02-05', 'country': {'id': 214, 'name': 'Spain'}}]",208,Las Palmas,male,,214,Spain,"[{'id': 238, 'name': 'Enrique Setién Solar', 'nickname': 'Quique Setién', 'dob': '1958-09-27', 'country': {'id': 214, 'name': 'Spain'}}]",1.1.0,2,2,1,Regular Season,350,Estadio Ciudad de Valencia,214,Spain,2535.0,Carlos Velasco Carballo,214.0,Spain
3825747,2016-01-24,13:00:00.000,5,2,available,unscheduled,2022-02-28T18:41:37.465753,,21,11,Spain,La Liga,27,2015/2016,215,Athletic Club,male,,214,Spain,"[{'id': 227, 'name': 'Ernesto Valverde Tejedor', 'nickname': 'Ernesto Valverde', 'dob': '1964-02-09', 'country': {'id': 214, 'name': 'Spain'}}]",322,Eibar,male,,214,Spain,"[{'id': 221, 'name': 'José Luis Mendilibar Etxebarria', 'nickname': 'José Luis Mendilibar', 'dob': '1961-03-14', 'country': {'id': 214, 'name': 'Spain'}}]",1.1.0,2,2,1,Regular Season,345,San Mamés Barria,214,Spain,183.0,Jesús Gil Manzano,214.0,Spain
3825748,2016-01-24,17:00:00.000,0,0,available,unscheduled,2022-02-28T18:40:33.381710,,21,11,Spain,La Liga,27,2015/2016,212,Atlético Madrid,male,,214,Spain,"[{'id': 230, 'name': 'Diego Pablo Simeone', 'nickname': 'Diego Simeone', 'dob': '1970-04-28', 'country': {'id': 11, 'name': 'Argentina'}}]",213,Sevilla,male,,214,Spain,"[{'id': 21, 'name': 'Unai Emery Etxegoien', 'nickname': 'Unai Emery', 'dob': '1971-11-03', 'country': {'id': 214, 'name': 'Spain'}}]",1.1.0,2,2,1,Regular Season,625,Estadio Vicente Calderón,214,Spain,218.0,Ignacio Iglesias Villanueva,214.0,Spain
3825745,2016-01-24,19:15:00.000,1,1,available,unscheduled,2022-02-28T18:39:31.037066,,21,11,Spain,La Liga,27,2015/2016,219,RC Deportivo La Coruña,male,,214,Spain,"[{'id': 3157, 'name': 'Víctor Sánchez del Amo', 'nickname': 'Víctor Sánchez', 'dob': '1976-02-23', 'country': {'id': 214, 'name': 'Spain'}}]",207,Valencia,male,,214,Spain,"[{'id': 2449, 'name': 'Gary Neville', 'nickname': None, 'dob': '1975-02-18', 'country': {'id': 68, 'name': 'England'}}]",1.1.0,2,2,1,Regular Season,4658,Estadio Abanca-Riazor,214,Spain,2692.0,Mario Melero López,214.0,Spain
3825746,2016-01-24,21:30:00.000,1,1,available,unscheduled,2022-02-28T18:38:24.780479,,21,11,Spain,La Liga,27,2015/2016,218,Real Betis,male,,214,Spain,"[{'id': 5049, 'name': 'Juan Merino Ruíz', 'nickname': 'Juan Merino', 'dob': '1970-08-24', 'country': {'id': 214, 'name': 'Spain'}}]",220,Real Madrid,male,,214,Spain,"[{'id': 56, 'name': 'Zinédine Zidane', 'nickname': None, 'dob': '1972-06-23', 'country': {'id': 78, 'name': 'France'}}]",1.1.0,2,2,1,Regular Season,352,Estadio Benito Villamarín,214,Spain,2434.0,Juan Martínez Munuera,214.0,Spain
3825743,2016-01-23,23:05:00.000,3,0,available,unscheduled,2022-02-28T18:37:14.079034,,21,11,Spain,La Liga,27,2015/2016,360,Rayo Vallecano,male,,214,Spain,"[{'id': 220, 'name': 'Francisco Jémez Martín', 'nickname': 'Paco Jémez', 'dob': '1970-04-18', 'country': {'id': 214, 'name': 'Spain'}}]",209,Celta Vigo,male,,214,Spain,"[{'id': 385, 'name': 'Manuel Eduardo Berizzo', 'nickname': 'Eduardo Berizzo', 'dob': '1969-11-13', 'country': {'id': 11, 'name': 'Argentina'}}]",1.1.0,2,2,1,Regular Season,4640,Estadio de Vallecas,214,Spain,2575.0,Santiago Jaime Latre,214.0,Spain
3825744,2016-01-23,19:15:00.000,2,2,available,unscheduled,2022-02-28T18:36:14.797391,,21,11,Spain,La Liga,27,2015/2016,214,Espanyol,male,,214,Spain,"[{'id': 1816, 'name': 'Constantin Gâlcă', 'nickname': None, 'dob': '1972-03-08', 'country': {'id': 187, 'name': 'Romania'}}]",222,Villarreal,male,,214,Spain,"[{'id': 211, 'name': 'Marcelino García Toral', 'nickname': 'Marcelino', 'dob': '1965-08-14', 'country': {'id': 214, 'name': 'Spain'}}]",1.1.0,2,2,1,Regular Season,351,RCDE Stadium,214,Spain,1015.0,Pedro Jesús Pérez Montero,214.0,Spain
3825742,2016-01-23,21:30:00.000,3,2,available,unscheduled,2022-02-28T18:35:06.328180,,21,11,Spain,La Liga,27,2015/2016,1049,Granada,male,,214,Spain,"[{'id': 1617, 'name': 'José Ramón Sandoval Huertas', 'nickname': 'José Ramón Sandoval', 'dob': '1968-05-02', 'country': {'id': 214, 'name': 'Spain'}}]",216,Getafe,male,,214,Spain,"[{'id': 509, 'name': 'Francisco Escriba Segura', 'nickname': 'Fran Escribá', 'dob': '1965-05-03', 'country': {'id': 214, 'name': 'Spain'}}]",1.1.0,2,2,1,Regular Season,4667,Estadio Nuevo Los Cármenes,214,Spain,2602.0,Ricardo De Burgos Bengoetxea,214.0,Spain
3825741,2016-01-22,21:30:00.000,5,1,available,unscheduled,2022-02-28T18:33:57.816258,,21,11,Spain,La Liga,27,2015/2016,1041,Sporting Gijón,male,,214,Spain,"[{'id': 187, 'name': 'Abelardo Fernández Antuña', 'nickname': 'Abelardo', 'dob': '1970-04-19', 'country': {'id': 214, 'name': 'Spain'}}]",210,Real Sociedad,male,,214,Spain,"[{'id': 229, 'name': 'Eusebio Sacristán Mena', 'nickname': 'Eusebio Sacristán', 'dob': '1964-04-13', 'country': {'id': 214, 'name': 'Spain'}}]",1.1.0,2,2,1,Regular Season,4656,Estadio Municipal El Molinón,214,Spain,222.0,David Fernández Borbalan,214.0,Spain
3825739,2016-01-17,17:00:00.000,5,1,available,unscheduled,2022-02-28T18:30:42.016145,,20,11,Spain,La Liga,27,2015/2016,220,Real Madrid,male,,214,Spain,"[{'id': 56, 'name': 'Zinédine Zidane', 'nickname': None, 'dob': '1972-06-23', 'country': {'id': 78, 'name': 'France'}}]",1041,Sporting Gijón,male,,214,Spain,"[{'id': 187, 'name': 'Abelardo Fernández Antuña', 'nickname': 'Abelardo', 'dob': '1970-04-19', 'country': {'id': 214, 'name': 'Spain'}}]",1.1.0,2,2,1,Regular Season,353,Estadio Santiago Bernabéu,214,Spain,221.0,Alberto Undiano Mallenco,214.0,Spain
3825738,2016-01-17,19:15:00.000,0,3,available,unscheduled,2022-02-28T18:29:21.257420,,20,11,Spain,La Liga,27,2015/2016,208,Las Palmas,male,,214,Spain,"[{'id': 238, 'name': 'Enrique Setién Solar', 'nickname': 'Quique Setién', 'dob': '1958-09-27', 'country': {'id': 214, 'name': 'Spain'}}]",212,Atlético Madrid,male,,214,Spain,"[{'id': 230, 'name': 'Diego Pablo Simeone', 'nickname': 'Diego Simeone', 'dob': '1970-04-28', 'country': {'id': 11, 'name': 'Argentina'}}]",1.1.0,2,2,1,Regular Season,357,Estadio de Gran Canaria,214,Spain,2480.0,Iñaki Bikandi Garrido,214.0,Spain
3825737,2016-01-17,19:15:00.000,3,1,available,unscheduled,2022-02-28T18:27:58.219899,,20,11,Spain,La Liga,27,2015/2016,216,Getafe,male,,214,Spain,"[{'id': 509, 'name': 'Francisco Escriba Segura', 'nickname': 'Fran Escribá', 'dob': '1965-05-03', 'country': {'id': 214, 'name': 'Spain'}}]",214,Espanyol,male,,214,Spain,"[{'id': 1816, 'name': 'Constantin Gâlcă', 'nickname': None, 'dob': '1972-03-08', 'country': {'id': 187, 'name': 'Romania'}}]",1.1.0,2,2,1,Regular Season,354,Coliseum Alfonso Pérez,214,Spain,1008.0,Carlos Clos Gómez,214.0,Spain
3825734,2016-01-16,23:05:00.000,1,1,available,unscheduled,2022-02-28T18:26:50.496585,,20,11,Spain,La Liga,27,2015/2016,210,Real Sociedad,male,,214,Spain,"[{'id': 229, 'name': 'Eusebio Sacristán Mena', 'nickname': 'Eusebio Sacristán', 'dob': '1964-04-13', 'country': {'id': 214, 'name': 'Spain'}}]",219,RC Deportivo La Coruña,male,,214,Spain,"[{'id': 3157, 'name': 'Víctor Sánchez del Amo', 'nickname': 'Víctor Sánchez', 'dob': '1976-02-23', 'country': {'id': 214, 'name': 'Spain'}}]",1.1.0,2,2,1,Regular Season,5043,Reale Arena,214,Spain,2434.0,Juan Martínez Munuera,214.0,Spain
3825733,2016-01-16,17:00:00.000,2,1,available,unscheduled,2022-02-28T18:25:32.283331,,20,11,Spain,La Liga,27,2015/2016,213,Sevilla,male,,214,Spain,"[{'id': 21, 'name': 'Unai Emery Etxegoien', 'nickname': 'Unai Emery', 'dob': '1971-11-03', 'country': {'id': 214, 'name': 'Spain'}}]",223,Málaga,male,,214,Spain,"[{'id': 188, 'name': 'Javier Gracia Carlos', 'nickname': 'Javi Gracia', 'dob': '1970-05-01', 'country': {'id': 214, 'name': 'Spain'}}]",1.1.0,2,2,1,Regular Season,349,Estadio Ramón Sánchez Pizjuán,214,Spain,2604.0,Xavier Estrada Fernández,214.0,Spain
3825732,2016-01-16,19:15:00.000,4,3,available,unscheduled,2022-05-08T20:42:44.967990,,20,11,Spain,La Liga,27,2015/2016,209,Celta Vigo,male,,214,Spain,"[{'id': 385, 'name': 'Manuel Eduardo Berizzo', 'nickname': 'Eduardo Berizzo', 'dob': '1969-11-13', 'country': {'id': 11, 'name': 'Argentina'}}]",221,Levante UD,male,,214,Spain,"[{'id': 677, 'name': 'Joan Francesc Ferrer Sicilia', 'nickname': 'Rubí', 'dob': '1970-02-05', 'country': {'id': 214, 'name': 'Spain'}}]",1.1.0,2,2,1,Regular Season,653,Abanca-Balaídos,214,Spain,2728.0,Carlos del Cerro Grande,214.0,Spain
3825735,2016-01-16,21:30:00.000,0,0,available,unscheduled,2022-02-28T18:23:20.109540,,20,11,Spain,La Liga,27,2015/2016,222,Villarreal,male,,214,Spain,"[{'id': 211, 'name': 'Marcelino García Toral', 'nickname': 'Marcelino', 'dob': '1965-08-14', 'country': {'id': 214, 'name': 'Spain'}}]",218,Real Betis,male,,214,Spain,"[{'id': 5049, 'name': 'Juan Merino Ruíz', 'nickname': 'Juan Merino', 'dob': '1970-08-24', 'country': {'id': 214, 'name': 'Spain'}}]",1.1.0,2,2,1,Regular Season,361,Estadio de la Cerámica,214,Spain,211.0,José Luis González González,214.0,Spain
3825729,2016-01-10,13:00:00.000,2,0,available,unscheduled,2022-02-28T18:22:01.925612,,19,11,Spain,La Liga,27,2015/2016,222,Villarreal,male,,214,Spain,"[{'id': 211, 'name': 'Marcelino García Toral', 'nickname': 'Marcelino', 'dob': '1965-08-14', 'country': {'id': 214, 'name': 'Spain'}}]",1041,Sporting Gijón,male,,214,Spain,"[{'id': 187, 'name': 'Abelardo Fernández Antuña', 'nickname': 'Abelardo', 'dob': '1970-04-19', 'country': {'id': 214, 'name': 'Spain'}}]",1.1.0,2,2,1,Regular Season,361,Estadio de la Cerámica,214,Spain,183.0,Jesús Gil Manzano,214.0,Spain
3825728,2016-01-10,21:30:00.000,0,2,available,unscheduled,2022-02-28T18:20:47.466624,,19,11,Spain,La Liga,27,2015/2016,209,Celta Vigo,male,,214,Spain,"[{'id': 385, 'name': 'Manuel Eduardo Berizzo', 'nickname': 'Eduardo Berizzo', 'dob': '1969-11-13', 'country': {'id': 11, 'name': 'Argentina'}}]",212,Atlético Madrid,male,,214,Spain,"[{'id': 230, 'name': 'Diego Pablo Simeone', 'nickname': 'Diego Simeone', 'dob': '1970-04-28', 'country': {'id': 11, 'name': 'Argentina'}}]",1.1.0,2,2,1,Regular Season,653,Abanca-Balaídos,214,Spain,2602.0,Ricardo De Burgos Bengoetxea,214.0,Spain
3825730,2016-01-10,17:00:00.000,2,0,available,unscheduled,2022-02-28T18:19:30.400613,,19,11,Spain,La Liga,27,2015/2016,210,Real Sociedad,male,,214,Spain,"[{'id': 229, 'name': 'Eusebio Sacristán Mena', 'nickname': 'Eusebio Sacristán', 'dob': '1964-04-13', 'country': {'id': 214, 'name': 'Spain'}}]",207,Valencia,male,,214,Spain,"[{'id': 2449, 'name': 'Gary Neville', 'nickname': None, 'dob': '1975-02-18', 'country': {'id': 68, 'name': 'England'}}]",1.1.0,2,2,1,Regular Season,5043,Reale Arena,214,Spain,2608.0,Alejandro José Hernández Hernández,214.0,Spain
3825727,2016-01-10,19:15:00.000,2,1,available,unscheduled,2022-02-28T18:18:18.798052,,19,11,Spain,La Liga,27,2015/2016,322,Eibar,male,,214,Spain,"[{'id': 221, 'name': 'José Luis Mendilibar Etxebarria', 'nickname': 'José Luis Mendilibar', 'dob': '1961-03-14', 'country': {'id': 214, 'name': 'Spain'}}]",214,Espanyol,male,,214,Spain,"[{'id': 1816, 'name': 'Constantin Gâlcă', 'nickname': None, 'dob': '1972-03-08', 'country': {'id': 187, 'name': 'Romania'}}]",1.1.0,2,2,1,Regular Season,347,Estadio Municipal de Ipurúa,214,Spain,2575.0,Santiago Jaime Latre,214.0,Spain
3825723,2016-01-09,23:05:00.000,2,1,available,unscheduled,2022-02-28T18:15:58.192484,,19,11,Spain,La Liga,27,2015/2016,221,Levante UD,male,,214,Spain,"[{'id': 677, 'name': 'Joan Francesc Ferrer Sicilia', 'nickname': 'Rubí', 'dob': '1970-02-05', 'country': {'id': 214, 'name': 'Spain'}}]",360,Rayo Vallecano,male,,214,Spain,"[{'id': 220, 'name': 'Francisco Jémez Martín', 'nickname': 'Paco Jémez', 'dob': '1970-04-18', 'country': {'id': 214, 'name': 'Spain'}}]",1.1.0,2,2,1,Regular Season,350,Estadio Ciudad de Valencia,214,Spain,2692.0,Mario Melero López,214.0,Spain
3825726,2016-01-09,19:15:00.000,2,0,available,unscheduled,2022-02-28T18:14:49.411129,,19,11,Spain,La Liga,27,2015/2016,213,Sevilla,male,,214,Spain,"[{'id': 21, 'name': 'Unai Emery Etxegoien', 'nickname': 'Unai Emery', 'dob': '1971-11-03', 'country': {'id': 214, 'name': 'Spain'}}]",215,Athletic Club,male,,214,Spain,"[{'id': 227, 'name': 'Ernesto Valverde Tejedor', 'nickname': 'Ernesto Valverde', 'dob': '1964-02-09', 'country': {'id': 214, 'name': 'Spain'}}]",1.1.0,2,2,1,Regular Season,349,Estadio Ramón Sánchez Pizjuán,214,Spain,2419.0,Eduardo Prieto Iglesias,214.0,Spain
3825725,2016-01-09,19:15:00.000,1,0,available,unscheduled,2022-02-28T18:13:39.243774,,19,11,Spain,La Liga,27,2015/2016,216,Getafe,male,,214,Spain,"[{'id': 509, 'name': 'Francisco Escriba Segura', 'nickname': 'Fran Escribá', 'dob': '1965-05-03', 'country': {'id': 214, 'name': 'Spain'}}]",218,Real Betis,male,,214,Spain,"[{'id': 57, 'name': 'José Mel Pérez', 'nickname': 'Pepe Mel', 'dob': '1963-02-28', 'country': {'id': 214, 'name': 'Spain'}}]",1.1.0,2,2,1,Regular Season,354,Coliseum Alfonso Pérez,214,Spain,212.0,Alfonso Álvarez Izquierdo,214.0,Spain
3825724,2016-01-09,21:30:00.000,5,0,available,unscheduled,2022-02-28T18:12:30.644759,,19,11,Spain,La Liga,27,2015/2016,220,Real Madrid,male,,214,Spain,"[{'id': 56, 'name': 'Zinédine Zidane', 'nickname': None, 'dob': '1972-06-23', 'country': {'id': 78, 'name': 'France'}}]",219,RC Deportivo La Coruña,male,,214,Spain,"[{'id': 3157, 'name': 'Víctor Sánchez del Amo', 'nickname': 'Víctor Sánchez', 'dob': '1976-02-23', 'country': {'id': 214, 'name': 'Spain'}}]",1.1.0,2,2,1,Regular Season,353,Estadio Santiago Bernabéu,214,Spain,1015.0,Pedro Jesús Pérez Montero,214.0,Spain
3825722,2016-01-04,21:30:00.000,1,2,available,unscheduled,2022-02-28T18:11:07.992507,,18,11,Spain,La Liga,27,2015/2016,1041,Sporting Gijón,male,,214,Spain,"[{'id': 187, 'name': 'Abelardo Fernández Antuña', 'nickname': 'Abelardo', 'dob': '1970-04-19', 'country': {'id': 214, 'name': 'Spain'}}]",216,Getafe,male,,214,Spain,"[{'id': 509, 'name': 'Francisco Escriba Segura', 'nickname': 'Fran Escribá', 'dob': '1965-05-03', 'country': {'id': 214, 'name': 'Spain'}}]",1.1.0,2,2,1,Regular Season,4656,Estadio Municipal El Molinón,214,Spain,2604.0,Xavier Estrada Fernández,214.0,Spain
3825716,2016-01-03,13:00:00.000,2,2,available,unscheduled,2022-02-28T18:10:06.506074,,18,11,Spain,La Liga,27,2015/2016,360,Rayo Vallecano,male,,214,Spain,"[{'id': 220, 'name': 'Francisco Jémez Martín', 'nickname': 'Paco Jémez', 'dob': '1970-04-18', 'country': {'id': 214, 'name': 'Spain'}}]",210,Real Sociedad,male,,214,Spain,"[{'id': 229, 'name': 'Eusebio Sacristán Mena', 'nickname': 'Eusebio Sacristán', 'dob': '1964-04-13', 'country': {'id': 214, 'name': 'Spain'}}]",1.1.0,2,2,1,Regular Season,4640,Estadio de Vallecas,214,Spain,180.0,Antonio Miguel Mateu Lahoz,214.0,Spain
3825719,2016-01-03,19:15:00.000,2,2,available,unscheduled,2022-02-28T18:09:09.807232,,18,11,Spain,La Liga,27,2015/2016,215,Athletic Club,male,,214,Spain,"[{'id': 227, 'name': 'Ernesto Valverde Tejedor', 'nickname': 'Ernesto Valverde', 'dob': '1964-02-09', 'country': {'id': 214, 'name': 'Spain'}}]",208,Las Palmas,male,,214,Spain,"[{'id': 238, 'name': 'Enrique Setién Solar', 'nickname': 'Quique Setién', 'dob': '1958-09-27', 'country': {'id': 214, 'name': 'Spain'}}]",1.1.0,2,2,1,Regular Season,345,San Mamés Barria,214,Spain,2728.0,Carlos del Cerro Grande,214.0,Spain
3825720,2016-01-03,17:00:00.000,0,4,available,unscheduled,2022-02-28T18:07:52.107657,,18,11,Spain,La Liga,27,2015/2016,218,Real Betis,male,,214,Spain,"[{'id': 57, 'name': 'José Mel Pérez', 'nickname': 'Pepe Mel', 'dob': '1963-02-28', 'country': {'id': 214, 'name': 'Spain'}}]",322,Eibar,male,,214,Spain,"[{'id': 221, 'name': 'José Luis Mendilibar Etxebarria', 'nickname': 'José Luis Mendilibar', 'dob': '1961-03-14', 'country': {'id': 214, 'name': 'Spain'}}]",1.1.0,2,2,1,Regular Season,352,Estadio Benito Villamarín,214,Spain,2419.0,Eduardo Prieto Iglesias,214.0,Spain
3825717,2016-01-03,17:00:00.000,2,1,available,unscheduled,2022-02-28T18:06:47.145038,,18,11,Spain,La Liga,27,2015/2016,1049,Granada,male,,214,Spain,"[{'id': 1000947, 'name': 'Diego Mainz García', 'nickname': None, 'dob': '1982-12-29', 'country': {'id': 214, 'name': 'Spain'}}, {'id': 1617, 'name': 'José Ramón Sandoval Huertas', 'nickname': 'José Ramón Sandoval', 'dob': '1968-05-02', 'country': {'id': 214, 'name': 'Spain'}}]",213,Sevilla,male,,214,Spain,"[{'id': 21, 'name': 'Unai Emery Etxegoien', 'nickname': 'Unai Emery', 'dob': '1971-11-03', 'country': {'id': 214, 'name': 'Spain'}}]",1.1.0,2,2,1,Regular Season,4667,Estadio Nuevo Los Cármenes,214,Spain,221.0,Alberto Undiano Mallenco,214.0,Spain
3825721,2016-01-03,19:15:00.000,1,2,available,unscheduled,2022-02-28T18:05:50.080770,,18,11,Spain,La Liga,27,2015/2016,219,RC Deportivo La Coruña,male,,214,Spain,"[{'id': 3157, 'name': 'Víctor Sánchez del Amo', 'nickname': 'Víctor Sánchez', 'dob': '1976-02-23', 'country': {'id': 214, 'name': 'Spain'}}]",222,Villarreal,male,,214,Spain,"[{'id': 211, 'name': 'Marcelino García Toral', 'nickname': 'Marcelino', 'dob': '1965-08-14', 'country': {'id': 214, 'name': 'Spain'}}]",1.1.0,2,2,1,Regular Season,4658,Estadio Abanca-Riazor,214,Spain,222.0,David Fernández Borbalan,214.0,Spain
3825718,2016-01-03,21:30:00.000,2,2,available,unscheduled,2022-02-28T18:04:40.115783,,18,11,Spain,La Liga,27,2015/2016,207,Valencia,male,,214,Spain,"[{'id': 2449, 'name': 'Gary Neville', 'nickname': None, 'dob': '1975-02-18', 'country': {'id': 68, 'name': 'England'}}]",220,Real Madrid,male,,214,Spain,"[{'id': 148, 'name': 'Rafael Benítez Maudes', 'nickname': 'Rafael Benítez', 'dob': '1960-04-16', 'country': {'id': 214, 'name': 'Spain'}}]",1.1.0,2,2,1,Regular Season,344,Estadio de Mestalla,214,Spain,2625.0,José María Sánchez Martínez,214.0,Spain
3825715,2016-01-02,23:05:00.000,2,0,available,unscheduled,2022-02-28T18:03:31.876574,,18,11,Spain,La Liga,27,2015/2016,223,Málaga,male,,214,Spain,"[{'id': 188, 'name': 'Javier Gracia Carlos', 'nickname': 'Javi Gracia', 'dob': '1970-05-01', 'country': {'id': 214, 'name': 'Spain'}}]",209,Celta Vigo,male,,214,Spain,"[{'id': 385, 'name': 'Manuel Eduardo Berizzo', 'nickname': 'Eduardo Berizzo', 'dob': '1969-11-13', 'country': {'id': 11, 'name': 'Argentina'}}]",1.1.0,2,2,1,Regular Season,346,Estadio La Rosaleda,214,Spain,2480.0,Iñaki Bikandi Garrido,214.0,Spain
3825714,2016-01-02,21:30:00.000,1,0,available,unscheduled,2022-02-28T18:02:27.234176,,18,11,Spain,La Liga,27,2015/2016,212,Atlético Madrid,male,,214,Spain,"[{'id': 230, 'name': 'Diego Pablo Simeone', 'nickname': 'Diego Simeone', 'dob': '1970-04-28', 'country': {'id': 11, 'name': 'Argentina'}}]",221,Levante UD,male,,214,Spain,"[{'id': 677, 'name': 'Joan Francesc Ferrer Sicilia', 'nickname': 'Rubí', 'dob': '1970-02-05', 'country': {'id': 214, 'name': 'Spain'}}]",1.1.0,2,2,1,Regular Season,625,Estadio Vicente Calderón,214,Spain,1008.0,Carlos Clos Gómez,214.0,Spain
3825713,2015-12-31,17:00:00.000,1,0,available,unscheduled,2022-02-28T18:01:19.434436,,17,11,Spain,La Liga,27,2015/2016,222,Villarreal,male,,214,Spain,"[{'id': 211, 'name': 'Marcelino García Toral', 'nickname': 'Marcelino', 'dob': '1965-08-14', 'country': {'id': 214, 'name': 'Spain'}}]",207,Valencia,male,,214,Spain,"[{'id': 2449, 'name': 'Gary Neville', 'nickname': None, 'dob': '1975-02-18', 'country': {'id': 68, 'name': 'England'}}]",1.1.0,2,2,1,Regular Season,361,Estadio de la Cerámica,214,Spain,212.0,Alfonso Álvarez Izquierdo,214.0,Spain
3825710,2015-12-30,17:00:00.000,3,1,available,unscheduled,2022-02-28T18:00:13.457657,,17,11,Spain,La Liga,27,2015/2016,220,Real Madrid,male,,214,Spain,"[{'id': 148, 'name': 'Rafael Benítez Maudes', 'nickname': 'Rafael Benítez', 'dob': '1960-04-16', 'country': {'id': 214, 'name': 'Spain'}}]",210,Real Sociedad,male,,214,Spain,"[{'id': 229, 'name': 'Eusebio Sacristán Mena', 'nickname': 'Eusebio Sacristán', 'dob': '1964-04-13', 'country': {'id': 214, 'name': 'Spain'}}]",1.1.0,2,2,1,Regular Season,353,Estadio Santiago Bernabéu,214,Spain,211.0,José Luis González González,214.0,Spain
3825709,2015-12-30,19:15:00.000,2,0,available,unscheduled,2022-02-28T17:58:58.300770,,17,11,Spain,La Liga,27,2015/2016,213,Sevilla,male,,214,Spain,"[{'id': 21, 'name': 'Unai Emery Etxegoien', 'nickname': 'Unai Emery', 'dob': '1971-11-03', 'country': {'id': 214, 'name': 'Spain'}}]",214,Espanyol,male,,214,Spain,"[{'id': 1816, 'name': 'Constantin Gâlcă', 'nickname': None, 'dob': '1972-03-08', 'country': {'id': 187, 'name': 'Romania'}}]",1.1.0,2,2,1,Regular Season,349,Estadio Ramón Sánchez Pizjuán,214,Spain,218.0,Ignacio Iglesias Villanueva,214.0,Spain
3825646,2015-10-31,19:15:00.000,2,1,available,unscheduled,2022-02-14T14:54:15.171327,,10,11,Spain,La Liga,27,2015/2016,222,Villarreal,male,,214,Spain,"[{'id': 211, 'name': 'Marcelino García Toral', 'nickname': 'Marcelino', 'dob': '1965-08-14', 'country': {'id': 214, 'name': 'Spain'}}]",213,Sevilla,male,,214,Spain,"[{'id': 21, 'name': 'Unai Emery Etxegoien', 'nickname': 'Unai Emery', 'dob': '1971-11-03', 'country': {'id': 214, 'name': 'Spain'}}]",1.1.0,2,2,1,Regular Season,361,Estadio de la Cerámica,214,Spain,2625.0,José María Sánchez Martínez,214.0,Spain
3825645,2015-10-31,21:30:00.000,0,2,available,unscheduled,2022-02-14T14:53:16.243302,,10,11,Spain,La Liga,27,2015/2016,216,Getafe,male,,214,Spain,"[{'id': 509, 'name': 'Francisco Escriba Segura', 'nickname': 'Fran Escribá', 'dob': '1965-05-03', 'country': {'id': 214, 'name': 'Spain'}}]",217,Barcelona,male,,214,Spain,"[{'id': 793, 'name': 'Luis Enrique Martínez García', 'nickname': 'Luis Enrique', 'dob': '1970-05-08', 'country': {'id': 214, 'name': 'Spain'}}]",1.1.0,2,2,1,Regular Season,354,Coliseum Alfonso Pérez,214,Spain,2434.0,Juan Martínez Munuera,214.0,Spain
3825644,2015-10-31,23:05:00.000,2,3,available,unscheduled,2022-02-14T14:52:09.202796,,10,11,Spain,La Liga,27,2015/2016,210,Real Sociedad,male,,214,Spain,"[{'id': 86, 'name': 'David Moyes', 'nickname': None, 'dob': '1963-04-25', 'country': {'id': 201, 'name': 'Scotland'}}]",209,Celta Vigo,male,,214,Spain,"[{'id': 385, 'name': 'Manuel Eduardo Berizzo', 'nickname': 'Eduardo Berizzo', 'dob': '1969-11-13', 'country': {'id': 11, 'name': 'Argentina'}}]",1.1.0,2,2,1,Regular Season,5043,Reale Arena,214,Spain,222.0,David Fernández Borbalan,214.0,Spain
3825640,2015-10-25,12:00:00.000,0,4,available,unscheduled,2022-02-14T14:47:34.836708,,9,11,Spain,La Liga,27,2015/2016,221,Levante UD,male,,214,Spain,"[{'id': 1612, 'name': 'Luis Lucas Alcaraz González', 'nickname': 'Lucas Alcaraz', 'dob': '1966-06-21', 'country': {'id': 214, 'name': 'Spain'}}]",210,Real Sociedad,male,,214,Spain,"[{'id': 86, 'name': 'David Moyes', 'nickname': None, 'dob': '1963-04-25', 'country': {'id': 201, 'name': 'Scotland'}}]",1.1.0,2,2,1,Regular Season,350,Estadio Ciudad de Valencia,214,Spain,221.0,Alberto Undiano Mallenco,214.0,Spain
3825639,2015-10-25,16:00:00.000,0,0,available,unscheduled,2022-02-14T14:46:38.316875,,9,11,Spain,La Liga,27,2015/2016,208,Las Palmas,male,,214,Spain,"[{'id': 238, 'name': 'Enrique Setién Solar', 'nickname': 'Quique Setién', 'dob': '1958-09-27', 'country': {'id': 214, 'name': 'Spain'}}]",222,Villarreal,male,,214,Spain,"[{'id': 211, 'name': 'Marcelino García Toral', 'nickname': 'Marcelino', 'dob': '1965-08-14', 'country': {'id': 214, 'name': 'Spain'}}]",1.1.0,2,2,1,Regular Season,357,Estadio de Gran Canaria,214,Spain,2604.0,Xavier Estrada Fernández,214.0,Spain
3825636,2015-10-24,22:05:00.000,2,0,available,unscheduled,2022-02-14T14:43:20.674013,,9,11,Spain,La Liga,27,2015/2016,223,Málaga,male,,214,Spain,"[{'id': 188, 'name': 'Javier Gracia Carlos', 'nickname': 'Javi Gracia', 'dob': '1970-05-01', 'country': {'id': 214, 'name': 'Spain'}}]",219,RC Deportivo La Coruña,male,,214,Spain,"[{'id': 3157, 'name': 'Víctor Sánchez del Amo', 'nickname': 'Víctor Sánchez', 'dob': '1976-02-23', 'country': {'id': 214, 'name': 'Spain'}}]",1.1.0,2,2,1,Regular Season,346,Estadio La Rosaleda,214,Spain,2535.0,Carlos Velasco Carballo,214.0,Spain
3825635,2015-10-24,16:00:00.000,1,3,available,unscheduled,2022-02-14T14:42:19.195319,,9,11,Spain,La Liga,27,2015/2016,209,Celta Vigo,male,,214,Spain,"[{'id': 385, 'name': 'Manuel Eduardo Berizzo', 'nickname': 'Eduardo Berizzo', 'dob': '1969-11-13', 'country': {'id': 11, 'name': 'Argentina'}}]",220,Real Madrid,male,,214,Spain,"[{'id': 148, 'name': 'Rafael Benítez Maudes', 'nickname': 'Rafael Benítez', 'dob': '1960-04-16', 'country': {'id': 214, 'name': 'Spain'}}]",1.1.0,2,2,1,Regular Season,653,Abanca-Balaídos,214,Spain,1008.0,Carlos Clos Gómez,214.0,Spain
3825634,2015-10-24,18:15:00.000,1,1,available,unscheduled,2022-02-14T14:41:11.223964,,9,11,Spain,La Liga,27,2015/2016,1049,Granada,male,,214,Spain,"[{'id': 1617, 'name': 'José Ramón Sandoval Huertas', 'nickname': 'José Ramón Sandoval', 'dob': '1968-05-02', 'country': {'id': 214, 'name': 'Spain'}}]",218,Real Betis,male,,214,Spain,"[{'id': 57, 'name': 'José Mel Pérez', 'nickname': 'Pepe Mel', 'dob': '1963-02-28', 'country': {'id': 214, 'name': 'Spain'}}]",1.1.0,2,2,1,Regular Season,4667,Estadio Nuevo Los Cármenes,214,Spain,180.0,Antonio Miguel Mateu Lahoz,214.0,Spain
3825633,2015-10-23,20:30:00.000,3,0,available,unscheduled,2022-02-14T14:40:05.569770,,9,11,Spain,La Liga,27,2015/2016,360,Rayo Vallecano,male,,214,Spain,"[{'id': 220, 'name': 'Francisco Jémez Martín', 'nickname': 'Paco Jémez', 'dob': '1970-04-18', 'country': {'id': 214, 'name': 'Spain'}}]",214,Espanyol,male,,214,Spain,"[{'id': 576, 'name': 'Sergio González Soriano', 'nickname': 'Sergio', 'dob': '1976-11-10', 'country': {'id': 214, 'name': 'Spain'}}]",1.1.0,2,2,1,Regular Season,4640,Estadio de Vallecas,214,Spain,2419.0,Eduardo Prieto Iglesias,214.0,Spain
3825632,2015-10-19,20:30:00.000,3,3,available,unscheduled,2022-02-14T14:39:07.545580,,8,11,Spain,La Liga,27,2015/2016,1041,Sporting Gijón,male,,214,Spain,"[{'id': 187, 'name': 'Abelardo Fernández Antuña', 'nickname': 'Abelardo', 'dob': '1970-04-19', 'country': {'id': 214, 'name': 'Spain'}}]",1049,Granada,male,,214,Spain,"[{'id': 1617, 'name': 'José Ramón Sandoval Huertas', 'nickname': 'José Ramón Sandoval', 'dob': '1968-05-02', 'country': {'id': 214, 'name': 'Spain'}}]",1.1.0,2,2,1,Regular Season,4656,Estadio Municipal El Molinón,214,Spain,212.0,Alfonso Álvarez Izquierdo,214.0,Spain
3825631,2015-10-18,16:00:00.000,0,2,available,unscheduled,2022-02-14T14:38:08.447743,,8,11,Spain,La Liga,27,2015/2016,210,Real Sociedad,male,,214,Spain,"[{'id': 86, 'name': 'David Moyes', 'nickname': None, 'dob': '1963-04-25', 'country': {'id': 201, 'name': 'Scotland'}}]",212,Atlético Madrid,male,,214,Spain,"[{'id': 230, 'name': 'Diego Pablo Simeone', 'nickname': 'Diego Simeone', 'dob': '1970-04-28', 'country': {'id': 11, 'name': 'Argentina'}}]",1.1.0,2,2,1,Regular Season,5043,Reale Arena,214,Spain,218.0,Ignacio Iglesias Villanueva,214.0,Spain
3825630,2015-10-18,20:30:00.000,2,2,available,unscheduled,2022-02-14T14:37:04.366947,,8,11,Spain,La Liga,27,2015/2016,219,RC Deportivo La Coruña,male,,214,Spain,"[{'id': 3157, 'name': 'Víctor Sánchez del Amo', 'nickname': 'Víctor Sánchez', 'dob': '1976-02-23', 'country': {'id': 214, 'name': 'Spain'}}]",215,Athletic Club,male,,214,Spain,"[{'id': 227, 'name': 'Ernesto Valverde Tejedor', 'nickname': 'Ernesto Valverde', 'dob': '1964-02-09', 'country': {'id': 214, 'name': 'Spain'}}]",1.1.0,2,2,1,Regular Season,4658,Estadio Abanca-Riazor,214,Spain,2575.0,Santiago Jaime Latre,214.0,Spain
3825629,2015-10-18,12:00:00.000,1,2,available,unscheduled,2022-02-14T14:35:59.112417,,8,11,Spain,La Liga,27,2015/2016,222,Villarreal,male,,214,Spain,"[{'id': 211, 'name': 'Marcelino García Toral', 'nickname': 'Marcelino', 'dob': '1965-08-14', 'country': {'id': 214, 'name': 'Spain'}}]",209,Celta Vigo,male,,214,Spain,"[{'id': 385, 'name': 'Manuel Eduardo Berizzo', 'nickname': 'Eduardo Berizzo', 'dob': '1969-11-13', 'country': {'id': 11, 'name': 'Argentina'}}]",1.1.0,2,2,1,Regular Season,361,Estadio de la Cerámica,214,Spain,211.0,José Luis González González,214.0,Spain
3825627,2015-10-17,20:30:00.000,5,2,available,unscheduled,2022-02-14T14:33:42.685284,,8,11,Spain,La Liga,27,2015/2016,217,Barcelona,male,,214,Spain,"[{'id': 793, 'name': 'Luis Enrique Martínez García', 'nickname': 'Luis Enrique', 'dob': '1970-05-08', 'country': {'id': 214, 'name': 'Spain'}}]",360,Rayo Vallecano,male,,214,Spain,"[{'id': 220, 'name': 'Francisco Jémez Martín', 'nickname': 'Paco Jémez', 'dob': '1970-04-18', 'country': {'id': 214, 'name': 'Spain'}}]",1.1.0,2,2,1,Regular Season,342,Spotify Camp Nou,214,Spain,1015.0,Pedro Jesús Pérez Montero,214.0,Spain
3825625,2015-10-17,16:00:00.000,3,0,available,unscheduled,2022-02-14T14:31:20.757603,,8,11,Spain,La Liga,27,2015/2016,220,Real Madrid,male,,214,Spain,"[{'id': 148, 'name': 'Rafael Benítez Maudes', 'nickname': 'Rafael Benítez', 'dob': '1960-04-16', 'country': {'id': 214, 'name': 'Spain'}}]",221,Levante UD,male,,214,Spain,"[{'id': 1612, 'name': 'Luis Lucas Alcaraz González', 'nickname': 'Lucas Alcaraz', 'dob': '1966-06-21', 'country': {'id': 214, 'name': 'Spain'}}]",1.1.0,2,2,1,Regular Season,353,Estadio Santiago Bernabéu,214,Spain,2625.0,José María Sánchez Martínez,214.0,Spain
3825624,2015-10-17,18:15:00.000,1,1,available,unscheduled,2022-02-14T14:30:14.846619,,8,11,Spain,La Liga,27,2015/2016,322,Eibar,male,,214,Spain,"[{'id': 221, 'name': 'José Luis Mendilibar Etxebarria', 'nickname': 'José Luis Mendilibar', 'dob': '1961-03-14', 'country': {'id': 214, 'name': 'Spain'}}]",213,Sevilla,male,,214,Spain,"[{'id': 21, 'name': 'Unai Emery Etxegoien', 'nickname': 'Unai Emery', 'dob': '1971-11-03', 'country': {'id': 214, 'name': 'Spain'}}]",1.1.0,2,2,1,Regular Season,347,Estadio Municipal de Ipurúa,214,Spain,2434.0,Juan Martínez Munuera,214.0,Spain
3825622,2015-10-04,16:00:00.000,3,1,available,unscheduled,2022-02-14T14:28:07.257464,,7,11,Spain,La Liga,27,2015/2016,215,Athletic Club,male,,214,Spain,"[{'id': 227, 'name': 'Ernesto Valverde Tejedor', 'nickname': 'Ernesto Valverde', 'dob': '1964-02-09', 'country': {'id': 214, 'name': 'Spain'}}]",207,Valencia,male,,214,Spain,"[{'id': 396, 'name': 'Nuno Herlander Simões Espírito Santo', 'nickname': 'Nuno Espírito Santo', 'dob': '1974-01-25', 'country': {'id': 183, 'name': 'Portugal'}}]",1.1.0,2,2,1,Regular Season,345,San Mamés Barria,214,Spain,2604.0,Xavier Estrada Fernández,214.0,Spain
3825621,2015-10-04,20:30:00.000,1,1,available,unscheduled,2022-02-14T14:27:00.505408,,7,11,Spain,La Liga,27,2015/2016,212,Atlético Madrid,male,,214,Spain,"[{'id': 230, 'name': 'Diego Pablo Simeone', 'nickname': 'Diego Simeone', 'dob': '1970-04-28', 'country': {'id': 11, 'name': 'Argentina'}}]",220,Real Madrid,male,,214,Spain,"[{'id': 148, 'name': 'Rafael Benítez Maudes', 'nickname': 'Rafael Benítez', 'dob': '1960-04-16', 'country': {'id': 214, 'name': 'Spain'}}]",1.1.0,2,2,1,Regular Season,625,Estadio Vicente Calderón,214,Spain,221.0,Alberto Undiano Mallenco,214.0,Spain
3825620,2015-10-04,12:00:00.000,0,2,available,unscheduled,2022-02-14T14:25:30.842312,,7,11,Spain,La Liga,27,2015/2016,360,Rayo Vallecano,male,,214,Spain,"[{'id': 220, 'name': 'Francisco Jémez Martín', 'nickname': 'Paco Jémez', 'dob': '1970-04-18', 'country': {'id': 214, 'name': 'Spain'}}]",218,Real Betis,male,,214,Spain,"[{'id': 57, 'name': 'José Mel Pérez', 'nickname': 'Pepe Mel', 'dob': '1963-02-28', 'country': {'id': 214, 'name': 'Spain'}}]",1.1.0,2,2,1,Regular Season,4640,Estadio de Vallecas,214,Spain,218.0,Ignacio Iglesias Villanueva,214.0,Spain
3825617,2015-10-03,16:00:00.000,2,1,available,unscheduled,2022-02-14T14:22:14.714154,,7,11,Spain,La Liga,27,2015/2016,213,Sevilla,male,,214,Spain,"[{'id': 21, 'name': 'Unai Emery Etxegoien', 'nickname': 'Unai Emery', 'dob': '1971-11-03', 'country': {'id': 214, 'name': 'Spain'}}]",217,Barcelona,male,,214,Spain,"[{'id': 793, 'name': 'Luis Enrique Martínez García', 'nickname': 'Luis Enrique', 'dob': '1970-05-08', 'country': {'id': 214, 'name': 'Spain'}}]",1.1.0,2,2,1,Regular Season,349,Estadio Ramón Sánchez Pizjuán,214,Spain,183.0,Jesús Gil Manzano,214.0,Spain
3825615,2015-10-03,20:30:00.000,1,2,available,unscheduled,2022-02-14T14:19:55.175764,,7,11,Spain,La Liga,27,2015/2016,214,Espanyol,male,,214,Spain,"[{'id': 576, 'name': 'Sergio González Soriano', 'nickname': 'Sergio', 'dob': '1976-11-10', 'country': {'id': 214, 'name': 'Spain'}}]",1041,Sporting Gijón,male,,214,Spain,"[{'id': 187, 'name': 'Abelardo Fernández Antuña', 'nickname': 'Abelardo', 'dob': '1970-04-19', 'country': {'id': 214, 'name': 'Spain'}}]",1.1.0,2,2,1,Regular Season,351,RCDE Stadium,214,Spain,1008.0,Carlos Clos Gómez,214.0,Spain
3825613,2015-10-02,20:30:00.000,0,0,available,unscheduled,2022-02-14T14:17:44.299261,,7,11,Spain,La Liga,27,2015/2016,209,Celta Vigo,male,,214,Spain,"[{'id': 385, 'name': 'Manuel Eduardo Berizzo', 'nickname': 'Eduardo Berizzo', 'dob': '1969-11-13', 'country': {'id': 11, 'name': 'Argentina'}}]",216,Getafe,male,,214,Spain,"[{'id': 509, 'name': 'Francisco Escriba Segura', 'nickname': 'Fran Escribá', 'dob': '1965-05-03', 'country': {'id': 214, 'name': 'Spain'}}]",1.1.0,2,2,1,Regular Season,653,Abanca-Balaídos,214,Spain,2419.0,Eduardo Prieto Iglesias,214.0,Spain
3825610,2015-09-27,12:00:00.000,1,2,available,unscheduled,2022-02-14T14:14:28.396092,,6,11,Spain,La Liga,27,2015/2016,1041,Sporting Gijón,male,,214,Spain,"[{'id': 187, 'name': 'Abelardo Fernández Antuña', 'nickname': 'Abelardo', 'dob': '1970-04-19', 'country': {'id': 214, 'name': 'Spain'}}]",218,Real Betis,male,,214,Spain,"[{'id': 57, 'name': 'José Mel Pérez', 'nickname': 'Pepe Mel', 'dob': '1963-02-28', 'country': {'id': 214, 'name': 'Spain'}}]",1.1.0,2,2,1,Regular Season,4656,Estadio Municipal El Molinón,214,Spain,2434.0,Juan Martínez Munuera,214.0,Spain
3825606,2015-09-26,18:15:00.000,0,0,available,unscheduled,2022-02-14T14:09:50.332269,,6,11,Spain,La Liga,27,2015/2016,220,Real Madrid,male,,214,Spain,"[{'id': 148, 'name': 'Rafael Benítez Maudes', 'nickname': 'Rafael Benítez', 'dob': '1960-04-16', 'country': {'id': 214, 'name': 'Spain'}}]",223,Málaga,male,,214,Spain,"[{'id': 188, 'name': 'Javier Gracia Carlos', 'nickname': 'Javi Gracia', 'dob': '1970-05-01', 'country': {'id': 214, 'name': 'Spain'}}]",1.1.0,2,2,1,Regular Season,353,Estadio Santiago Bernabéu,214,Spain,211.0,José Luis González González,214.0,Spain
3825605,2015-09-26,20:30:00.000,3,2,available,unscheduled,2022-02-14T14:08:37.843951,,6,11,Spain,La Liga,27,2015/2016,213,Sevilla,male,,214,Spain,"[{'id': 21, 'name': 'Unai Emery Etxegoien', 'nickname': 'Unai Emery', 'dob': '1971-11-03', 'country': {'id': 214, 'name': 'Spain'}}]",360,Rayo Vallecano,male,,214,Spain,"[{'id': 220, 'name': 'Francisco Jémez Martín', 'nickname': 'Paco Jémez', 'dob': '1970-04-18', 'country': {'id': 214, 'name': 'Spain'}}]",1.1.0,2,2,1,Regular Season,349,Estadio Ramón Sánchez Pizjuán,214,Spain,2608.0,Alejandro José Hernández Hernández,214.0,Spain
3825604,2015-09-25,20:30:00.000,1,0,available,unscheduled,2022-02-14T14:07:32.217834,,6,11,Spain,La Liga,27,2015/2016,207,Valencia,male,,214,Spain,"[{'id': 396, 'name': 'Nuno Herlander Simões Espírito Santo', 'nickname': 'Nuno Espírito Santo', 'dob': '1974-01-25', 'country': {'id': 183, 'name': 'Portugal'}}]",1049,Granada,male,,214,Spain,"[{'id': 1617, 'name': 'José Ramón Sandoval Huertas', 'nickname': 'José Ramón Sandoval', 'dob': '1968-05-02', 'country': {'id': 214, 'name': 'Spain'}}]",1.1.0,2,2,1,Regular Season,344,Estadio de Mestalla,214,Spain,1008.0,Carlos Clos Gómez,214.0,Spain
3825603,2015-09-24,22:05:00.000,1,2,available,unscheduled,2022-02-14T14:06:27.614868,,5,11,Spain,La Liga,27,2015/2016,218,Real Betis,male,,214,Spain,"[{'id': 57, 'name': 'José Mel Pérez', 'nickname': 'Pepe Mel', 'dob': '1963-02-28', 'country': {'id': 214, 'name': 'Spain'}}]",219,RC Deportivo La Coruña,male,,214,Spain,"[{'id': 3157, 'name': 'Víctor Sánchez del Amo', 'nickname': 'Víctor Sánchez', 'dob': '1976-02-23', 'country': {'id': 214, 'name': 'Spain'}}]",1.1.0,2,2,1,Regular Season,352,Estadio Benito Villamarín,214,Spain,183.0,Jesús Gil Manzano,214.0,Spain
3825602,2015-09-23,21:00:00.000,1,2,available,unscheduled,2022-02-14T14:05:25.376369,,5,11,Spain,La Liga,27,2015/2016,215,Athletic Club,male,,214,Spain,"[{'id': 227, 'name': 'Ernesto Valverde Tejedor', 'nickname': 'Ernesto Valverde', 'dob': '1964-02-09', 'country': {'id': 214, 'name': 'Spain'}}]",220,Real Madrid,male,,214,Spain,"[{'id': 148, 'name': 'Rafael Benítez Maudes', 'nickname': 'Rafael Benítez', 'dob': '1960-04-16', 'country': {'id': 214, 'name': 'Spain'}}]",1.1.0,2,2,1,Regular Season,345,San Mamés Barria,214,Spain,180.0,Antonio Miguel Mateu Lahoz,214.0,Spain
3825600,2015-09-23,22:00:00.000,0,1,available,unscheduled,2022-02-14T14:03:16.036489,,5,11,Spain,La Liga,27,2015/2016,223,Málaga,male,,214,Spain,"[{'id': 188, 'name': 'Javier Gracia Carlos', 'nickname': 'Javi Gracia', 'dob': '1970-05-01', 'country': {'id': 214, 'name': 'Spain'}}]",222,Villarreal,male,,214,Spain,"[{'id': 211, 'name': 'Marcelino García Toral', 'nickname': 'Marcelino', 'dob': '1965-08-14', 'country': {'id': 214, 'name': 'Spain'}}]",1.1.0,2,2,1,Regular Season,346,Estadio La Rosaleda,214,Spain,2602.0,Ricardo De Burgos Bengoetxea,214.0,Spain
3825599,2015-09-22,20:00:00.000,1,0,available,unscheduled,2022-02-14T14:02:04.263765,,5,11,Spain,La Liga,27,2015/2016,214,Espanyol,male,,214,Spain,"[{'id': 576, 'name': 'Sergio González Soriano', 'nickname': 'Sergio', 'dob': '1976-11-10', 'country': {'id': 214, 'name': 'Spain'}}]",207,Valencia,male,,214,Spain,"[{'id': 396, 'name': 'Nuno Herlander Simões Espírito Santo', 'nickname': 'Nuno Espírito Santo', 'dob': '1974-01-25', 'country': {'id': 183, 'name': 'Portugal'}}]",1.1.0,2,2,1,Regular Season,351,RCDE Stadium,214,Spain,218.0,Ignacio Iglesias Villanueva,214.0,Spain
3825597,2015-09-20,20:30:00.000,0,1,available,unscheduled,2022-02-14T13:59:51.478499,,4,11,Spain,La Liga,27,2015/2016,208,Las Palmas,male,,214,Spain,"[{'id': 745, 'name': 'Francisco Herrera Lorenzo', 'nickname': 'Paco Herrera', 'dob': '1953-12-02', 'country': {'id': 214, 'name': 'Spain'}}]",360,Rayo Vallecano,male,,214,Spain,"[{'id': 220, 'name': 'Francisco Jémez Martín', 'nickname': 'Paco Jémez', 'dob': '1970-04-18', 'country': {'id': 214, 'name': 'Spain'}}]",1.1.0,2,2,1,Regular Season,357,Estadio de Gran Canaria,214,Spain,211.0,José Luis González González,214.0,Spain
3825596,2015-09-20,16:00:00.000,2,3,available,unscheduled,2022-02-14T13:58:51.467015,,4,11,Spain,La Liga,27,2015/2016,219,RC Deportivo La Coruña,male,,214,Spain,"[{'id': 3157, 'name': 'Víctor Sánchez del Amo', 'nickname': 'Víctor Sánchez', 'dob': '1976-02-23', 'country': {'id': 214, 'name': 'Spain'}}]",1041,Sporting Gijón,male,,214,Spain,"[{'id': 187, 'name': 'Abelardo Fernández Antuña', 'nickname': 'Abelardo', 'dob': '1970-04-19', 'country': {'id': 214, 'name': 'Spain'}}]",1.1.0,2,2,1,Regular Season,4658,Estadio Abanca-Riazor,214,Spain,2419.0,Eduardo Prieto Iglesias,214.0,Spain
3825594,2015-09-20,12:00:00.000,1,2,available,unscheduled,2022-02-14T13:56:35.003455,,4,11,Spain,La Liga,27,2015/2016,213,Sevilla,male,,214,Spain,"[{'id': 21, 'name': 'Unai Emery Etxegoien', 'nickname': 'Unai Emery', 'dob': '1971-11-03', 'country': {'id': 214, 'name': 'Spain'}}]",209,Celta Vigo,male,,214,Spain,"[{'id': 385, 'name': 'Manuel Eduardo Berizzo', 'nickname': 'Eduardo Berizzo', 'dob': '1969-11-13', 'country': {'id': 11, 'name': 'Argentina'}}]",1.1.0,2,2,1,Regular Season,349,Estadio Ramón Sánchez Pizjuán,214,Spain,2575.0,Santiago Jaime Latre,214.0,Spain
3825593,2015-09-19,20:30:00.000,0,2,available,unscheduled,2022-02-14T13:55:33.381508,,4,11,Spain,La Liga,27,2015/2016,322,Eibar,male,,214,Spain,"[{'id': 221, 'name': 'José Luis Mendilibar Etxebarria', 'nickname': 'José Luis Mendilibar', 'dob': '1961-03-14', 'country': {'id': 214, 'name': 'Spain'}}]",212,Atlético Madrid,male,,214,Spain,"[{'id': 230, 'name': 'Diego Pablo Simeone', 'nickname': 'Diego Simeone', 'dob': '1970-04-28', 'country': {'id': 11, 'name': 'Argentina'}}]",1.1.0,2,2,1,Regular Season,347,Estadio Municipal de Ipurúa,214,Spain,2608.0,Alejandro José Hernández Hernández,214.0,Spain
3825592,2015-09-19,22:00:00.000,2,3,available,unscheduled,2022-02-14T13:54:19.200580,,4,11,Spain,La Liga,27,2015/2016,210,Real Sociedad,male,,214,Spain,"[{'id': 86, 'name': 'David Moyes', 'nickname': None, 'dob': '1963-04-25', 'country': {'id': 201, 'name': 'Scotland'}}]",214,Espanyol,male,,214,Spain,"[{'id': 576, 'name': 'Sergio González Soriano', 'nickname': 'Sergio', 'dob': '1976-11-10', 'country': {'id': 214, 'name': 'Spain'}}]",1.1.0,2,2,1,Regular Season,5043,Reale Arena,214,Spain,1015.0,Pedro Jesús Pérez Montero,214.0,Spain
3825591,2015-09-19,18:15:00.000,0,0,available,unscheduled,2022-02-14T13:53:19.772892,,4,11,Spain,La Liga,27,2015/2016,207,Valencia,male,,214,Spain,"[{'id': 396, 'name': 'Nuno Herlander Simões Espírito Santo', 'nickname': 'Nuno Espírito Santo', 'dob': '1974-01-25', 'country': {'id': 183, 'name': 'Portugal'}}]",218,Real Betis,male,,214,Spain,"[{'id': 57, 'name': 'José Mel Pérez', 'nickname': 'Pepe Mel', 'dob': '1963-02-28', 'country': {'id': 214, 'name': 'Spain'}}]",1.1.0,2,2,1,Regular Season,344,Estadio de Mestalla,214,Spain,2535.0,Carlos Velasco Carballo,214.0,Spain
3825590,2015-09-19,16:00:00.000,1,0,available,unscheduled,2022-02-14T13:52:19.339398,,4,11,Spain,La Liga,27,2015/2016,220,Real Madrid,male,,214,Spain,"[{'id': 148, 'name': 'Rafael Benítez Maudes', 'nickname': 'Rafael Benítez', 'dob': '1960-04-16', 'country': {'id': 214, 'name': 'Spain'}}]",1049,Granada,male,,214,Spain,"[{'id': 1617, 'name': 'José Ramón Sandoval Huertas', 'nickname': 'José Ramón Sandoval', 'dob': '1968-05-02', 'country': {'id': 214, 'name': 'Spain'}}]",1.1.0,2,2,1,Regular Season,353,Estadio Santiago Bernabéu,214,Spain,2434.0,Juan Martínez Munuera,214.0,Spain
3825589,2015-09-18,20:30:00.000,1,0,available,unscheduled,2022-02-14T13:51:15.200077,,4,11,Spain,La Liga,27,2015/2016,216,Getafe,male,,214,Spain,"[{'id': 509, 'name': 'Francisco Escriba Segura', 'nickname': 'Fran Escribá', 'dob': '1965-05-03', 'country': {'id': 214, 'name': 'Spain'}}]",223,Málaga,male,,214,Spain,"[{'id': 188, 'name': 'Javier Gracia Carlos', 'nickname': 'Javi Gracia', 'dob': '1970-05-01', 'country': {'id': 214, 'name': 'Spain'}}]",1.1.0,2,2,1,Regular Season,354,Coliseum Alfonso Pérez,214,Spain,2625.0,José María Sánchez Martínez,214.0,Spain
3825588,2015-09-14,20:30:00.000,1,3,available,unscheduled,2022-02-14T13:50:07.055822,,3,11,Spain,La Liga,27,2015/2016,360,Rayo Vallecano,male,,214,Spain,"[{'id': 220, 'name': 'Francisco Jémez Martín', 'nickname': 'Paco Jémez', 'dob': '1970-04-18', 'country': {'id': 214, 'name': 'Spain'}}]",219,RC Deportivo La Coruña,male,,214,Spain,"[{'id': 3157, 'name': 'Víctor Sánchez del Amo', 'nickname': 'Víctor Sánchez', 'dob': '1976-02-23', 'country': {'id': 214, 'name': 'Spain'}}]",1.1.0,2,2,1,Regular Season,4640,Estadio de Vallecas,214,Spain,2602.0,Ricardo De Burgos Bengoetxea,214.0,Spain
3825587,2015-09-13,16:00:00.000,3,1,available,unscheduled,2022-02-14T13:48:58.997024,,3,11,Spain,La Liga,27,2015/2016,215,Athletic Club,male,,214,Spain,"[{'id': 227, 'name': 'Ernesto Valverde Tejedor', 'nickname': 'Ernesto Valverde', 'dob': '1964-02-09', 'country': {'id': 214, 'name': 'Spain'}}]",216,Getafe,male,,214,Spain,"[{'id': 509, 'name': 'Francisco Escriba Segura', 'nickname': 'Fran Escribá', 'dob': '1965-05-03', 'country': {'id': 214, 'name': 'Spain'}}]",1.1.0,2,2,1,Regular Season,345,San Mamés Barria,214,Spain,1015.0,Pedro Jesús Pérez Montero,214.0,Spain
3825586,2015-09-13,20:30:00.000,0,0,available,unscheduled,2022-05-08T20:23:38.103872,,3,11,Spain,La Liga,27,2015/2016,223,Málaga,male,,214,Spain,"[{'id': 188, 'name': 'Javier Gracia Carlos', 'nickname': 'Javi Gracia', 'dob': '1970-05-01', 'country': {'id': 214, 'name': 'Spain'}}]",322,Eibar,male,,214,Spain,"[{'id': 221, 'name': 'José Luis Mendilibar Etxebarria', 'nickname': 'José Luis Mendilibar', 'dob': '1961-03-14', 'country': {'id': 214, 'name': 'Spain'}}]",1.1.0,2,2,1,Regular Season,346,Estadio La Rosaleda,214,Spain,221.0,Alberto Undiano Mallenco,214.0,Spain
3825585,2015-09-13,18:15:00.000,3,3,available,unscheduled,2022-02-14T13:46:50.660058,,3,11,Spain,La Liga,27,2015/2016,209,Celta Vigo,male,,214,Spain,"[{'id': 385, 'name': 'Manuel Eduardo Berizzo', 'nickname': 'Eduardo Berizzo', 'dob': '1969-11-13', 'country': {'id': 11, 'name': 'Argentina'}}]",208,Las Palmas,male,,214,Spain,"[{'id': 745, 'name': 'Francisco Herrera Lorenzo', 'nickname': 'Paco Herrera', 'dob': '1953-12-02', 'country': {'id': 214, 'name': 'Spain'}}]",1.1.0,2,2,1,Regular Season,653,Abanca-Balaídos,214,Spain,2604.0,Xavier Estrada Fernández,214.0,Spain
3825583,2015-09-12,18:15:00.000,0,1,available,unscheduled,2022-02-14T13:44:45.229995,,3,11,Spain,La Liga,27,2015/2016,1041,Sporting Gijón,male,,214,Spain,"[{'id': 187, 'name': 'Abelardo Fernández Antuña', 'nickname': 'Abelardo', 'dob': '1970-04-19', 'country': {'id': 214, 'name': 'Spain'}}]",207,Valencia,male,,214,Spain,"[{'id': 396, 'name': 'Nuno Herlander Simões Espírito Santo', 'nickname': 'Nuno Espírito Santo', 'dob': '1974-01-25', 'country': {'id': 183, 'name': 'Portugal'}}]",1.1.0,2,2,1,Regular Season,4656,Estadio Municipal El Molinón,214,Spain,2728.0,Carlos del Cerro Grande,214.0,Spain
3825582,2015-09-12,22:00:00.000,1,0,available,unscheduled,2022-02-14T13:43:29.875334,,3,11,Spain,La Liga,27,2015/2016,218,Real Betis,male,,214,Spain,"[{'id': 57, 'name': 'José Mel Pérez', 'nickname': 'Pepe Mel', 'dob': '1963-02-28', 'country': {'id': 214, 'name': 'Spain'}}]",210,Real Sociedad,male,,214,Spain,"[{'id': 86, 'name': 'David Moyes', 'nickname': None, 'dob': '1963-04-25', 'country': {'id': 201, 'name': 'Scotland'}}]",1.1.0,2,2,1,Regular Season,352,Estadio Benito Villamarín,214,Spain,212.0,Alfonso Álvarez Izquierdo,214.0,Spain
3825581,2015-09-12,16:00:00.000,0,6,available,unscheduled,2022-02-14T13:42:33.474071,,3,11,Spain,La Liga,27,2015/2016,214,Espanyol,male,,214,Spain,"[{'id': 576, 'name': 'Sergio González Soriano', 'nickname': 'Sergio', 'dob': '1976-11-10', 'country': {'id': 214, 'name': 'Spain'}}]",220,Real Madrid,male,,214,Spain,"[{'id': 148, 'name': 'Rafael Benítez Maudes', 'nickname': 'Rafael Benítez', 'dob': '1960-04-16', 'country': {'id': 214, 'name': 'Spain'}}]",1.1.0,2,2,1,Regular Season,351,RCDE Stadium,214,Spain,2480.0,Iñaki Bikandi Garrido,214.0,Spain
3825580,2015-09-11,20:30:00.000,1,1,available,unscheduled,2022-02-14T13:41:30.309027,,3,11,Spain,La Liga,27,2015/2016,221,Levante UD,male,,214,Spain,"[{'id': 1612, 'name': 'Luis Lucas Alcaraz González', 'nickname': 'Lucas Alcaraz', 'dob': '1966-06-21', 'country': {'id': 214, 'name': 'Spain'}}]",213,Sevilla,male,,214,Spain,"[{'id': 21, 'name': 'Unai Emery Etxegoien', 'nickname': 'Unai Emery', 'dob': '1971-11-03', 'country': {'id': 214, 'name': 'Spain'}}]",1.1.0,2,2,1,Regular Season,350,Estadio Ciudad de Valencia,214,Spain,218.0,Ignacio Iglesias Villanueva,214.0,Spain
3825578,2015-08-30,18:30:00.000,2,0,available,unscheduled,2022-02-14T13:39:21.820851,,2,11,Spain,La Liga,27,2015/2016,322,Eibar,male,,214,Spain,"[{'id': 221, 'name': 'José Luis Mendilibar Etxebarria', 'nickname': 'José Luis Mendilibar', 'dob': '1961-03-14', 'country': {'id': 214, 'name': 'Spain'}}]",215,Athletic Club,male,,214,Spain,"[{'id': 227, 'name': 'Ernesto Valverde Tejedor', 'nickname': 'Ernesto Valverde', 'dob': '1964-02-09', 'country': {'id': 214, 'name': 'Spain'}}]",1.1.0,2,2,1,Regular Season,347,Estadio Municipal de Ipurúa,214,Spain,222.0,David Fernández Borbalan,214.0,Spain
3825577,2015-08-30,22:30:00.000,1,2,available,unscheduled,2022-02-14T13:38:12.058906,,2,11,Spain,La Liga,27,2015/2016,216,Getafe,male,,214,Spain,"[{'id': 509, 'name': 'Francisco Escriba Segura', 'nickname': 'Fran Escribá', 'dob': '1965-05-03', 'country': {'id': 214, 'name': 'Spain'}}]",1049,Granada,male,,214,Spain,"[{'id': 1617, 'name': 'José Ramón Sandoval Huertas', 'nickname': 'José Ramón Sandoval', 'dob': '1968-05-02', 'country': {'id': 214, 'name': 'Spain'}}]",1.1.0,2,2,1,Regular Season,354,Coliseum Alfonso Pérez,214,Spain,2419.0,Eduardo Prieto Iglesias,214.0,Spain
3825576,2015-08-30,20:30:00.000,1,1,available,unscheduled,2022-02-14T13:37:15.615798,,2,11,Spain,La Liga,27,2015/2016,207,Valencia,male,,214,Spain,"[{'id': 396, 'name': 'Nuno Herlander Simões Espírito Santo', 'nickname': 'Nuno Espírito Santo', 'dob': '1974-01-25', 'country': {'id': 183, 'name': 'Portugal'}}]",219,RC Deportivo La Coruña,male,,214,Spain,"[{'id': 3157, 'name': 'Víctor Sánchez del Amo', 'nickname': 'Víctor Sánchez', 'dob': '1976-02-23', 'country': {'id': 214, 'name': 'Spain'}}]",1.1.0,2,2,1,Regular Season,344,Estadio de Mestalla,214,Spain,211.0,José Luis González González,214.0,Spain
3825575,2015-08-30,22:30:00.000,0,0,available,unscheduled,2022-02-14T13:36:18.649873,,2,11,Spain,La Liga,27,2015/2016,208,Las Palmas,male,,214,Spain,"[{'id': 745, 'name': 'Francisco Herrera Lorenzo', 'nickname': 'Paco Herrera', 'dob': '1953-12-02', 'country': {'id': 214, 'name': 'Spain'}}]",221,Levante UD,male,,214,Spain,"[{'id': 1612, 'name': 'Luis Lucas Alcaraz González', 'nickname': 'Lucas Alcaraz', 'dob': '1966-06-21', 'country': {'id': 214, 'name': 'Spain'}}]",1.1.0,2,2,1,Regular Season,357,Estadio de Gran Canaria,214,Spain,1015.0,Pedro Jesús Pérez Montero,214.0,Spain
3825574,2015-08-29,22:00:00.000,3,0,available,unscheduled,2022-02-14T13:35:06.027948,,2,11,Spain,La Liga,27,2015/2016,209,Celta Vigo,male,,214,Spain,"[{'id': 385, 'name': 'Manuel Eduardo Berizzo', 'nickname': 'Eduardo Berizzo', 'dob': '1969-11-13', 'country': {'id': 11, 'name': 'Argentina'}}]",360,Rayo Vallecano,male,,214,Spain,"[{'id': 220, 'name': 'Francisco Jémez Martín', 'nickname': 'Paco Jémez', 'dob': '1970-04-18', 'country': {'id': 214, 'name': 'Spain'}}]",1.1.0,2,2,1,Regular Season,653,Abanca-Balaídos,214,Spain,2434.0,Juan Martínez Munuera,214.0,Spain
3825573,2015-08-29,18:30:00.000,0,0,available,unscheduled,2022-02-14T13:33:52.404586,,2,11,Spain,La Liga,27,2015/2016,210,Real Sociedad,male,,214,Spain,"[{'id': 86, 'name': 'David Moyes', 'nickname': None, 'dob': '1963-04-25', 'country': {'id': 201, 'name': 'Scotland'}}]",1041,Sporting Gijón,male,,214,Spain,"[{'id': 187, 'name': 'Abelardo Fernández Antuña', 'nickname': 'Abelardo', 'dob': '1970-04-19', 'country': {'id': 214, 'name': 'Spain'}}]",1.1.0,2,2,1,Regular Season,5043,Reale Arena,214,Spain,2625.0,José María Sánchez Martínez,214.0,Spain
3825571,2015-08-28,20:30:00.000,3,1,available,unscheduled,2022-02-14T13:31:45.742947,,2,11,Spain,La Liga,27,2015/2016,222,Villarreal,male,,214,Spain,"[{'id': 211, 'name': 'Marcelino García Toral', 'nickname': 'Marcelino', 'dob': '1965-08-14', 'country': {'id': 214, 'name': 'Spain'}}]",214,Espanyol,male,,214,Spain,"[{'id': 576, 'name': 'Sergio González Soriano', 'nickname': 'Sergio', 'dob': '1976-11-10', 'country': {'id': 214, 'name': 'Spain'}}]",1.1.0,2,2,1,Regular Season,361,Estadio de la Cerámica,214,Spain,2535.0,Carlos Velasco Carballo,214.0,Spain
3825569,2015-08-23,22:00:00.000,1,2,available,unscheduled,2022-02-14T13:29:40.013078,,1,11,Spain,La Liga,27,2015/2016,221,Levante UD,male,,214,Spain,"[{'id': 1612, 'name': 'Luis Lucas Alcaraz González', 'nickname': 'Lucas Alcaraz', 'dob': '1966-06-21', 'country': {'id': 214, 'name': 'Spain'}}]",209,Celta Vigo,male,,214,Spain,"[{'id': 385, 'name': 'Manuel Eduardo Berizzo', 'nickname': 'Eduardo Berizzo', 'dob': '1969-11-13', 'country': {'id': 11, 'name': 'Argentina'}}]",1.1.0,2,2,1,Regular Season,350,Estadio Ciudad de Valencia,214,Spain,2602.0,Ricardo De Burgos Bengoetxea,214.0,Spain
3825568,2015-08-23,22:30:00.000,1,1,available,unscheduled,2022-02-14T13:28:31.537874,,1,11,Spain,La Liga,27,2015/2016,218,Real Betis,male,,214,Spain,"[{'id': 57, 'name': 'José Mel Pérez', 'nickname': 'Pepe Mel', 'dob': '1963-02-28', 'country': {'id': 214, 'name': 'Spain'}}]",222,Villarreal,male,,214,Spain,"[{'id': 211, 'name': 'Marcelino García Toral', 'nickname': 'Marcelino', 'dob': '1965-08-14', 'country': {'id': 214, 'name': 'Spain'}}]",1.1.0,2,2,1,Regular Season,352,Estadio Benito Villamarín,214,Spain,2480.0,Iñaki Bikandi Garrido,214.0,Spain
3825567,2015-08-23,20:30:00.000,0,0,available,unscheduled,2022-02-14T13:27:38.939472,,1,11,Spain,La Liga,27,2015/2016,1041,Sporting Gijón,male,,214,Spain,"[{'id': 187, 'name': 'Abelardo Fernández Antuña', 'nickname': 'Abelardo', 'dob': '1970-04-19', 'country': {'id': 214, 'name': 'Spain'}}]",220,Real Madrid,male,,214,Spain,"[{'id': 148, 'name': 'Rafael Benítez Maudes', 'nickname': 'Rafael Benítez', 'dob': '1960-04-16', 'country': {'id': 214, 'name': 'Spain'}}]",1.1.0,2,2,1,Regular Season,4656,Estadio Municipal El Molinón,214,Spain,2604.0,Xavier Estrada Fernández,214.0,Spain
3825566,2015-08-22,22:30:00.000,0,0,available,unscheduled,2022-02-14T13:26:26.531977,,1,11,Spain,La Liga,27,2015/2016,360,Rayo Vallecano,male,,214,Spain,"[{'id': 220, 'name': 'Francisco Jémez Martín', 'nickname': 'Paco Jémez', 'dob': '1970-04-18', 'country': {'id': 214, 'name': 'Spain'}}]",207,Valencia,male,,214,Spain,"[{'id': 396, 'name': 'Nuno Herlander Simões Espírito Santo', 'nickname': 'Nuno Espírito Santo', 'dob': '1974-01-25', 'country': {'id': 183, 'name': 'Portugal'}}]",1.1.0,2,2,1,Regular Season,4640,Estadio de Vallecas,214,Spain,221.0,Alberto Undiano Mallenco,214.0,Spain
3825565,2015-08-22,18:30:00.000,1,0,available,unscheduled,2022-02-14T13:25:24.237551,,1,11,Spain,La Liga,27,2015/2016,214,Espanyol,male,,214,Spain,"[{'id': 576, 'name': 'Sergio González Soriano', 'nickname': 'Sergio', 'dob': '1976-11-10', 'country': {'id': 214, 'name': 'Spain'}}]",216,Getafe,male,,214,Spain,"[{'id': 509, 'name': 'Francisco Escriba Segura', 'nickname': 'Fran Escribá', 'dob': '1965-05-03', 'country': {'id': 214, 'name': 'Spain'}}]",1.1.0,2,2,1,Regular Season,351,RCDE Stadium,214,Spain,183.0,Jesús Gil Manzano,214.0,Spain
3825564,2015-08-22,18:30:00.000,0,0,available,unscheduled,2022-02-14T13:24:22.394076,,1,11,Spain,La Liga,27,2015/2016,219,RC Deportivo La Coruña,male,,214,Spain,"[{'id': 3157, 'name': 'Víctor Sánchez del Amo', 'nickname': 'Víctor Sánchez', 'dob': '1976-02-23', 'country': {'id': 214, 'name': 'Spain'}}]",210,Real Sociedad,male,,214,Spain,"[{'id': 86, 'name': 'David Moyes', 'nickname': None, 'dob': '1963-04-25', 'country': {'id': 201, 'name': 'Scotland'}}]",1.1.0,2,2,1,Regular Season,4658,Estadio Abanca-Riazor,214,Spain,180.0,Antonio Miguel Mateu Lahoz,214.0,Spain
3825563,2015-08-22,20:30:00.000,1,0,available,unscheduled,2022-02-14T13:23:03.150960,,1,11,Spain,La Liga,27,2015/2016,212,Atlético Madrid,male,,214,Spain,"[{'id': 5162, 'name': 'Tiago Cardoso Mendes', 'nickname': None, 'dob': '1981-05-02', 'country': {'id': 183, 'name': 'Portugal'}}, {'id': 230, 'name': 'Diego Pablo Simeone', 'nickname': 'Diego Simeone', 'dob': '1970-04-28', 'country': {'id': 11, 'name': 'Argentina'}}]",208,Las Palmas,male,,214,Spain,"[{'id': 745, 'name': 'Francisco Herrera Lorenzo', 'nickname': 'Paco Herrera', 'dob': '1953-12-02', 'country': {'id': 214, 'name': 'Spain'}}]",1.1.0,2,2,1,Regular Season,625,Estadio Vicente Calderón,214,Spain,2419.0,Eduardo Prieto Iglesias,214.0,Spain
266498,2016-03-12,17:00:00.000,6,0,available,scheduled,2023-07-24T21:49:59.471748,2021-06-13T16:17:31.694,29,11,Spain,La Liga,27,2015/2016,217,Barcelona,male,,214,Spain,"[{'id': 793, 'name': 'Luis Enrique Martínez García', 'nickname': 'Luis Enrique', 'dob': '1970-05-08', 'country': {'id': 214, 'name': 'Spain'}}]",216,Getafe,male,,214,Spain,"[{'id': 509, 'name': 'Francisco Escriba Segura', 'nickname': 'Fran Escribá', 'dob': '1965-05-03', 'country': {'id': 214, 'name': 'Spain'}}]",1.1.0,2,2,1,Regular Season,342,Spotify Camp Nou,214,Spain,1015.0,Pedro Jesús Pérez Montero,214.0,Spain
266986,2016-04-30,20:30:00.000,0,2,available,scheduled,2022-08-30T12:52:34.036721,2021-06-13T16:17:31.694,36,11,Spain,La Liga,27,2015/2016,218,Real Betis,male,,214,Spain,"[{'id': 5049, 'name': 'Juan Merino Ruíz', 'nickname': 'Juan Merino', 'dob': '1970-08-24', 'country': {'id': 214, 'name': 'Spain'}}]",217,Barcelona,male,,214,Spain,"[{'id': 793, 'name': 'Luis Enrique Martínez García', 'nickname': 'Luis Enrique', 'dob': '1970-05-08', 'country': {'id': 214, 'name': 'Spain'}}]",1.1.0,2,2,1,Regular Season,352,Estadio Benito Villamarín,214,Spain,180.0,Antonio Miguel Mateu Lahoz,214.0,Spain
267533,2016-04-02,20:30:00.000,1,2,available,scheduled,2023-07-24T21:51:48.410526,2021-06-13T16:17:31.694,31,11,Spain,La Liga,27,2015/2016,217,Barcelona,male,,214,Spain,"[{'id': 793, 'name': 'Luis Enrique Martínez García', 'nickname': 'Luis Enrique', 'dob': '1970-05-08', 'country': {'id': 214, 'name': 'Spain'}}]",220,Real Madrid,male,,214,Spain,"[{'id': 56, 'name': 'Zinédine Zidane', 'nickname': None, 'dob': '1972-06-23', 'country': {'id': 78, 'name': 'France'}}]",1.1.0,2,2,1,Regular Season,342,Spotify Camp Nou,214,Spain,,,,
266310,2016-04-20,20:00:00.000,0,8,available,scheduled,2023-07-24T21:52:42.890908,2021-06-13T16:17:31.694,34,11,Spain,La Liga,27,2015/2016,219,RC Deportivo La Coruña,male,,214,Spain,"[{'id': 3157, 'name': 'Víctor Sánchez del Amo', 'nickname': 'Víctor Sánchez', 'dob': '1976-02-23', 'country': {'id': 214, 'name': 'Spain'}}]",217,Barcelona,male,,214,Spain,"[{'id': 793, 'name': 'Luis Enrique Martínez García', 'nickname': 'Luis Enrique', 'dob': '1970-05-08', 'country': {'id': 214, 'name': 'Spain'}}]",1.1.0,2,2,1,Regular Season,4658,Estadio Abanca-Riazor,214,Spain,,,,
267576,2016-01-30,17:00:00.000,2,1,available,scheduled,2022-08-30T11:31:07.816757,2021-06-13T16:17:31.694,22,11,Spain,La Liga,27,2015/2016,217,Barcelona,male,,214,Spain,"[{'id': 793, 'name': 'Luis Enrique Martínez García', 'nickname': 'Luis Enrique', 'dob': '1970-05-08', 'country': {'id': 214, 'name': 'Spain'}}]",212,Atlético Madrid,male,,214,Spain,"[{'id': 230, 'name': 'Diego Pablo Simeone', 'nickname': 'Diego Simeone', 'dob': '1970-04-28', 'country': {'id': 11, 'name': 'Argentina'}}]",1.1.0,2,2,1,Regular Season,342,Spotify Camp Nou,214,Spain,221.0,Alberto Undiano Mallenco,214.0,Spain
266653,2016-03-03,22:00:00.000,1,5,available,scheduled,2023-07-24T21:44:55.075875,2021-06-13T16:17:31.694,27,11,Spain,La Liga,27,2015/2016,360,Rayo Vallecano,male,,214,Spain,"[{'id': 220, 'name': 'Francisco Jémez Martín', 'nickname': 'Paco Jémez', 'dob': '1970-04-18', 'country': {'id': 214, 'name': 'Spain'}}]",217,Barcelona,male,,214,Spain,"[{'id': 793, 'name': 'Luis Enrique Martínez García', 'nickname': 'Luis Enrique', 'dob': '1970-05-08', 'country': {'id': 214, 'name': 'Spain'}}]",1.1.0,2,2,1,Regular Season,4640,Estadio de Vallecas,214,Spain,,,,
265944,2016-04-23,20:30:00.000,6,0,available,scheduled,2023-07-24T17:54:12.421030,2021-06-13T16:17:31.694,35,11,Spain,La Liga,27,2015/2016,217,Barcelona,male,,214,Spain,"[{'id': 793, 'name': 'Luis Enrique Martínez García', 'nickname': 'Luis Enrique', 'dob': '1970-05-08', 'country': {'id': 214, 'name': 'Spain'}}]",1041,Sporting Gijón,male,,214,Spain,"[{'id': 187, 'name': 'Abelardo Fernández Antuña', 'nickname': 'Abelardo', 'dob': '1970-04-19', 'country': {'id': 214, 'name': 'Spain'}}]",1.1.0,2,2,1,Regular Season,342,Spotify Camp Nou,214,Spain,1008.0,Carlos Clos Gómez,214.0,Spain
265894,2016-01-23,17:00:00.000,1,2,available,scheduled,2022-08-30T11:24:51.437349,2021-06-13T16:17:31.694,21,11,Spain,La Liga,27,2015/2016,223,Málaga,male,,214,Spain,"[{'id': 188, 'name': 'Javier Gracia Carlos', 'nickname': 'Javi Gracia', 'dob': '1970-05-01', 'country': {'id': 214, 'name': 'Spain'}}]",217,Barcelona,male,,214,Spain,"[{'id': 793, 'name': 'Luis Enrique Martínez García', 'nickname': 'Luis Enrique', 'dob': '1970-05-08', 'country': {'id': 214, 'name': 'Spain'}}]",1.1.0,2,2,1,Regular Season,346,Estadio La Rosaleda,214,Spain,1008.0,Carlos Clos Gómez,214.0,Spain
265958,2016-05-08,17:00:00.000,5,0,available,scheduled,2023-07-24T21:48:06.008416,2021-06-13T16:17:31.694,37,11,Spain,La Liga,27,2015/2016,217,Barcelona,male,,214,Spain,"[{'id': 793, 'name': 'Luis Enrique Martínez García', 'nickname': 'Luis Enrique', 'dob': '1970-05-08', 'country': {'id': 214, 'name': 'Spain'}}]",214,Espanyol,male,,214,Spain,"[{'id': 1816, 'name': 'Constantin Gâlcă', 'nickname': None, 'dob': '1972-03-08', 'country': {'id': 187, 'name': 'Romania'}}]",1.1.0,2,2,1,Regular Season,342,Spotify Camp Nou,214,Spain,183.0,Jesús Gil Manzano,214.0,Spain
267611,2015-09-26,16:00:00.000,2,1,available,scheduled,2023-07-24T21:51:58.861743,2021-06-13T16:17:31.694,6,11,Spain,La Liga,27,2015/2016,217,Barcelona,male,,214,Spain,"[{'id': 793, 'name': 'Luis Enrique Martínez García', 'nickname': 'Luis Enrique', 'dob': '1970-05-08', 'country': {'id': 214, 'name': 'Spain'}}]",208,Las Palmas,male,,214,Spain,"[{'id': 745, 'name': 'Francisco Herrera Lorenzo', 'nickname': 'Paco Herrera', 'dob': '1953-12-02', 'country': {'id': 214, 'name': 'Spain'}}]",1.1.0,2,2,1,Regular Season,342,Spotify Camp Nou,214,Spain,,,,
267422,2015-08-29,20:30:00.000,1,0,available,scheduled,2023-07-24T21:43:56.490047,2021-06-13T16:17:31.694,2,11,Spain,La Liga,27,2015/2016,217,Barcelona,male,,214,Spain,"[{'id': 793, 'name': 'Luis Enrique Martínez García', 'nickname': 'Luis Enrique', 'dob': '1970-05-08', 'country': {'id': 214, 'name': 'Spain'}}]",223,Málaga,male,,214,Spain,"[{'id': 188, 'name': 'Javier Gracia Carlos', 'nickname': 'Javi Gracia', 'dob': '1970-05-01', 'country': {'id': 214, 'name': 'Spain'}}]",1.1.0,2,2,1,Regular Season,342,Spotify Camp Nou,214,Spain,,,,
266236,2015-08-23,18:30:00.000,0,1,available,scheduled,2023-07-24T21:45:51.010993,2021-06-13T16:17:31.694,1,11,Spain,La Liga,27,2015/2016,215,Athletic Club,male,,214,Spain,"[{'id': 227, 'name': 'Ernesto Valverde Tejedor', 'nickname': 'Ernesto Valverde', 'dob': '1964-02-09', 'country': {'id': 214, 'name': 'Spain'}}]",217,Barcelona,male,,214,Spain,"[{'id': 793, 'name': 'Luis Enrique Martínez García', 'nickname': 'Luis Enrique', 'dob': '1970-05-08', 'country': {'id': 214, 'name': 'Spain'}}]",1.1.0,2,2,1,Regular Season,345,San Mamés Barria,214,Spain,,,,
267274,2015-12-05,20:30:00.000,1,1,available,scheduled,2023-07-24T21:46:03.786687,2021-06-13T16:17:31.694,14,11,Spain,La Liga,27,2015/2016,207,Valencia,male,,214,Spain,"[{'id': 4167, 'name': 'Salvador González Marco', 'nickname': 'Voro', 'dob': '1963-10-09', 'country': {'id': 214, 'name': 'Spain'}}]",217,Barcelona,male,,214,Spain,"[{'id': 793, 'name': 'Luis Enrique Martínez García', 'nickname': 'Luis Enrique', 'dob': '1970-05-08', 'country': {'id': 214, 'name': 'Spain'}}]",1.1.0,2,2,1,Regular Season,344,Estadio de Mestalla,214,Spain,,,,
266961,2015-12-12,16:00:00.000,2,2,available,scheduled,2020-07-29T05:00,2021-06-13T16:17:31.694,15,11,Spain,La Liga,27,2015/2016,217,Barcelona,male,,214,Spain,"[{'id': 793, 'name': 'Luis Enrique Martínez García', 'nickname': 'Luis Enrique', 'dob': '1970-05-08', 'country': {'id': 214, 'name': 'Spain'}}]",219,RC Deportivo La Coruña,male,,214,Spain,"[{'id': 3157, 'name': 'Víctor Sánchez del Amo', 'nickname': 'Víctor Sánchez', 'dob': '1976-02-23', 'country': {'id': 214, 'name': 'Spain'}}]",1.1.0,2,2,1,Regular Season,342,Spotify Camp Nou,214,Spain,,,,
266885,2015-11-28,16:00:00.000,4,0,available,scheduled,2023-07-24T21:46:45.620687,2021-06-13T16:17:31.694,13,11,Spain,La Liga,27,2015/2016,217,Barcelona,male,,214,Spain,"[{'id': 793, 'name': 'Luis Enrique Martínez García', 'nickname': 'Luis Enrique', 'dob': '1970-05-08', 'country': {'id': 214, 'name': 'Spain'}}]",210,Real Sociedad,male,,214,Spain,"[{'id': 229, 'name': 'Eusebio Sacristán Mena', 'nickname': 'Eusebio Sacristán', 'dob': '1964-04-13', 'country': {'id': 214, 'name': 'Spain'}}]",1.1.0,2,2,1,Regular Season,342,Spotify Camp Nou,214,Spain,218.0,Ignacio Iglesias Villanueva,214.0,Spain
266815,2016-02-17,18:30:00.000,1,3,available,scheduled,2023-07-24T21:51:07.293520,2021-06-13T16:17:31.694,16,11,Spain,La Liga,27,2015/2016,1041,Sporting Gijón,male,,214,Spain,"[{'id': 187, 'name': 'Abelardo Fernández Antuña', 'nickname': 'Abelardo', 'dob': '1970-04-19', 'country': {'id': 214, 'name': 'Spain'}}]",217,Barcelona,male,,214,Spain,"[{'id': 793, 'name': 'Luis Enrique Martínez García', 'nickname': 'Luis Enrique', 'dob': '1970-05-08', 'country': {'id': 214, 'name': 'Spain'}}]",1.1.0,2,2,1,Regular Season,4656,Estadio Municipal El Molinón,214,Spain,,,,
267506,2016-05-14,17:00:00.000,0,3,available,scheduled,2022-08-30T13:00:21.018790,2021-06-13T16:17:31.694,38,11,Spain,La Liga,27,2015/2016,1049,Granada,male,,214,Spain,"[{'id': 226, 'name': 'José Manuel González López', 'nickname': 'José González', 'dob': '1966-10-14', 'country': {'id': 214, 'name': 'Spain'}}]",217,Barcelona,male,,214,Spain,"[{'id': 793, 'name': 'Luis Enrique Martínez García', 'nickname': 'Luis Enrique', 'dob': '1970-05-08', 'country': {'id': 214, 'name': 'Spain'}}]",1.1.0,2,2,1,Regular Season,4667,Estadio Nuevo Los Cármenes,214,Spain,,,,
266664,2016-04-09,20:30:00.000,1,0,available,scheduled,2022-08-30T12:06:30.681236,2021-06-13T16:17:31.694,32,11,Spain,La Liga,27,2015/2016,210,Real Sociedad,male,,214,Spain,"[{'id': 229, 'name': 'Eusebio Sacristán Mena', 'nickname': 'Eusebio Sacristán', 'dob': '1964-04-13', 'country': {'id': 214, 'name': 'Spain'}}]",217,Barcelona,male,,214,Spain,"[{'id': 793, 'name': 'Luis Enrique Martínez García', 'nickname': 'Luis Enrique', 'dob': '1970-05-08', 'country': {'id': 214, 'name': 'Spain'}}]",1.1.0,2,2,1,Regular Season,5043,Reale Arena,214,Spain,218.0,Ignacio Iglesias Villanueva,214.0,Spain
266106,2016-03-20,17:00:00.000,2,2,available,scheduled,2020-07-29T05:00,2021-06-13T16:17:31.694,30,11,Spain,La Liga,27,2015/2016,222,Villarreal,male,,214,Spain,"[{'id': 211, 'name': 'Marcelino García Toral', 'nickname': 'Marcelino', 'dob': '1965-08-14', 'country': {'id': 214, 'name': 'Spain'}}]",217,Barcelona,male,,214,Spain,"[{'id': 793, 'name': 'Luis Enrique Martínez García', 'nickname': 'Luis Enrique', 'dob': '1970-05-08', 'country': {'id': 214, 'name': 'Spain'}}]",1.1.0,2,2,1,Regular Season,361,Estadio de la Cerámica,214,Spain,,,,
266670,2016-01-02,16:00:00.000,0,0,available,scheduled,2022-08-30T11:07:03.376857,2021-06-13T16:17:31.694,18,11,Spain,La Liga,27,2015/2016,214,Espanyol,male,,214,Spain,"[{'id': 1816, 'name': 'Constantin Gâlcă', 'nickname': None, 'dob': '1972-03-08', 'country': {'id': 187, 'name': 'Romania'}}]",217,Barcelona,male,,214,Spain,"[{'id': 793, 'name': 'Luis Enrique Martínez García', 'nickname': 'Luis Enrique', 'dob': '1970-05-08', 'country': {'id': 214, 'name': 'Spain'}}]",1.1.0,2,2,1,Regular Season,351,RCDE Stadium,214,Spain,211.0,José Luis González González,214.0,Spain
266149,2016-01-17,20:30:00.000,6,0,available,scheduled,2023-07-24T21:47:37.819590,2021-06-13T16:17:31.694,20,11,Spain,La Liga,27,2015/2016,217,Barcelona,male,,214,Spain,"[{'id': 793, 'name': 'Luis Enrique Martínez García', 'nickname': 'Luis Enrique', 'dob': '1970-05-08', 'country': {'id': 214, 'name': 'Spain'}}]",215,Athletic Club,male,,214,Spain,"[{'id': 227, 'name': 'Ernesto Valverde Tejedor', 'nickname': 'Ernesto Valverde', 'dob': '1964-02-09', 'country': {'id': 214, 'name': 'Spain'}}]",1.1.0,2,2,1,Regular Season,342,Spotify Camp Nou,214,Spain,180.0,Antonio Miguel Mateu Lahoz,214.0,Spain
266620,2016-01-09,16:00:00.000,4,0,available,scheduled,2022-08-30T11:16:19.049611,2021-06-13T16:17:31.694,19,11,Spain,La Liga,27,2015/2016,217,Barcelona,male,,214,Spain,"[{'id': 793, 'name': 'Luis Enrique Martínez García', 'nickname': 'Luis Enrique', 'dob': '1970-05-08', 'country': {'id': 214, 'name': 'Spain'}}]",1049,Granada,male,,214,Spain,"[{'id': 1617, 'name': 'José Ramón Sandoval Huertas', 'nickname': 'José Ramón Sandoval', 'dob': '1968-05-02', 'country': {'id': 214, 'name': 'Spain'}}]",1.1.0,2,2,1,Regular Season,342,Spotify Camp Nou,214,Spain,2535.0,Carlos Velasco Carballo,214.0,Spain
266056,2016-03-06,17:00:00.000,0,4,available,scheduled,2023-07-24T21:45:04.556843,2021-06-13T16:17:31.694,28,11,Spain,La Liga,27,2015/2016,322,Eibar,male,,214,Spain,"[{'id': 221, 'name': 'José Luis Mendilibar Etxebarria', 'nickname': 'José Luis Mendilibar', 'dob': '1961-03-14', 'country': {'id': 214, 'name': 'Spain'}}]",217,Barcelona,male,,214,Spain,"[{'id': 793, 'name': 'Luis Enrique Martínez García', 'nickname': 'Luis Enrique', 'dob': '1970-05-08', 'country': {'id': 214, 'name': 'Spain'}}]",1.1.0,2,2,1,Regular Season,347,Estadio Municipal de Ipurúa,214,Spain,221.0,Alberto Undiano Mallenco,214.0,Spain
267327,2015-12-30,20:30:00.000,4,0,available,scheduled,2023-07-24T17:59:40.159198,2021-06-13T16:17:31.694,17,11,Spain,La Liga,27,2015/2016,217,Barcelona,male,,214,Spain,"[{'id': 793, 'name': 'Luis Enrique Martínez García', 'nickname': 'Luis Enrique', 'dob': '1970-05-08', 'country': {'id': 214, 'name': 'Spain'}}]",218,Real Betis,male,,214,Spain,"[{'id': 57, 'name': 'José Mel Pérez', 'nickname': 'Pepe Mel', 'dob': '1963-02-28', 'country': {'id': 214, 'name': 'Spain'}}]",1.1.0,2,2,1,Regular Season,342,Spotify Camp Nou,214,Spain,,,,
266166,2015-09-12,20:30:00.000,1,2,available,scheduled,2023-07-24T21:46:36.538236,2021-06-13T16:17:31.694,3,11,Spain,La Liga,27,2015/2016,212,Atlético Madrid,male,,214,Spain,"[{'id': 230, 'name': 'Diego Pablo Simeone', 'nickname': 'Diego Simeone', 'dob': '1970-04-28', 'country': {'id': 11, 'name': 'Argentina'}}]",217,Barcelona,male,,214,Spain,"[{'id': 793, 'name': 'Luis Enrique Martínez García', 'nickname': 'Luis Enrique', 'dob': '1970-05-08', 'country': {'id': 214, 'name': 'Spain'}}]",1.1.0,2,2,1,Regular Season,625,Estadio Vicente Calderón,214,Spain,180.0,Antonio Miguel Mateu Lahoz,214.0,Spain
266160,2016-02-07,13:00:00.000,0,2,available,scheduled,2023-07-24T21:45:46.207168,2021-06-13T16:17:31.694,23,11,Spain,La Liga,27,2015/2016,221,Levante UD,male,,214,Spain,"[{'id': 677, 'name': 'Joan Francesc Ferrer Sicilia', 'nickname': 'Rubí', 'dob': '1970-02-05', 'country': {'id': 214, 'name': 'Spain'}}]",217,Barcelona,male,,214,Spain,"[{'id': 793, 'name': 'Luis Enrique Martínez García', 'nickname': 'Luis Enrique', 'dob': '1970-05-08', 'country': {'id': 214, 'name': 'Spain'}}]",1.1.0,2,2,1,Regular Season,350,Estadio Ciudad de Valencia,214,Spain,1015.0,Pedro Jesús Pérez Montero,214.0,Spain
265839,2016-02-28,21:30:00.000,2,1,available,scheduled,2022-08-30T11:54:13.382802,2021-06-13T16:17:31.694,26,11,Spain,La Liga,27,2015/2016,217,Barcelona,male,,214,Spain,"[{'id': 793, 'name': 'Luis Enrique Martínez García', 'nickname': 'Luis Enrique', 'dob': '1970-05-08', 'country': {'id': 214, 'name': 'Spain'}}]",213,Sevilla,male,,214,Spain,"[{'id': 21, 'name': 'Unai Emery Etxegoien', 'nickname': 'Unai Emery', 'dob': '1971-11-03', 'country': {'id': 214, 'name': 'Spain'}}]",1.1.0,2,2,1,Regular Season,342,Spotify Camp Nou,214,Spain,,,,
266424,2015-11-21,18:15:00.000,0,4,available,scheduled,2022-08-30T11:00:31.902311,2021-06-13T16:17:31.694,12,11,Spain,La Liga,27,2015/2016,220,Real Madrid,male,,214,Spain,"[{'id': 148, 'name': 'Rafael Benítez Maudes', 'nickname': 'Rafael Benítez', 'dob': '1960-04-16', 'country': {'id': 214, 'name': 'Spain'}}]",217,Barcelona,male,,214,Spain,"[{'id': 793, 'name': 'Luis Enrique Martínez García', 'nickname': 'Luis Enrique', 'dob': '1970-05-08', 'country': {'id': 214, 'name': 'Spain'}}]",1.1.0,2,2,1,Regular Season,353,Estadio Santiago Bernabéu,214,Spain,222.0,David Fernández Borbalan,214.0,Spain
266467,2015-09-23,20:00:00.000,4,1,available,scheduled,2020-07-29T05:00,2021-06-13T16:17:31.694,5,11,Spain,La Liga,27,2015/2016,209,Celta Vigo,male,,214,Spain,"[{'id': 385, 'name': 'Manuel Eduardo Berizzo', 'nickname': 'Eduardo Berizzo', 'dob': '1969-11-13', 'country': {'id': 11, 'name': 'Argentina'}}]",217,Barcelona,male,,214,Spain,"[{'id': 793, 'name': 'Luis Enrique Martínez García', 'nickname': 'Luis Enrique', 'dob': '1970-05-08', 'country': {'id': 214, 'name': 'Spain'}}]",1.1.0,2,2,1,Regular Season,653,Abanca-Balaídos,214,Spain,221.0,Alberto Undiano Mallenco,214.0,Spain
267273,2016-02-20,17:00:00.000,1,2,available,scheduled,2020-07-29T05:00,2021-06-13T16:17:31.694,25,11,Spain,La Liga,27,2015/2016,208,Las Palmas,male,,214,Spain,"[{'id': 238, 'name': 'Enrique Setién Solar', 'nickname': 'Quique Setién', 'dob': '1958-09-27', 'country': {'id': 214, 'name': 'Spain'}}]",217,Barcelona,male,,214,Spain,"[{'id': 793, 'name': 'Luis Enrique Martínez García', 'nickname': 'Luis Enrique', 'dob': '1970-05-08', 'country': {'id': 214, 'name': 'Spain'}}]",1.1.0,2,2,1,Regular Season,357,Estadio de Gran Canaria,214,Spain,,,,
266490,2015-09-20,20:30:00.000,4,1,available,scheduled,2022-08-30T10:30:18.594970,2021-06-13T16:17:31.694,4,11,Spain,La Liga,27,2015/2016,217,Barcelona,male,,214,Spain,"[{'id': 793, 'name': 'Luis Enrique Martínez García', 'nickname': 'Luis Enrique', 'dob': '1970-05-08', 'country': {'id': 214, 'name': 'Spain'}}]",221,Levante UD,male,,214,Spain,"[{'id': 1612, 'name': 'Luis Lucas Alcaraz González', 'nickname': 'Lucas Alcaraz', 'dob': '1966-06-21', 'country': {'id': 214, 'name': 'Spain'}}]",1.1.0,2,2,1,Regular Season,342,Spotify Camp Nou,214,Spain,222.0,David Fernández Borbalan,214.0,Spain
266254,2016-02-14,21:30:00.000,6,1,available,scheduled,2023-07-24T17:56:08.111843,2021-06-13T16:17:31.694,24,11,Spain,La Liga,27,2015/2016,217,Barcelona,male,,214,Spain,"[{'id': 793, 'name': 'Luis Enrique Martínez García', 'nickname': 'Luis Enrique', 'dob': '1970-05-08', 'country': {'id': 214, 'name': 'Spain'}}]",209,Celta Vigo,male,,214,Spain,"[{'id': 385, 'name': 'Manuel Eduardo Berizzo', 'nickname': 'Eduardo Berizzo', 'dob': '1969-11-13', 'country': {'id': 11, 'name': 'Argentina'}}]",1.1.0,2,2,1,Regular Season,342,Spotify Camp Nou,214,Spain,,,,
266557,2016-04-17,20:30:00.000,1,2,available,scheduled,2023-07-24T18:00:30.746407,2021-06-13T16:17:31.694,33,11,Spain,La Liga,27,2015/2016,217,Barcelona,male,,214,Spain,"[{'id': 793, 'name': 'Luis Enrique Martínez García', 'nickname': 'Luis Enrique', 'dob': '1970-05-08', 'country': {'id': 214, 'name': 'Spain'}}]",207,Valencia,male,,214,Spain,"[{'id': 618, 'name': 'Francisco Martín Ayestarán Barandiarán', 'nickname': 'Pako Ayestarán', 'dob': '1963-02-05', 'country': {'id': 214, 'name': 'Spain'}}]",1.1.0,2,2,1,Regular Season,342,Spotify Camp Nou,214,Spain,222.0,David Fernández Borbalan,214.0,Spain
267183,2015-03-22,21:00:00.000,2,1,available,scheduled,2022-08-14T18:11:16.045589,2021-06-13T16:17:31.694,28,11,Spain,La Liga,26,2014/2015,217,Barcelona,male,,214,Spain,"[{'id': 793, 'name': 'Luis Enrique Martínez García', 'nickname': 'Luis Enrique', 'dob': '1970-05-08', 'country': {'id': 214, 'name': 'Spain'}}]",220,Real Madrid,male,,214,Spain,"[{'id': 414, 'name': 'Carlo Ancelotti', 'nickname': None, 'dob': '1959-06-10', 'country': {'id': 112, 'name': 'Italy'}}]",1.1.0,2,2,1,Regular Season,342,Spotify Camp Nou,214,Spain,180.0,Antonio Miguel Mateu Lahoz,214.0,Spain
265835,2014-11-22,20:00:00.000,5,1,available,scheduled,2020-07-29T05:00,2021-06-13T16:17:31.694,12,11,Spain,La Liga,26,2014/2015,217,Barcelona,male,,214,Spain,"[{'id': 793, 'name': 'Luis Enrique Martínez García', 'nickname': 'Luis Enrique', 'dob': '1970-05-08', 'country': {'id': 214, 'name': 'Spain'}}]",213,Sevilla,male,,214,Spain,"[{'id': 21, 'name': 'Unai Emery Etxegoien', 'nickname': 'Unai Emery', 'dob': '1971-11-03', 'country': {'id': 214, 'name': 'Spain'}}]",1.1.0,2,2,1,Regular Season,342,Spotify Camp Nou,214,Spain,,,,
266838,2014-09-24,22:00:00.000,0,0,available,scheduled,2020-07-29T05:00,2021-06-13T16:17:31.694,5,11,Spain,La Liga,26,2014/2015,223,Málaga,male,,214,Spain,"[{'id': 188, 'name': 'Javier Gracia Carlos', 'nickname': 'Javi Gracia', 'dob': '1970-05-01', 'country': {'id': 214, 'name': 'Spain'}}]",217,Barcelona,male,,214,Spain,"[{'id': 793, 'name': 'Luis Enrique Martínez García', 'nickname': 'Luis Enrique', 'dob': '1970-05-08', 'country': {'id': 214, 'name': 'Spain'}}]",1.1.0,2,2,1,Regular Season,346,Estadio La Rosaleda,214,Spain,,,,
265963,2015-04-28,20:00:00.000,6,0,available,scheduled,2022-08-14T18:34:52.948014,2021-06-13T16:17:31.694,34,11,Spain,La Liga,26,2014/2015,217,Barcelona,male,,214,Spain,"[{'id': 793, 'name': 'Luis Enrique Martínez García', 'nickname': 'Luis Enrique', 'dob': '1970-05-08', 'country': {'id': 214, 'name': 'Spain'}}]",216,Getafe,male,,214,Spain,"[{'id': 6277, 'name': 'Pablo Franco Martín', 'nickname': 'Pablo Franco', 'dob': '1973-10-16', 'country': {'id': 214, 'name': 'Spain'}}]",1.1.0,2,2,1,Regular Season,342,Spotify Camp Nou,214,Spain,222.0,David Fernández Borbalan,214.0,Spain
266117,2014-09-27,18:00:00.000,6,0,available,scheduled,2020-07-29T05:00,2021-06-13T16:17:31.694,6,11,Spain,La Liga,26,2014/2015,217,Barcelona,male,,214,Spain,"[{'id': 793, 'name': 'Luis Enrique Martínez García', 'nickname': 'Luis Enrique', 'dob': '1970-05-08', 'country': {'id': 214, 'name': 'Spain'}}]",1049,Granada,male,,214,Spain,"[{'id': 497, 'name': 'Joaquín de Jesús Caparrós Camino', 'nickname': 'Joaquín Caparrós', 'dob': '1955-10-15', 'country': {'id': 214, 'name': 'Spain'}}]",1.1.0,2,2,1,Regular Season,342,Spotify Camp Nou,214,Spain,,,,
266916,2015-03-08,12:00:00.000,6,1,available,scheduled,2022-08-14T18:04:02.007235,2021-06-13T16:17:31.694,26,11,Spain,La Liga,26,2014/2015,217,Barcelona,male,,214,Spain,"[{'id': 793, 'name': 'Luis Enrique Martínez García', 'nickname': 'Luis Enrique', 'dob': '1970-05-08', 'country': {'id': 214, 'name': 'Spain'}}]",360,Rayo Vallecano,male,,214,Spain,"[{'id': 220, 'name': 'Francisco Jémez Martín', 'nickname': 'Paco Jémez', 'dob': '1970-04-18', 'country': {'id': 214, 'name': 'Spain'}}]",1.1.0,2,2,1,Regular Season,342,Spotify Camp Nou,214,Spain,183.0,Jesús Gil Manzano,214.0,Spain
267197,2015-05-23,18:30:00.000,2,2,available,scheduled,2023-07-24T21:47:10.091170,2021-06-13T16:17:31.694,38,11,Spain,La Liga,26,2014/2015,217,Barcelona,male,,214,Spain,"[{'id': 793, 'name': 'Luis Enrique Martínez García', 'nickname': 'Luis Enrique', 'dob': '1970-05-08', 'country': {'id': 214, 'name': 'Spain'}}]",219,RC Deportivo La Coruña,male,,214,Spain,"[{'id': 3157, 'name': 'Víctor Sánchez del Amo', 'nickname': 'Víctor Sánchez', 'dob': '1976-02-23', 'country': {'id': 214, 'name': 'Spain'}}]",1.1.0,2,2,1,Regular Season,342,Spotify Camp Nou,214,Spain,1008.0,Carlos Clos Gómez,214.0,Spain
70264,2014-12-13,16:00:00.000,0,0,available,scheduled,2020-07-29T05:00,2021-06-13T16:17:31.694,15,11,Spain,La Liga,26,2014/2015,216,Getafe,male,,214,Spain,"[{'id': 4182, 'name': 'Cosmin Marius Contra', 'nickname': 'Cosmin Contra', 'dob': '1975-12-15', 'country': {'id': 187, 'name': 'Romania'}}]",217,Barcelona,male,,214,Spain,"[{'id': 793, 'name': 'Luis Enrique Martínez García', 'nickname': 'Luis Enrique', 'dob': '1970-05-08', 'country': {'id': 214, 'name': 'Spain'}}]",1.1.0,2,2,1,Regular Season,354,Coliseum Alfonso Pérez,214,Spain,,,,
70273,2014-09-13,16:00:00.000,2,0,available,scheduled,2020-07-29T05:00,2021-06-13T16:17:31.694,3,11,Spain,La Liga,26,2014/2015,217,Barcelona,male,,214,Spain,"[{'id': 793, 'name': 'Luis Enrique Martínez García', 'nickname': 'Luis Enrique', 'dob': '1970-05-08', 'country': {'id': 214, 'name': 'Spain'}}]",215,Athletic Club,male,,214,Spain,"[{'id': 227, 'name': 'Ernesto Valverde Tejedor', 'nickname': 'Ernesto Valverde', 'dob': '1964-02-09', 'country': {'id': 214, 'name': 'Spain'}}]",1.1.0,2,2,1,Regular Season,342,Spotify Camp Nou,214,Spain,222.0,David Fernández Borbalan,214.0,Spain
267301,2014-11-01,20:00:00.000,0,1,available,scheduled,2020-07-29T05:00,2021-06-13T16:17:31.694,10,11,Spain,La Liga,26,2014/2015,217,Barcelona,male,,214,Spain,"[{'id': 793, 'name': 'Luis Enrique Martínez García', 'nickname': 'Luis Enrique', 'dob': '1970-05-08', 'country': {'id': 214, 'name': 'Spain'}}]",209,Celta Vigo,male,,214,Spain,"[{'id': 385, 'name': 'Manuel Eduardo Berizzo', 'nickname': 'Eduardo Berizzo', 'dob': '1969-11-13', 'country': {'id': 11, 'name': 'Argentina'}}]",1.1.0,2,2,1,Regular Season,342,Spotify Camp Nou,214,Spain,,,,
265896,2014-10-18,20:00:00.000,3,0,available,scheduled,2022-08-14T17:20:55.698253,2021-06-13T16:17:31.694,8,11,Spain,La Liga,26,2014/2015,217,Barcelona,male,,214,Spain,"[{'id': 793, 'name': 'Luis Enrique Martínez García', 'nickname': 'Luis Enrique', 'dob': '1970-05-08', 'country': {'id': 214, 'name': 'Spain'}}]",322,Eibar,male,,214,Spain,"[{'id': 767, 'name': 'Gaizka Garitano Aguirre', 'nickname': 'Gaizka Garitano', 'dob': '1975-07-09', 'country': {'id': 214, 'name': 'Spain'}}]",1.1.0,2,2,1,Regular Season,342,Spotify Camp Nou,214,Spain,1016.0,José Teixeira,214.0,Spain
265866,2015-05-02,16:00:00.000,0,8,available,scheduled,2022-08-14T18:42:42.974719,2021-06-13T16:17:31.694,35,11,Spain,La Liga,26,2014/2015,373,Córdoba CF,male,,214,Spain,"[{'id': 4995, 'name': 'José Antonio Romero Morilla', 'nickname': 'José Romero', 'dob': '1959-12-26', 'country': {'id': 214, 'name': 'Spain'}}]",217,Barcelona,male,,214,Spain,"[{'id': 793, 'name': 'Luis Enrique Martínez García', 'nickname': 'Luis Enrique', 'dob': '1970-05-08', 'country': {'id': 214, 'name': 'Spain'}}]",1.1.0,2,2,1,Regular Season,4653,Estadio Nuevo Arcángel,214,Spain,1008.0,Carlos Clos Gómez,214.0,Spain
267400,2015-04-08,20:00:00.000,4,0,available,scheduled,2023-07-24T21:48:59.157523,2021-06-13T16:17:31.694,30,11,Spain,La Liga,26,2014/2015,217,Barcelona,male,,214,Spain,,403,Almería,male,,214,Spain,,1.1.0,2,2,1,Regular Season,342,Spotify Camp Nou,214,Spain,,,,
266406,2014-08-31,19:00:00.000,0,1,available,scheduled,2020-07-29T05:00,2021-06-13T16:17:31.694,2,11,Spain,La Liga,26,2014/2015,222,Villarreal,male,,214,Spain,"[{'id': 211, 'name': 'Marcelino García Toral', 'nickname': 'Marcelino', 'dob': '1965-08-14', 'country': {'id': 214, 'name': 'Spain'}}]",217,Barcelona,male,,214,Spain,"[{'id': 793, 'name': 'Luis Enrique Martínez García', 'nickname': 'Luis Enrique', 'dob': '1970-05-08', 'country': {'id': 214, 'name': 'Spain'}}]",1.1.0,2,2,1,Regular Season,361,Estadio de la Cerámica,214,Spain,2535.0,Carlos Velasco Carballo,214.0,Spain
267085,2014-10-25,18:00:00.000,3,1,available,scheduled,2022-08-14T17:28:42.264843,2021-06-13T16:17:31.694,9,11,Spain,La Liga,26,2014/2015,220,Real Madrid,male,,214,Spain,"[{'id': 414, 'name': 'Carlo Ancelotti', 'nickname': None, 'dob': '1959-06-10', 'country': {'id': 112, 'name': 'Italy'}}]",217,Barcelona,male,,214,Spain,"[{'id': 793, 'name': 'Luis Enrique Martínez García', 'nickname': 'Luis Enrique', 'dob': '1970-05-08', 'country': {'id': 214, 'name': 'Spain'}}]",1.1.0,2,2,1,Regular Season,353,Estadio Santiago Bernabéu,214,Spain,183.0,Jesús Gil Manzano,214.0,Spain
267561,2014-10-04,18:00:00.000,0,2,available,scheduled,2020-07-29T05:00,2021-06-13T16:17:31.694,7,11,Spain,La Liga,26,2014/2015,360,Rayo Vallecano,male,,214,Spain,"[{'id': 220, 'name': 'Francisco Jémez Martín', 'nickname': 'Paco Jémez', 'dob': '1970-04-18', 'country': {'id': 214, 'name': 'Spain'}}]",217,Barcelona,male,,214,Spain,"[{'id': 793, 'name': 'Luis Enrique Martínez García', 'nickname': 'Luis Enrique', 'dob': '1970-05-08', 'country': {'id': 214, 'name': 'Spain'}}]",1.1.0,2,2,1,Regular Season,4640,Estadio de Vallecas,214,Spain,180.0,Antonio Miguel Mateu Lahoz,214.0,Spain
266148,2015-02-21,16:00:00.000,0,1,available,scheduled,2023-07-24T21:47:01.097628,2021-06-13T16:17:31.694,24,11,Spain,La Liga,26,2014/2015,217,Barcelona,male,,214,Spain,"[{'id': 793, 'name': 'Luis Enrique Martínez García', 'nickname': 'Luis Enrique', 'dob': '1970-05-08', 'country': {'id': 214, 'name': 'Spain'}}]",223,Málaga,male,,214,Spain,"[{'id': 188, 'name': 'Javier Gracia Carlos', 'nickname': 'Javi Gracia', 'dob': '1970-05-01', 'country': {'id': 214, 'name': 'Spain'}}]",1.1.0,2,2,1,Regular Season,342,Spotify Camp Nou,214,Spain,,,,
266045,2015-05-09,18:00:00.000,2,0,available,scheduled,2022-08-14T18:49:03.341489,2021-06-13T16:17:31.694,36,11,Spain,La Liga,26,2014/2015,217,Barcelona,male,,214,Spain,"[{'id': 793, 'name': 'Luis Enrique Martínez García', 'nickname': 'Luis Enrique', 'dob': '1970-05-08', 'country': {'id': 214, 'name': 'Spain'}}]",210,Real Sociedad,male,,214,Spain,"[{'id': 86, 'name': 'David Moyes', 'nickname': None, 'dob': '1963-04-25', 'country': {'id': 201, 'name': 'Scotland'}}]",1.1.0,2,2,1,Regular Season,342,Spotify Camp Nou,214,Spain,218.0,Ignacio Iglesias Villanueva,214.0,Spain
70303,2015-01-11,21:00:00.000,3,1,available,scheduled,2023-07-24T21:45:07.990490,2021-06-13T16:17:31.694,18,11,Spain,La Liga,26,2014/2015,217,Barcelona,male,,214,Spain,"[{'id': 793, 'name': 'Luis Enrique Martínez García', 'nickname': 'Luis Enrique', 'dob': '1970-05-08', 'country': {'id': 214, 'name': 'Spain'}}]",212,Atlético Madrid,male,,214,Spain,"[{'id': 230, 'name': 'Diego Pablo Simeone', 'nickname': 'Diego Simeone', 'dob': '1970-04-28', 'country': {'id': 11, 'name': 'Argentina'}}]",1.1.0,2,2,1,Regular Season,342,Spotify Camp Nou,214,Spain,221.0,Alberto Undiano Mallenco,214.0,Spain
266240,2015-01-04,21:00:00.000,1,0,available,scheduled,2023-07-24T21:49:55.914753,2021-06-13T16:17:31.694,17,11,Spain,La Liga,26,2014/2015,210,Real Sociedad,male,,214,Spain,"[{'id': 86, 'name': 'David Moyes', 'nickname': None, 'dob': '1963-04-25', 'country': {'id': 201, 'name': 'Scotland'}}]",217,Barcelona,male,,214,Spain,"[{'id': 793, 'name': 'Luis Enrique Martínez García', 'nickname': 'Luis Enrique', 'dob': '1970-05-08', 'country': {'id': 214, 'name': 'Spain'}}]",1.1.0,2,2,1,Regular Season,5043,Reale Arena,214,Spain,,,,
267597,2015-02-01,21:00:00.000,3,2,available,scheduled,2022-08-14T17:57:09.908690,2021-06-13T16:17:31.694,21,11,Spain,La Liga,26,2014/2015,217,Barcelona,male,,214,Spain,"[{'id': 793, 'name': 'Luis Enrique Martínez García', 'nickname': 'Luis Enrique', 'dob': '1970-05-08', 'country': {'id': 214, 'name': 'Spain'}}]",222,Villarreal,male,,214,Spain,"[{'id': 211, 'name': 'Marcelino García Toral', 'nickname': 'Marcelino', 'dob': '1965-08-14', 'country': {'id': 214, 'name': 'Spain'}}]",1.1.0,2,2,1,Regular Season,342,Spotify Camp Nou,214,Spain,,,,
266794,2015-01-24,18:00:00.000,0,6,available,scheduled,2022-08-14T17:49:59.873306,2021-06-13T16:17:31.694,20,11,Spain,La Liga,26,2014/2015,1042,Elche,male,,214,Spain,"[{'id': 509, 'name': 'Francisco Escriba Segura', 'nickname': 'Fran Escribá', 'dob': '1965-05-03', 'country': {'id': 214, 'name': 'Spain'}}]",217,Barcelona,male,,214,Spain,"[{'id': 793, 'name': 'Luis Enrique Martínez García', 'nickname': 'Luis Enrique', 'dob': '1970-05-08', 'country': {'id': 214, 'name': 'Spain'}}]",1.1.0,2,2,1,Regular Season,4665,Estadio Manuel Martínez Valero,214,Spain,1008.0,Carlos Clos Gómez,214.0,Spain
267343,2015-02-28,16:00:00.000,1,3,available,scheduled,2023-07-24T21:50:15.215072,2021-06-13T16:17:31.694,25,11,Spain,La Liga,26,2014/2015,1049,Granada,male,,214,Spain,"[{'id': 4988, 'name': 'Abel Resino Gómez', 'nickname': None, 'dob': '1960-02-02', 'country': {'id': 214, 'name': 'Spain'}}]",217,Barcelona,male,,214,Spain,"[{'id': 793, 'name': 'Luis Enrique Martínez García', 'nickname': 'Luis Enrique', 'dob': '1970-05-08', 'country': {'id': 214, 'name': 'Spain'}}]",1.1.0,2,2,1,Regular Season,4667,Estadio Nuevo Los Cármenes,214,Spain,,,,
266631,2015-05-17,19:00:00.000,0,1,available,scheduled,2023-07-24T21:49:33.046670,2021-06-13T16:17:31.694,37,11,Spain,La Liga,26,2014/2015,212,Atlético Madrid,male,,214,Spain,"[{'id': 230, 'name': 'Diego Pablo Simeone', 'nickname': 'Diego Simeone', 'dob': '1970-04-28', 'country': {'id': 11, 'name': 'Argentina'}}]",217,Barcelona,male,,214,Spain,"[{'id': 793, 'name': 'Luis Enrique Martínez García', 'nickname': 'Luis Enrique', 'dob': '1970-05-08', 'country': {'id': 214, 'name': 'Spain'}}]",1.1.0,2,2,1,Regular Season,625,Estadio Vicente Calderón,214,Spain,221.0,Alberto Undiano Mallenco,214.0,Spain
266320,2014-12-07,17:00:00.000,5,1,available,scheduled,2020-07-29T05:00,2021-06-13T16:17:31.694,14,11,Spain,La Liga,26,2014/2015,217,Barcelona,male,,214,Spain,"[{'id': 793, 'name': 'Luis Enrique Martínez García', 'nickname': 'Luis Enrique', 'dob': '1970-05-08', 'country': {'id': 214, 'name': 'Spain'}}]",214,Espanyol,male,,214,Spain,"[{'id': 576, 'name': 'Sergio González Soriano', 'nickname': 'Sergio', 'dob': '1976-11-10', 'country': {'id': 214, 'name': 'Spain'}}]",1.1.0,2,2,1,Regular Season,342,Spotify Camp Nou,214,Spain,218.0,Ignacio Iglesias Villanueva,214.0,Spain
266230,2015-01-18,19:00:00.000,0,4,available,scheduled,2022-08-14T17:43:47.980754,2021-06-13T16:17:31.694,19,11,Spain,La Liga,26,2014/2015,219,RC Deportivo La Coruña,male,,214,Spain,"[{'id': 1602, 'name': 'Victor Fernández Braulio', 'nickname': 'Víctor Fernández', 'dob': '1960-11-28', 'country': {'id': 214, 'name': 'Spain'}}]",217,Barcelona,male,,214,Spain,"[{'id': 793, 'name': 'Luis Enrique Martínez García', 'nickname': 'Luis Enrique', 'dob': '1970-05-08', 'country': {'id': 214, 'name': 'Spain'}}]",1.1.0,2,2,1,Regular Season,4658,Estadio Abanca-Riazor,214,Spain,,,,
266525,2015-04-18,16:00:00.000,2,0,available,scheduled,2023-07-24T21:43:55.012811,2021-06-13T16:17:31.694,32,11,Spain,La Liga,26,2014/2015,217,Barcelona,male,,214,Spain,"[{'id': 793, 'name': 'Luis Enrique Martínez García', 'nickname': 'Luis Enrique', 'dob': '1970-05-08', 'country': {'id': 214, 'name': 'Spain'}}]",207,Valencia,male,,214,Spain,"[{'id': 396, 'name': 'Nuno Herlander Simões Espírito Santo', 'nickname': 'Nuno Espírito Santo', 'dob': '1974-01-25', 'country': {'id': 183, 'name': 'Portugal'}}]",1.1.0,2,2,1,Regular Season,342,Spotify Camp Nou,214,Spain,211.0,José Luis González González,214.0,Spain
266560,2014-11-30,21:00:00.000,0,1,available,scheduled,2020-07-29T05:00,2021-06-13T16:17:31.694,13,11,Spain,La Liga,26,2014/2015,207,Valencia,male,,214,Spain,"[{'id': 396, 'name': 'Nuno Herlander Simões Espírito Santo', 'nickname': 'Nuno Espírito Santo', 'dob': '1974-01-25', 'country': {'id': 183, 'name': 'Portugal'}}]",217,Barcelona,male,,214,Spain,"[{'id': 793, 'name': 'Luis Enrique Martínez García', 'nickname': 'Luis Enrique', 'dob': '1970-05-08', 'country': {'id': 214, 'name': 'Spain'}}]",1.1.0,2,2,1,Regular Season,344,Estadio de Mestalla,214,Spain,222.0,David Fernández Borbalan,214.0,Spain
266846,2014-12-20,16:00:00.000,5,0,available,scheduled,2020-07-29T05:00,2021-06-13T16:17:31.694,16,11,Spain,La Liga,26,2014/2015,217,Barcelona,male,,214,Spain,"[{'id': 793, 'name': 'Luis Enrique Martínez García', 'nickname': 'Luis Enrique', 'dob': '1970-05-08', 'country': {'id': 214, 'name': 'Spain'}}]",373,Córdoba CF,male,,214,Spain,"[{'id': 3503, 'name': 'Miroslav Đukić', 'nickname': None, 'dob': '1966-02-19', 'country': {'id': 203, 'name': 'Serbia'}}]",1.1.0,2,2,1,Regular Season,342,Spotify Camp Nou,214,Spain,180.0,Antonio Miguel Mateu Lahoz,214.0,Spain
266531,2015-04-25,16:00:00.000,0,2,available,scheduled,2023-07-24T21:48:36.369414,2021-06-13T16:17:31.694,33,11,Spain,La Liga,26,2014/2015,214,Espanyol,male,,214,Spain,"[{'id': 576, 'name': 'Sergio González Soriano', 'nickname': 'Sergio', 'dob': '1976-11-10', 'country': {'id': 214, 'name': 'Spain'}}]",217,Barcelona,male,,214,Spain,"[{'id': 793, 'name': 'Luis Enrique Martínez García', 'nickname': 'Luis Enrique', 'dob': '1970-05-08', 'country': {'id': 214, 'name': 'Spain'}}]",1.1.0,2,2,1,Regular Season,351,RCDE Stadium,214,Spain,180.0,Antonio Miguel Mateu Lahoz,214.0,Spain
266921,2014-08-24,21:00:00.000,3,0,available,scheduled,2020-07-29T05:00,2021-06-13T16:17:31.694,1,11,Spain,La Liga,26,2014/2015,217,Barcelona,male,,214,Spain,"[{'id': 793, 'name': 'Luis Enrique Martínez García', 'nickname': 'Luis Enrique', 'dob': '1970-05-08', 'country': {'id': 214, 'name': 'Spain'}}]",1042,Elche,male,,214,Spain,"[{'id': 509, 'name': 'Francisco Escriba Segura', 'nickname': 'Fran Escribá', 'dob': '1965-05-03', 'country': {'id': 214, 'name': 'Spain'}}]",1.1.0,2,2,1,Regular Season,342,Spotify Camp Nou,214,Spain,1003.0,Fernando Teixeira,214.0,Spain
267499,2014-11-08,16:00:00.000,1,2,available,scheduled,2022-08-14T17:35:46.658152,2021-06-13T16:17:31.694,11,11,Spain,La Liga,26,2014/2015,403,Almería,male,,214,Spain,"[{'id': 673, 'name': 'Francisco Javier Rodríguez Vílchez', 'nickname': 'Francisco ', 'dob': '1978-06-17', 'country': {'id': 214, 'name': 'Spain'}}]",217,Barcelona,male,,214,Spain,"[{'id': 793, 'name': 'Luis Enrique Martínez García', 'nickname': 'Luis Enrique', 'dob': '1970-05-08', 'country': {'id': 214, 'name': 'Spain'}}]",1.1.0,2,2,1,Regular Season,4657,Power Horse Stadium – Estadio de los Juegos Mediterráneos,214,Spain,221.0,Alberto Undiano Mallenco,214.0,Spain
266741,2015-02-15,17:00:00.000,5,0,available,scheduled,2023-07-24T21:44:55.278824,2021-06-13T16:17:31.694,23,11,Spain,La Liga,26,2014/2015,217,Barcelona,male,,214,Spain,"[{'id': 793, 'name': 'Luis Enrique Martínez García', 'nickname': 'Luis Enrique', 'dob': '1970-05-08', 'country': {'id': 214, 'name': 'Spain'}}]",221,Levante UD,male,,214,Spain,"[{'id': 1612, 'name': 'Luis Lucas Alcaraz González', 'nickname': 'Lucas Alcaraz', 'dob': '1966-06-21', 'country': {'id': 214, 'name': 'Spain'}}]",1.1.0,2,2,1,Regular Season,342,Spotify Camp Nou,214,Spain,,,,
266871,2015-02-08,21:00:00.000,2,5,available,scheduled,2023-07-24T21:46:02.129374,2021-06-13T16:17:31.694,22,11,Spain,La Liga,26,2014/2015,215,Athletic Club,male,,214,Spain,"[{'id': 227, 'name': 'Ernesto Valverde Tejedor', 'nickname': 'Ernesto Valverde', 'dob': '1964-02-09', 'country': {'id': 214, 'name': 'Spain'}}]",217,Barcelona,male,,214,Spain,"[{'id': 793, 'name': 'Luis Enrique Martínez García', 'nickname': 'Luis Enrique', 'dob': '1970-05-08', 'country': {'id': 214, 'name': 'Spain'}}]",1.1.0,2,2,1,Regular Season,345,San Mamés Barria,214,Spain,180.0,Antonio Miguel Mateu Lahoz,214.0,Spain
266967,2015-03-14,18:00:00.000,0,2,available,scheduled,2023-07-24T21:48:04.558640,2021-06-13T16:17:31.694,27,11,Spain,La Liga,26,2014/2015,322,Eibar,male,,214,Spain,"[{'id': 767, 'name': 'Gaizka Garitano Aguirre', 'nickname': 'Gaizka Garitano', 'dob': '1975-07-09', 'country': {'id': 214, 'name': 'Spain'}}]",217,Barcelona,male,,214,Spain,"[{'id': 793, 'name': 'Luis Enrique Martínez García', 'nickname': 'Luis Enrique', 'dob': '1970-05-08', 'country': {'id': 214, 'name': 'Spain'}}]",1.1.0,2,2,1,Regular Season,347,Estadio Municipal de Ipurúa,214,Spain,,,,
266929,2015-04-05,21:00:00.000,0,1,available,scheduled,2022-08-14T18:17:43.021648,2021-06-13T16:17:31.694,29,11,Spain,La Liga,26,2014/2015,209,Celta Vigo,male,,214,Spain,"[{'id': 385, 'name': 'Manuel Eduardo Berizzo', 'nickname': 'Eduardo Berizzo', 'dob': '1969-11-13', 'country': {'id': 11, 'name': 'Argentina'}}]",217,Barcelona,male,,214,Spain,"[{'id': 793, 'name': 'Luis Enrique Martínez García', 'nickname': 'Luis Enrique', 'dob': '1970-05-08', 'country': {'id': 214, 'name': 'Spain'}}]",1.1.0,2,2,1,Regular Season,653,Abanca-Balaídos,214,Spain,,,,
266770,2014-09-21,21:00:00.000,0,5,available,scheduled,2020-07-29T05:00,2021-06-13T16:17:31.694,4,11,Spain,La Liga,26,2014/2015,221,Levante UD,male,,214,Spain,"[{'id': 221, 'name': 'José Luis Mendilibar Etxebarria', 'nickname': 'José Luis Mendilibar', 'dob': '1961-03-14', 'country': {'id': 214, 'name': 'Spain'}}]",217,Barcelona,male,,214,Spain,"[{'id': 793, 'name': 'Luis Enrique Martínez García', 'nickname': 'Luis Enrique', 'dob': '1970-05-08', 'country': {'id': 214, 'name': 'Spain'}}]",1.1.0,2,2,1,Regular Season,350,Estadio Ciudad de Valencia,214,Spain,211.0,José Luis González González,214.0,Spain
266142,2015-04-11,20:00:00.000,2,2,available,scheduled,2022-08-14T18:25:25.446317,2021-06-13T16:17:31.694,31,11,Spain,La Liga,26,2014/2015,213,Sevilla,male,,214,Spain,"[{'id': 21, 'name': 'Unai Emery Etxegoien', 'nickname': 'Unai Emery', 'dob': '1971-11-03', 'country': {'id': 214, 'name': 'Spain'}}]",217,Barcelona,male,,214,Spain,"[{'id': 793, 'name': 'Luis Enrique Martínez García', 'nickname': 'Luis Enrique', 'dob': '1970-05-08', 'country': {'id': 214, 'name': 'Spain'}}]",1.1.0,2,2,1,Regular Season,349,Estadio Ramón Sánchez Pizjuán,214,Spain,,,,
267368,2014-04-05,18:00:00.000,3,1,available,scheduled,2020-07-29T05:00,2021-06-13T16:17:31.694,32,11,Spain,La Liga,25,2013/2014,217,Barcelona,male,,214,Spain,,218,Real Betis,male,,214,Spain,,1.1.0,2,2,1,Regular Season,342,Spotify Camp Nou,214,Spain,2419.0,Eduardo Prieto Iglesias,214.0,Spain
70301,2013-09-14,20:00:00.000,3,2,available,scheduled,2020-07-29T05:00,2021-06-13T16:17:31.694,4,11,Spain,La Liga,25,2013/2014,217,Barcelona,male,,214,Spain,"[{'id': 163, 'name': 'Gerardo Daniel Martino', 'nickname': 'Gerardo Martino', 'dob': '1962-11-20', 'country': {'id': 11, 'name': 'Argentina'}}]",213,Sevilla,male,,214,Spain,"[{'id': 21, 'name': 'Unai Emery Etxegoien', 'nickname': 'Unai Emery', 'dob': '1971-11-03', 'country': {'id': 214, 'name': 'Spain'}}]",1.1.0,2,2,1,Regular Season,342,Spotify Camp Nou,214,Spain,997.0,César Muñiz,214.0,Spain
70298,2013-09-01,21:00:00.000,2,3,available,scheduled,2020-07-29T05:00,2021-06-13T16:17:31.694,3,11,Spain,La Liga,25,2013/2014,207,Valencia,male,,214,Spain,"[{'id': 3503, 'name': 'Miroslav Đukić', 'nickname': None, 'dob': '1966-02-19', 'country': {'id': 203, 'name': 'Serbia'}}]",217,Barcelona,male,,214,Spain,"[{'id': 163, 'name': 'Gerardo Daniel Martino', 'nickname': 'Gerardo Martino', 'dob': '1962-11-20', 'country': {'id': 11, 'name': 'Argentina'}}]",1.1.0,2,2,1,Regular Season,344,Estadio de Mestalla,214,Spain,1016.0,José Teixeira,214.0,Spain
70302,2013-09-21,20:00:00.000,0,4,available,scheduled,2022-07-23T12:11:58.073987,2021-06-13T16:17:31.694,5,11,Spain,La Liga,25,2013/2014,360,Rayo Vallecano,male,,214,Spain,"[{'id': 220, 'name': 'Francisco Jémez Martín', 'nickname': 'Paco Jémez', 'dob': '1970-04-18', 'country': {'id': 214, 'name': 'Spain'}}]",217,Barcelona,male,,214,Spain,"[{'id': 163, 'name': 'Gerardo Daniel Martino', 'nickname': 'Gerardo Martino', 'dob': '1962-11-20', 'country': {'id': 11, 'name': 'Argentina'}}]",1.1.0,2,2,1,Regular Season,4640,Estadio de Vallecas,214,Spain,1008.0,Carlos Clos Gómez,214.0,Spain
70291,2014-01-26,21:00:00.000,3,0,available,scheduled,2020-07-29T05:00,2021-06-13T16:17:31.694,21,11,Spain,La Liga,25,2013/2014,217,Barcelona,male,,214,Spain,"[{'id': 163, 'name': 'Gerardo Daniel Martino', 'nickname': 'Gerardo Martino', 'dob': '1962-11-20', 'country': {'id': 11, 'name': 'Argentina'}}]",223,Málaga,male,,214,Spain,"[{'id': 4986, 'name': 'Bernd Schuster', 'nickname': None, 'dob': '1959-12-22', 'country': {'id': 85, 'name': 'Germany'}}]",1.1.0,2,2,1,Regular Season,342,Spotify Camp Nou,214,Spain,1008.0,Carlos Clos Gómez,214.0,Spain
267138,2014-04-12,20:00:00.000,1,0,available,scheduled,2020-07-29T05:00,2021-06-13T16:17:31.694,33,11,Spain,La Liga,25,2013/2014,1049,Granada,male,,214,Spain,"[{'id': 1612, 'name': 'Luis Lucas Alcaraz González', 'nickname': 'Lucas Alcaraz', 'dob': '1966-06-21', 'country': {'id': 214, 'name': 'Spain'}}]",217,Barcelona,male,,214,Spain,"[{'id': 163, 'name': 'Gerardo Daniel Martino', 'nickname': 'Gerardo Martino', 'dob': '1962-11-20', 'country': {'id': 11, 'name': 'Argentina'}}]",1.1.0,2,2,1,Regular Season,4667,Estadio Nuevo Los Cármenes,214,Spain,1012.0,Carlos Delgado,214.0,Spain
267520,2013-09-24,20:00:00.000,4,1,available,scheduled,2020-07-29T05:00,2021-06-13T16:17:31.694,6,11,Spain,La Liga,25,2013/2014,217,Barcelona,male,,214,Spain,"[{'id': 163, 'name': 'Gerardo Daniel Martino', 'nickname': 'Gerardo Martino', 'dob': '1962-11-20', 'country': {'id': 11, 'name': 'Argentina'}}]",210,Real Sociedad,male,,214,Spain,"[{'id': 1592, 'name': 'Jagoba Arrasate Elustondo', 'nickname': 'Jagoba Arrasate', 'dob': '1978-04-22', 'country': {'id': 214, 'name': 'Spain'}}]",1.1.0,2,2,1,Regular Season,342,Spotify Camp Nou,214,Spain,183.0,Jesús Gil Manzano,214.0,Spain
70289,2014-04-27,21:00:00.000,2,3,available,scheduled,2020-07-29T05:00,2021-06-13T16:17:31.694,35,11,Spain,La Liga,25,2013/2014,222,Villarreal,male,,214,Spain,"[{'id': 211, 'name': 'Marcelino García Toral', 'nickname': 'Marcelino', 'dob': '1965-08-14', 'country': {'id': 214, 'name': 'Spain'}}]",217,Barcelona,male,,214,Spain,"[{'id': 163, 'name': 'Gerardo Daniel Martino', 'nickname': 'Gerardo Martino', 'dob': '1962-11-20', 'country': {'id': 11, 'name': 'Argentina'}}]",1.1.0,2,2,1,Regular Season,361,Estadio de la Cerámica,214,Spain,222.0,David Fernández Borbalan,214.0,Spain
266066,2014-03-02,21:00:00.000,4,1,available,scheduled,2020-07-29T05:00,2021-06-13T16:17:31.694,26,11,Spain,La Liga,25,2013/2014,217,Barcelona,male,,214,Spain,"[{'id': 163, 'name': 'Gerardo Daniel Martino', 'nickname': 'Gerardo Martino', 'dob': '1962-11-20', 'country': {'id': 11, 'name': 'Argentina'}}]",403,Almería,male,,214,Spain,"[{'id': 673, 'name': 'Francisco Javier Rodríguez Vílchez', 'nickname': 'Francisco ', 'dob': '1978-06-17', 'country': {'id': 214, 'name': 'Spain'}}]",1.1.0,2,2,1,Regular Season,342,Spotify Camp Nou,214,Spain,,,,
267675,2014-02-09,21:00:00.000,1,4,available,scheduled,2020-07-29T05:00,2021-06-13T16:17:31.694,23,11,Spain,La Liga,25,2013/2014,213,Sevilla,male,,214,Spain,"[{'id': 21, 'name': 'Unai Emery Etxegoien', 'nickname': 'Unai Emery', 'dob': '1971-11-03', 'country': {'id': 214, 'name': 'Spain'}}]",217,Barcelona,male,,214,Spain,"[{'id': 163, 'name': 'Gerardo Daniel Martino', 'nickname': 'Gerardo Martino', 'dob': '1962-11-20', 'country': {'id': 11, 'name': 'Argentina'}}]",1.1.0,2,2,1,Regular Season,349,Estadio Ramón Sánchez Pizjuán,214,Spain,1016.0,José Teixeira,214.0,Spain
70288,2014-01-19,19:00:00.000,1,1,available,scheduled,2022-07-23T12:18:49.547396,2021-06-13T16:17:31.694,20,11,Spain,La Liga,25,2013/2014,221,Levante UD,male,,214,Spain,"[{'id': 497, 'name': 'Joaquín de Jesús Caparrós Camino', 'nickname': 'Joaquín Caparrós', 'dob': '1955-10-15', 'country': {'id': 214, 'name': 'Spain'}}]",217,Barcelona,male,,214,Spain,"[{'id': 163, 'name': 'Gerardo Daniel Martino', 'nickname': 'Gerardo Martino', 'dob': '1962-11-20', 'country': {'id': 11, 'name': 'Argentina'}}]",1.1.0,2,2,1,Regular Season,350,Estadio Ciudad de Valencia,214,Spain,,,,
266074,2014-03-16,17:00:00.000,7,0,available,scheduled,2020-07-29T05:00,2021-06-13T16:17:31.694,28,11,Spain,La Liga,25,2013/2014,217,Barcelona,male,,214,Spain,"[{'id': 163, 'name': 'Gerardo Daniel Martino', 'nickname': 'Gerardo Martino', 'dob': '1962-11-20', 'country': {'id': 11, 'name': 'Argentina'}}]",422,Osasuna,male,,214,Spain,"[{'id': 188, 'name': 'Javier Gracia Carlos', 'nickname': 'Javi Gracia', 'dob': '1970-05-01', 'country': {'id': 214, 'name': 'Spain'}}]",1.1.0,2,2,1,Regular Season,342,Spotify Camp Nou,214,Spain,1016.0,José Teixeira,214.0,Spain
267567,2014-04-20,21:00:00.000,2,1,available,scheduled,2020-07-29T05:00,2021-06-13T16:17:31.694,34,11,Spain,La Liga,25,2013/2014,217,Barcelona,male,,214,Spain,"[{'id': 163, 'name': 'Gerardo Daniel Martino', 'nickname': 'Gerardo Martino', 'dob': '1962-11-20', 'country': {'id': 11, 'name': 'Argentina'}}]",215,Athletic Club,male,,214,Spain,"[{'id': 227, 'name': 'Ernesto Valverde Tejedor', 'nickname': 'Ernesto Valverde', 'dob': '1964-02-09', 'country': {'id': 214, 'name': 'Spain'}}]",1.1.0,2,2,1,Regular Season,342,Spotify Camp Nou,214,Spain,,,,
266201,2014-05-11,19:00:00.000,0,0,available,scheduled,2020-07-29T05:00,2021-06-13T16:17:31.694,37,11,Spain,La Liga,25,2013/2014,1042,Elche,male,,214,Spain,"[{'id': 509, 'name': 'Francisco Escriba Segura', 'nickname': 'Fran Escribá', 'dob': '1965-05-03', 'country': {'id': 214, 'name': 'Spain'}}]",217,Barcelona,male,,214,Spain,"[{'id': 163, 'name': 'Gerardo Daniel Martino', 'nickname': 'Gerardo Martino', 'dob': '1962-11-20', 'country': {'id': 11, 'name': 'Argentina'}}]",1.1.0,2,2,1,Regular Season,4665,Estadio Manuel Martínez Valero,214,Spain,1003.0,Fernando Teixeira,214.0,Spain
266274,2014-03-26,20:00:00.000,3,0,available,scheduled,2020-07-29T05:00,2021-06-13T16:17:31.694,30,11,Spain,La Liga,25,2013/2014,217,Barcelona,male,,214,Spain,"[{'id': 163, 'name': 'Gerardo Daniel Martino', 'nickname': 'Gerardo Martino', 'dob': '1962-11-20', 'country': {'id': 11, 'name': 'Argentina'}}]",209,Celta Vigo,male,,214,Spain,"[{'id': 793, 'name': 'Luis Enrique Martínez García', 'nickname': 'Luis Enrique', 'dob': '1970-05-08', 'country': {'id': 214, 'name': 'Spain'}}]",1.1.0,2,2,1,Regular Season,342,Spotify Camp Nou,214,Spain,1009.0,Miguel Ayza,214.0,Spain
70293,2013-10-26,18:00:00.000,2,1,available,scheduled,2020-07-29T05:00,2021-06-13T16:17:31.694,10,11,Spain,La Liga,25,2013/2014,217,Barcelona,male,,214,Spain,"[{'id': 163, 'name': 'Gerardo Daniel Martino', 'nickname': 'Gerardo Martino', 'dob': '1962-11-20', 'country': {'id': 11, 'name': 'Argentina'}}]",220,Real Madrid,male,,214,Spain,"[{'id': 414, 'name': 'Carlo Ancelotti', 'nickname': None, 'dob': '1959-06-10', 'country': {'id': 112, 'name': 'Italy'}}]",1.1.0,2,2,1,Regular Season,342,Spotify Camp Nou,214,Spain,221.0,Alberto Undiano Mallenco,214.0,Spain
265918,2014-02-15,20:00:00.000,6,0,available,scheduled,2020-07-29T05:00,2021-06-13T16:17:31.694,24,11,Spain,La Liga,25,2013/2014,217,Barcelona,male,,214,Spain,"[{'id': 163, 'name': 'Gerardo Daniel Martino', 'nickname': 'Gerardo Martino', 'dob': '1962-11-20', 'country': {'id': 11, 'name': 'Argentina'}}]",360,Rayo Vallecano,male,,214,Spain,"[{'id': 220, 'name': 'Francisco Jémez Martín', 'nickname': 'Paco Jémez', 'dob': '1970-04-18', 'country': {'id': 214, 'name': 'Spain'}}]",1.1.0,2,2,1,Regular Season,342,Spotify Camp Nou,214,Spain,,,,
70277,2013-08-18,19:00:00.000,7,0,available,scheduled,2020-07-29T05:00,2021-06-13T16:17:31.694,1,11,Spain,La Liga,25,2013/2014,217,Barcelona,male,,214,Spain,"[{'id': 163, 'name': 'Gerardo Daniel Martino', 'nickname': 'Gerardo Martino', 'dob': '1962-11-20', 'country': {'id': 11, 'name': 'Argentina'}}]",221,Levante UD,male,,214,Spain,"[{'id': 497, 'name': 'Joaquín de Jesús Caparrós Camino', 'nickname': 'Joaquín Caparrós', 'dob': '1955-10-15', 'country': {'id': 214, 'name': 'Spain'}}]",1.1.0,2,2,1,Regular Season,342,Spotify Camp Nou,214,Spain,,,,
70283,2013-11-01,21:00:00.000,1,0,available,scheduled,2020-07-29T05:00,2021-06-13T16:17:31.694,12,11,Spain,La Liga,25,2013/2014,217,Barcelona,male,,214,Spain,"[{'id': 163, 'name': 'Gerardo Daniel Martino', 'nickname': 'Gerardo Martino', 'dob': '1962-11-20', 'country': {'id': 11, 'name': 'Argentina'}}]",214,Espanyol,male,,214,Spain,"[{'id': 3196, 'name': 'Javier Aguirre Onaindía', 'nickname': 'Javier Aguirre', 'dob': '1958-12-01', 'country': {'id': 147, 'name': 'Mexico'}}]",1.1.0,2,2,1,Regular Season,342,Spotify Camp Nou,214,Spain,2535.0,Carlos Velasco Carballo,214.0,Spain
70306,2014-03-29,16:00:00.000,0,1,available,scheduled,2020-07-29T05:00,2021-06-13T16:17:31.694,31,11,Spain,La Liga,25,2013/2014,214,Espanyol,male,,214,Spain,"[{'id': 3196, 'name': 'Javier Aguirre Onaindía', 'nickname': 'Javier Aguirre', 'dob': '1958-12-01', 'country': {'id': 147, 'name': 'Mexico'}}]",217,Barcelona,male,,214,Spain,"[{'id': 163, 'name': 'Gerardo Daniel Martino', 'nickname': 'Gerardo Martino', 'dob': '1962-11-20', 'country': {'id': 11, 'name': 'Argentina'}}]",1.1.0,2,2,1,Regular Season,351,RCDE Stadium,214,Spain,1008.0,Carlos Clos Gómez,214.0,Spain
266256,2014-05-17,18:00:00.000,1,1,available,scheduled,2020-07-29T05:00,2021-06-13T16:17:31.694,38,11,Spain,La Liga,25,2013/2014,217,Barcelona,male,,214,Spain,"[{'id': 163, 'name': 'Gerardo Daniel Martino', 'nickname': 'Gerardo Martino', 'dob': '1962-11-20', 'country': {'id': 11, 'name': 'Argentina'}}]",212,Atlético Madrid,male,,214,Spain,"[{'id': 230, 'name': 'Diego Pablo Simeone', 'nickname': 'Diego Simeone', 'dob': '1970-04-28', 'country': {'id': 11, 'name': 'Argentina'}}]",1.1.0,2,2,1,Regular Season,342,Spotify Camp Nou,214,Spain,180.0,Antonio Miguel Mateu Lahoz,214.0,Spain
266613,2014-02-01,16:00:00.000,2,3,available,scheduled,2020-07-29T05:00,2021-06-13T16:17:31.694,22,11,Spain,La Liga,25,2013/2014,217,Barcelona,male,,214,Spain,"[{'id': 163, 'name': 'Gerardo Daniel Martino', 'nickname': 'Gerardo Martino', 'dob': '1962-11-20', 'country': {'id': 11, 'name': 'Argentina'}}]",207,Valencia,male,,214,Spain,"[{'id': 638, 'name': 'Juan Antonio Pizzi Torroja', 'nickname': 'Pizzi', 'dob': '1968-06-07', 'country': {'id': 214, 'name': 'Spain'}}]",1.1.0,2,2,1,Regular Season,342,Spotify Camp Nou,214,Spain,1015.0,Pedro Jesús Pérez Montero,214.0,Spain
266491,2014-05-03,16:00:00.000,2,2,available,scheduled,2020-07-29T05:00,2021-06-13T16:17:31.694,36,11,Spain,La Liga,25,2013/2014,217,Barcelona,male,,214,Spain,"[{'id': 163, 'name': 'Gerardo Daniel Martino', 'nickname': 'Gerardo Martino', 'dob': '1962-11-20', 'country': {'id': 11, 'name': 'Argentina'}}]",216,Getafe,male,,214,Spain,"[{'id': 4182, 'name': 'Cosmin Marius Contra', 'nickname': 'Cosmin Contra', 'dob': '1975-12-15', 'country': {'id': 187, 'name': 'Romania'}}]",1.1.0,2,2,1,Regular Season,342,Spotify Camp Nou,214,Spain,1016.0,José Teixeira,214.0,Spain
265830,2014-01-11,20:00:00.000,0,0,available,scheduled,2020-07-29T05:00,2021-06-13T16:17:31.694,19,11,Spain,La Liga,25,2013/2014,212,Atlético Madrid,male,,214,Spain,"[{'id': 230, 'name': 'Diego Pablo Simeone', 'nickname': 'Diego Simeone', 'dob': '1970-04-28', 'country': {'id': 11, 'name': 'Argentina'}}]",217,Barcelona,male,,214,Spain,"[{'id': 163, 'name': 'Gerardo Daniel Martino', 'nickname': 'Gerardo Martino', 'dob': '1962-11-20', 'country': {'id': 11, 'name': 'Argentina'}}]",1.1.0,2,2,1,Regular Season,625,Estadio Vicente Calderón,214,Spain,180.0,Antonio Miguel Mateu Lahoz,214.0,Spain
265857,2014-03-23,21:00:00.000,3,4,available,scheduled,2020-07-29T05:00,2021-06-13T16:17:31.694,29,11,Spain,La Liga,25,2013/2014,220,Real Madrid,male,,214,Spain,"[{'id': 414, 'name': 'Carlo Ancelotti', 'nickname': None, 'dob': '1959-06-10', 'country': {'id': 112, 'name': 'Italy'}}]",217,Barcelona,male,,214,Spain,"[{'id': 163, 'name': 'Gerardo Daniel Martino', 'nickname': 'Gerardo Martino', 'dob': '1962-11-20', 'country': {'id': 11, 'name': 'Argentina'}}]",1.1.0,2,2,1,Regular Season,353,Estadio Santiago Bernabéu,214,Spain,221.0,Alberto Undiano Mallenco,214.0,Spain
266883,2013-11-10,21:00:00.000,1,4,available,scheduled,2020-07-29T05:00,2021-06-13T16:17:31.694,13,11,Spain,La Liga,25,2013/2014,218,Real Betis,male,,214,Spain,"[{'id': 57, 'name': 'José Mel Pérez', 'nickname': 'Pepe Mel', 'dob': '1963-02-28', 'country': {'id': 214, 'name': 'Spain'}}]",217,Barcelona,male,,214,Spain,"[{'id': 163, 'name': 'Gerardo Daniel Martino', 'nickname': 'Gerardo Martino', 'dob': '1962-11-20', 'country': {'id': 11, 'name': 'Argentina'}}]",1.1.0,2,2,1,Regular Season,352,Estadio Benito Villamarín,214,Spain,211.0,José Luis González González,214.0,Spain
266603,2014-03-08,16:00:00.000,1,0,available,scheduled,2020-07-29T05:00,2021-06-13T16:17:31.694,27,11,Spain,La Liga,25,2013/2014,901,Real Valladolid,male,,214,Spain,"[{'id': 4974, 'name': 'Juan Ignacio Martínez Jiménez', 'nickname': 'Juan Ignacio Martínez', 'dob': '1964-06-23', 'country': {'id': 214, 'name': 'Spain'}}]",217,Barcelona,male,,214,Spain,"[{'id': 163, 'name': 'Gerardo Daniel Martino', 'nickname': 'Gerardo Martino', 'dob': '1962-11-20', 'country': {'id': 11, 'name': 'Argentina'}}]",1.1.0,2,2,1,Regular Season,622,Estadio Municipal José Zorrilla,214,Spain,,,,
265837,2014-02-22,20:00:00.000,3,1,available,scheduled,2020-07-29T05:00,2021-06-13T16:17:31.694,25,11,Spain,La Liga,25,2013/2014,210,Real Sociedad,male,,214,Spain,"[{'id': 1592, 'name': 'Jagoba Arrasate Elustondo', 'nickname': 'Jagoba Arrasate', 'dob': '1978-04-22', 'country': {'id': 214, 'name': 'Spain'}}]",217,Barcelona,male,,214,Spain,"[{'id': 163, 'name': 'Gerardo Daniel Martino', 'nickname': 'Gerardo Martino', 'dob': '1962-11-20', 'country': {'id': 11, 'name': 'Argentina'}}]",1.1.0,2,2,1,Regular Season,5043,Reale Arena,214,Spain,222.0,David Fernández Borbalan,214.0,Spain
266462,2013-10-19,20:00:00.000,0,0,available,scheduled,2020-07-29T05:00,2021-06-13T16:17:31.694,9,11,Spain,La Liga,25,2013/2014,422,Osasuna,male,,214,Spain,"[{'id': 188, 'name': 'Javier Gracia Carlos', 'nickname': 'Javi Gracia', 'dob': '1970-05-01', 'country': {'id': 214, 'name': 'Spain'}}]",217,Barcelona,male,,214,Spain,"[{'id': 163, 'name': 'Gerardo Daniel Martino', 'nickname': 'Gerardo Martino', 'dob': '1962-11-20', 'country': {'id': 11, 'name': 'Argentina'}}]",1.1.0,2,2,1,Regular Season,4650,Estadio El Sadar,214,Spain,1015.0,Pedro Jesús Pérez Montero,214.0,Spain
267192,2013-10-29,22:00:00.000,0,3,available,scheduled,2020-07-29T05:00,2021-06-13T16:17:31.694,11,11,Spain,La Liga,25,2013/2014,209,Celta Vigo,male,,214,Spain,"[{'id': 793, 'name': 'Luis Enrique Martínez García', 'nickname': 'Luis Enrique', 'dob': '1970-05-08', 'country': {'id': 214, 'name': 'Spain'}}]",217,Barcelona,male,,214,Spain,"[{'id': 163, 'name': 'Gerardo Daniel Martino', 'nickname': 'Gerardo Martino', 'dob': '1962-11-20', 'country': {'id': 11, 'name': 'Argentina'}}]",1.1.0,2,2,1,Regular Season,653,Abanca-Balaídos,214,Spain,222.0,David Fernández Borbalan,214.0,Spain
266420,2013-09-28,18:00:00.000,0,2,available,scheduled,2020-07-29T05:00,2021-06-13T16:17:31.694,7,11,Spain,La Liga,25,2013/2014,403,Almería,male,,214,Spain,"[{'id': 673, 'name': 'Francisco Javier Rodríguez Vílchez', 'nickname': 'Francisco ', 'dob': '1978-06-17', 'country': {'id': 214, 'name': 'Spain'}}]",217,Barcelona,male,,214,Spain,"[{'id': 163, 'name': 'Gerardo Daniel Martino', 'nickname': 'Gerardo Martino', 'dob': '1962-11-20', 'country': {'id': 11, 'name': 'Argentina'}}]",1.1.0,2,2,1,Regular Season,4657,Power Horse Stadium – Estadio de los Juegos Mediterráneos,214,Spain,1009.0,Miguel Ayza,214.0,Spain
266015,2012-12-22,18:00:00.000,1,3,available,scheduled,2020-07-29T05:00,2021-06-13T16:17:31.694,17,11,Spain,La Liga,24,2012/2013,901,Real Valladolid,male,,214,Spain,,217,Barcelona,male,,214,Spain,,1.1.0,2,2,1,Regular Season,622,Estadio Municipal José Zorrilla,214,Spain,1008.0,Carlos Clos Gómez,214.0,Spain
70270,2012-09-22,22:00:00.000,2,0,available,scheduled,2020-07-29T05:00,2021-06-13T16:17:31.694,5,11,Spain,La Liga,24,2012/2013,217,Barcelona,male,,214,Spain,,1049,Granada,male,,214,Spain,,1.1.0,2,2,1,Regular Season,342,Spotify Camp Nou,214,Spain,,,,
70281,2013-05-05,21:00:00.000,4,2,available,scheduled,2020-07-29T05:00,2021-06-13T16:17:31.694,34,11,Spain,La Liga,24,2012/2013,217,Barcelona,male,,214,Spain,,218,Real Betis,male,,214,Spain,,1.1.0,2,2,1,Regular Season,342,Spotify Camp Nou,214,Spain,1008.0,Carlos Clos Gómez,214.0,Spain
70308,2012-11-03,18:00:00.000,3,1,available,scheduled,2020-07-29T05:00,2021-06-13T16:17:31.694,10,11,Spain,La Liga,24,2012/2013,217,Barcelona,male,,214,Spain,,209,Celta Vigo,male,,214,Spain,,1.1.0,2,2,1,Regular Season,342,Spotify Camp Nou,214,Spain,222.0,David Fernández Borbalan,214.0,Spain
70282,2013-02-03,19:00:00.000,1,1,available,scheduled,2020-07-29T05:00,2021-06-13T16:17:31.694,22,11,Spain,La Liga,24,2012/2013,207,Valencia,male,,214,Spain,,217,Barcelona,male,,214,Spain,,1.1.0,2,2,1,Regular Season,344,Estadio de Mestalla,214,Spain,211.0,José Luis González González,214.0,Spain
266724,2012-11-11,17:50:00.000,2,4,available,scheduled,2020-07-29T05:00,2021-06-13T16:17:31.694,11,11,Spain,La Liga,24,2012/2013,1043,Mallorca,male,,214,Spain,,217,Barcelona,male,,214,Spain,,1.1.0,2,2,1,Regular Season,4454,Estadi Mallorca Son Moix,214,Spain,218.0,Ignacio Iglesias Villanueva,214.0,Spain
70272,2013-03-02,16:00:00.000,2,1,available,scheduled,2020-07-29T05:00,2021-06-13T16:17:31.694,26,11,Spain,La Liga,24,2012/2013,220,Real Madrid,male,,214,Spain,,217,Barcelona,male,,214,Spain,,1.1.0,2,2,1,Regular Season,353,Estadio Santiago Bernabéu,214,Spain,1001.0,Miguel Pérez,214.0,Spain
70304,2012-10-20,22:00:00.000,4,5,available,scheduled,2020-07-29T05:00,2021-06-13T16:17:31.694,8,11,Spain,La Liga,24,2012/2013,219,RC Deportivo La Coruña,male,,214,Spain,,217,Barcelona,male,,214,Spain,,1.1.0,2,2,1,Regular Season,4658,Estadio Abanca-Riazor,214,Spain,1013.0,José Paradas,214.0,Spain
70280,2012-11-25,21:00:00.000,0,4,available,scheduled,2020-07-29T05:00,2021-06-13T16:17:31.694,13,11,Spain,La Liga,24,2012/2013,221,Levante UD,male,,214,Spain,,217,Barcelona,male,,214,Spain,,1.1.0,2,2,1,Regular Season,350,Estadio Ciudad de Valencia,214,Spain,1015.0,Pedro Jesús Pérez Montero,214.0,Spain
70296,2012-12-16,21:00:00.000,4,1,available,scheduled,2020-07-29T05:00,2021-06-13T16:17:31.694,16,11,Spain,La Liga,24,2012/2013,217,Barcelona,male,,214,Spain,,212,Atlético Madrid,male,,214,Spain,,1.1.0,2,2,1,Regular Season,342,Spotify Camp Nou,214,Spain,1001.0,Miguel Pérez,214.0,Spain
70297,2013-02-10,12:00:00.000,6,1,available,scheduled,2021-10-27T15:44:43.940862,2021-06-13T16:17:31.694,23,11,Spain,La Liga,24,2012/2013,217,Barcelona,male,,214,Spain,,216,Getafe,male,,214,Spain,,1.1.0,2,2,1,Regular Season,342,Spotify Camp Nou,214,Spain,218.0,Ignacio Iglesias Villanueva,214.0,Spain
266433,2013-01-06,19:00:00.000,4,0,available,scheduled,2020-07-29T05:00,2021-06-13T16:17:31.694,18,11,Spain,La Liga,24,2012/2013,217,Barcelona,male,,214,Spain,,214,Espanyol,male,,214,Spain,,1.1.0,2,2,1,Regular Season,342,Spotify Camp Nou,214,Spain,183.0,Jesús Gil Manzano,214.0,Spain
70256,2013-03-30,18:00:00.000,2,2,available,scheduled,2020-07-29T05:00,2021-06-13T16:17:31.694,29,11,Spain,La Liga,24,2012/2013,209,Celta Vigo,male,,214,Spain,,217,Barcelona,male,,214,Spain,,1.1.0,2,2,1,Regular Season,653,Abanca-Balaídos,214,Spain,180.0,Antonio Miguel Mateu Lahoz,214.0,Spain
70259,2012-08-19,21:00:00.000,5,1,available,scheduled,2020-07-29T05:00,2021-06-13T16:17:31.694,1,11,Spain,La Liga,24,2012/2013,217,Barcelona,male,,214,Spain,,210,Real Sociedad,male,,214,Spain,,1.1.0,2,2,1,Regular Season,342,Spotify Camp Nou,214,Spain,211.0,José Luis González González,214.0,Spain
70260,2013-01-27,19:00:00.000,5,1,available,scheduled,2020-07-29T05:00,2021-06-13T16:17:31.694,21,11,Spain,La Liga,24,2012/2013,217,Barcelona,male,,214,Spain,,422,Osasuna,male,,214,Spain,,1.1.0,2,2,1,Regular Season,342,Spotify Camp Nou,214,Spain,1003.0,Fernando Teixeira,214.0,Spain
70263,2012-12-01,20:00:00.000,5,1,available,scheduled,2020-07-29T05:00,2021-06-13T16:17:31.694,14,11,Spain,La Liga,24,2012/2013,217,Barcelona,male,,214,Spain,,215,Athletic Club,male,,214,Spain,,1.1.0,2,2,1,Regular Season,342,Spotify Camp Nou,214,Spain,180.0,Antonio Miguel Mateu Lahoz,214.0,Spain
70276,2012-10-27,22:00:00.000,0,5,available,scheduled,2022-09-25T20:44:56.266162,2021-06-13T16:17:31.694,9,11,Spain,La Liga,24,2012/2013,360,Rayo Vallecano,male,,214,Spain,"[{'id': 220, 'name': 'Francisco Jémez Martín', 'nickname': 'Paco Jémez', 'dob': '1970-04-18', 'country': {'id': 214, 'name': 'Spain'}}]",217,Barcelona,male,,214,Spain,"[{'id': 1001722, 'name': 'Francesc Vilanova i Bayo', 'nickname': 'Tito Vilanova', 'dob': '1969-09-17', 'country': {'id': 214, 'name': 'Spain'}}]",1.1.0,2,2,1,Regular Season,4640,Estadio de Vallecas,214,Spain,1001.0,Miguel Pérez,214.0,Spain
70287,2013-01-19,18:00:00.000,3,2,available,scheduled,2020-07-29T05:00,2021-06-13T16:17:31.694,20,11,Spain,La Liga,24,2012/2013,210,Real Sociedad,male,,214,Spain,,217,Barcelona,male,,214,Spain,,1.1.0,2,2,1,Regular Season,5043,Reale Arena,214,Spain,221.0,Alberto Undiano Mallenco,214.0,Spain
70284,2013-05-12,19:00:00.000,1,2,available,scheduled,2020-07-29T05:00,2021-06-13T16:17:31.694,35,11,Spain,La Liga,24,2012/2013,212,Atlético Madrid,male,,214,Spain,,217,Barcelona,male,,214,Spain,,1.1.0,2,2,1,Regular Season,625,Estadio Vicente Calderón,214,Spain,1015.0,Pedro Jesús Pérez Montero,214.0,Spain
70275,2012-09-29,22:00:00.000,2,3,available,scheduled,2020-07-29T05:00,2021-06-13T16:17:31.694,6,11,Spain,La Liga,24,2012/2013,213,Sevilla,male,,214,Spain,,217,Barcelona,male,,214,Spain,,1.1.0,2,2,1,Regular Season,349,Estadio Ramón Sánchez Pizjuán,214,Spain,180.0,Antonio Miguel Mateu Lahoz,214.0,Spain
70286,2012-09-02,21:30:00.000,1,0,available,scheduled,2020-07-29T05:00,2021-06-13T16:17:31.694,3,11,Spain,La Liga,24,2012/2013,217,Barcelona,male,,214,Spain,,207,Valencia,male,,214,Spain,,1.1.0,2,2,1,Regular Season,342,Spotify Camp Nou,214,Spain,1001.0,Miguel Pérez,214.0,Spain
70309,2012-11-17,20:00:00.000,3,1,available,scheduled,2020-07-29T05:00,2021-06-13T16:17:31.694,12,11,Spain,La Liga,24,2012/2013,217,Barcelona,male,,214,Spain,,395,Real Zaragoza,male,,214,Spain,,1.1.0,2,2,1,Regular Season,342,Spotify Camp Nou,214,Spain,1009.0,Miguel Ayza,214.0,Spain
70300,2012-10-07,19:50:00.000,2,2,available,scheduled,2020-07-29T05:00,2021-06-13T16:17:31.694,7,11,Spain,La Liga,24,2012/2013,217,Barcelona,male,,214,Spain,,220,Real Madrid,male,,214,Spain,,1.1.0,2,2,1,Regular Season,342,Spotify Camp Nou,214,Spain,1012.0,Carlos Delgado,214.0,Spain
70295,2012-12-09,21:00:00.000,1,2,available,scheduled,2020-07-29T05:00,2021-06-13T16:17:31.694,15,11,Spain,La Liga,24,2012/2013,218,Real Betis,male,,214,Spain,,217,Barcelona,male,,214,Spain,,1.1.0,2,2,1,Regular Season,352,Estadio Benito Villamarín,214,Spain,2535.0,Carlos Velasco Carballo,214.0,Spain
70307,2013-03-17,21:00:00.000,3,1,available,scheduled,2020-07-29T05:00,2021-06-13T16:17:31.694,28,11,Spain,La Liga,24,2012/2013,217,Barcelona,male,,214,Spain,,360,Rayo Vallecano,male,,214,Spain,,1.1.0,2,2,1,Regular Season,342,Spotify Camp Nou,214,Spain,211.0,José Luis González González,214.0,Spain
70305,2013-03-09,20:00:00.000,2,0,available,scheduled,2020-07-29T05:00,2021-06-13T16:17:31.694,27,11,Spain,La Liga,24,2012/2013,217,Barcelona,male,,214,Spain,,219,RC Deportivo La Coruña,male,,214,Spain,,1.1.0,2,2,1,Regular Season,342,Spotify Camp Nou,214,Spain,1015.0,Pedro Jesús Pérez Montero,214.0,Spain
266827,2013-01-13,21:00:00.000,1,3,available,scheduled,2020-07-29T05:00,2021-06-13T16:17:31.694,19,11,Spain,La Liga,24,2012/2013,223,Málaga,male,,214,Spain,,217,Barcelona,male,,214,Spain,,1.1.0,2,2,1,Regular Season,346,Estadio La Rosaleda,214,Spain,1012.0,Carlos Delgado,214.0,Spain
267502,2013-04-27,18:00:00.000,2,2,available,scheduled,2022-09-25T20:52:24.444609,2021-06-13T16:17:31.694,33,11,Spain,La Liga,24,2012/2013,215,Athletic Club,male,,214,Spain,"[{'id': 269, 'name': 'Marcelo Alberto Bielsa Caldera', 'nickname': 'Marcelo Bielsa', 'dob': '1955-07-21', 'country': {'id': 11, 'name': 'Argentina'}}]",217,Barcelona,male,,214,Spain,"[{'id': 1001722, 'name': 'Francesc Vilanova i Bayo', 'nickname': 'Tito Vilanova', 'dob': '1969-09-17', 'country': {'id': 214, 'name': 'Spain'}}]",1.1.0,2,2,1,Regular Season,4637,Estadio San Mamés,214,Spain,218.0,Ignacio Iglesias Villanueva,214.0,Spain
70271,2013-02-23,22:00:00.000,2,1,available,scheduled,2020-07-29T05:00,2021-06-13T16:17:31.694,25,11,Spain,La Liga,24,2012/2013,217,Barcelona,male,,214,Spain,,213,Sevilla,male,,214,Spain,,1.1.0,2,2,1,Regular Season,342,Spotify Camp Nou,214,Spain,2535.0,Carlos Velasco Carballo,214.0,Spain
70294,2013-02-16,20:00:00.000,1,2,available,scheduled,2020-07-29T05:00,2021-06-13T16:17:31.694,24,11,Spain,La Liga,24,2012/2013,1049,Granada,male,,214,Spain,,217,Barcelona,male,,214,Spain,,1.1.0,2,2,1,Regular Season,4667,Estadio Nuevo Los Cármenes,214,Spain,,,,
70262,2012-08-26,19:00:00.000,1,2,available,scheduled,2020-07-29T05:00,2021-06-13T16:17:31.694,2,11,Spain,La Liga,24,2012/2013,422,Osasuna,male,,214,Spain,,217,Barcelona,male,,214,Spain,,1.1.0,2,2,1,Regular Season,4650,Estadio El Sadar,214,Spain,997.0,César Muñiz,214.0,Spain
70292,2012-09-15,20:00:00.000,1,4,available,scheduled,2020-07-29T05:00,2021-06-13T16:17:31.694,4,11,Spain,La Liga,24,2012/2013,216,Getafe,male,,214,Spain,,217,Barcelona,male,,214,Spain,,1.1.0,2,2,1,Regular Season,354,Coliseum Alfonso Pérez,214,Spain,1003.0,Fernando Teixeira,214.0,Spain
69328,2012-02-19,21:30:00.000,5,1,available,scheduled,2020-07-29T05:00,2021-06-13T16:17:31.694,24,11,Spain,La Liga,23,2011/2012,217,Barcelona,male,,214,Spain,"[{'id': 36, 'name': 'Josep Guardiola i Sala', 'nickname': 'Pep Guardiola', 'dob': '1971-01-18', 'country': {'id': 214, 'name': 'Spain'}}]",207,Valencia,male,,214,Spain,"[{'id': 21, 'name': 'Unai Emery Etxegoien', 'nickname': 'Unai Emery', 'dob': '1971-11-03', 'country': {'id': 214, 'name': 'Spain'}}]",1.1.0,2,2,1,Regular Season,342,Spotify Camp Nou,214,Spain,1004.0,Turienzo,214.0,Spain
69329,2011-10-22,22:00:00.000,0,0,available,scheduled,2020-07-29T05:00,2021-06-13T16:17:31.694,9,11,Spain,La Liga,23,2011/2012,217,Barcelona,male,,214,Spain,"[{'id': 36, 'name': 'Josep Guardiola i Sala', 'nickname': 'Pep Guardiola', 'dob': '1971-01-18', 'country': {'id': 214, 'name': 'Spain'}}]",213,Sevilla,male,,214,Spain,"[{'id': 211, 'name': 'Marcelino García Toral', 'nickname': 'Marcelino', 'dob': '1965-08-14', 'country': {'id': 214, 'name': 'Spain'}}]",1.1.0,2,2,1,Regular Season,342,Spotify Camp Nou,214,Spain,999.0,Eduardo Iturralde Gonzalez,214.0,Spain
70219,2012-04-07,20:00:00.000,1,4,available,scheduled,2020-07-29T05:00,2021-06-13T16:17:31.694,32,11,Spain,La Liga,23,2011/2012,395,Real Zaragoza,male,,214,Spain,"[{'id': 1621, 'name': 'Manuel Enrique Jiménez Jiménez', 'nickname': 'Manolo Jiménez', 'dob': '1964-01-26', 'country': {'id': 214, 'name': 'Spain'}}]",217,Barcelona,male,,214,Spain,"[{'id': 36, 'name': 'Josep Guardiola i Sala', 'nickname': 'Pep Guardiola', 'dob': '1971-01-18', 'country': {'id': 214, 'name': 'Spain'}}]",1.1.0,2,2,1,Regular Season,4457,Estadio de la Romareda,214,Spain,1004.0,Turienzo,214.0,Spain
69331,2011-11-19,20:00:00.000,4,0,available,scheduled,2020-07-29T05:00,2021-06-13T16:17:31.694,13,11,Spain,La Liga,23,2011/2012,217,Barcelona,male,,214,Spain,"[{'id': 36, 'name': 'Josep Guardiola i Sala', 'nickname': 'Pep Guardiola', 'dob': '1971-01-18', 'country': {'id': 214, 'name': 'Spain'}}]",395,Real Zaragoza,male,,214,Spain,"[{'id': 3196, 'name': 'Javier Aguirre Onaindía', 'nickname': 'Javier Aguirre', 'dob': '1958-12-01', 'country': {'id': 147, 'name': 'Mexico'}}]",1.1.0,2,2,1,Regular Season,342,Spotify Camp Nou,214,Spain,221.0,Alberto Undiano Mallenco,214.0,Spain
69337,2012-02-26,21:30:00.000,1,2,available,scheduled,2020-07-29T05:00,2021-06-13T16:17:31.694,25,11,Spain,La Liga,23,2011/2012,212,Atlético Madrid,male,,214,Spain,"[{'id': 230, 'name': 'Diego Pablo Simeone', 'nickname': 'Diego Simeone', 'dob': '1970-04-28', 'country': {'id': 11, 'name': 'Argentina'}}]",217,Barcelona,male,,214,Spain,"[{'id': 36, 'name': 'Josep Guardiola i Sala', 'nickname': 'Pep Guardiola', 'dob': '1971-01-18', 'country': {'id': 214, 'name': 'Spain'}}]",1.1.0,2,2,1,Regular Season,625,Estadio Vicente Calderón,214,Spain,1001.0,Miguel Pérez,214.0,Spain
69322,2012-03-11,18:00:00.000,0,2,available,scheduled,2020-07-29T05:00,2021-06-13T16:17:31.694,27,11,Spain,La Liga,23,2011/2012,1217,Racing Santander,male,,214,Spain,"[{'id': 1598, 'name': 'Álvaro Cervera Díaz', 'nickname': 'Álvaro Cervera', 'dob': '1965-09-20', 'country': {'id': 214, 'name': 'Spain'}}]",217,Barcelona,male,,214,Spain,"[{'id': 36, 'name': 'Josep Guardiola i Sala', 'nickname': 'Pep Guardiola', 'dob': '1971-01-18', 'country': {'id': 214, 'name': 'Spain'}}]",1.1.0,2,2,1,Regular Season,4636,Campos de Sport de El Sardinero,214,Spain,,,,
69316,2012-02-04,22:00:00.000,2,1,available,scheduled,2020-07-29T05:00,2021-06-13T16:17:31.694,22,11,Spain,La Liga,23,2011/2012,217,Barcelona,male,,214,Spain,"[{'id': 36, 'name': 'Josep Guardiola i Sala', 'nickname': 'Pep Guardiola', 'dob': '1971-01-18', 'country': {'id': 214, 'name': 'Spain'}}]",210,Real Sociedad,male,,214,Spain,"[{'id': 224, 'name': 'Philippe Jacques William Montanier', 'nickname': None, 'dob': '1964-11-15', 'country': {'id': 78, 'name': 'France'}}]",1.1.0,2,2,1,Regular Season,342,Spotify Camp Nou,214,Spain,1008.0,Carlos Clos Gómez,214.0,Spain
69332,2011-11-29,21:00:00.000,4,0,available,scheduled,2020-07-29T05:00,2021-06-13T16:17:31.694,17,11,Spain,La Liga,23,2011/2012,217,Barcelona,male,,214,Spain,"[{'id': 36, 'name': 'Josep Guardiola i Sala', 'nickname': 'Pep Guardiola', 'dob': '1971-01-18', 'country': {'id': 214, 'name': 'Spain'}}]",360,Rayo Vallecano,male,,214,Spain,"[{'id': 1617, 'name': 'José Ramón Sandoval Huertas', 'nickname': 'José Ramón Sandoval', 'dob': '1968-05-02', 'country': {'id': 214, 'name': 'Spain'}}]",1.1.0,2,2,1,Regular Season,342,Spotify Camp Nou,214,Spain,1001.0,Miguel Pérez,214.0,Spain
69335,2012-01-22,18:00:00.000,1,4,available,scheduled,2020-07-29T05:00,2021-06-13T16:17:31.694,1,11,Spain,La Liga,23,2011/2012,223,Málaga,male,,214,Spain,"[{'id': 733, 'name': 'Manuel Luis Pellegrini Ripamonti', 'nickname': 'Manuel Pellegrini', 'dob': '1953-09-16', 'country': {'id': 45, 'name': 'Chile'}}]",217,Barcelona,male,,214,Spain,"[{'id': 36, 'name': 'Josep Guardiola i Sala', 'nickname': 'Pep Guardiola', 'dob': '1971-01-18', 'country': {'id': 214, 'name': 'Spain'}}]",1.1.0,2,2,1,Regular Season,346,Estadio La Rosaleda,214,Spain,221.0,Alberto Undiano Mallenco,214.0,Spain
69330,2011-11-06,20:00:00.000,2,2,available,scheduled,2020-07-29T05:00,2021-06-13T16:17:31.694,12,11,Spain,La Liga,23,2011/2012,215,Athletic Club,male,,214,Spain,"[{'id': 269, 'name': 'Marcelo Alberto Bielsa Caldera', 'nickname': 'Marcelo Bielsa', 'dob': '1955-07-21', 'country': {'id': 11, 'name': 'Argentina'}}]",217,Barcelona,male,,214,Spain,"[{'id': 36, 'name': 'Josep Guardiola i Sala', 'nickname': 'Pep Guardiola', 'dob': '1971-01-18', 'country': {'id': 214, 'name': 'Spain'}}]",1.1.0,2,2,1,Regular Season,4637,Estadio San Mamés,214,Spain,1013.0,José Paradas,214.0,Spain
69297,2011-09-24,22:00:00.000,5,0,available,scheduled,2020-07-29T05:00,2021-06-13T16:17:31.694,6,11,Spain,La Liga,23,2011/2012,217,Barcelona,male,,214,Spain,"[{'id': 36, 'name': 'Josep Guardiola i Sala', 'nickname': 'Pep Guardiola', 'dob': '1971-01-18', 'country': {'id': 214, 'name': 'Spain'}}]",212,Atlético Madrid,male,,214,Spain,"[{'id': 4994, 'name': 'Gregorio Manzano Ballesteros', 'nickname': 'Gregorio Manzano', 'dob': '1956-03-11', 'country': {'id': 214, 'name': 'Spain'}}]",1.1.0,2,2,1,Regular Season,342,Spotify Camp Nou,214,Spain,1012.0,Carlos Delgado,214.0,Spain
69325,2012-03-24,18:00:00.000,0,2,available,scheduled,2020-07-29T05:00,2021-06-13T16:17:31.694,30,11,Spain,La Liga,23,2011/2012,1043,Mallorca,male,,214,Spain,"[{'id': 497, 'name': 'Joaquín de Jesús Caparrós Camino', 'nickname': 'Joaquín Caparrós', 'dob': '1955-10-15', 'country': {'id': 214, 'name': 'Spain'}}]",217,Barcelona,male,,214,Spain,"[{'id': 36, 'name': 'Josep Guardiola i Sala', 'nickname': 'Pep Guardiola', 'dob': '1971-01-18', 'country': {'id': 214, 'name': 'Spain'}}]",1.1.0,2,2,1,Regular Season,4454,Estadi Mallorca Son Moix,214,Spain,1009.0,Miguel Ayza,214.0,Spain
69324,2012-04-21,20:00:00.000,1,2,available,scheduled,2020-07-29T05:00,2021-06-13T16:17:31.694,35,11,Spain,La Liga,23,2011/2012,217,Barcelona,male,,214,Spain,"[{'id': 36, 'name': 'Josep Guardiola i Sala', 'nickname': 'Pep Guardiola', 'dob': '1971-01-18', 'country': {'id': 214, 'name': 'Spain'}}]",220,Real Madrid,male,,214,Spain,"[{'id': 383, 'name': 'José Mario Felix dos Santos Mourinho', 'nickname': 'José Mourinho', 'dob': '1963-01-26', 'country': {'id': 183, 'name': 'Portugal'}}]",1.1.0,2,2,1,Regular Season,342,Spotify Camp Nou,214,Spain,221.0,Alberto Undiano Mallenco,214.0,Spain
70225,2012-03-20,21:00:00.000,5,3,available,scheduled,2020-07-29T05:00,2021-06-13T16:17:31.694,29,11,Spain,La Liga,23,2011/2012,217,Barcelona,male,,214,Spain,"[{'id': 36, 'name': 'Josep Guardiola i Sala', 'nickname': 'Pep Guardiola', 'dob': '1971-01-18', 'country': {'id': 214, 'name': 'Spain'}}]",1049,Granada,male,,214,Spain,"[{'id': 4988, 'name': 'Abel Resino Gómez', 'nickname': None, 'dob': '1960-02-02', 'country': {'id': 214, 'name': 'Spain'}}]",1.1.0,2,2,1,Regular Season,342,Spotify Camp Nou,214,Spain,1016.0,José Teixeira,214.0,Spain
69293,2011-10-15,20:00:00.000,3,0,available,scheduled,2020-07-29T05:00,2021-06-13T16:17:31.694,8,11,Spain,La Liga,23,2011/2012,217,Barcelona,male,,214,Spain,"[{'id': 36, 'name': 'Josep Guardiola i Sala', 'nickname': 'Pep Guardiola', 'dob': '1971-01-18', 'country': {'id': 214, 'name': 'Spain'}}]",1217,Racing Santander,male,,214,Spain,"[{'id': 486, 'name': 'Héctor Raúl Cúper', 'nickname': 'Héctor Cúper', 'dob': '1955-11-16', 'country': {'id': 11, 'name': 'Argentina'}}]",1.1.0,2,2,1,Regular Season,342,Spotify Camp Nou,214,Spain,1009.0,Miguel Ayza,214.0,Spain
70223,2011-09-21,22:00:00.000,2,2,available,scheduled,2020-07-29T05:00,2021-06-13T16:17:31.694,5,11,Spain,La Liga,23,2011/2012,207,Valencia,male,,214,Spain,"[{'id': 21, 'name': 'Unai Emery Etxegoien', 'nickname': 'Unai Emery', 'dob': '1971-11-03', 'country': {'id': 214, 'name': 'Spain'}}]",217,Barcelona,male,,214,Spain,"[{'id': 36, 'name': 'Josep Guardiola i Sala', 'nickname': 'Pep Guardiola', 'dob': '1971-01-18', 'country': {'id': 214, 'name': 'Spain'}}]",1.1.0,2,2,1,Regular Season,344,Estadio de Mestalla,214,Spain,2535.0,Carlos Velasco Carballo,214.0,Spain
69333,2011-12-03,20:00:00.000,5,0,available,scheduled,2020-07-29T05:00,2021-06-13T16:17:31.694,15,11,Spain,La Liga,23,2011/2012,217,Barcelona,male,,214,Spain,"[{'id': 36, 'name': 'Josep Guardiola i Sala', 'nickname': 'Pep Guardiola', 'dob': '1971-01-18', 'country': {'id': 214, 'name': 'Spain'}}]",221,Levante UD,male,,214,Spain,"[{'id': 4974, 'name': 'Juan Ignacio Martínez Jiménez', 'nickname': 'Juan Ignacio Martínez', 'dob': '1964-06-23', 'country': {'id': 214, 'name': 'Spain'}}]",1.1.0,2,2,1,Regular Season,342,Spotify Camp Nou,214,Spain,1016.0,José Teixeira,214.0,Spain
69264,2011-09-10,18:00:00.000,2,2,available,scheduled,2020-07-29T05:00,2021-06-13T16:17:31.694,3,11,Spain,La Liga,23,2011/2012,210,Real Sociedad,male,,214,Spain,"[{'id': 224, 'name': 'Philippe Jacques William Montanier', 'nickname': None, 'dob': '1964-11-15', 'country': {'id': 78, 'name': 'France'}}]",217,Barcelona,male,,214,Spain,"[{'id': 36, 'name': 'Josep Guardiola i Sala', 'nickname': 'Pep Guardiola', 'dob': '1971-01-18', 'country': {'id': 214, 'name': 'Spain'}}]",1.1.0,2,2,1,Regular Season,5043,Reale Arena,214,Spain,180.0,Antonio Miguel Mateu Lahoz,214.0,Spain
69343,2012-04-10,21:00:00.000,4,0,available,scheduled,2020-07-29T05:00,2021-06-13T16:17:31.694,33,11,Spain,La Liga,23,2011/2012,217,Barcelona,male,,214,Spain,"[{'id': 36, 'name': 'Josep Guardiola i Sala', 'nickname': 'Pep Guardiola', 'dob': '1971-01-18', 'country': {'id': 214, 'name': 'Spain'}}]",216,Getafe,male,,214,Spain,"[{'id': 392, 'name': 'Luis García Plaza', 'nickname': 'Luis García', 'dob': '1972-12-01', 'country': {'id': 214, 'name': 'Spain'}}]",1.1.0,2,2,1,Regular Season,342,Spotify Camp Nou,214,Spain,211.0,José Luis González González,214.0,Spain
69340,2012-05-02,20:00:00.000,4,1,available,scheduled,2020-07-29T05:00,2021-06-13T16:17:31.694,20,11,Spain,La Liga,23,2011/2012,217,Barcelona,male,,214,Spain,"[{'id': 36, 'name': 'Josep Guardiola i Sala', 'nickname': 'Pep Guardiola', 'dob': '1971-01-18', 'country': {'id': 214, 'name': 'Spain'}}]",223,Málaga,male,,214,Spain,"[{'id': 733, 'name': 'Manuel Luis Pellegrini Ripamonti', 'nickname': 'Manuel Pellegrini', 'dob': '1953-09-16', 'country': {'id': 45, 'name': 'Chile'}}]",1.1.0,2,2,1,Regular Season,342,Spotify Camp Nou,214,Spain,1004.0,Turienzo,214.0,Spain
69265,2011-10-02,20:00:00.000,0,1,available,scheduled,2020-07-29T05:00,2021-06-13T16:17:31.694,7,11,Spain,La Liga,23,2011/2012,1041,Sporting Gijón,male,,214,Spain,"[{'id': 4959, 'name': 'Manuel Preciado Rebolledo', 'nickname': 'Manuel Preciado', 'dob': '1957-08-28', 'country': {'id': 214, 'name': 'Spain'}}]",217,Barcelona,male,,214,Spain,"[{'id': 36, 'name': 'Josep Guardiola i Sala', 'nickname': 'Pep Guardiola', 'dob': '1971-01-18', 'country': {'id': 214, 'name': 'Spain'}}]",1.1.0,2,2,1,Regular Season,4656,Estadio Municipal El Molinón,214,Spain,1008.0,Carlos Clos Gómez,214.0,Spain
69319,2012-05-12,22:00:00.000,2,2,available,scheduled,2020-07-29T05:00,2021-06-13T16:17:31.694,38,11,Spain,La Liga,23,2011/2012,218,Real Betis,male,,214,Spain,"[{'id': 57, 'name': 'José Mel Pérez', 'nickname': 'Pepe Mel', 'dob': '1963-02-28', 'country': {'id': 214, 'name': 'Spain'}}]",217,Barcelona,male,,214,Spain,"[{'id': 36, 'name': 'Josep Guardiola i Sala', 'nickname': 'Pep Guardiola', 'dob': '1971-01-18', 'country': {'id': 214, 'name': 'Spain'}}]",1.1.0,2,2,1,Regular Season,352,Estadio Benito Villamarín,214,Spain,1009.0,Miguel Ayza,214.0,Spain
69334,2011-12-10,22:00:00.000,1,3,available,scheduled,2020-07-29T05:00,2021-06-13T16:17:31.694,16,11,Spain,La Liga,23,2011/2012,220,Real Madrid,male,,214,Spain,"[{'id': 383, 'name': 'José Mario Felix dos Santos Mourinho', 'nickname': 'José Mourinho', 'dob': '1963-01-26', 'country': {'id': 183, 'name': 'Portugal'}}]",217,Barcelona,male,,214,Spain,"[{'id': 36, 'name': 'Josep Guardiola i Sala', 'nickname': 'Pep Guardiola', 'dob': '1971-01-18', 'country': {'id': 214, 'name': 'Spain'}}]",1.1.0,2,2,1,Regular Season,353,Estadio Santiago Bernabéu,214,Spain,222.0,David Fernández Borbalan,214.0,Spain
69327,2012-01-15,21:30:00.000,4,2,available,scheduled,2020-07-29T05:00,2021-06-13T16:17:31.694,19,11,Spain,La Liga,23,2011/2012,217,Barcelona,male,,214,Spain,"[{'id': 36, 'name': 'Josep Guardiola i Sala', 'nickname': 'Pep Guardiola', 'dob': '1971-01-18', 'country': {'id': 214, 'name': 'Spain'}}]",218,Real Betis,male,,214,Spain,"[{'id': 57, 'name': 'José Mel Pérez', 'nickname': 'Pepe Mel', 'dob': '1963-02-28', 'country': {'id': 214, 'name': 'Spain'}}]",1.1.0,2,2,1,Regular Season,342,Spotify Camp Nou,214,Spain,218.0,Ignacio Iglesias Villanueva,214.0,Spain
69315,2011-11-26,22:00:00.000,1,0,available,scheduled,2020-07-29T05:00,2021-06-13T16:17:31.694,14,11,Spain,La Liga,23,2011/2012,216,Getafe,male,,214,Spain,"[{'id': 392, 'name': 'Luis García Plaza', 'nickname': 'Luis García', 'dob': '1972-12-01', 'country': {'id': 214, 'name': 'Spain'}}]",217,Barcelona,male,,214,Spain,"[{'id': 36, 'name': 'Josep Guardiola i Sala', 'nickname': 'Pep Guardiola', 'dob': '1971-01-18', 'country': {'id': 214, 'name': 'Spain'}}]",1.1.0,2,2,1,Regular Season,354,Coliseum Alfonso Pérez,214,Spain,1003.0,Fernando Teixeira,214.0,Spain
69336,2012-02-11,20:00:00.000,3,2,available,scheduled,2020-07-29T05:00,2021-06-13T16:17:31.694,23,11,Spain,La Liga,23,2011/2012,422,Osasuna,male,,214,Spain,"[{'id': 221, 'name': 'José Luis Mendilibar Etxebarria', 'nickname': 'José Luis Mendilibar', 'dob': '1961-03-14', 'country': {'id': 214, 'name': 'Spain'}}]",217,Barcelona,male,,214,Spain,"[{'id': 36, 'name': 'Josep Guardiola i Sala', 'nickname': 'Pep Guardiola', 'dob': '1971-01-18', 'country': {'id': 214, 'name': 'Spain'}}]",1.1.0,2,2,1,Regular Season,4650,Estadio El Sadar,214,Spain,1013.0,José Paradas,214.0,Spain
69326,2012-03-17,20:00:00.000,0,2,available,scheduled,2020-07-29T05:00,2021-06-13T16:17:31.694,28,11,Spain,La Liga,23,2011/2012,213,Sevilla,male,,214,Spain,"[{'id': 505, 'name': 'José Miguel González Martín del Campo', 'nickname': 'Míchel', 'dob': '1963-03-23', 'country': {'id': 214, 'name': 'Spain'}}]",217,Barcelona,male,,214,Spain,"[{'id': 36, 'name': 'Josep Guardiola i Sala', 'nickname': 'Pep Guardiola', 'dob': '1971-01-18', 'country': {'id': 214, 'name': 'Spain'}}]",1.1.0,2,2,1,Regular Season,349,Estadio Ramón Sánchez Pizjuán,214,Spain,211.0,José Luis González González,214.0,Spain
69268,2011-08-29,21:00:00.000,5,0,available,scheduled,2020-07-29T05:00,2021-06-13T16:17:31.694,2,11,Spain,La Liga,23,2011/2012,217,Barcelona,male,,214,Spain,"[{'id': 36, 'name': 'Josep Guardiola i Sala', 'nickname': 'Pep Guardiola', 'dob': '1971-01-18', 'country': {'id': 214, 'name': 'Spain'}}]",222,Villarreal,male,,214,Spain,"[{'id': 4201, 'name': 'Juan Carlos Garrido Fernández', 'nickname': 'Juan Garrido', 'dob': '1969-03-29', 'country': {'id': 214, 'name': 'Spain'}}]",1.1.0,2,2,1,Regular Season,342,Spotify Camp Nou,214,Spain,1004.0,Turienzo,214.0,Spain
69320,2012-05-05,21:00:00.000,4,0,available,scheduled,2020-07-29T05:00,2021-06-13T16:17:31.694,37,11,Spain,La Liga,23,2011/2012,217,Barcelona,male,,214,Spain,"[{'id': 36, 'name': 'Josep Guardiola i Sala', 'nickname': 'Pep Guardiola', 'dob': '1971-01-18', 'country': {'id': 214, 'name': 'Spain'}}]",214,Espanyol,male,,214,Spain,"[{'id': 81, 'name': 'Mauricio Roberto Pochettino Trossero', 'nickname': 'Mauricio Pochettino', 'dob': '1972-03-02', 'country': {'id': 11, 'name': 'Argentina'}}]",1.1.0,2,2,1,Regular Season,342,Spotify Camp Nou,214,Spain,1003.0,Fernando Teixeira,214.0,Spain
69312,2012-01-08,21:30:00.000,1,1,available,scheduled,2020-07-29T05:00,2021-06-13T16:17:31.694,18,11,Spain,La Liga,23,2011/2012,214,Espanyol,male,,214,Spain,"[{'id': 81, 'name': 'Mauricio Roberto Pochettino Trossero', 'nickname': 'Mauricio Pochettino', 'dob': '1972-03-02', 'country': {'id': 11, 'name': 'Argentina'}}]",217,Barcelona,male,,214,Spain,"[{'id': 36, 'name': 'Josep Guardiola i Sala', 'nickname': 'Pep Guardiola', 'dob': '1971-01-18', 'country': {'id': 214, 'name': 'Spain'}}]",1.1.0,2,2,1,Regular Season,351,RCDE Stadium,214,Spain,1004.0,Turienzo,214.0,Spain
69314,2011-10-29,20:00:00.000,5,0,available,scheduled,2020-07-29T05:00,2021-06-13T16:17:31.694,11,11,Spain,La Liga,23,2011/2012,217,Barcelona,male,,214,Spain,"[{'id': 36, 'name': 'Josep Guardiola i Sala', 'nickname': 'Pep Guardiola', 'dob': '1971-01-18', 'country': {'id': 214, 'name': 'Spain'}}]",1043,Mallorca,male,,214,Spain,"[{'id': 497, 'name': 'Joaquín de Jesús Caparrós Camino', 'nickname': 'Joaquín Caparrós', 'dob': '1955-10-15', 'country': {'id': 214, 'name': 'Spain'}}]",1.1.0,2,2,1,Regular Season,342,Spotify Camp Nou,214,Spain,1015.0,Pedro Jesús Pérez Montero,214.0,Spain
69318,2011-10-25,20:00:00.000,0,1,available,scheduled,2020-07-29T05:00,2021-06-13T16:17:31.694,10,11,Spain,La Liga,23,2011/2012,1049,Granada,male,,214,Spain,"[{'id': 5048, 'name': 'Fabriciano González Penelas', 'nickname': 'Fabri', 'dob': '1955-04-25', 'country': {'id': 214, 'name': 'Spain'}}]",217,Barcelona,male,,214,Spain,"[{'id': 36, 'name': 'Josep Guardiola i Sala', 'nickname': 'Pep Guardiola', 'dob': '1971-01-18', 'country': {'id': 214, 'name': 'Spain'}}]",1.1.0,2,2,1,Regular Season,4667,Estadio Nuevo Los Cármenes,214,Spain,997.0,César Muñiz,214.0,Spain
69338,2012-01-28,22:00:00.000,0,0,available,scheduled,2020-07-29T05:00,2021-06-13T16:17:31.694,21,11,Spain,La Liga,23,2011/2012,222,Villarreal,male,,214,Spain,"[{'id': 5050, 'name': 'José Francisco Molina Jiménez ', 'nickname': 'José Molina', 'dob': '1970-08-08', 'country': {'id': 214, 'name': 'Spain'}}]",217,Barcelona,male,,214,Spain,"[{'id': 36, 'name': 'Josep Guardiola i Sala', 'nickname': 'Pep Guardiola', 'dob': '1971-01-18', 'country': {'id': 214, 'name': 'Spain'}}]",1.1.0,2,2,1,Regular Season,361,Estadio de la Cerámica,214,Spain,1016.0,José Teixeira,214.0,Spain
70220,2011-09-17,20:00:00.000,8,0,available,scheduled,2020-07-29T05:00,2021-06-13T16:17:31.694,4,11,Spain,La Liga,23,2011/2012,217,Barcelona,male,,214,Spain,"[{'id': 36, 'name': 'Josep Guardiola i Sala', 'nickname': 'Pep Guardiola', 'dob': '1971-01-18', 'country': {'id': 214, 'name': 'Spain'}}]",422,Osasuna,male,,214,Spain,"[{'id': 221, 'name': 'José Luis Mendilibar Etxebarria', 'nickname': 'José Luis Mendilibar', 'dob': '1961-03-14', 'country': {'id': 214, 'name': 'Spain'}}]",1.1.0,2,2,1,Regular Season,342,Spotify Camp Nou,214,Spain,997.0,César Muñiz,214.0,Spain
70224,2012-04-29,21:30:00.000,0,7,available,scheduled,2022-12-01T14:10:17.791769,2021-06-13T16:17:31.694,36,11,Spain,La Liga,23,2011/2012,360,Rayo Vallecano,male,,214,Spain,"[{'id': 1617, 'name': 'José Ramón Sandoval Huertas', 'nickname': 'José Ramón Sandoval', 'dob': '1968-05-02', 'country': {'id': 214, 'name': 'Spain'}}]",217,Barcelona,male,,214,Spain,"[{'id': 36, 'name': 'Josep Guardiola i Sala', 'nickname': 'Pep Guardiola', 'dob': '1971-01-18', 'country': {'id': 214, 'name': 'Spain'}}]",1.1.0,2,2,1,Regular Season,4640,Estadio de Vallecas,214,Spain,1012.0,Carlos Delgado,214.0,Spain
70221,2012-04-14,22:00:00.000,1,2,available,scheduled,2020-07-29T05:00,2021-06-13T16:17:31.694,34,11,Spain,La Liga,23,2011/2012,221,Levante UD,male,,214,Spain,"[{'id': 4974, 'name': 'Juan Ignacio Martínez Jiménez', 'nickname': 'Juan Ignacio Martínez', 'dob': '1964-06-23', 'country': {'id': 214, 'name': 'Spain'}}]",217,Barcelona,male,,214,Spain,"[{'id': 36, 'name': 'Josep Guardiola i Sala', 'nickname': 'Pep Guardiola', 'dob': '1971-01-18', 'country': {'id': 214, 'name': 'Spain'}}]",1.1.0,2,2,1,Regular Season,350,Estadio Ciudad de Valencia,214,Spain,1016.0,José Teixeira,214.0,Spain
69323,2012-03-31,22:00:00.000,2,0,available,scheduled,2020-07-29T05:00,2021-06-13T16:17:31.694,31,11,Spain,La Liga,23,2011/2012,217,Barcelona,male,,214,Spain,"[{'id': 36, 'name': 'Josep Guardiola i Sala', 'nickname': 'Pep Guardiola', 'dob': '1971-01-18', 'country': {'id': 214, 'name': 'Spain'}}]",215,Athletic Club,male,,214,Spain,"[{'id': 269, 'name': 'Marcelo Alberto Bielsa Caldera', 'nickname': 'Marcelo Bielsa', 'dob': '1955-07-21', 'country': {'id': 11, 'name': 'Argentina'}}]",1.1.0,2,2,1,Regular Season,342,Spotify Camp Nou,214,Spain,180.0,Antonio Miguel Mateu Lahoz,214.0,Spain
69276,2011-02-05,22:00:00.000,3,0,available,scheduled,2022-11-30T15:34:10.047942,2021-06-13T16:17:31.694,22,11,Spain,La Liga,22,2010/2011,217,Barcelona,male,,214,Spain,"[{'id': 36, 'name': 'Josep Guardiola i Sala', 'nickname': 'Pep Guardiola', 'dob': '1971-01-18', 'country': {'id': 214, 'name': 'Spain'}}]",212,Atlético Madrid,male,,214,Spain,"[{'id': 236, 'name': 'Enrique Sánchez Flores', 'nickname': 'Quique Sánchez Flores', 'dob': '1965-02-05', 'country': {'id': 214, 'name': 'Spain'}}]",1.1.0,2,2,1,Regular Season,342,Spotify Camp Nou,214,Spain,1004.0,Turienzo,214.0,Spain
69304,2011-04-02,22:00:00.000,0,1,available,scheduled,2020-07-29T05:00,2021-06-13T16:17:31.694,30,11,Spain,La Liga,22,2010/2011,222,Villarreal,male,,214,Spain,"[{'id': 4201, 'name': 'Juan Carlos Garrido Fernández', 'nickname': 'Juan Garrido', 'dob': '1969-03-29', 'country': {'id': 214, 'name': 'Spain'}}]",217,Barcelona,male,,214,Spain,"[{'id': 36, 'name': 'Josep Guardiola i Sala', 'nickname': 'Pep Guardiola', 'dob': '1971-01-18', 'country': {'id': 214, 'name': 'Spain'}}]",1.1.0,2,2,1,Regular Season,361,Estadio de la Cerámica,214,Spain,1000.0,Rafael Ramírez Domínguez,214.0,Spain
69307,2010-12-04,20:45:00.000,0,3,available,scheduled,2022-11-30T15:32:00.298936,2021-06-13T16:17:31.694,14,11,Spain,La Liga,22,2010/2011,422,Osasuna,male,,214,Spain,"[{'id': 4961, 'name': 'José Antonio Camacho Alfaro', 'nickname': 'José Camacho', 'dob': '1955-06-08', 'country': {'id': 214, 'name': 'Spain'}}]",217,Barcelona,male,,214,Spain,"[{'id': 36, 'name': 'Josep Guardiola i Sala', 'nickname': 'Pep Guardiola', 'dob': '1971-01-18', 'country': {'id': 214, 'name': 'Spain'}}]",1.1.0,2,2,1,Regular Season,4650,Estadio El Sadar,214,Spain,1003.0,Fernando Teixeira,214.0,Spain
69271,2011-04-23,20:00:00.000,2,0,available,scheduled,2020-07-29T05:00,2021-06-13T16:17:31.694,33,11,Spain,La Liga,22,2010/2011,217,Barcelona,male,,214,Spain,"[{'id': 36, 'name': 'Josep Guardiola i Sala', 'nickname': 'Pep Guardiola', 'dob': '1971-01-18', 'country': {'id': 214, 'name': 'Spain'}}]",422,Osasuna,male,,214,Spain,"[{'id': 221, 'name': 'José Luis Mendilibar Etxebarria', 'nickname': 'José Luis Mendilibar', 'dob': '1961-03-14', 'country': {'id': 214, 'name': 'Spain'}}]",1.1.0,2,2,1,Regular Season,342,Spotify Camp Nou,214,Spain,1012.0,Carlos Delgado,214.0,Spain
69305,2011-04-09,20:00:00.000,3,1,available,scheduled,2020-07-29T05:00,2021-06-13T16:17:31.694,31,11,Spain,La Liga,22,2010/2011,217,Barcelona,male,,214,Spain,,403,Almería,male,,214,Spain,,1.1.0,2,2,1,Regular Season,342,Spotify Camp Nou,214,Spain,1009.0,Miguel Ayza,214.0,Spain
69278,2011-01-16,21:00:00.000,4,1,available,scheduled,2022-11-30T15:33:05.021926,2021-06-13T16:17:31.694,19,11,Spain,La Liga,22,2010/2011,217,Barcelona,male,,214,Spain,"[{'id': 36, 'name': 'Josep Guardiola i Sala', 'nickname': 'Pep Guardiola', 'dob': '1971-01-18', 'country': {'id': 214, 'name': 'Spain'}}]",223,Málaga,male,,214,Spain,"[{'id': 733, 'name': 'Manuel Luis Pellegrini Ripamonti', 'nickname': 'Manuel Pellegrini', 'dob': '1953-09-16', 'country': {'id': 45, 'name': 'Chile'}}]",1.1.0,2,2,1,Regular Season,342,Spotify Camp Nou,214,Spain,211.0,José Luis González González,214.0,Spain
69275,2010-12-18,20:00:00.000,1,5,available,scheduled,2021-11-11T22:57:42.361902,2021-06-13T16:17:31.694,16,11,Spain,La Liga,22,2010/2011,214,Espanyol,male,,214,Spain,"[{'id': 81, 'name': 'Mauricio Roberto Pochettino Trossero', 'nickname': 'Mauricio Pochettino', 'dob': '1972-03-02', 'country': {'id': 11, 'name': 'Argentina'}}]",217,Barcelona,male,,214,Spain,"[{'id': 36, 'name': 'Josep Guardiola i Sala', 'nickname': 'Pep Guardiola', 'dob': '1971-01-18', 'country': {'id': 214, 'name': 'Spain'}}]",1.1.0,2,2,1,Regular Season,351,RCDE Stadium,214,Spain,221.0,Alberto Undiano Mallenco,214.0,Spain
69295,2011-01-22,20:00:00.000,3,0,available,scheduled,2020-07-29T05:00,2021-06-13T16:17:31.694,20,11,Spain,La Liga,22,2010/2011,217,Barcelona,male,,214,Spain,"[{'id': 36, 'name': 'Josep Guardiola i Sala', 'nickname': 'Pep Guardiola', 'dob': '1971-01-18', 'country': {'id': 214, 'name': 'Spain'}}]",1217,Racing Santander,male,,214,Spain,"[{'id': 4954, 'name': 'Miguel Ángel Portugal Vicario', 'nickname': 'Miguel Ángel Portugal', 'dob': '1955-11-28', 'country': {'id': 214, 'name': 'Spain'}}]",1.1.0,2,2,1,Regular Season,342,Spotify Camp Nou,214,Spain,218.0,Ignacio Iglesias Villanueva,214.0,Spain
69270,2010-11-07,19:00:00.000,1,3,available,scheduled,2020-07-29T05:00,2021-06-13T16:17:31.694,10,11,Spain,La Liga,22,2010/2011,216,Getafe,male,,214,Spain,"[{'id': 505, 'name': 'José Miguel González Martín del Campo', 'nickname': 'Míchel', 'dob': '1963-03-23', 'country': {'id': 214, 'name': 'Spain'}}]",217,Barcelona,male,,214,Spain,"[{'id': 36, 'name': 'Josep Guardiola i Sala', 'nickname': 'Pep Guardiola', 'dob': '1971-01-18', 'country': {'id': 214, 'name': 'Spain'}}]",1.1.0,2,2,1,Regular Season,354,Coliseum Alfonso Pérez,214,Spain,1009.0,Miguel Ayza,214.0,Spain
69303,2011-03-19,20:00:00.000,2,1,available,scheduled,2020-07-29T05:00,2021-06-13T16:17:31.694,29,11,Spain,La Liga,22,2010/2011,217,Barcelona,male,,214,Spain,"[{'id': 36, 'name': 'Josep Guardiola i Sala', 'nickname': 'Pep Guardiola', 'dob': '1971-01-18', 'country': {'id': 214, 'name': 'Spain'}}]",216,Getafe,male,,214,Spain,"[{'id': 505, 'name': 'José Miguel González Martín del Campo', 'nickname': 'Míchel', 'dob': '1963-03-23', 'country': {'id': 214, 'name': 'Spain'}}]",1.1.0,2,2,1,Regular Season,342,Spotify Camp Nou,214,Spain,997.0,César Muñiz,214.0,Spain
69245,2011-04-16,22:00:00.000,1,1,available,scheduled,2020-07-29T05:00,2021-06-13T16:17:31.694,32,11,Spain,La Liga,22,2010/2011,220,Real Madrid,male,,214,Spain,"[{'id': 383, 'name': 'José Mario Felix dos Santos Mourinho', 'nickname': 'José Mourinho', 'dob': '1963-01-26', 'country': {'id': 183, 'name': 'Portugal'}}]",217,Barcelona,male,,214,Spain,"[{'id': 36, 'name': 'Josep Guardiola i Sala', 'nickname': 'Pep Guardiola', 'dob': '1971-01-18', 'country': {'id': 214, 'name': 'Spain'}}]",1.1.0,2,2,1,Regular Season,353,Estadio Santiago Bernabéu,214,Spain,997.0,César Muñiz,214.0,Spain
69287,2010-09-11,18:00:00.000,0,2,available,scheduled,2022-11-30T15:29:05.326379,2021-06-13T16:17:31.694,2,11,Spain,La Liga,22,2010/2011,217,Barcelona,male,,214,Spain,"[{'id': 36, 'name': 'Josep Guardiola i Sala', 'nickname': 'Pep Guardiola', 'dob': '1971-01-18', 'country': {'id': 214, 'name': 'Spain'}}]",1218,Hércules,male,,214,Spain,"[{'id': 4973, 'name': 'Esteban Vigo Benítez', 'nickname': 'Esteban Vigo', 'dob': '1955-01-17', 'country': {'id': 214, 'name': 'Spain'}}]",1.1.0,2,2,1,Regular Season,342,Spotify Camp Nou,214,Spain,2535.0,Carlos Velasco Carballo,214.0,Spain
69296,2011-01-29,20:00:00.000,0,3,available,scheduled,2020-07-29T05:00,2021-06-13T16:17:31.694,21,11,Spain,La Liga,22,2010/2011,1218,Hércules,male,,214,Spain,"[{'id': 4973, 'name': 'Esteban Vigo Benítez', 'nickname': 'Esteban Vigo', 'dob': '1955-01-17', 'country': {'id': 214, 'name': 'Spain'}}]",217,Barcelona,male,,214,Spain,"[{'id': 36, 'name': 'Josep Guardiola i Sala', 'nickname': 'Pep Guardiola', 'dob': '1971-01-18', 'country': {'id': 214, 'name': 'Spain'}}]",1.1.0,2,2,1,Regular Season,4660,Estadio José Rico Pérez,214,Spain,222.0,David Fernández Borbalan,214.0,Spain
69260,2010-10-16,20:00:00.000,2,1,available,scheduled,2020-07-29T05:00,2021-06-13T16:17:31.694,7,11,Spain,La Liga,22,2010/2011,217,Barcelona,male,,214,Spain,"[{'id': 36, 'name': 'Josep Guardiola i Sala', 'nickname': 'Pep Guardiola', 'dob': '1971-01-18', 'country': {'id': 214, 'name': 'Spain'}}]",207,Valencia,male,,214,Spain,"[{'id': 21, 'name': 'Unai Emery Etxegoien', 'nickname': 'Unai Emery', 'dob': '1971-11-03', 'country': {'id': 214, 'name': 'Spain'}}]",1.1.0,2,2,1,Regular Season,342,Spotify Camp Nou,214,Spain,1003.0,Fernando Teixeira,214.0,Spain
69269,2010-09-19,19:00:00.000,1,2,available,scheduled,2020-07-29T05:00,2021-06-13T16:17:31.694,3,11,Spain,La Liga,22,2010/2011,212,Atlético Madrid,male,,214,Spain,"[{'id': 236, 'name': 'Enrique Sánchez Flores', 'nickname': 'Quique Sánchez Flores', 'dob': '1965-02-05', 'country': {'id': 214, 'name': 'Spain'}}]",217,Barcelona,male,,214,Spain,"[{'id': 36, 'name': 'Josep Guardiola i Sala', 'nickname': 'Pep Guardiola', 'dob': '1971-01-18', 'country': {'id': 214, 'name': 'Spain'}}]",1.1.0,2,2,1,Regular Season,625,Estadio Vicente Calderón,214,Spain,222.0,David Fernández Borbalan,214.0,Spain
69246,2011-04-30,20:00:00.000,2,1,available,scheduled,2020-07-29T05:00,2021-06-13T16:17:31.694,34,11,Spain,La Liga,22,2010/2011,210,Real Sociedad,male,,214,Spain,"[{'id': 5043, 'name': 'Martín Lasarte Arrospide', 'nickname': None, 'dob': '1961-03-20', 'country': {'id': 242, 'name': 'Uruguay'}}]",217,Barcelona,male,,214,Spain,"[{'id': 36, 'name': 'Josep Guardiola i Sala', 'nickname': 'Pep Guardiola', 'dob': '1971-01-18', 'country': {'id': 214, 'name': 'Spain'}}]",1.1.0,2,2,1,Regular Season,5043,Reale Arena,214,Spain,1003.0,Fernando Teixeira,214.0,Spain
69302,2010-12-12,21:00:00.000,5,0,available,scheduled,2020-07-29T05:00,2021-06-13T16:17:31.694,15,11,Spain,La Liga,22,2010/2011,217,Barcelona,male,,214,Spain,"[{'id': 36, 'name': 'Josep Guardiola i Sala', 'nickname': 'Pep Guardiola', 'dob': '1971-01-18', 'country': {'id': 214, 'name': 'Spain'}}]",210,Real Sociedad,male,,214,Spain,"[{'id': 5043, 'name': 'Martín Lasarte Arrospide', 'nickname': None, 'dob': '1961-03-20', 'country': {'id': 242, 'name': 'Uruguay'}}]",1.1.0,2,2,1,Regular Season,342,Spotify Camp Nou,214,Spain,222.0,David Fernández Borbalan,214.0,Spain
69282,2011-02-20,21:00:00.000,2,1,available,scheduled,2022-11-30T15:36:10.380295,2021-06-13T16:17:31.694,24,11,Spain,La Liga,22,2010/2011,217,Barcelona,male,,214,Spain,"[{'id': 36, 'name': 'Josep Guardiola i Sala', 'nickname': 'Pep Guardiola', 'dob': '1971-01-18', 'country': {'id': 214, 'name': 'Spain'}}]",215,Athletic Club,male,,214,Spain,"[{'id': 497, 'name': 'Joaquín de Jesús Caparrós Camino', 'nickname': 'Joaquín Caparrós', 'dob': '1955-10-15', 'country': {'id': 214, 'name': 'Spain'}}]",1.1.0,2,2,1,Regular Season,342,Spotify Camp Nou,214,Spain,1000.0,Rafael Ramírez Domínguez,214.0,Spain
69274,2011-03-02,22:00:00.000,0,1,available,scheduled,2020-07-29T05:00,2021-06-13T16:17:31.694,26,11,Spain,La Liga,22,2010/2011,207,Valencia,male,,214,Spain,"[{'id': 21, 'name': 'Unai Emery Etxegoien', 'nickname': 'Unai Emery', 'dob': '1971-11-03', 'country': {'id': 214, 'name': 'Spain'}}]",217,Barcelona,male,,214,Spain,"[{'id': 36, 'name': 'Josep Guardiola i Sala', 'nickname': 'Pep Guardiola', 'dob': '1971-01-18', 'country': {'id': 214, 'name': 'Spain'}}]",1.1.0,2,2,1,Regular Season,344,Estadio de Mestalla,214,Spain,999.0,Eduardo Iturralde Gonzalez,214.0,Spain
69283,2011-02-26,20:00:00.000,0,3,available,scheduled,2022-11-30T15:37:07.874009,2021-06-13T16:17:31.694,25,11,Spain,La Liga,22,2010/2011,1043,Mallorca,male,,214,Spain,"[{'id': 4991, 'name': 'Michael Laudrup', 'nickname': None, 'dob': '1964-06-15', 'country': {'id': 61, 'name': 'Denmark'}}]",217,Barcelona,male,,214,Spain,"[{'id': 36, 'name': 'Josep Guardiola i Sala', 'nickname': 'Pep Guardiola', 'dob': '1971-01-18', 'country': {'id': 214, 'name': 'Spain'}}]",1.1.0,2,2,1,Regular Season,4454,Estadi Mallorca Son Moix,214,Spain,2535.0,Carlos Velasco Carballo,214.0,Spain
69280,2011-01-08,22:00:00.000,0,4,available,scheduled,2020-07-29T05:00,2021-06-13T16:17:31.694,18,11,Spain,La Liga,22,2010/2011,219,RC Deportivo La Coruña,male,,214,Spain,"[{'id': 4519, 'name': 'Miguel Ángel Lotina Oruecheberría', 'nickname': 'Miguel Ángel Lotina', 'dob': '1957-06-18', 'country': {'id': 214, 'name': 'Spain'}}]",217,Barcelona,male,,214,Spain,"[{'id': 36, 'name': 'Josep Guardiola i Sala', 'nickname': 'Pep Guardiola', 'dob': '1971-01-18', 'country': {'id': 214, 'name': 'Spain'}}]",1.1.0,2,2,1,Regular Season,4658,Estadio Abanca-Riazor,214,Spain,1012.0,Carlos Delgado,214.0,Spain
69286,2010-08-29,19:00:00.000,0,3,available,scheduled,2020-07-29T05:00,2021-06-13T16:17:31.694,1,11,Spain,La Liga,22,2010/2011,1217,Racing Santander,male,,214,Spain,"[{'id': 4954, 'name': 'Miguel Ángel Portugal Vicario', 'nickname': 'Miguel Ángel Portugal', 'dob': '1955-11-28', 'country': {'id': 214, 'name': 'Spain'}}]",217,Barcelona,male,,214,Spain,"[{'id': 36, 'name': 'Josep Guardiola i Sala', 'nickname': 'Pep Guardiola', 'dob': '1971-01-18', 'country': {'id': 214, 'name': 'Spain'}}]",1.1.0,2,2,1,Regular Season,4636,Campos de Sport de El Sardinero,214,Spain,1012.0,Carlos Delgado,214.0,Spain
69291,2011-03-13,21:00:00.000,1,1,available,scheduled,2020-07-29T05:00,2021-06-13T16:17:31.694,28,11,Spain,La Liga,22,2010/2011,213,Sevilla,male,,214,Spain,"[{'id': 4994, 'name': 'Gregorio Manzano Ballesteros', 'nickname': 'Gregorio Manzano', 'dob': '1956-03-11', 'country': {'id': 214, 'name': 'Spain'}}]",217,Barcelona,male,,214,Spain,"[{'id': 36, 'name': 'Josep Guardiola i Sala', 'nickname': 'Pep Guardiola', 'dob': '1971-01-18', 'country': {'id': 214, 'name': 'Spain'}}]",1.1.0,2,2,1,Regular Season,349,Estadio Ramón Sánchez Pizjuán,214,Spain,1001.0,Miguel Pérez,214.0,Spain
69236,2010-10-03,19:00:00.000,1,1,available,scheduled,2022-11-30T15:40:53.042701,2021-06-13T16:17:31.694,6,11,Spain,La Liga,22,2010/2011,217,Barcelona,male,,214,Spain,"[{'id': 36, 'name': 'Josep Guardiola i Sala', 'nickname': 'Pep Guardiola', 'dob': '1971-01-18', 'country': {'id': 214, 'name': 'Spain'}}]",1043,Mallorca,male,,214,Spain,"[{'id': 4991, 'name': 'Michael Laudrup', 'nickname': None, 'dob': '1964-06-15', 'country': {'id': 61, 'name': 'Denmark'}}]",1.1.0,2,2,1,Regular Season,342,Spotify Camp Nou,214,Spain,221.0,Alberto Undiano Mallenco,214.0,Spain
69234,2011-05-08,19:00:00.000,2,0,available,scheduled,2020-07-29T05:00,2021-06-13T16:17:31.694,35,11,Spain,La Liga,22,2010/2011,217,Barcelona,male,,214,Spain,"[{'id': 36, 'name': 'Josep Guardiola i Sala', 'nickname': 'Pep Guardiola', 'dob': '1971-01-18', 'country': {'id': 214, 'name': 'Spain'}}]",214,Espanyol,male,,214,Spain,"[{'id': 81, 'name': 'Mauricio Roberto Pochettino Trossero', 'nickname': 'Mauricio Pochettino', 'dob': '1972-03-02', 'country': {'id': 11, 'name': 'Argentina'}}]",1.1.0,2,2,1,Regular Season,342,Spotify Camp Nou,214,Spain,222.0,David Fernández Borbalan,214.0,Spain
69272,2011-05-11,20:00:00.000,1,1,available,scheduled,2020-07-29T05:00,2021-06-13T16:17:31.694,36,11,Spain,La Liga,22,2010/2011,221,Levante UD,male,,214,Spain,"[{'id': 392, 'name': 'Luis García Plaza', 'nickname': 'Luis García', 'dob': '1972-12-01', 'country': {'id': 214, 'name': 'Spain'}}]",217,Barcelona,male,,214,Spain,"[{'id': 36, 'name': 'Josep Guardiola i Sala', 'nickname': 'Pep Guardiola', 'dob': '1971-01-18', 'country': {'id': 214, 'name': 'Spain'}}]",1.1.0,2,2,1,Regular Season,350,Estadio Ciudad de Valencia,214,Spain,1013.0,José Paradas,214.0,Spain
69308,2010-11-13,22:00:00.000,3,1,available,scheduled,2020-07-29T05:00,2021-06-13T16:17:31.694,11,11,Spain,La Liga,22,2010/2011,217,Barcelona,male,,214,Spain,"[{'id': 36, 'name': 'Josep Guardiola i Sala', 'nickname': 'Pep Guardiola', 'dob': '1971-01-18', 'country': {'id': 214, 'name': 'Spain'}}]",222,Villarreal,male,,214,Spain,"[{'id': 4201, 'name': 'Juan Carlos Garrido Fernández', 'nickname': 'Juan Garrido', 'dob': '1969-03-29', 'country': {'id': 214, 'name': 'Spain'}}]",1.1.0,2,2,1,Regular Season,342,Spotify Camp Nou,214,Spain,1012.0,Carlos Delgado,214.0,Spain
69299,2010-11-29,21:00:00.000,5,0,available,scheduled,2020-07-29T05:00,2021-06-13T16:17:31.694,13,11,Spain,La Liga,22,2010/2011,217,Barcelona,male,,214,Spain,"[{'id': 36, 'name': 'Josep Guardiola i Sala', 'nickname': 'Pep Guardiola', 'dob': '1971-01-18', 'country': {'id': 214, 'name': 'Spain'}}]",220,Real Madrid,male,,214,Spain,"[{'id': 383, 'name': 'José Mario Felix dos Santos Mourinho', 'nickname': 'José Mourinho', 'dob': '1963-01-26', 'country': {'id': 183, 'name': 'Portugal'}}]",1.1.0,2,2,1,Regular Season,342,Spotify Camp Nou,214,Spain,999.0,Eduardo Iturralde Gonzalez,214.0,Spain
69300,2011-03-05,20:00:00.000,1,0,available,scheduled,2022-11-30T15:38:10.426222,2021-06-13T16:17:31.694,27,11,Spain,La Liga,22,2010/2011,217,Barcelona,male,,214,Spain,"[{'id': 36, 'name': 'Josep Guardiola i Sala', 'nickname': 'Pep Guardiola', 'dob': '1971-01-18', 'country': {'id': 214, 'name': 'Spain'}}]",395,Real Zaragoza,male,,214,Spain,"[{'id': 3196, 'name': 'Javier Aguirre Onaindía', 'nickname': 'Javier Aguirre', 'dob': '1958-12-01', 'country': {'id': 147, 'name': 'Mexico'}}]",1.1.0,2,2,1,Regular Season,342,Spotify Camp Nou,214,Spain,1003.0,Fernando Teixeira,214.0,Spain
69289,2010-10-30,22:00:00.000,5,0,available,scheduled,2023-04-19T10:48:44.079830,2021-06-13T16:17:31.694,9,11,Spain,La Liga,22,2010/2011,217,Barcelona,male,,214,Spain,"[{'id': 36, 'name': 'Josep Guardiola i Sala', 'nickname': 'Pep Guardiola', 'dob': '1971-01-18', 'country': {'id': 214, 'name': 'Spain'}}]",213,Sevilla,male,,214,Spain,"[{'id': 4994, 'name': 'Gregorio Manzano Ballesteros', 'nickname': 'Gregorio Manzano', 'dob': '1956-03-11', 'country': {'id': 214, 'name': 'Spain'}}]",1.1.0,2,2,1,Regular Season,342,Spotify Camp Nou,214,Spain,1004.0,Turienzo,214.0,Spain
69263,2010-10-23,18:00:00.000,0,2,available,scheduled,2020-07-29T05:00,2021-06-13T16:17:31.694,8,11,Spain,La Liga,22,2010/2011,395,Real Zaragoza,male,,214,Spain,"[{'id': 4958, 'name': 'José Aurelio Gay López', 'nickname': 'José Aurelio Gay', 'dob': '1965-12-10', 'country': {'id': 214, 'name': 'Spain'}}]",217,Barcelona,male,,214,Spain,"[{'id': 36, 'name': 'Josep Guardiola i Sala', 'nickname': 'Pep Guardiola', 'dob': '1971-01-18', 'country': {'id': 214, 'name': 'Spain'}}]",1.1.0,2,2,1,Regular Season,4457,Estadio de la Romareda,214,Spain,1001.0,Miguel Pérez,214.0,Spain
69306,2010-11-20,20:00:00.000,0,8,available,scheduled,2022-11-30T15:30:59.059759,2021-06-13T16:17:31.694,12,11,Spain,La Liga,22,2010/2011,403,Almería,male,,214,Spain,"[{'id': 4845, 'name': 'Juan Manuel Lillo Díez', 'nickname': 'Juanma Lillo', 'dob': '1965-11-03', 'country': {'id': 214, 'name': 'Spain'}}]",217,Barcelona,male,,214,Spain,"[{'id': 36, 'name': 'Josep Guardiola i Sala', 'nickname': 'Pep Guardiola', 'dob': '1971-01-18', 'country': {'id': 214, 'name': 'Spain'}}]",1.1.0,2,2,1,Regular Season,4657,Power Horse Stadium – Estadio de los Juegos Mediterráneos,214,Spain,997.0,César Muñiz,214.0,Spain
69248,2011-02-12,20:00:00.000,1,1,available,scheduled,2022-11-30T15:35:07.375975,2021-06-13T16:17:31.694,23,11,Spain,La Liga,22,2010/2011,1041,Sporting Gijón,male,,214,Spain,"[{'id': 4959, 'name': 'Manuel Preciado Rebolledo', 'nickname': 'Manuel Preciado', 'dob': '1957-08-28', 'country': {'id': 214, 'name': 'Spain'}}]",217,Barcelona,male,,214,Spain,"[{'id': 36, 'name': 'Josep Guardiola i Sala', 'nickname': 'Pep Guardiola', 'dob': '1971-01-18', 'country': {'id': 214, 'name': 'Spain'}}]",1.1.0,2,2,1,Regular Season,4656,Estadio Municipal El Molinón,214,Spain,1001.0,Miguel Pérez,214.0,Spain
69243,2010-01-16,22:00:00.000,4,0,available,scheduled,2020-07-29T05:00,2021-06-13T16:17:31.694,18,11,Spain,La Liga,21,2009/2010,217,Barcelona,male,,214,Spain,"[{'id': 36, 'name': 'Josep Guardiola i Sala', 'nickname': 'Pep Guardiola', 'dob': '1971-01-18', 'country': {'id': 214, 'name': 'Spain'}}]",213,Sevilla,male,,214,Spain,"[{'id': 1621, 'name': 'Manuel Enrique Jiménez Jiménez', 'nickname': 'Manolo Jiménez', 'dob': '1964-01-26', 'country': {'id': 214, 'name': 'Spain'}}]",1.1.0,2,2,1,Regular Season,342,Spotify Camp Nou,214,Spain,1012.0,Carlos Delgado,214.0,Spain
69241,2010-05-04,20:00:00.000,4,1,available,scheduled,2020-07-29T05:00,2021-06-13T16:17:31.694,36,11,Spain,La Liga,21,2009/2010,217,Barcelona,male,,214,Spain,"[{'id': 36, 'name': 'Josep Guardiola i Sala', 'nickname': 'Pep Guardiola', 'dob': '1971-01-18', 'country': {'id': 214, 'name': 'Spain'}}]",627,Tenerife,male,,214,Spain,"[{'id': 1606, 'name': 'José Luis Oltra Castañer', 'nickname': 'José Luis Oltra', 'dob': '1969-03-24', 'country': {'id': 214, 'name': 'Spain'}}]",1.1.0,2,2,1,Regular Season,342,Spotify Camp Nou,214,Spain,1012.0,Carlos Delgado,214.0,Spain
69239,2010-05-08,21:00:00.000,2,3,available,scheduled,2020-07-29T05:00,2021-06-13T16:17:31.694,37,11,Spain,La Liga,21,2009/2010,213,Sevilla,male,,214,Spain,"[{'id': 5044, 'name': 'Antonio Álvarez', 'nickname': None, 'dob': '1955-04-10', 'country': {'id': 214, 'name': 'Spain'}}]",217,Barcelona,male,,214,Spain,"[{'id': 36, 'name': 'Josep Guardiola i Sala', 'nickname': 'Pep Guardiola', 'dob': '1971-01-18', 'country': {'id': 214, 'name': 'Spain'}}]",1.1.0,2,2,1,Regular Season,349,Estadio Ramón Sánchez Pizjuán,214,Spain,221.0,Alberto Undiano Mallenco,214.0,Spain
69257,2010-03-24,20:00:00.000,2,0,available,scheduled,2020-07-29T05:00,2021-06-13T16:17:31.694,28,11,Spain,La Liga,21,2009/2010,217,Barcelona,male,,214,Spain,"[{'id': 36, 'name': 'Josep Guardiola i Sala', 'nickname': 'Pep Guardiola', 'dob': '1971-01-18', 'country': {'id': 214, 'name': 'Spain'}}]",422,Osasuna,male,,214,Spain,"[{'id': 4961, 'name': 'José Antonio Camacho Alfaro', 'nickname': 'José Camacho', 'dob': '1955-06-08', 'country': {'id': 214, 'name': 'Spain'}}]",1.1.0,2,2,1,Regular Season,342,Spotify Camp Nou,214,Spain,2535.0,Carlos Velasco Carballo,214.0,Spain
69253,2009-10-25,21:00:00.000,6,1,available,scheduled,2020-07-29T05:00,2021-06-13T16:17:31.694,8,11,Spain,La Liga,21,2009/2010,217,Barcelona,male,,214,Spain,"[{'id': 36, 'name': 'Josep Guardiola i Sala', 'nickname': 'Pep Guardiola', 'dob': '1971-01-18', 'country': {'id': 214, 'name': 'Spain'}}]",395,Real Zaragoza,male,,214,Spain,"[{'id': 211, 'name': 'Marcelino García Toral', 'nickname': 'Marcelino', 'dob': '1965-08-14', 'country': {'id': 214, 'name': 'Spain'}}]",1.1.0,2,2,1,Regular Season,342,Spotify Camp Nou,214,Spain,1013.0,José Paradas,214.0,Spain
69244,2010-05-01,22:00:00.000,1,4,available,scheduled,2020-07-29T05:00,2021-06-13T16:17:31.694,35,11,Spain,La Liga,21,2009/2010,222,Villarreal,male,,214,Spain,"[{'id': 4201, 'name': 'Juan Carlos Garrido Fernández', 'nickname': 'Juan Garrido', 'dob': '1969-03-29', 'country': {'id': 214, 'name': 'Spain'}}]",217,Barcelona,male,,214,Spain,"[{'id': 36, 'name': 'Josep Guardiola i Sala', 'nickname': 'Pep Guardiola', 'dob': '1971-01-18', 'country': {'id': 214, 'name': 'Spain'}}]",1.1.0,2,2,1,Regular Season,361,Estadio de la Cerámica,214,Spain,1003.0,Fernando Teixeira,214.0,Spain
69277,2009-10-31,20:00:00.000,1,1,available,scheduled,2020-07-29T05:00,2021-06-13T16:17:31.694,9,11,Spain,La Liga,21,2009/2010,422,Osasuna,male,,214,Spain,"[{'id': 4961, 'name': 'José Antonio Camacho Alfaro', 'nickname': 'José Camacho', 'dob': '1955-06-08', 'country': {'id': 214, 'name': 'Spain'}}]",217,Barcelona,male,,214,Spain,"[{'id': 36, 'name': 'Josep Guardiola i Sala', 'nickname': 'Pep Guardiola', 'dob': '1971-01-18', 'country': {'id': 214, 'name': 'Spain'}}]",1.1.0,2,2,1,Regular Season,4650,Estadio El Sadar,214,Spain,1010.0,Antonio Rubinos Perez,214.0,Spain
69229,2009-09-12,18:00:00.000,0,2,available,scheduled,2020-07-29T05:00,2021-06-13T16:17:31.694,2,11,Spain,La Liga,21,2009/2010,216,Getafe,male,,214,Spain,"[{'id': 505, 'name': 'José Miguel González Martín del Campo', 'nickname': 'Míchel', 'dob': '1963-03-23', 'country': {'id': 214, 'name': 'Spain'}}]",217,Barcelona,male,,214,Spain,"[{'id': 36, 'name': 'Josep Guardiola i Sala', 'nickname': 'Pep Guardiola', 'dob': '1971-01-18', 'country': {'id': 214, 'name': 'Spain'}}]",1.1.0,2,2,1,Regular Season,354,Coliseum Alfonso Pérez,214,Spain,999.0,Eduardo Iturralde Gonzalez,214.0,Spain
69219,2010-01-10,21:00:00.000,0,5,available,scheduled,2020-07-29T05:00,2021-06-13T16:17:31.694,17,11,Spain,La Liga,21,2009/2010,627,Tenerife,male,,214,Spain,"[{'id': 1606, 'name': 'José Luis Oltra Castañer', 'nickname': 'José Luis Oltra', 'dob': '1969-03-24', 'country': {'id': 214, 'name': 'Spain'}}]",217,Barcelona,male,,214,Spain,"[{'id': 36, 'name': 'Josep Guardiola i Sala', 'nickname': 'Pep Guardiola', 'dob': '1971-01-18', 'country': {'id': 214, 'name': 'Spain'}}]",1.1.0,2,2,1,Regular Season,4655,Estadio Heliodoro Rodríguez Lopéz,214,Spain,1001.0,Miguel Pérez,214.0,Spain
69218,2009-12-05,22:00:00.000,1,3,available,scheduled,2020-07-29T05:00,2021-06-13T16:17:31.694,13,11,Spain,La Liga,21,2009/2010,219,RC Deportivo La Coruña,male,,214,Spain,"[{'id': 4519, 'name': 'Miguel Ángel Lotina Oruecheberría', 'nickname': 'Miguel Ángel Lotina', 'dob': '1957-06-18', 'country': {'id': 214, 'name': 'Spain'}}]",217,Barcelona,male,,214,Spain,"[{'id': 36, 'name': 'Josep Guardiola i Sala', 'nickname': 'Pep Guardiola', 'dob': '1971-01-18', 'country': {'id': 214, 'name': 'Spain'}}]",1.1.0,2,2,1,Regular Season,4658,Estadio Abanca-Riazor,214,Spain,222.0,David Fernández Borbalan,214.0,Spain
69250,2009-11-07,20:00:00.000,4,2,available,scheduled,2023-04-19T10:48:01.770383,2021-06-13T16:17:31.694,10,11,Spain,La Liga,21,2009/2010,217,Barcelona,male,,214,Spain,"[{'id': 36, 'name': 'Josep Guardiola i Sala', 'nickname': 'Pep Guardiola', 'dob': '1971-01-18', 'country': {'id': 214, 'name': 'Spain'}}]",1043,Mallorca,male,,214,Spain,"[{'id': 4994, 'name': 'Gregorio Manzano Ballesteros', 'nickname': 'Gregorio Manzano', 'dob': '1956-03-11', 'country': {'id': 214, 'name': 'Spain'}}]",1.1.0,2,2,1,Regular Season,342,Spotify Camp Nou,214,Spain,1004.0,Turienzo,214.0,Spain
69242,2010-05-16,19:00:00.000,4,0,available,scheduled,2023-04-19T10:47:17.536343,2021-06-13T16:17:31.694,38,11,Spain,La Liga,21,2009/2010,217,Barcelona,male,,214,Spain,"[{'id': 36, 'name': 'Josep Guardiola i Sala', 'nickname': 'Pep Guardiola', 'dob': '1971-01-18', 'country': {'id': 214, 'name': 'Spain'}}]",901,Real Valladolid,male,,214,Spain,"[{'id': 4993, 'name': 'Javier Clemente Lazaro', 'nickname': 'Javier Clemente', 'dob': '1950-03-12', 'country': {'id': 214, 'name': 'Spain'}}]",1.1.0,2,2,1,Regular Season,342,Spotify Camp Nou,214,Spain,1001.0,Miguel Pérez,214.0,Spain
69256,2009-10-03,20:00:00.000,1,0,available,scheduled,2020-07-29T05:00,2021-06-13T16:17:31.694,6,11,Spain,La Liga,21,2009/2010,217,Barcelona,male,,214,Spain,,403,Almería,male,,214,Spain,,1.1.0,2,2,1,Regular Season,342,Spotify Camp Nou,214,Spain,2535.0,Carlos Velasco Carballo,214.0,Spain
69298,2010-03-27,20:00:00.000,0,1,available,scheduled,2020-07-29T05:00,2021-06-13T16:17:31.694,29,11,Spain,La Liga,21,2009/2010,1043,Mallorca,male,,214,Spain,"[{'id': 4994, 'name': 'Gregorio Manzano Ballesteros', 'nickname': 'Gregorio Manzano', 'dob': '1956-03-11', 'country': {'id': 214, 'name': 'Spain'}}]",217,Barcelona,male,,214,Spain,"[{'id': 36, 'name': 'Josep Guardiola i Sala', 'nickname': 'Pep Guardiola', 'dob': '1971-01-18', 'country': {'id': 214, 'name': 'Spain'}}]",1.1.0,2,2,1,Regular Season,4454,Estadi Mallorca Son Moix,214,Spain,222.0,David Fernández Borbalan,214.0,Spain
69259,2010-04-10,22:00:00.000,0,2,available,scheduled,2020-07-29T05:00,2021-06-13T16:17:31.694,31,11,Spain,La Liga,21,2009/2010,220,Real Madrid,male,,214,Spain,"[{'id': 733, 'name': 'Manuel Luis Pellegrini Ripamonti', 'nickname': 'Manuel Pellegrini', 'dob': '1953-09-16', 'country': {'id': 45, 'name': 'Chile'}}]",217,Barcelona,male,,214,Spain,"[{'id': 36, 'name': 'Josep Guardiola i Sala', 'nickname': 'Pep Guardiola', 'dob': '1971-01-18', 'country': {'id': 214, 'name': 'Spain'}}]",1.1.0,2,2,1,Regular Season,353,Estadio Santiago Bernabéu,214,Spain,2699.0,Manuel Enrique Mejuto Gonzalez,214.0,Spain
69224,2010-03-14,19:00:00.000,3,0,available,scheduled,2020-07-29T05:00,2021-06-13T16:17:31.694,26,11,Spain,La Liga,21,2009/2010,217,Barcelona,male,,214,Spain,"[{'id': 36, 'name': 'Josep Guardiola i Sala', 'nickname': 'Pep Guardiola', 'dob': '1971-01-18', 'country': {'id': 214, 'name': 'Spain'}}]",207,Valencia,male,,214,Spain,"[{'id': 21, 'name': 'Unai Emery Etxegoien', 'nickname': 'Unai Emery', 'dob': '1971-11-03', 'country': {'id': 214, 'name': 'Spain'}}]",1.1.0,2,2,1,Regular Season,342,Spotify Camp Nou,214,Spain,997.0,César Muñiz,214.0,Spain
69210,2010-01-23,20:00:00.000,0,3,available,scheduled,2020-07-29T05:00,2021-06-13T16:17:31.694,19,11,Spain,La Liga,21,2009/2010,901,Real Valladolid,male,,214,Spain,"[{'id': 221, 'name': 'José Luis Mendilibar Etxebarria', 'nickname': 'José Luis Mendilibar', 'dob': '1961-03-14', 'country': {'id': 214, 'name': 'Spain'}}]",217,Barcelona,male,,214,Spain,"[{'id': 36, 'name': 'Josep Guardiola i Sala', 'nickname': 'Pep Guardiola', 'dob': '1971-01-18', 'country': {'id': 214, 'name': 'Spain'}}]",1.1.0,2,2,1,Regular Season,622,Estadio Municipal José Zorrilla,214,Spain,1000.0,Rafael Ramírez Domínguez,214.0,Spain
69220,2010-01-30,20:00:00.000,0,1,available,scheduled,2020-07-29T05:00,2021-06-13T16:17:31.694,20,11,Spain,La Liga,21,2009/2010,1041,Sporting Gijón,male,,214,Spain,"[{'id': 4959, 'name': 'Manuel Preciado Rebolledo', 'nickname': 'Manuel Preciado', 'dob': '1957-08-28', 'country': {'id': 214, 'name': 'Spain'}}]",217,Barcelona,male,,214,Spain,"[{'id': 36, 'name': 'Josep Guardiola i Sala', 'nickname': 'Pep Guardiola', 'dob': '1971-01-18', 'country': {'id': 214, 'name': 'Spain'}}]",1.1.0,2,2,1,Regular Season,4656,Estadio Municipal El Molinón,214,Spain,1013.0,José Paradas,214.0,Spain
69237,2010-02-14,21:00:00.000,2,1,available,scheduled,2020-07-29T05:00,2021-06-13T16:17:31.694,22,11,Spain,La Liga,21,2009/2010,212,Atlético Madrid,male,,214,Spain,"[{'id': 236, 'name': 'Enrique Sánchez Flores', 'nickname': 'Quique Sánchez Flores', 'dob': '1965-02-05', 'country': {'id': 214, 'name': 'Spain'}}]",217,Barcelona,male,,214,Spain,"[{'id': 36, 'name': 'Josep Guardiola i Sala', 'nickname': 'Pep Guardiola', 'dob': '1971-01-18', 'country': {'id': 214, 'name': 'Spain'}}]",1.1.0,2,2,1,Regular Season,625,Estadio Vicente Calderón,214,Spain,999.0,Eduardo Iturralde Gonzalez,214.0,Spain
69226,2010-03-06,20:00:00.000,2,2,available,scheduled,2020-07-29T05:00,2021-06-13T16:17:31.694,25,11,Spain,La Liga,21,2009/2010,403,Almería,male,,214,Spain,"[{'id': 4845, 'name': 'Juan Manuel Lillo Díez', 'nickname': 'Juanma Lillo', 'dob': '1965-11-03', 'country': {'id': 214, 'name': 'Spain'}}]",217,Barcelona,male,,214,Spain,"[{'id': 36, 'name': 'Josep Guardiola i Sala', 'nickname': 'Pep Guardiola', 'dob': '1971-01-18', 'country': {'id': 214, 'name': 'Spain'}}]",1.1.0,2,2,1,Regular Season,4657,Power Horse Stadium – Estadio de los Juegos Mediterráneos,214,Spain,1008.0,Carlos Clos Gómez,214.0,Spain
69252,2009-10-17,22:00:00.000,0,0,available,scheduled,2020-07-29T05:00,2021-06-13T16:17:31.694,7,11,Spain,La Liga,21,2009/2010,207,Valencia,male,,214,Spain,"[{'id': 21, 'name': 'Unai Emery Etxegoien', 'nickname': 'Unai Emery', 'dob': '1971-11-03', 'country': {'id': 214, 'name': 'Spain'}}]",217,Barcelona,male,,214,Spain,"[{'id': 36, 'name': 'Josep Guardiola i Sala', 'nickname': 'Pep Guardiola', 'dob': '1971-01-18', 'country': {'id': 214, 'name': 'Spain'}}]",1.1.0,2,2,1,Regular Season,344,Estadio de Mestalla,214,Spain,1007.0,Alfonso Perez Burrull,214.0,Spain
69255,2009-09-26,20:00:00.000,0,2,available,scheduled,2020-07-29T05:00,2021-06-13T16:17:31.694,5,11,Spain,La Liga,21,2009/2010,223,Málaga,male,,214,Spain,"[{'id': 2, 'name': 'Juan Ramón López Muñiz', 'nickname': 'Juan Muñiz', 'dob': '1968-11-02', 'country': {'id': 214, 'name': 'Spain'}}]",217,Barcelona,male,,214,Spain,"[{'id': 36, 'name': 'Josep Guardiola i Sala', 'nickname': 'Pep Guardiola', 'dob': '1971-01-18', 'country': {'id': 214, 'name': 'Spain'}}]",1.1.0,2,2,1,Regular Season,346,Estadio La Rosaleda,214,Spain,1012.0,Carlos Delgado,214.0,Spain
69214,2010-04-24,18:00:00.000,3,1,available,scheduled,2021-10-26T13:56:40.989214,2021-06-13T16:17:31.694,34,11,Spain,La Liga,21,2009/2010,217,Barcelona,male,,214,Spain,"[{'id': 36, 'name': 'Josep Guardiola i Sala', 'nickname': 'Pep Guardiola', 'dob': '1971-01-18', 'country': {'id': 214, 'name': 'Spain'}}]",1219,Xerez,male,,214,Spain,"[{'id': 2897, 'name': 'Néstor Raúl Gorosito', 'nickname': 'Néstor Gorosito', 'dob': '1964-05-14', 'country': {'id': 11, 'name': 'Argentina'}}]",1.1.0,2,2,1,Regular Season,342,Spotify Camp Nou,214,Spain,997.0,César Muñiz,214.0,Spain
69262,2009-11-29,19:00:00.000,1,0,available,scheduled,2020-07-29T05:00,2021-06-13T16:17:31.694,12,11,Spain,La Liga,21,2009/2010,217,Barcelona,male,,214,Spain,"[{'id': 36, 'name': 'Josep Guardiola i Sala', 'nickname': 'Pep Guardiola', 'dob': '1971-01-18', 'country': {'id': 214, 'name': 'Spain'}}]",220,Real Madrid,male,,214,Spain,"[{'id': 733, 'name': 'Manuel Luis Pellegrini Ripamonti', 'nickname': 'Manuel Pellegrini', 'dob': '1953-09-16', 'country': {'id': 45, 'name': 'Chile'}}]",1.1.0,2,2,1,Regular Season,342,Spotify Camp Nou,214,Spain,221.0,Alberto Undiano Mallenco,214.0,Spain
69240,2010-02-06,20:00:00.000,2,1,available,scheduled,2020-07-29T05:00,2021-06-13T16:17:31.694,21,11,Spain,La Liga,21,2009/2010,217,Barcelona,male,,214,Spain,"[{'id': 36, 'name': 'Josep Guardiola i Sala', 'nickname': 'Pep Guardiola', 'dob': '1971-01-18', 'country': {'id': 214, 'name': 'Spain'}}]",216,Getafe,male,,214,Spain,"[{'id': 505, 'name': 'José Miguel González Martín del Campo', 'nickname': 'Míchel', 'dob': '1963-03-23', 'country': {'id': 214, 'name': 'Spain'}}]",1.1.0,2,2,1,Regular Season,342,Spotify Camp Nou,214,Spain,1003.0,Fernando Teixeira,214.0,Spain
69233,2010-02-20,20:00:00.000,4,0,available,scheduled,2020-07-29T05:00,2021-06-13T16:17:31.694,23,11,Spain,La Liga,21,2009/2010,217,Barcelona,male,,214,Spain,"[{'id': 36, 'name': 'Josep Guardiola i Sala', 'nickname': 'Pep Guardiola', 'dob': '1971-01-18', 'country': {'id': 214, 'name': 'Spain'}}]",1217,Racing Santander,male,,214,Spain,"[{'id': 4954, 'name': 'Miguel Ángel Portugal Vicario', 'nickname': 'Miguel Ángel Portugal', 'dob': '1955-11-28', 'country': {'id': 214, 'name': 'Spain'}}]",1.1.0,2,2,1,Regular Season,342,Spotify Camp Nou,214,Spain,222.0,David Fernández Borbalan,214.0,Spain
69213,2010-04-17,20:00:00.000,0,0,available,scheduled,2020-07-29T05:00,2021-06-13T16:17:31.694,33,11,Spain,La Liga,21,2009/2010,214,Espanyol,male,,214,Spain,"[{'id': 81, 'name': 'Mauricio Roberto Pochettino Trossero', 'nickname': 'Mauricio Pochettino', 'dob': '1972-03-02', 'country': {'id': 11, 'name': 'Argentina'}}]",217,Barcelona,male,,214,Spain,"[{'id': 36, 'name': 'Josep Guardiola i Sala', 'nickname': 'Pep Guardiola', 'dob': '1971-01-18', 'country': {'id': 214, 'name': 'Spain'}}]",1.1.0,2,2,1,Regular Season,351,RCDE Stadium,214,Spain,221.0,Alberto Undiano Mallenco,214.0,Spain
69238,2010-02-27,22:00:00.000,2,1,available,scheduled,2021-10-26T13:49:38.983866,2021-06-13T16:17:31.694,24,11,Spain,La Liga,21,2009/2010,217,Barcelona,male,,214,Spain,"[{'id': 36, 'name': 'Josep Guardiola i Sala', 'nickname': 'Pep Guardiola', 'dob': '1971-01-18', 'country': {'id': 214, 'name': 'Spain'}}]",223,Málaga,male,,214,Spain,"[{'id': 2, 'name': 'Juan Ramón López Muñiz', 'nickname': 'Juan Muñiz', 'dob': '1968-11-02', 'country': {'id': 214, 'name': 'Spain'}}]",1.1.0,2,2,1,Regular Season,342,Spotify Camp Nou,214,Spain,1010.0,Antonio Rubinos Perez,214.0,Spain
69267,2009-12-02,22:00:00.000,0,2,available,scheduled,2020-07-29T05:00,2021-06-13T16:17:31.694,15,11,Spain,La Liga,21,2009/2010,1219,Xerez,male,,214,Spain,"[{'id': 210, 'name': 'José Ángel Ziganda Lacunza', 'nickname': 'Cuco Ziganda', 'dob': '1966-10-01', 'country': {'id': 214, 'name': 'Spain'}}]",217,Barcelona,male,,214,Spain,"[{'id': 36, 'name': 'Josep Guardiola i Sala', 'nickname': 'Pep Guardiola', 'dob': '1971-01-18', 'country': {'id': 214, 'name': 'Spain'}}]",1.1.0,2,2,1,Regular Season,4639,Estadio Municipal de Chapín,214,Spain,2535.0,Carlos Velasco Carballo,214.0,Spain
69288,2009-11-21,22:00:00.000,1,1,available,scheduled,2020-07-29T05:00,2021-06-13T16:17:31.694,11,11,Spain,La Liga,21,2009/2010,215,Athletic Club,male,,214,Spain,"[{'id': 497, 'name': 'Joaquín de Jesús Caparrós Camino', 'nickname': 'Joaquín Caparrós', 'dob': '1955-10-15', 'country': {'id': 214, 'name': 'Spain'}}]",217,Barcelona,male,,214,Spain,"[{'id': 36, 'name': 'Josep Guardiola i Sala', 'nickname': 'Pep Guardiola', 'dob': '1971-01-18', 'country': {'id': 214, 'name': 'Spain'}}]",1.1.0,2,2,1,Regular Season,4637,Estadio San Mamés,214,Spain,1003.0,Fernando Teixeira,214.0,Spain
69254,2009-09-22,22:00:00.000,1,4,available,scheduled,2020-07-29T05:00,2021-06-13T16:17:31.694,4,11,Spain,La Liga,21,2009/2010,1217,Racing Santander,male,,214,Spain,"[{'id': 4982, 'name': 'Juan Carlos Mandiá Lorenzo', 'nickname': None, 'dob': '1967-01-17', 'country': {'id': 214, 'name': 'Spain'}}]",217,Barcelona,male,,214,Spain,"[{'id': 36, 'name': 'Josep Guardiola i Sala', 'nickname': 'Pep Guardiola', 'dob': '1971-01-18', 'country': {'id': 214, 'name': 'Spain'}}]",1.1.0,2,2,1,Regular Season,4636,Campos de Sport de El Sardinero,214,Spain,180.0,Antonio Miguel Mateu Lahoz,214.0,Spain
69292,2009-09-19,22:00:00.000,5,2,available,scheduled,2020-07-29T05:00,2021-06-13T16:17:31.694,3,11,Spain,La Liga,21,2009/2010,217,Barcelona,male,,214,Spain,"[{'id': 36, 'name': 'Josep Guardiola i Sala', 'nickname': 'Pep Guardiola', 'dob': '1971-01-18', 'country': {'id': 214, 'name': 'Spain'}}]",212,Atlético Madrid,male,,214,Spain,"[{'id': 4988, 'name': 'Abel Resino Gómez', 'nickname': None, 'dob': '1960-02-02', 'country': {'id': 214, 'name': 'Spain'}}]",1.1.0,2,2,1,Regular Season,342,Spotify Camp Nou,214,Spain,2699.0,Manuel Enrique Mejuto Gonzalez,214.0,Spain
69227,2010-03-21,21:00:00.000,2,4,available,scheduled,2020-07-29T05:00,2021-06-13T16:17:31.694,27,11,Spain,La Liga,21,2009/2010,395,Real Zaragoza,male,,214,Spain,"[{'id': 4958, 'name': 'José Aurelio Gay López', 'nickname': 'José Aurelio Gay', 'dob': '1965-12-10', 'country': {'id': 214, 'name': 'Spain'}}]",217,Barcelona,male,,214,Spain,"[{'id': 36, 'name': 'Josep Guardiola i Sala', 'nickname': 'Pep Guardiola', 'dob': '1971-01-18', 'country': {'id': 214, 'name': 'Spain'}}]",1.1.0,2,2,1,Regular Season,4457,Estadio de la Romareda,214,Spain,1012.0,Carlos Delgado,214.0,Spain
69247,2010-04-03,20:00:00.000,4,1,available,scheduled,2020-07-29T05:00,2021-06-13T16:17:31.694,30,11,Spain,La Liga,21,2009/2010,217,Barcelona,male,,214,Spain,"[{'id': 36, 'name': 'Josep Guardiola i Sala', 'nickname': 'Pep Guardiola', 'dob': '1971-01-18', 'country': {'id': 214, 'name': 'Spain'}}]",215,Athletic Club,male,,214,Spain,"[{'id': 497, 'name': 'Joaquín de Jesús Caparrós Camino', 'nickname': 'Joaquín Caparrós', 'dob': '1955-10-15', 'country': {'id': 214, 'name': 'Spain'}}]",1.1.0,2,2,1,Regular Season,342,Spotify Camp Nou,214,Spain,180.0,Antonio Miguel Mateu Lahoz,214.0,Spain
69221,2010-04-14,22:00:00.000,3,0,available,scheduled,2020-07-29T05:00,2021-06-13T16:17:31.694,32,11,Spain,La Liga,21,2009/2010,217,Barcelona,male,,214,Spain,"[{'id': 36, 'name': 'Josep Guardiola i Sala', 'nickname': 'Pep Guardiola', 'dob': '1971-01-18', 'country': {'id': 214, 'name': 'Spain'}}]",219,RC Deportivo La Coruña,male,,214,Spain,"[{'id': 4519, 'name': 'Miguel Ángel Lotina Oruecheberría', 'nickname': 'Miguel Ángel Lotina', 'dob': '1957-06-18', 'country': {'id': 214, 'name': 'Spain'}}]",1.1.0,2,2,1,Regular Season,342,Spotify Camp Nou,214,Spain,1013.0,José Paradas,214.0,Spain
69225,2008-12-13,22:00:00.000,2,0,available,scheduled,2020-07-29T05:00,2021-06-13T16:17:31.694,15,11,Spain,La Liga,41,2008/2009,217,Barcelona,male,,214,Spain,"[{'id': 36, 'name': 'Josep Guardiola i Sala', 'nickname': 'Pep Guardiola', 'dob': '1971-01-18', 'country': {'id': 214, 'name': 'Spain'}}]",220,Real Madrid,male,,214,Spain,"[{'id': 3899, 'name': 'Juan de la Cruz Ramos Cano', 'nickname': 'Juande Ramos', 'dob': '1954-09-25', 'country': {'id': 214, 'name': 'Spain'}}]",1.1.0,2,2,1,Regular Season,342,Spotify Camp Nou,214,Spain,1011.0,Luis Medina Cantalejo,214.0,Spain
69212,2008-10-04,22:00:00.000,6,1,available,scheduled,2020-07-29T05:00,2021-06-13T16:17:31.694,6,11,Spain,La Liga,41,2008/2009,217,Barcelona,male,,214,Spain,"[{'id': 36, 'name': 'Josep Guardiola i Sala', 'nickname': 'Pep Guardiola', 'dob': '1971-01-18', 'country': {'id': 214, 'name': 'Spain'}}]",212,Atlético Madrid,male,,214,Spain,"[{'id': 3196, 'name': 'Javier Aguirre Onaindía', 'nickname': 'Javier Aguirre', 'dob': '1958-12-01', 'country': {'id': 147, 'name': 'Mexico'}}]",1.1.0,2,2,1,Regular Season,342,Spotify Camp Nou,214,Spain,999.0,Eduardo Iturralde Gonzalez,214.0,Spain
69235,2008-11-01,20:00:00.000,1,4,available,scheduled,2020-07-29T05:00,2021-06-13T16:17:31.694,9,11,Spain,La Liga,41,2008/2009,223,Málaga,male,,214,Spain,"[{'id': 4989, 'name': 'Antonio Tapia Flores', 'nickname': 'Antonio Tapia', 'dob': '1959-11-13', 'country': {'id': 214, 'name': 'Spain'}}]",217,Barcelona,male,,214,Spain,"[{'id': 36, 'name': 'Josep Guardiola i Sala', 'nickname': 'Pep Guardiola', 'dob': '1971-01-18', 'country': {'id': 214, 'name': 'Spain'}}]",1.1.0,2,2,1,Regular Season,346,Estadio La Rosaleda,214,Spain,2535.0,Carlos Velasco Carballo,214.0,Spain
69232,2008-10-25,22:00:00.000,5,0,available,scheduled,2020-07-29T05:00,2021-06-13T16:17:31.694,8,11,Spain,La Liga,41,2008/2009,217,Barcelona,male,,214,Spain,,403,Almería,male,,214,Spain,,1.1.0,2,2,1,Regular Season,342,Spotify Camp Nou,214,Spain,1007.0,Alfonso Perez Burrull,214.0,Spain
69216,2009-03-07,20:00:00.000,2,0,available,scheduled,2020-07-29T05:00,2021-06-13T16:17:31.694,26,11,Spain,La Liga,41,2008/2009,217,Barcelona,male,,214,Spain,"[{'id': 36, 'name': 'Josep Guardiola i Sala', 'nickname': 'Pep Guardiola', 'dob': '1971-01-18', 'country': {'id': 214, 'name': 'Spain'}}]",215,Athletic Club,male,,214,Spain,"[{'id': 497, 'name': 'Joaquín de Jesús Caparrós Camino', 'nickname': 'Joaquín Caparrós', 'dob': '1955-10-15', 'country': {'id': 214, 'name': 'Spain'}}]",1.1.0,2,2,1,Regular Season,342,Spotify Camp Nou,214,Spain,221.0,Alberto Undiano Mallenco,214.0,Spain
69209,2009-02-01,17:00:00.000,1,2,available,scheduled,2023-04-19T10:45:41.486531,2021-06-13T16:17:31.694,21,11,Spain,La Liga,41,2008/2009,1217,Racing Santander,male,,214,Spain,"[{'id': 2, 'name': 'Juan Ramón López Muñiz', 'nickname': 'Juan Muñiz', 'dob': '1968-11-02', 'country': {'id': 214, 'name': 'Spain'}}]",217,Barcelona,male,,214,Spain,"[{'id': 36, 'name': 'Josep Guardiola i Sala', 'nickname': 'Pep Guardiola', 'dob': '1971-01-18', 'country': {'id': 214, 'name': 'Spain'}}]",1.1.0,2,2,1,Regular Season,4636,Campos de Sport de El Sardinero,214,Spain,222.0,David Fernández Borbalan,214.0,Spain
69231,2009-02-08,19:00:00.000,3,1,available,scheduled,2020-07-29T05:00,2021-06-13T16:17:31.694,22,11,Spain,La Liga,41,2008/2009,217,Barcelona,male,,214,Spain,"[{'id': 36, 'name': 'Josep Guardiola i Sala', 'nickname': 'Pep Guardiola', 'dob': '1971-01-18', 'country': {'id': 214, 'name': 'Spain'}}]",1041,Sporting Gijón,male,,214,Spain,"[{'id': 4959, 'name': 'Manuel Preciado Rebolledo', 'nickname': 'Manuel Preciado', 'dob': '1957-08-28', 'country': {'id': 214, 'name': 'Spain'}}]",1.1.0,2,2,1,Regular Season,342,Spotify Camp Nou,214,Spain,1010.0,Antonio Rubinos Perez,214.0,Spain
69217,2009-05-10,19:03:00.000,3,3,available,scheduled,2020-07-29T05:00,2021-06-13T16:17:31.694,35,11,Spain,La Liga,41,2008/2009,217,Barcelona,male,,214,Spain,"[{'id': 36, 'name': 'Josep Guardiola i Sala', 'nickname': 'Pep Guardiola', 'dob': '1971-01-18', 'country': {'id': 214, 'name': 'Spain'}}]",222,Villarreal,male,,214,Spain,"[{'id': 733, 'name': 'Manuel Luis Pellegrini Ripamonti', 'nickname': 'Manuel Pellegrini', 'dob': '1953-09-16', 'country': {'id': 45, 'name': 'Chile'}}]",1.1.0,2,2,1,Regular Season,342,Spotify Camp Nou,214,Spain,1003.0,Fernando Teixeira,214.0,Spain
69273,2009-04-04,20:00:00.000,0,1,available,scheduled,2020-07-29T05:00,2021-06-13T16:17:31.694,29,11,Spain,La Liga,41,2008/2009,901,Real Valladolid,male,,214,Spain,"[{'id': 221, 'name': 'José Luis Mendilibar Etxebarria', 'nickname': 'José Luis Mendilibar', 'dob': '1961-03-14', 'country': {'id': 214, 'name': 'Spain'}}]",217,Barcelona,male,,214,Spain,"[{'id': 36, 'name': 'Josep Guardiola i Sala', 'nickname': 'Pep Guardiola', 'dob': '1971-01-18', 'country': {'id': 214, 'name': 'Spain'}}]",1.1.0,2,2,1,Regular Season,622,Estadio Municipal José Zorrilla,214,Spain,1001.0,Miguel Pérez,214.0,Spain
69222,2009-04-11,20:00:00.000,2,0,available,scheduled,2020-07-29T05:00,2021-06-13T16:17:31.694,30,11,Spain,La Liga,41,2008/2009,217,Barcelona,male,,214,Spain,"[{'id': 36, 'name': 'Josep Guardiola i Sala', 'nickname': 'Pep Guardiola', 'dob': '1971-01-18', 'country': {'id': 214, 'name': 'Spain'}}]",1220,Recreativo Huelva,male,,214,Spain,"[{'id': 1612, 'name': 'Luis Lucas Alcaraz González', 'nickname': 'Lucas Alcaraz', 'dob': '1966-06-21', 'country': {'id': 214, 'name': 'Spain'}}]",1.1.0,2,2,1,Regular Season,342,Spotify Camp Nou,214,Spain,999.0,Eduardo Iturralde Gonzalez,214.0,Spain
69223,2009-04-18,20:00:00.000,0,1,available,scheduled,2020-07-29T05:00,2021-06-13T16:17:31.694,31,11,Spain,La Liga,41,2008/2009,216,Getafe,male,,214,Spain,"[{'id': 5042, 'name': 'Víctor Muñoz Manrique', 'nickname': 'Víctor Muñoz', 'dob': '1957-03-15', 'country': {'id': 214, 'name': 'Spain'}}]",217,Barcelona,male,,214,Spain,"[{'id': 36, 'name': 'Josep Guardiola i Sala', 'nickname': 'Pep Guardiola', 'dob': '1971-01-18', 'country': {'id': 214, 'name': 'Spain'}}]",1.1.0,2,2,1,Regular Season,354,Coliseum Alfonso Pérez,214,Spain,1004.0,Turienzo,214.0,Spain
69195,2009-02-14,20:00:00.000,2,2,available,scheduled,2023-04-19T10:44:09.332962,2021-06-13T16:17:31.694,23,11,Spain,La Liga,41,2008/2009,218,Real Betis,male,,214,Spain,"[{'id': 4956, 'name': 'Francisco Chaparro Jara', 'nickname': 'Paco Chaparro', 'dob': '1942-11-30', 'country': {'id': 214, 'name': 'Spain'}}]",217,Barcelona,male,,214,Spain,"[{'id': 36, 'name': 'Josep Guardiola i Sala', 'nickname': 'Pep Guardiola', 'dob': '1971-01-18', 'country': {'id': 214, 'name': 'Spain'}}]",1.1.0,2,2,1,Regular Season,352,Estadio Benito Villamarín,214,Spain,999.0,Eduardo Iturralde Gonzalez,214.0,Spain
69251,2009-04-25,22:00:00.000,2,2,available,scheduled,2020-07-29T05:00,2021-06-13T16:17:31.694,33,11,Spain,La Liga,41,2008/2009,207,Valencia,male,,214,Spain,"[{'id': 21, 'name': 'Unai Emery Etxegoien', 'nickname': 'Unai Emery', 'dob': '1971-11-03', 'country': {'id': 214, 'name': 'Spain'}}]",217,Barcelona,male,,214,Spain,"[{'id': 36, 'name': 'Josep Guardiola i Sala', 'nickname': 'Pep Guardiola', 'dob': '1971-01-18', 'country': {'id': 214, 'name': 'Spain'}}]",1.1.0,2,2,1,Regular Season,344,Estadio de Mestalla,214,Spain,997.0,César Muñiz,214.0,Spain
69185,2009-03-01,19:00:00.000,4,3,available,scheduled,2020-07-29T05:00,2021-06-13T16:17:31.694,25,11,Spain,La Liga,41,2008/2009,212,Atlético Madrid,male,,214,Spain,"[{'id': 4988, 'name': 'Abel Resino Gómez', 'nickname': None, 'dob': '1960-02-02', 'country': {'id': 214, 'name': 'Spain'}}]",217,Barcelona,male,,214,Spain,"[{'id': 36, 'name': 'Josep Guardiola i Sala', 'nickname': 'Pep Guardiola', 'dob': '1971-01-18', 'country': {'id': 214, 'name': 'Spain'}}]",1.1.0,2,2,1,Regular Season,625,Estadio Vicente Calderón,214,Spain,1002.0,Bernardino Gonzalez,214.0,Spain
69142,2009-03-22,19:00:00.000,6,0,available,scheduled,2023-04-19T10:43:23.794420,2021-06-13T16:17:31.694,28,11,Spain,La Liga,41,2008/2009,217,Barcelona,male,,214,Spain,"[{'id': 36, 'name': 'Josep Guardiola i Sala', 'nickname': 'Pep Guardiola', 'dob': '1971-01-18', 'country': {'id': 214, 'name': 'Spain'}}]",223,Málaga,male,,214,Spain,"[{'id': 4989, 'name': 'Antonio Tapia Flores', 'nickname': 'Antonio Tapia', 'dob': '1959-11-13', 'country': {'id': 214, 'name': 'Spain'}}]",1.1.0,2,2,1,Regular Season,342,Spotify Camp Nou,214,Spain,997.0,César Muñiz,214.0,Spain
69139,2009-02-21,20:00:00.000,1,2,available,scheduled,2020-07-29T05:00,2021-06-13T16:17:31.694,24,11,Spain,La Liga,41,2008/2009,217,Barcelona,male,,214,Spain,"[{'id': 36, 'name': 'Josep Guardiola i Sala', 'nickname': 'Pep Guardiola', 'dob': '1971-01-18', 'country': {'id': 214, 'name': 'Spain'}}]",214,Espanyol,male,,214,Spain,"[{'id': 81, 'name': 'Mauricio Roberto Pochettino Trossero', 'nickname': 'Mauricio Pochettino', 'dob': '1972-03-02', 'country': {'id': 11, 'name': 'Argentina'}}]",1.1.0,2,2,1,Regular Season,342,Spotify Camp Nou,214,Spain,1012.0,Carlos Delgado,214.0,Spain
69189,2009-01-24,22:00:00.000,4,1,available,scheduled,2020-07-29T05:00,2021-06-13T16:17:31.694,20,11,Spain,La Liga,41,2008/2009,217,Barcelona,male,,214,Spain,"[{'id': 36, 'name': 'Josep Guardiola i Sala', 'nickname': 'Pep Guardiola', 'dob': '1971-01-18', 'country': {'id': 214, 'name': 'Spain'}}]",444,CD Numancia de Soria,male,,214,Spain,"[{'id': 5041, 'name': 'Sergije Krešić Juric', 'nickname': None, 'dob': '1946-11-29', 'country': {'id': 56, 'name': 'Croatia'}}]",1.1.0,2,2,1,Regular Season,342,Spotify Camp Nou,214,Spain,1001.0,Miguel Pérez,214.0,Spain
69171,2008-11-29,22:00:00.000,0,3,available,scheduled,2020-07-29T05:00,2021-06-13T16:17:31.694,13,11,Spain,La Liga,41,2008/2009,213,Sevilla,male,,214,Spain,"[{'id': 1621, 'name': 'Manuel Enrique Jiménez Jiménez', 'nickname': 'Manolo Jiménez', 'dob': '1964-01-26', 'country': {'id': 214, 'name': 'Spain'}}]",217,Barcelona,male,,214,Spain,"[{'id': 36, 'name': 'Josep Guardiola i Sala', 'nickname': 'Pep Guardiola', 'dob': '1971-01-18', 'country': {'id': 214, 'name': 'Spain'}}]",1.1.0,2,2,1,Regular Season,349,Estadio Ramón Sánchez Pizjuán,214,Spain,221.0,Alberto Undiano Mallenco,214.0,Spain
69249,2009-05-02,20:00:00.000,2,6,available,scheduled,2020-07-29T05:00,2021-06-13T16:17:31.694,34,11,Spain,La Liga,41,2008/2009,220,Real Madrid,male,,214,Spain,"[{'id': 3899, 'name': 'Juan de la Cruz Ramos Cano', 'nickname': 'Juande Ramos', 'dob': '1954-09-25', 'country': {'id': 214, 'name': 'Spain'}}]",217,Barcelona,male,,214,Spain,"[{'id': 36, 'name': 'Josep Guardiola i Sala', 'nickname': 'Pep Guardiola', 'dob': '1971-01-18', 'country': {'id': 214, 'name': 'Spain'}}]",1.1.0,2,2,1,Regular Season,353,Estadio Santiago Bernabéu,214,Spain,221.0,Alberto Undiano Mallenco,214.0,Spain
69215,2008-09-13,20:00:00.000,1,1,available,scheduled,2020-07-29T05:00,2021-06-13T16:17:31.694,2,11,Spain,La Liga,41,2008/2009,217,Barcelona,male,,214,Spain,"[{'id': 36, 'name': 'Josep Guardiola i Sala', 'nickname': 'Pep Guardiola', 'dob': '1971-01-18', 'country': {'id': 214, 'name': 'Spain'}}]",1217,Racing Santander,male,,214,Spain,"[{'id': 2, 'name': 'Juan Ramón López Muñiz', 'nickname': 'Juan Muñiz', 'dob': '1968-11-02', 'country': {'id': 214, 'name': 'Spain'}}]",1.1.0,2,2,1,Regular Season,342,Spotify Camp Nou,214,Spain,1000.0,Rafael Ramírez Domínguez,214.0,Spain
69138,2008-09-21,21:00:00.000,1,6,available,scheduled,2020-07-29T05:00,2021-06-13T16:17:31.694,3,11,Spain,La Liga,41,2008/2009,1041,Sporting Gijón,male,,214,Spain,"[{'id': 4959, 'name': 'Manuel Preciado Rebolledo', 'nickname': 'Manuel Preciado', 'dob': '1957-08-28', 'country': {'id': 214, 'name': 'Spain'}}]",217,Barcelona,male,,214,Spain,"[{'id': 36, 'name': 'Josep Guardiola i Sala', 'nickname': 'Pep Guardiola', 'dob': '1971-01-18', 'country': {'id': 214, 'name': 'Spain'}}]",1.1.0,2,2,1,Regular Season,4656,Estadio Municipal El Molinón,214,Spain,996.0,Carlos Megía Dávila,214.0,Spain
69147,2008-08-31,19:00:00.000,1,0,available,scheduled,2020-07-29T05:00,2021-06-13T16:17:31.694,1,11,Spain,La Liga,41,2008/2009,444,CD Numancia de Soria,male,,214,Spain,"[{'id': 5041, 'name': 'Sergije Krešić Juric', 'nickname': None, 'dob': '1946-11-29', 'country': {'id': 56, 'name': 'Croatia'}}]",217,Barcelona,male,,214,Spain,"[{'id': 36, 'name': 'Josep Guardiola i Sala', 'nickname': 'Pep Guardiola', 'dob': '1971-01-18', 'country': {'id': 214, 'name': 'Spain'}}]",1.1.0,2,2,1,Regular Season,4652,Los Pajaritos,214,Spain,222.0,David Fernández Borbalan,214.0,Spain
69177,2009-03-15,21:03:00.000,0,2,available,scheduled,2020-07-29T05:00,2021-06-13T16:17:31.694,27,11,Spain,La Liga,41,2008/2009,403,Almería,male,,214,Spain,,217,Barcelona,male,,214,Spain,,1.1.0,2,2,1,Regular Season,4657,Power Horse Stadium – Estadio de los Juegos Mediterráneos,214,Spain,2699.0,Manuel Enrique Mejuto Gonzalez,214.0,Spain
69207,2008-09-24,20:00:00.000,3,2,available,scheduled,2023-04-19T10:44:55.907154,2021-06-13T16:17:31.694,4,11,Spain,La Liga,41,2008/2009,217,Barcelona,male,,214,Spain,"[{'id': 36, 'name': 'Josep Guardiola i Sala', 'nickname': 'Pep Guardiola', 'dob': '1971-01-18', 'country': {'id': 214, 'name': 'Spain'}}]",218,Real Betis,male,,214,Spain,"[{'id': 4956, 'name': 'Francisco Chaparro Jara', 'nickname': 'Paco Chaparro', 'dob': '1942-11-30', 'country': {'id': 214, 'name': 'Spain'}}]",1.1.0,2,2,1,Regular Season,342,Spotify Camp Nou,214,Spain,998.0,Arturo Daudén Ibáñez,214.0,Spain
69228,2008-12-21,19:00:00.000,1,2,available,scheduled,2020-07-29T05:00,2021-06-13T16:17:31.694,16,11,Spain,La Liga,41,2008/2009,222,Villarreal,male,,214,Spain,"[{'id': 733, 'name': 'Manuel Luis Pellegrini Ripamonti', 'nickname': 'Manuel Pellegrini', 'dob': '1953-09-16', 'country': {'id': 45, 'name': 'Chile'}}]",217,Barcelona,male,,214,Spain,"[{'id': 36, 'name': 'Josep Guardiola i Sala', 'nickname': 'Pep Guardiola', 'dob': '1971-01-18', 'country': {'id': 214, 'name': 'Spain'}}]",1.1.0,2,2,1,Regular Season,361,Estadio de la Cerámica,214,Spain,1008.0,Carlos Clos Gómez,214.0,Spain
69183,2009-01-17,20:00:00.000,5,0,available,scheduled,2020-07-29T05:00,2021-06-13T16:17:31.694,19,11,Spain,La Liga,41,2008/2009,217,Barcelona,male,,214,Spain,"[{'id': 36, 'name': 'Josep Guardiola i Sala', 'nickname': 'Pep Guardiola', 'dob': '1971-01-18', 'country': {'id': 214, 'name': 'Spain'}}]",219,RC Deportivo La Coruña,male,,214,Spain,"[{'id': 4519, 'name': 'Miguel Ángel Lotina Oruecheberría', 'nickname': 'Miguel Ángel Lotina', 'dob': '1957-06-18', 'country': {'id': 214, 'name': 'Spain'}}]",1.1.0,2,2,1,Regular Season,342,Spotify Camp Nou,214,Spain,1006.0,Julian Rodriguez Santiago,214.0,Spain
69279,2008-11-08,22:00:00.000,6,0,available,scheduled,2020-07-29T05:00,2021-06-13T16:17:31.694,10,11,Spain,La Liga,41,2008/2009,217,Barcelona,male,,214,Spain,"[{'id': 36, 'name': 'Josep Guardiola i Sala', 'nickname': 'Pep Guardiola', 'dob': '1971-01-18', 'country': {'id': 214, 'name': 'Spain'}}]",901,Real Valladolid,male,,214,Spain,"[{'id': 221, 'name': 'José Luis Mendilibar Etxebarria', 'nickname': 'José Luis Mendilibar', 'dob': '1961-03-14', 'country': {'id': 214, 'name': 'Spain'}}]",1.1.0,2,2,1,Regular Season,342,Spotify Camp Nou,214,Spain,1003.0,Fernando Teixeira,214.0,Spain
69285,2008-11-16,21:00:00.000,0,2,available,scheduled,2023-04-19T10:46:29.203565,2021-06-13T16:17:31.694,11,11,Spain,La Liga,41,2008/2009,1220,Recreativo Huelva,male,,214,Spain,"[{'id': 1612, 'name': 'Luis Lucas Alcaraz González', 'nickname': 'Lucas Alcaraz', 'dob': '1966-06-21', 'country': {'id': 214, 'name': 'Spain'}}]",217,Barcelona,male,,214,Spain,"[{'id': 36, 'name': 'Josep Guardiola i Sala', 'nickname': 'Pep Guardiola', 'dob': '1971-01-18', 'country': {'id': 214, 'name': 'Spain'}}]",1.1.0,2,2,1,Regular Season,4638,Estadio Nuevo Colombino,214,Spain,1001.0,Miguel Pérez,214.0,Spain
69211,2008-09-27,22:00:00.000,1,2,available,scheduled,2020-07-29T05:00,2021-06-13T16:17:31.694,5,11,Spain,La Liga,41,2008/2009,214,Espanyol,male,,214,Spain,"[{'id': 4981, 'name': 'Bartolomé Márquez López', 'nickname': 'Tintín Márquez', 'dob': '1962-01-07', 'country': {'id': 214, 'name': 'Spain'}}]",217,Barcelona,male,,214,Spain,"[{'id': 36, 'name': 'Josep Guardiola i Sala', 'nickname': 'Pep Guardiola', 'dob': '1971-01-18', 'country': {'id': 214, 'name': 'Spain'}}]",1.1.0,2,2,1,Regular Season,4635,Estadi Olímpic Lluís Companys,214,Spain,1011.0,Luis Medina Cantalejo,214.0,Spain
69230,2009-01-11,21:00:00.000,2,3,available,scheduled,2020-07-29T05:00,2021-06-13T16:17:31.694,18,11,Spain,La Liga,41,2008/2009,422,Osasuna,male,,214,Spain,"[{'id': 4961, 'name': 'José Antonio Camacho Alfaro', 'nickname': 'José Camacho', 'dob': '1955-06-08', 'country': {'id': 214, 'name': 'Spain'}}]",217,Barcelona,male,,214,Spain,"[{'id': 36, 'name': 'Josep Guardiola i Sala', 'nickname': 'Pep Guardiola', 'dob': '1971-01-18', 'country': {'id': 214, 'name': 'Spain'}}]",1.1.0,2,2,1,Regular Season,4650,Estadio El Sadar,214,Spain,1003.0,Fernando Teixeira,214.0,Spain
69149,2008-12-06,22:00:00.000,4,0,available,scheduled,2020-07-29T05:00,2021-06-13T16:17:31.694,14,11,Spain,La Liga,41,2008/2009,217,Barcelona,male,,214,Spain,"[{'id': 36, 'name': 'Josep Guardiola i Sala', 'nickname': 'Pep Guardiola', 'dob': '1971-01-18', 'country': {'id': 214, 'name': 'Spain'}}]",207,Valencia,male,,214,Spain,"[{'id': 21, 'name': 'Unai Emery Etxegoien', 'nickname': 'Unai Emery', 'dob': '1971-11-03', 'country': {'id': 214, 'name': 'Spain'}}]",1.1.0,2,2,1,Regular Season,342,Spotify Camp Nou,214,Spain,222.0,David Fernández Borbalan,214.0,Spain
69151,2007-09-29,22:00:00.000,1,4,available,scheduled,2021-10-26T13:06:13.517786,2021-06-13T16:17:31.694,6,11,Spain,La Liga,40,2007/2008,221,Levante UD,male,,214,Spain,"[{'id': 4988, 'name': 'Abel Resino Gómez', 'nickname': None, 'dob': '1960-02-02', 'country': {'id': 214, 'name': 'Spain'}}]",217,Barcelona,male,,214,Spain,"[{'id': 4953, 'name': 'Frank Rijkaard', 'nickname': None, 'dob': '1962-09-30', 'country': {'id': 160, 'name': 'Netherlands'}}]",1.1.0,2,2,1,Regular Season,350,Estadio Ciudad de Valencia,214,Spain,1008.0,Carlos Clos Gómez,214.0,Spain
69144,2007-10-07,17:00:00.000,3,0,available,scheduled,2021-10-26T13:13:56.180589,2021-06-13T16:17:31.694,7,11,Spain,La Liga,40,2007/2008,217,Barcelona,male,,214,Spain,"[{'id': 4953, 'name': 'Frank Rijkaard', 'nickname': None, 'dob': '1962-09-30', 'country': {'id': 160, 'name': 'Netherlands'}}]",212,Atlético Madrid,male,,214,Spain,"[{'id': 3196, 'name': 'Javier Aguirre Onaindía', 'nickname': 'Javier Aguirre', 'dob': '1958-12-01', 'country': {'id': 147, 'name': 'Mexico'}}]",1.1.0,2,2,1,Regular Season,342,Spotify Camp Nou,214,Spain,999.0,Eduardo Iturralde Gonzalez,214.0,Spain
69169,2007-09-02,19:00:00.000,3,1,available,scheduled,2020-07-29T05:00,2021-06-13T16:17:31.694,2,11,Spain,La Liga,40,2007/2008,217,Barcelona,male,,214,Spain,"[{'id': 4953, 'name': 'Frank Rijkaard', 'nickname': None, 'dob': '1962-09-30', 'country': {'id': 160, 'name': 'Netherlands'}}]",215,Athletic Club,male,,214,Spain,"[{'id': 497, 'name': 'Joaquín de Jesús Caparrós Camino', 'nickname': 'Joaquín Caparrós', 'dob': '1955-10-15', 'country': {'id': 214, 'name': 'Spain'}}]",1.1.0,2,2,1,Regular Season,342,Spotify Camp Nou,214,Spain,996.0,Carlos Megía Dávila,214.0,Spain
68360,2008-02-24,19:00:00.000,5,1,available,scheduled,2023-04-19T10:39:13.739317,2021-06-13T16:17:31.694,25,11,Spain,La Liga,40,2007/2008,217,Barcelona,male,,214,Spain,"[{'id': 4953, 'name': 'Frank Rijkaard', 'nickname': None, 'dob': '1962-09-30', 'country': {'id': 160, 'name': 'Netherlands'}}]",221,Levante UD,male,,214,Spain,"[{'id': 248, 'name': 'Giovanni De Biasi', 'nickname': 'Gianni De Biasi', 'dob': '1956-06-16', 'country': {'id': 112, 'name': 'Italy'}}]",1.1.0,2,2,1,Regular Season,342,Spotify Camp Nou,214,Spain,2535.0,Carlos Velasco Carballo,214.0,Spain
69186,2008-05-17,22:00:00.000,3,5,available,scheduled,2023-04-19T10:42:35.284291,2021-06-13T16:17:31.694,38,11,Spain,La Liga,40,2007/2008,1230,Real Murcia CF,male,,214,Spain,"[{'id': 4993, 'name': 'Javier Clemente Lazaro', 'nickname': 'Javier Clemente', 'dob': '1950-03-12', 'country': {'id': 214, 'name': 'Spain'}}]",217,Barcelona,male,,214,Spain,"[{'id': 4953, 'name': 'Frank Rijkaard', 'nickname': None, 'dob': '1962-09-30', 'country': {'id': 160, 'name': 'Netherlands'}}]",1.1.0,2,2,1,Regular Season,52894,	Estadio Enrique Roca de Murcia,214,Spain,1000.0,Rafael Ramírez Domínguez,214.0,Spain
69180,2007-08-26,19:00:00.000,0,0,available,scheduled,2020-07-29T05:00,2021-06-13T16:17:31.694,1,11,Spain,La Liga,40,2007/2008,1217,Racing Santander,male,,214,Spain,"[{'id': 211, 'name': 'Marcelino García Toral', 'nickname': 'Marcelino', 'dob': '1965-08-14', 'country': {'id': 214, 'name': 'Spain'}}]",217,Barcelona,male,,214,Spain,"[{'id': 4953, 'name': 'Frank Rijkaard', 'nickname': None, 'dob': '1962-09-30', 'country': {'id': 160, 'name': 'Netherlands'}}]",1.1.0,2,2,1,Regular Season,4636,Campos de Sport de El Sardinero,214,Spain,997.0,César Muñiz,214.0,Spain
69143,2007-09-26,22:00:00.000,4,1,available,scheduled,2020-07-29T05:00,2021-06-13T16:17:31.694,5,11,Spain,La Liga,40,2007/2008,217,Barcelona,male,,214,Spain,"[{'id': 4953, 'name': 'Frank Rijkaard', 'nickname': None, 'dob': '1962-09-30', 'country': {'id': 160, 'name': 'Netherlands'}}]",395,Real Zaragoza,male,,214,Spain,"[{'id': 1602, 'name': 'Victor Fernández Braulio', 'nickname': 'Víctor Fernández', 'dob': '1960-11-28', 'country': {'id': 214, 'name': 'Spain'}}]",1.1.0,2,2,1,Regular Season,342,Spotify Camp Nou,214,Spain,2535.0,Carlos Velasco Carballo,214.0,Spain
69181,2008-01-27,19:00:00.000,1,1,available,scheduled,2020-07-29T05:00,2021-06-13T16:17:31.694,21,11,Spain,La Liga,40,2007/2008,215,Athletic Club,male,,214,Spain,"[{'id': 497, 'name': 'Joaquín de Jesús Caparrós Camino', 'nickname': 'Joaquín Caparrós', 'dob': '1955-10-15', 'country': {'id': 214, 'name': 'Spain'}}]",217,Barcelona,male,,214,Spain,"[{'id': 4953, 'name': 'Frank Rijkaard', 'nickname': None, 'dob': '1962-09-30', 'country': {'id': 160, 'name': 'Netherlands'}}]",1.1.0,2,2,1,Regular Season,4637,Estadio San Mamés,214,Spain,221.0,Alberto Undiano Mallenco,214.0,Spain
68365,2008-03-01,20:00:00.000,4,2,available,scheduled,2020-07-29T05:00,2021-06-13T16:17:31.694,26,11,Spain,La Liga,40,2007/2008,212,Atlético Madrid,male,,214,Spain,"[{'id': 3196, 'name': 'Javier Aguirre Onaindía', 'nickname': 'Javier Aguirre', 'dob': '1958-12-01', 'country': {'id': 147, 'name': 'Mexico'}}]",217,Barcelona,male,,214,Spain,"[{'id': 4953, 'name': 'Frank Rijkaard', 'nickname': None, 'dob': '1962-09-30', 'country': {'id': 160, 'name': 'Netherlands'}}]",1.1.0,2,2,1,Regular Season,625,Estadio Vicente Calderón,214,Spain,222.0,David Fernández Borbalan,214.0,Spain
69178,2007-11-10,20:00:00.000,2,0,available,scheduled,2020-07-29T05:00,2021-06-13T16:17:31.694,12,11,Spain,La Liga,40,2007/2008,216,Getafe,male,,214,Spain,"[{'id': 4991, 'name': 'Michael Laudrup', 'nickname': None, 'dob': '1964-06-15', 'country': {'id': 61, 'name': 'Denmark'}}]",217,Barcelona,male,,214,Spain,"[{'id': 4953, 'name': 'Frank Rijkaard', 'nickname': None, 'dob': '1962-09-30', 'country': {'id': 160, 'name': 'Netherlands'}}]",1.1.0,2,2,1,Regular Season,354,Coliseum Alfonso Pérez,214,Spain,998.0,Arturo Daudén Ibáñez,214.0,Spain
68364,2007-10-20,20:00:00.000,3,1,available,scheduled,2020-07-29T05:00,2021-06-13T16:17:31.694,8,11,Spain,La Liga,40,2007/2008,222,Villarreal,male,,214,Spain,"[{'id': 733, 'name': 'Manuel Luis Pellegrini Ripamonti', 'nickname': 'Manuel Pellegrini', 'dob': '1953-09-16', 'country': {'id': 45, 'name': 'Chile'}}]",217,Barcelona,male,,214,Spain,"[{'id': 4953, 'name': 'Frank Rijkaard', 'nickname': None, 'dob': '1962-09-30', 'country': {'id': 160, 'name': 'Netherlands'}}]",1.1.0,2,2,1,Regular Season,361,Estadio de la Cerámica,214,Spain,2699.0,Manuel Enrique Mejuto Gonzalez,214.0,Spain
69170,2007-12-09,21:00:00.000,2,1,available,scheduled,2023-04-19T10:40:50.146810,2021-06-13T16:17:31.694,15,11,Spain,La Liga,40,2007/2008,217,Barcelona,male,,214,Spain,"[{'id': 4953, 'name': 'Frank Rijkaard', 'nickname': None, 'dob': '1962-09-30', 'country': {'id': 160, 'name': 'Netherlands'}}]",219,RC Deportivo La Coruña,male,,214,Spain,"[{'id': 4519, 'name': 'Miguel Ángel Lotina Oruecheberría', 'nickname': 'Miguel Ángel Lotina', 'dob': '1957-06-18', 'country': {'id': 214, 'name': 'Spain'}}]",1.1.0,2,2,1,Regular Season,342,Spotify Camp Nou,214,Spain,222.0,David Fernández Borbalan,214.0,Spain
68359,2008-04-19,20:00:00.000,0,0,available,scheduled,2020-07-29T05:00,2021-06-13T16:17:31.694,33,11,Spain,La Liga,40,2007/2008,217,Barcelona,male,,214,Spain,"[{'id': 4953, 'name': 'Frank Rijkaard', 'nickname': None, 'dob': '1962-09-30', 'country': {'id': 160, 'name': 'Netherlands'}}]",214,Espanyol,male,,214,Spain,"[{'id': 227, 'name': 'Ernesto Valverde Tejedor', 'nickname': 'Ernesto Valverde', 'dob': '1964-02-09', 'country': {'id': 214, 'name': 'Spain'}}]",1.1.0,2,2,1,Regular Season,342,Spotify Camp Nou,214,Spain,1001.0,Miguel Pérez,214.0,Spain
68356,2007-12-01,22:00:00.000,1,1,available,scheduled,2020-07-29T05:00,2021-06-13T16:17:31.694,14,11,Spain,La Liga,40,2007/2008,214,Espanyol,male,,214,Spain,"[{'id': 227, 'name': 'Ernesto Valverde Tejedor', 'nickname': 'Ernesto Valverde', 'dob': '1964-02-09', 'country': {'id': 214, 'name': 'Spain'}}]",217,Barcelona,male,,214,Spain,"[{'id': 4953, 'name': 'Frank Rijkaard', 'nickname': None, 'dob': '1962-09-30', 'country': {'id': 160, 'name': 'Netherlands'}}]",1.1.0,2,2,1,Regular Season,4635,Estadi Olímpic Lluís Companys,214,Spain,1007.0,Alfonso Perez Burrull,214.0,Spain
69158,2007-10-28,19:00:00.000,2,0,available,scheduled,2020-07-29T05:00,2021-06-13T16:17:31.694,9,11,Spain,La Liga,40,2007/2008,217,Barcelona,male,,214,Spain,"[{'id': 4953, 'name': 'Frank Rijkaard', 'nickname': None, 'dob': '1962-09-30', 'country': {'id': 160, 'name': 'Netherlands'}}]",403,Almería,male,,214,Spain,"[{'id': 21, 'name': 'Unai Emery Etxegoien', 'nickname': 'Unai Emery', 'dob': '1971-11-03', 'country': {'id': 214, 'name': 'Spain'}}]",1.1.0,2,2,1,Regular Season,342,Spotify Camp Nou,214,Spain,1009.0,Miguel Ayza,214.0,Spain
69187,2008-02-03,19:00:00.000,1,0,available,scheduled,2020-07-29T05:00,2021-06-13T16:17:31.694,22,11,Spain,La Liga,40,2007/2008,217,Barcelona,male,,214,Spain,"[{'id': 4953, 'name': 'Frank Rijkaard', 'nickname': None, 'dob': '1962-09-30', 'country': {'id': 160, 'name': 'Netherlands'}}]",422,Osasuna,male,,214,Spain,"[{'id': 210, 'name': 'José Ángel Ziganda Lacunza', 'nickname': 'Cuco Ziganda', 'dob': '1966-10-01', 'country': {'id': 214, 'name': 'Spain'}}]",1.1.0,2,2,1,Regular Season,342,Spotify Camp Nou,214,Spain,1004.0,Turienzo,214.0,Spain
68363,2007-11-01,22:00:00.000,1,1,available,scheduled,2020-07-29T05:00,2021-06-13T16:17:31.694,10,11,Spain,La Liga,40,2007/2008,901,Real Valladolid,male,,214,Spain,"[{'id': 221, 'name': 'José Luis Mendilibar Etxebarria', 'nickname': 'José Luis Mendilibar', 'dob': '1961-03-14', 'country': {'id': 214, 'name': 'Spain'}}]",217,Barcelona,male,,214,Spain,"[{'id': 4953, 'name': 'Frank Rijkaard', 'nickname': None, 'dob': '1962-09-30', 'country': {'id': 160, 'name': 'Netherlands'}}]",1.1.0,2,2,1,Regular Season,622,Estadio Municipal José Zorrilla,214,Spain,2535.0,Carlos Velasco Carballo,214.0,Spain
69166,2007-11-04,19:00:00.000,3,0,available,scheduled,2023-04-19T10:39:58.900299,2021-06-13T16:17:31.694,11,11,Spain,La Liga,40,2007/2008,217,Barcelona,male,,214,Spain,"[{'id': 4953, 'name': 'Frank Rijkaard', 'nickname': None, 'dob': '1962-09-30', 'country': {'id': 160, 'name': 'Netherlands'}}]",218,Real Betis,male,,214,Spain,"[{'id': 486, 'name': 'Héctor Raúl Cúper', 'nickname': 'Héctor Cúper', 'dob': '1955-11-16', 'country': {'id': 11, 'name': 'Argentina'}}]",1.1.0,2,2,1,Regular Season,342,Spotify Camp Nou,214,Spain,1003.0,Fernando Teixeira,214.0,Spain
68366,2008-05-11,21:00:00.000,2,3,available,scheduled,2020-07-29T05:00,2021-06-13T16:17:31.694,37,11,Spain,La Liga,40,2007/2008,217,Barcelona,male,,214,Spain,"[{'id': 4953, 'name': 'Frank Rijkaard', 'nickname': None, 'dob': '1962-09-30', 'country': {'id': 160, 'name': 'Netherlands'}}]",1043,Mallorca,male,,214,Spain,"[{'id': 4994, 'name': 'Gregorio Manzano Ballesteros', 'nickname': 'Gregorio Manzano', 'dob': '1956-03-11', 'country': {'id': 214, 'name': 'Spain'}}]",1.1.0,2,2,1,Regular Season,342,Spotify Camp Nou,214,Spain,1010.0,Antonio Rubinos Perez,214.0,Spain
69148,2007-09-22,22:00:00.000,2,1,available,scheduled,2020-07-29T05:00,2021-06-13T16:17:31.694,4,11,Spain,La Liga,40,2007/2008,217,Barcelona,male,,214,Spain,"[{'id': 4953, 'name': 'Frank Rijkaard', 'nickname': None, 'dob': '1962-09-30', 'country': {'id': 160, 'name': 'Netherlands'}}]",213,Sevilla,male,,214,Spain,"[{'id': 3899, 'name': 'Juan de la Cruz Ramos Cano', 'nickname': 'Juande Ramos', 'dob': '1954-09-25', 'country': {'id': 214, 'name': 'Spain'}}]",1.1.0,2,2,1,Regular Season,342,Spotify Camp Nou,214,Spain,221.0,Alberto Undiano Mallenco,214.0,Spain
69184,2007-11-24,20:00:00.000,3,0,available,scheduled,2023-04-19T10:41:44.229549,2021-06-13T16:17:31.694,13,11,Spain,La Liga,40,2007/2008,217,Barcelona,male,,214,Spain,"[{'id': 4953, 'name': 'Frank Rijkaard', 'nickname': None, 'dob': '1962-09-30', 'country': {'id': 160, 'name': 'Netherlands'}}]",1220,Recreativo Huelva,male,,214,Spain,"[{'id': 5042, 'name': 'Víctor Muñoz Manrique', 'nickname': 'Víctor Muñoz', 'dob': '1957-03-15', 'country': {'id': 214, 'name': 'Spain'}}]",1.1.0,2,2,1,Regular Season,342,Spotify Camp Nou,214,Spain,1010.0,Antonio Rubinos Perez,214.0,Spain
69173,2008-01-20,21:00:00.000,1,0,available,scheduled,2020-07-29T05:00,2021-06-13T16:17:31.694,20,11,Spain,La Liga,40,2007/2008,217,Barcelona,male,,214,Spain,"[{'id': 4953, 'name': 'Frank Rijkaard', 'nickname': None, 'dob': '1962-09-30', 'country': {'id': 160, 'name': 'Netherlands'}}]",1217,Racing Santander,male,,214,Spain,"[{'id': 211, 'name': 'Marcelino García Toral', 'nickname': 'Marcelino', 'dob': '1965-08-14', 'country': {'id': 214, 'name': 'Spain'}}]",1.1.0,2,2,1,Regular Season,342,Spotify Camp Nou,214,Spain,1011.0,Luis Medina Cantalejo,214.0,Spain
69146,2008-02-09,22:00:00.000,1,1,available,scheduled,2020-07-29T05:00,2021-06-13T16:17:31.694,23,11,Spain,La Liga,40,2007/2008,213,Sevilla,male,,214,Spain,"[{'id': 1621, 'name': 'Manuel Enrique Jiménez Jiménez', 'nickname': 'Manolo Jiménez', 'dob': '1964-01-26', 'country': {'id': 214, 'name': 'Spain'}}]",217,Barcelona,male,,214,Spain,"[{'id': 4953, 'name': 'Frank Rijkaard', 'nickname': None, 'dob': '1962-09-30', 'country': {'id': 160, 'name': 'Netherlands'}}]",1.1.0,2,2,1,Regular Season,349,Estadio Ramón Sánchez Pizjuán,214,Spain,1003.0,Fernando Teixeira,214.0,Spain
69182,2008-02-16,22:00:00.000,1,2,available,scheduled,2020-07-29T05:00,2021-06-13T16:17:31.694,24,11,Spain,La Liga,40,2007/2008,395,Real Zaragoza,male,,214,Spain,"[{'id': 4992, 'name': 'Javier Iruretagoyena Amiano', 'nickname': 'Javier Irureta', 'dob': '1948-04-01', 'country': {'id': 214, 'name': 'Spain'}}]",217,Barcelona,male,,214,Spain,"[{'id': 4953, 'name': 'Frank Rijkaard', 'nickname': None, 'dob': '1962-09-30', 'country': {'id': 160, 'name': 'Netherlands'}}]",1.1.0,2,2,1,Regular Season,4457,Estadio de la Romareda,214,Spain,1002.0,Bernardino Gonzalez,214.0,Spain
68358,2008-04-12,22:00:00.000,2,2,available,scheduled,2023-04-19T10:38:27.207180,2021-06-13T16:17:31.694,32,11,Spain,La Liga,40,2007/2008,1220,Recreativo Huelva,male,,214,Spain,"[{'id': 5047, 'name': 'Manuel Zambrano Díaz', 'nickname': None, 'dob': '1960-03-08', 'country': {'id': 214, 'name': 'Spain'}}]",217,Barcelona,male,,214,Spain,"[{'id': 4953, 'name': 'Frank Rijkaard', 'nickname': None, 'dob': '1962-09-30', 'country': {'id': 160, 'name': 'Netherlands'}}]",1.1.0,2,2,1,Regular Season,4638,Estadio Nuevo Colombino,214,Spain,1008.0,Carlos Clos Gómez,214.0,Spain
68361,2008-05-07,22:00:00.000,4,1,available,scheduled,2020-07-29T05:00,2021-06-13T16:17:31.694,36,11,Spain,La Liga,40,2007/2008,220,Real Madrid,male,,214,Spain,"[{'id': 4986, 'name': 'Bernd Schuster', 'nickname': None, 'dob': '1959-12-22', 'country': {'id': 85, 'name': 'Germany'}}]",217,Barcelona,male,,214,Spain,"[{'id': 4953, 'name': 'Frank Rijkaard', 'nickname': None, 'dob': '1962-09-30', 'country': {'id': 160, 'name': 'Netherlands'}}]",1.1.0,2,2,1,Regular Season,353,Estadio Santiago Bernabéu,214,Spain,1007.0,Alfonso Perez Burrull,214.0,Spain
69141,2008-05-04,19:00:00.000,6,0,available,scheduled,2020-07-29T05:00,2021-06-13T16:17:31.694,35,11,Spain,La Liga,40,2007/2008,217,Barcelona,male,,214,Spain,"[{'id': 4953, 'name': 'Frank Rijkaard', 'nickname': None, 'dob': '1962-09-30', 'country': {'id': 160, 'name': 'Netherlands'}}]",207,Valencia,male,,214,Spain,"[{'id': 4167, 'name': 'Salvador González Marco', 'nickname': 'Voro', 'dob': '1963-10-09', 'country': {'id': 214, 'name': 'Spain'}}]",1.1.0,2,2,1,Regular Season,342,Spotify Camp Nou,214,Spain,221.0,Alberto Undiano Mallenco,214.0,Spain
69145,2007-12-15,22:00:00.000,0,3,available,scheduled,2020-07-29T05:00,2021-06-13T16:17:31.694,16,11,Spain,La Liga,40,2007/2008,207,Valencia,male,,214,Spain,"[{'id': 676, 'name': 'Ronald Koeman', 'nickname': None, 'dob': '1963-03-21', 'country': {'id': 160, 'name': 'Netherlands'}}]",217,Barcelona,male,,214,Spain,"[{'id': 4953, 'name': 'Frank Rijkaard', 'nickname': None, 'dob': '1962-09-30', 'country': {'id': 160, 'name': 'Netherlands'}}]",1.1.0,2,2,1,Regular Season,344,Estadio de Mestalla,214,Spain,999.0,Eduardo Iturralde Gonzalez,214.0,Spain
69176,2007-05-20,21:00:00.000,0,6,available,scheduled,2020-07-29T05:00,2021-06-13T16:17:31.694,35,11,Spain,La Liga,39,2006/2007,212,Atlético Madrid,male,,214,Spain,"[{'id': 3196, 'name': 'Javier Aguirre Onaindía', 'nickname': 'Javier Aguirre', 'dob': '1958-12-01', 'country': {'id': 147, 'name': 'Mexico'}}]",217,Barcelona,male,,214,Spain,"[{'id': 4953, 'name': 'Frank Rijkaard', 'nickname': None, 'dob': '1962-09-30', 'country': {'id': 160, 'name': 'Netherlands'}}]",1.1.0,2,2,1,Regular Season,625,Estadio Vicente Calderón,214,Spain,997.0,César Muñiz,214.0,Spain
69179,2007-04-07,20:00:00.000,1,0,available,scheduled,2020-07-29T05:00,2021-06-13T16:17:31.694,29,11,Spain,La Liga,39,2006/2007,395,Real Zaragoza,male,,214,Spain,"[{'id': 1602, 'name': 'Victor Fernández Braulio', 'nickname': 'Víctor Fernández', 'dob': '1960-11-28', 'country': {'id': 214, 'name': 'Spain'}}]",217,Barcelona,male,,214,Spain,"[{'id': 4953, 'name': 'Frank Rijkaard', 'nickname': None, 'dob': '1962-09-30', 'country': {'id': 160, 'name': 'Netherlands'}}]",1.1.0,2,2,1,Regular Season,4457,Estadio de la Romareda,214,Spain,1011.0,Luis Medina Cantalejo,214.0,Spain
68334,2007-03-03,22:00:00.000,2,1,available,scheduled,2020-07-29T05:00,2021-06-13T16:17:31.694,25,11,Spain,La Liga,39,2006/2007,213,Sevilla,male,,214,Spain,"[{'id': 3899, 'name': 'Juan de la Cruz Ramos Cano', 'nickname': 'Juande Ramos', 'dob': '1954-09-25', 'country': {'id': 214, 'name': 'Spain'}}]",217,Barcelona,male,,214,Spain,"[{'id': 4953, 'name': 'Frank Rijkaard', 'nickname': None, 'dob': '1962-09-30', 'country': {'id': 160, 'name': 'Netherlands'}}]",1.1.0,2,2,1,Regular Season,349,Estadio Ramón Sánchez Pizjuán,214,Spain,1002.0,Bernardino Gonzalez,214.0,Spain
68333,2007-02-25,21:00:00.000,3,0,available,scheduled,2020-07-29T05:00,2021-06-13T16:17:31.694,24,11,Spain,La Liga,39,2006/2007,217,Barcelona,male,,214,Spain,,215,Athletic Club,male,,214,Spain,,1.1.0,2,2,1,Regular Season,342,Spotify Camp Nou,214,Spain,994.0,Vicente José Lizondo Cortés,214.0,Spain
68336,2007-06-17,21:00:00.000,1,5,available,scheduled,2020-07-29T05:00,2021-06-13T16:17:31.694,38,11,Spain,La Liga,39,2006/2007,1036,Gimnàstic Tarragona,male,,214,Spain,"[{'id': 4955, 'name': 'Francisco Flores Lajusticia', 'nickname': 'Paco Flores', 'dob': '1952-11-26', 'country': {'id': 214, 'name': 'Spain'}}]",217,Barcelona,male,,214,Spain,"[{'id': 4953, 'name': 'Frank Rijkaard', 'nickname': None, 'dob': '1962-09-30', 'country': {'id': 160, 'name': 'Netherlands'}}]",1.1.0,2,2,1,Regular Season,4455,Nou Estadi Costa Daurada,214,Spain,221.0,Alberto Undiano Mallenco,214.0,Spain
68326,2006-08-28,21:00:00.000,2,3,available,scheduled,2020-07-29T05:00,2021-06-13T16:17:31.694,1,11,Spain,La Liga,39,2006/2007,209,Celta Vigo,male,,214,Spain,"[{'id': 3928, 'name': 'Fernando Vázquez Pena', 'nickname': 'Fernando Vázquez', 'dob': '1954-10-24', 'country': {'id': 214, 'name': 'Spain'}}]",217,Barcelona,male,,214,Spain,"[{'id': 4953, 'name': 'Frank Rijkaard', 'nickname': None, 'dob': '1962-09-30', 'country': {'id': 160, 'name': 'Netherlands'}}]",1.1.0,2,2,1,Regular Season,653,Abanca-Balaídos,214,Spain,1001.0,Miguel Pérez,214.0,Spain
69162,2007-05-13,19:00:00.000,1,1,available,scheduled,2020-07-29T05:00,2021-06-13T16:17:31.694,34,11,Spain,La Liga,39,2006/2007,217,Barcelona,male,,214,Spain,,218,Real Betis,male,,214,Spain,,1.1.0,2,2,1,Regular Season,342,Spotify Camp Nou,214,Spain,999.0,Eduardo Iturralde Gonzalez,214.0,Spain
68335,2007-03-10,22:00:00.000,3,3,available,scheduled,2020-07-29T05:00,2021-06-13T16:17:31.694,26,11,Spain,La Liga,39,2006/2007,217,Barcelona,male,,214,Spain,"[{'id': 4953, 'name': 'Frank Rijkaard', 'nickname': None, 'dob': '1962-09-30', 'country': {'id': 160, 'name': 'Netherlands'}}]",220,Real Madrid,male,,214,Spain,"[{'id': 5046, 'name': 'Fabio Capello', 'nickname': None, 'dob': '1946-06-18', 'country': {'id': 112, 'name': 'Italy'}}]",1.1.0,2,2,1,Regular Season,342,Spotify Camp Nou,214,Spain,221.0,Alberto Undiano Mallenco,214.0,Spain
68332,2007-02-18,19:00:00.000,2,1,available,scheduled,2020-07-29T05:00,2021-06-13T16:17:31.694,23,11,Spain,La Liga,39,2006/2007,207,Valencia,male,,214,Spain,"[{'id': 236, 'name': 'Enrique Sánchez Flores', 'nickname': 'Quique Sánchez Flores', 'dob': '1965-02-05', 'country': {'id': 214, 'name': 'Spain'}}]",217,Barcelona,male,,214,Spain,"[{'id': 4953, 'name': 'Frank Rijkaard', 'nickname': None, 'dob': '1962-09-30', 'country': {'id': 160, 'name': 'Netherlands'}}]",1.1.0,2,2,1,Regular Season,344,Estadio de Mestalla,214,Spain,999.0,Eduardo Iturralde Gonzalez,214.0,Spain
68330,2006-10-22,21:00:00.000,2,0,available,scheduled,2020-07-29T05:00,2021-06-13T16:17:31.694,7,11,Spain,La Liga,39,2006/2007,220,Real Madrid,male,,214,Spain,"[{'id': 5046, 'name': 'Fabio Capello', 'nickname': None, 'dob': '1946-06-18', 'country': {'id': 112, 'name': 'Italy'}}]",217,Barcelona,male,,214,Spain,"[{'id': 4953, 'name': 'Frank Rijkaard', 'nickname': None, 'dob': '1962-09-30', 'country': {'id': 160, 'name': 'Netherlands'}}]",1.1.0,2,2,1,Regular Season,353,Estadio Santiago Bernabéu,214,Spain,1007.0,Alfonso Perez Burrull,214.0,Spain
68329,2006-10-15,19:00:00.000,3,1,available,scheduled,2020-07-29T05:00,2021-06-13T16:17:31.694,6,11,Spain,La Liga,39,2006/2007,217,Barcelona,male,,214,Spain,"[{'id': 4953, 'name': 'Frank Rijkaard', 'nickname': None, 'dob': '1962-09-30', 'country': {'id': 160, 'name': 'Netherlands'}}]",213,Sevilla,male,,214,Spain,"[{'id': 3899, 'name': 'Juan de la Cruz Ramos Cano', 'nickname': 'Juande Ramos', 'dob': '1954-09-25', 'country': {'id': 214, 'name': 'Spain'}}]",1.1.0,2,2,1,Regular Season,342,Spotify Camp Nou,214,Spain,997.0,César Muñiz,214.0,Spain
68341,2007-03-17,20:00:00.000,0,4,available,scheduled,2022-11-24T21:22:50.350065,2021-06-13T16:17:31.694,27,11,Spain,La Liga,39,2006/2007,1220,Recreativo Huelva,male,,214,Spain,"[{'id': 211, 'name': 'Marcelino García Toral', 'nickname': 'Marcelino', 'dob': '1965-08-14', 'country': {'id': 214, 'name': 'Spain'}}]",217,Barcelona,male,,214,Spain,"[{'id': 4953, 'name': 'Frank Rijkaard', 'nickname': None, 'dob': '1962-09-30', 'country': {'id': 160, 'name': 'Netherlands'}}]",1.1.0,2,2,1,Regular Season,4638,Estadio Nuevo Colombino,214,Spain,1004.0,Turienzo,214.0,Spain
69165,2007-06-09,21:00:00.000,2,2,available,scheduled,2020-07-29T05:00,2021-06-13T16:17:31.694,37,11,Spain,La Liga,39,2006/2007,217,Barcelona,male,,214,Spain,"[{'id': 4953, 'name': 'Frank Rijkaard', 'nickname': None, 'dob': '1962-09-30', 'country': {'id': 160, 'name': 'Netherlands'}}]",214,Espanyol,male,,214,Spain,"[{'id': 227, 'name': 'Ernesto Valverde Tejedor', 'nickname': 'Ernesto Valverde', 'dob': '1964-02-09', 'country': {'id': 214, 'name': 'Spain'}}]",1.1.0,2,2,1,Regular Season,342,Spotify Camp Nou,214,Spain,1006.0,Julian Rodriguez Santiago,214.0,Spain
69155,2007-04-22,21:00:00.000,2,0,available,scheduled,2022-11-15T17:14:12.987983,2021-06-13T16:17:31.694,31,11,Spain,La Liga,39,2006/2007,222,Villarreal,male,,214,Spain,"[{'id': 733, 'name': 'Manuel Luis Pellegrini Ripamonti', 'nickname': 'Manuel Pellegrini', 'dob': '1953-09-16', 'country': {'id': 45, 'name': 'Chile'}}]",217,Barcelona,male,,214,Spain,"[{'id': 4953, 'name': 'Frank Rijkaard', 'nickname': None, 'dob': '1962-09-30', 'country': {'id': 160, 'name': 'Netherlands'}}]",1.1.0,2,2,1,Regular Season,361,Estadio de la Cerámica,214,Spain,1007.0,Alfonso Perez Burrull,214.0,Spain
69154,2007-02-11,19:00:00.000,2,0,available,scheduled,2020-07-29T05:00,2021-06-13T16:17:31.694,22,11,Spain,La Liga,39,2006/2007,217,Barcelona,male,,214,Spain,"[{'id': 4953, 'name': 'Frank Rijkaard', 'nickname': None, 'dob': '1962-09-30', 'country': {'id': 160, 'name': 'Netherlands'}}]",1217,Racing Santander,male,,214,Spain,"[{'id': 4954, 'name': 'Miguel Ángel Portugal Vicario', 'nickname': 'Miguel Ángel Portugal', 'dob': '1955-11-28', 'country': {'id': 214, 'name': 'Spain'}}]",1.1.0,2,2,1,Regular Season,342,Spotify Camp Nou,214,Spain,2699.0,Manuel Enrique Mejuto Gonzalez,214.0,Spain
69156,2007-04-29,19:00:00.000,1,0,available,scheduled,2022-11-15T17:15:04.774759,2021-06-13T16:17:31.694,32,11,Spain,La Liga,39,2006/2007,217,Barcelona,male,,214,Spain,"[{'id': 4953, 'name': 'Frank Rijkaard', 'nickname': None, 'dob': '1962-09-30', 'country': {'id': 160, 'name': 'Netherlands'}}]",221,Levante UD,male,,214,Spain,"[{'id': 4988, 'name': 'Abel Resino Gómez', 'nickname': None, 'dob': '1960-02-02', 'country': {'id': 214, 'name': 'Spain'}}]",1.1.0,2,2,1,Regular Season,342,Spotify Camp Nou,214,Spain,1008.0,Carlos Clos Gómez,214.0,Spain
69159,2007-04-15,19:00:00.000,1,0,available,scheduled,2020-07-29T05:00,2021-06-13T16:17:31.694,30,11,Spain,La Liga,39,2006/2007,217,Barcelona,male,,214,Spain,"[{'id': 4953, 'name': 'Frank Rijkaard', 'nickname': None, 'dob': '1962-09-30', 'country': {'id': 160, 'name': 'Netherlands'}}]",1043,Mallorca,male,,214,Spain,"[{'id': 4994, 'name': 'Gregorio Manzano Ballesteros', 'nickname': 'Gregorio Manzano', 'dob': '1956-03-11', 'country': {'id': 214, 'name': 'Spain'}}]",1.1.0,2,2,1,Regular Season,342,Spotify Camp Nou,214,Spain,1000.0,Rafael Ramírez Domínguez,214.0,Spain
69175,2007-03-31,22:00:00.000,2,1,available,scheduled,2020-07-29T05:00,2021-06-13T16:17:31.694,28,11,Spain,La Liga,39,2006/2007,217,Barcelona,male,,214,Spain,"[{'id': 4953, 'name': 'Frank Rijkaard', 'nickname': None, 'dob': '1962-09-30', 'country': {'id': 160, 'name': 'Netherlands'}}]",219,RC Deportivo La Coruña,male,,214,Spain,"[{'id': 497, 'name': 'Joaquín de Jesús Caparrós Camino', 'nickname': 'Joaquín Caparrós', 'dob': '1955-10-15', 'country': {'id': 214, 'name': 'Spain'}}]",1.1.0,2,2,1,Regular Season,342,Spotify Camp Nou,214,Spain,1009.0,Miguel Ayza,214.0,Spain
69160,2007-05-05,20:00:00.000,0,2,available,scheduled,2020-07-29T05:00,2021-06-13T16:17:31.694,33,11,Spain,La Liga,39,2006/2007,210,Real Sociedad,male,,214,Spain,"[{'id': 4519, 'name': 'Miguel Ángel Lotina Oruecheberría', 'nickname': 'Miguel Ángel Lotina', 'dob': '1957-06-18', 'country': {'id': 214, 'name': 'Spain'}}]",217,Barcelona,male,,214,Spain,"[{'id': 4953, 'name': 'Frank Rijkaard', 'nickname': None, 'dob': '1962-09-30', 'country': {'id': 160, 'name': 'Netherlands'}}]",1.1.0,2,2,1,Regular Season,5043,Reale Arena,214,Spain,1003.0,Fernando Teixeira,214.0,Spain
68331,2006-11-12,21:00:00.000,3,1,available,scheduled,2020-07-29T05:00,2021-06-13T16:17:31.694,10,11,Spain,La Liga,39,2006/2007,217,Barcelona,male,,214,Spain,"[{'id': 4953, 'name': 'Frank Rijkaard', 'nickname': None, 'dob': '1962-09-30', 'country': {'id': 160, 'name': 'Netherlands'}}]",395,Real Zaragoza,male,,214,Spain,"[{'id': 1602, 'name': 'Victor Fernández Braulio', 'nickname': 'Víctor Fernández', 'dob': '1960-11-28', 'country': {'id': 214, 'name': 'Spain'}}]",1.1.0,2,2,1,Regular Season,342,Spotify Camp Nou,214,Spain,999.0,Eduardo Iturralde Gonzalez,214.0,Spain
68328,2006-09-24,21:00:00.000,1,1,available,scheduled,2020-07-29T05:00,2021-06-13T16:17:31.694,4,11,Spain,La Liga,39,2006/2007,217,Barcelona,male,,214,Spain,"[{'id': 4953, 'name': 'Frank Rijkaard', 'nickname': None, 'dob': '1962-09-30', 'country': {'id': 160, 'name': 'Netherlands'}}]",207,Valencia,male,,214,Spain,"[{'id': 236, 'name': 'Enrique Sánchez Flores', 'nickname': 'Quique Sánchez Flores', 'dob': '1965-02-05', 'country': {'id': 214, 'name': 'Spain'}}]",1.1.0,2,2,1,Regular Season,342,Spotify Camp Nou,214,Spain,998.0,Arturo Daudén Ibáñez,214.0,Spain
68340,2006-09-17,20:00:00.000,0,3,available,scheduled,2023-03-26T23:19:39.125951,2021-06-13T16:17:31.694,3,11,Spain,La Liga,39,2006/2007,1217,Racing Santander,male,,214,Spain,"[{'id': 4954, 'name': 'Miguel Ángel Portugal Vicario', 'nickname': 'Miguel Ángel Portugal', 'dob': '1955-11-28', 'country': {'id': 214, 'name': 'Spain'}}]",217,Barcelona,male,,214,Spain,"[{'id': 4953, 'name': 'Frank Rijkaard', 'nickname': None, 'dob': '1962-09-30', 'country': {'id': 160, 'name': 'Netherlands'}}]",1.1.0,2,2,1,Regular Season,4636,Campos de Sport de El Sardinero,214,Spain,2535.0,Carlos Velasco Carballo,214.0,Spain
69174,2006-11-04,22:00:00.000,1,1,available,scheduled,2020-07-29T05:00,2021-06-13T16:17:31.694,9,11,Spain,La Liga,39,2006/2007,219,RC Deportivo La Coruña,male,,214,Spain,"[{'id': 497, 'name': 'Joaquín de Jesús Caparrós Camino', 'nickname': 'Joaquín Caparrós', 'dob': '1955-10-15', 'country': {'id': 214, 'name': 'Spain'}}]",217,Barcelona,male,,214,Spain,"[{'id': 4953, 'name': 'Frank Rijkaard', 'nickname': None, 'dob': '1962-09-30', 'country': {'id': 160, 'name': 'Netherlands'}}]",1.1.0,2,2,1,Regular Season,4658,Estadio Abanca-Riazor,214,Spain,1011.0,Luis Medina Cantalejo,214.0,Spain
68347,2006-09-30,22:00:00.000,1,3,available,scheduled,2020-07-29T05:00,2021-06-13T16:17:31.694,5,11,Spain,La Liga,39,2006/2007,215,Athletic Club,male,,214,Spain,"[{'id': 4960, 'name': 'Félix Ángel Sarriugarte Montoya', 'nickname': 'Félix Sarriugarte', 'dob': '1964-11-06', 'country': {'id': 214, 'name': 'Spain'}}]",217,Barcelona,male,,214,Spain,"[{'id': 4953, 'name': 'Frank Rijkaard', 'nickname': None, 'dob': '1962-09-30', 'country': {'id': 160, 'name': 'Netherlands'}}]",1.1.0,2,2,1,Regular Season,4637,Estadio San Mamés,214,Spain,222.0,David Fernández Borbalan,214.0,Spain
68327,2006-09-09,20:00:00.000,3,0,available,scheduled,2020-07-29T05:00,2021-06-13T16:17:31.694,2,11,Spain,La Liga,39,2006/2007,217,Barcelona,male,,214,Spain,"[{'id': 4953, 'name': 'Frank Rijkaard', 'nickname': None, 'dob': '1962-09-30', 'country': {'id': 160, 'name': 'Netherlands'}}]",422,Osasuna,male,,214,Spain,"[{'id': 210, 'name': 'José Ángel Ziganda Lacunza', 'nickname': 'Cuco Ziganda', 'dob': '1966-10-01', 'country': {'id': 214, 'name': 'Spain'}}]",1.1.0,2,2,1,Regular Season,342,Spotify Camp Nou,214,Spain,1006.0,Julian Rodriguez Santiago,214.0,Spain
69157,2007-05-26,22:00:00.000,1,0,available,scheduled,2020-07-29T05:00,2021-06-13T16:17:31.694,36,11,Spain,La Liga,39,2006/2007,217,Barcelona,male,,214,Spain,"[{'id': 4953, 'name': 'Frank Rijkaard', 'nickname': None, 'dob': '1962-09-30', 'country': {'id': 160, 'name': 'Netherlands'}}]",216,Getafe,male,,214,Spain,"[{'id': 4986, 'name': 'Bernd Schuster', 'nickname': None, 'dob': '1959-12-22', 'country': {'id': 85, 'name': 'Germany'}}]",1.1.0,2,2,1,Regular Season,342,Spotify Camp Nou,214,Spain,1007.0,Alfonso Perez Burrull,214.0,Spain
69164,2005-10-26,20:30:00.000,2,0,available,scheduled,2022-07-03T12:34:31.749038,2021-06-13T16:17:31.694,11,11,Spain,La Liga,38,2005/2006,217,Barcelona,male,,214,Spain,"[{'id': 4953, 'name': 'Frank Rijkaard', 'nickname': None, 'dob': '1962-09-30', 'country': {'id': 160, 'name': 'Netherlands'}}]",223,Málaga,male,,214,Spain,"[{'id': 4989, 'name': 'Antonio Tapia Flores', 'nickname': 'Antonio Tapia', 'dob': '1959-11-13', 'country': {'id': 214, 'name': 'Spain'}}]",1.1.0,2,2,1,Regular Season,342,Spotify Camp Nou,214,Spain,995.0,Puentes Leira,214.0,Spain
68324,2006-01-22,19:00:00.000,2,0,available,scheduled,2020-07-29T05:00,2021-06-13T16:17:31.694,20,11,Spain,La Liga,38,2005/2006,217,Barcelona,male,,214,Spain,,206,Deportivo Alavés,male,,214,Spain,,1.1.0,2,2,1,Regular Season,342,Spotify Camp Nou,214,Spain,1004.0,Turienzo,214.0,Spain
68320,2005-12-04,19:00:00.000,0,2,available,scheduled,2020-07-29T05:00,2021-06-13T16:17:31.694,14,11,Spain,La Liga,38,2005/2006,222,Villarreal,male,,214,Spain,"[{'id': 733, 'name': 'Manuel Luis Pellegrini Ripamonti', 'nickname': 'Manuel Pellegrini', 'dob': '1953-09-16', 'country': {'id': 45, 'name': 'Chile'}}]",217,Barcelona,male,,214,Spain,"[{'id': 4953, 'name': 'Frank Rijkaard', 'nickname': None, 'dob': '1962-09-30', 'country': {'id': 160, 'name': 'Netherlands'}}]",1.1.0,2,2,1,Regular Season,361,Estadio de la Cerámica,214,Spain,997.0,César Muñiz,214.0,Spain
68323,2005-12-20,21:00:00.000,2,0,available,scheduled,2020-07-29T05:00,2021-06-13T16:17:31.694,17,11,Spain,La Liga,38,2005/2006,217,Barcelona,male,,214,Spain,"[{'id': 4953, 'name': 'Frank Rijkaard', 'nickname': None, 'dob': '1962-09-30', 'country': {'id': 160, 'name': 'Netherlands'}}]",209,Celta Vigo,male,,214,Spain,"[{'id': 3928, 'name': 'Fernando Vázquez Pena', 'nickname': 'Fernando Vázquez', 'dob': '1954-10-24', 'country': {'id': 214, 'name': 'Spain'}}]",1.1.0,2,2,1,Regular Season,342,Spotify Camp Nou,214,Spain,1001.0,Miguel Pérez,214.0,Spain
69172,2006-02-18,22:00:00.000,5,1,available,scheduled,2020-07-29T05:00,2021-06-13T16:17:31.694,24,11,Spain,La Liga,38,2005/2006,217,Barcelona,male,,214,Spain,,218,Real Betis,male,,214,Spain,,1.1.0,2,2,1,Regular Season,342,Spotify Camp Nou,214,Spain,999.0,Eduardo Iturralde Gonzalez,214.0,Spain
68339,2005-11-06,21:00:00.000,1,3,available,scheduled,2020-07-29T05:00,2021-06-13T16:17:31.694,10,11,Spain,La Liga,38,2005/2006,216,Getafe,male,,214,Spain,"[{'id': 4986, 'name': 'Bernd Schuster', 'nickname': None, 'dob': '1959-12-22', 'country': {'id': 85, 'name': 'Germany'}}]",217,Barcelona,male,,214,Spain,"[{'id': 4953, 'name': 'Frank Rijkaard', 'nickname': None, 'dob': '1962-09-30', 'country': {'id': 160, 'name': 'Netherlands'}}]",1.1.0,2,2,1,Regular Season,354,Coliseum Alfonso Pérez,214,Spain,998.0,Arturo Daudén Ibáñez,214.0,Spain
68348,2006-01-07,22:00:00.000,1,2,available,scheduled,2020-07-29T05:00,2021-06-13T16:17:31.694,18,11,Spain,La Liga,38,2005/2006,214,Espanyol,male,,214,Spain,"[{'id': 4519, 'name': 'Miguel Ángel Lotina Oruecheberría', 'nickname': 'Miguel Ángel Lotina', 'dob': '1957-06-18', 'country': {'id': 214, 'name': 'Spain'}}]",217,Barcelona,male,,214,Spain,"[{'id': 4953, 'name': 'Frank Rijkaard', 'nickname': None, 'dob': '1962-09-30', 'country': {'id': 160, 'name': 'Netherlands'}}]",1.1.0,2,2,1,Regular Season,4635,Estadi Olímpic Lluís Companys,214,Spain,1002.0,Bernardino Gonzalez,214.0,Spain
68354,2005-11-27,21:00:00.000,4,1,available,scheduled,2020-07-29T05:00,2021-06-13T16:17:31.694,13,11,Spain,La Liga,38,2005/2006,217,Barcelona,male,,214,Spain,"[{'id': 4953, 'name': 'Frank Rijkaard', 'nickname': None, 'dob': '1962-09-30', 'country': {'id': 160, 'name': 'Netherlands'}}]",1217,Racing Santander,male,,214,Spain,"[{'id': 4959, 'name': 'Manuel Preciado Rebolledo', 'nickname': 'Manuel Preciado', 'dob': '1957-08-28', 'country': {'id': 214, 'name': 'Spain'}}]",1.1.0,2,2,1,Regular Season,342,Spotify Camp Nou,214,Spain,1000.0,Rafael Ramírez Domínguez,214.0,Spain
68351,2006-02-25,22:00:00.000,0,2,available,scheduled,2020-07-29T05:00,2021-06-13T16:17:31.694,25,11,Spain,La Liga,38,2005/2006,395,Real Zaragoza,male,,214,Spain,"[{'id': 5042, 'name': 'Víctor Muñoz Manrique', 'nickname': 'Víctor Muñoz', 'dob': '1957-03-15', 'country': {'id': 214, 'name': 'Spain'}}]",217,Barcelona,male,,214,Spain,"[{'id': 4953, 'name': 'Frank Rijkaard', 'nickname': None, 'dob': '1962-09-30', 'country': {'id': 160, 'name': 'Netherlands'}}]",1.1.0,2,2,1,Regular Season,4457,Estadio de la Romareda,214,Spain,1005.0,Victor José Esquinas Torres,214.0,Spain
68317,2005-10-01,20:00:00.000,2,2,available,scheduled,2020-07-29T05:00,2021-06-13T16:17:31.694,6,11,Spain,La Liga,38,2005/2006,217,Barcelona,male,,214,Spain,"[{'id': 4953, 'name': 'Frank Rijkaard', 'nickname': None, 'dob': '1962-09-30', 'country': {'id': 160, 'name': 'Netherlands'}}]",395,Real Zaragoza,male,,214,Spain,"[{'id': 5042, 'name': 'Víctor Muñoz Manrique', 'nickname': 'Víctor Muñoz', 'dob': '1957-03-15', 'country': {'id': 214, 'name': 'Spain'}}]",1.1.0,2,2,1,Regular Season,342,Spotify Camp Nou,214,Spain,996.0,Carlos Megía Dávila,214.0,Spain
68350,2006-02-05,19:00:00.000,1,3,available,scheduled,2020-07-29T05:00,2021-06-13T16:17:31.694,22,11,Spain,La Liga,38,2005/2006,217,Barcelona,male,,214,Spain,,212,Atlético Madrid,male,,214,Spain,,1.1.0,2,2,1,Regular Season,342,Spotify Camp Nou,214,Spain,994.0,Vicente José Lizondo Cortés,214.0,Spain
68325,2006-01-29,19:00:00.000,0,3,available,scheduled,2020-07-29T05:00,2021-06-13T16:17:31.694,21,11,Spain,La Liga,38,2005/2006,1043,Mallorca,male,,214,Spain,"[{'id': 486, 'name': 'Héctor Raúl Cúper', 'nickname': 'Héctor Cúper', 'dob': '1955-11-16', 'country': {'id': 11, 'name': 'Argentina'}}]",217,Barcelona,male,,214,Spain,"[{'id': 4953, 'name': 'Frank Rijkaard', 'nickname': None, 'dob': '1962-09-30', 'country': {'id': 160, 'name': 'Netherlands'}}]",1.1.0,2,2,1,Regular Season,4454,Estadi Mallorca Son Moix,214,Spain,996.0,Carlos Megía Dávila,214.0,Spain
68321,2005-12-11,21:00:00.000,2,1,available,scheduled,2020-07-29T05:00,2021-06-13T16:17:31.694,15,11,Spain,La Liga,38,2005/2006,217,Barcelona,male,,214,Spain,"[{'id': 4953, 'name': 'Frank Rijkaard', 'nickname': None, 'dob': '1962-09-30', 'country': {'id': 160, 'name': 'Netherlands'}}]",213,Sevilla,male,,214,Spain,"[{'id': 3899, 'name': 'Juan de la Cruz Ramos Cano', 'nickname': 'Juande Ramos', 'dob': '1954-09-25', 'country': {'id': 214, 'name': 'Spain'}}]",1.1.0,2,2,1,Regular Season,342,Spotify Camp Nou,214,Spain,1006.0,Julian Rodriguez Santiago,214.0,Spain
68319,2005-11-19,20:00:00.000,0,3,available,scheduled,2020-07-29T05:00,2021-06-13T16:17:31.694,12,11,Spain,La Liga,38,2005/2006,220,Real Madrid,male,,214,Spain,"[{'id': 3572, 'name': 'Vanderlei Luxemburgo da Silva', 'nickname': 'Vanderlei Luxemburgo', 'dob': '1952-05-10', 'country': {'id': 31, 'name': 'Brazil'}}]",217,Barcelona,male,,214,Spain,"[{'id': 4953, 'name': 'Frank Rijkaard', 'nickname': None, 'dob': '1962-09-30', 'country': {'id': 160, 'name': 'Netherlands'}}]",1.1.0,2,2,1,Regular Season,353,Estadio Santiago Bernabéu,214,Spain,999.0,Eduardo Iturralde Gonzalez,214.0,Spain
68342,2006-01-15,19:00:00.000,2,1,available,scheduled,2021-11-28T23:00:27.747396,2021-06-13T16:17:31.694,19,11,Spain,La Liga,38,2005/2006,217,Barcelona,male,,214,Spain,"[{'id': 4953, 'name': 'Frank Rijkaard', 'nickname': None, 'dob': '1962-09-30', 'country': {'id': 160, 'name': 'Netherlands'}}]",215,Athletic Club,male,,214,Spain,"[{'id': 4993, 'name': 'Javier Clemente Lazaro', 'nickname': 'Javier Clemente', 'dob': '1950-03-12', 'country': {'id': 214, 'name': 'Spain'}}]",1.1.0,2,2,1,Regular Season,342,Spotify Camp Nou,214,Spain,1003.0,Fernando Teixeira,214.0,Spain
68322,2005-12-17,22:00:00.000,1,3,available,scheduled,2020-07-29T05:00,2021-06-13T16:17:31.694,16,11,Spain,La Liga,38,2005/2006,552,Cádiz,male,,214,Spain,"[{'id': 4987, 'name': 'Víctor Rodolfo Espárrago Videla', 'nickname': None, 'dob': '1944-10-06', 'country': {'id': 242, 'name': 'Uruguay'}}]",217,Barcelona,male,,214,Spain,"[{'id': 4953, 'name': 'Frank Rijkaard', 'nickname': None, 'dob': '1962-09-30', 'country': {'id': 160, 'name': 'Netherlands'}}]",1.1.0,2,2,1,Regular Season,4662,Estadio Nuevo Mirandilla,214,Spain,1009.0,Miguel Ayza,214.0,Spain
68318,2005-10-22,22:00:00.000,3,0,available,scheduled,2020-07-29T05:00,2021-06-13T16:17:31.694,8,11,Spain,La Liga,38,2005/2006,217,Barcelona,male,,214,Spain,"[{'id': 4953, 'name': 'Frank Rijkaard', 'nickname': None, 'dob': '1962-09-30', 'country': {'id': 160, 'name': 'Netherlands'}}]",422,Osasuna,male,,214,Spain,"[{'id': 3196, 'name': 'Javier Aguirre Onaindía', 'nickname': 'Javier Aguirre', 'dob': '1958-12-01', 'country': {'id': 147, 'name': 'Mexico'}}]",1.1.0,2,2,1,Regular Season,342,Spotify Camp Nou,214,Spain,997.0,César Muñiz,214.0,Spain
68314,2004-12-04,20:00:00.000,4,0,available,scheduled,2020-07-29T05:00,2021-06-13T16:17:31.694,14,11,Spain,La Liga,37,2004/2005,217,Barcelona,male,,214,Spain,"[{'id': 4953, 'name': 'Frank Rijkaard', 'nickname': None, 'dob': '1962-09-30', 'country': {'id': 160, 'name': 'Netherlands'}}]",223,Málaga,male,,214,Spain,"[{'id': 4994, 'name': 'Gregorio Manzano Ballesteros', 'nickname': 'Gregorio Manzano', 'dob': '1956-03-11', 'country': {'id': 214, 'name': 'Spain'}}]",1.1.0,2,2,1,Regular Season,342,Spotify Camp Nou,214,Spain,993.0,José Omar Losantos,214.0,Spain
68313,2004-10-24,21:00:00.000,3,0,available,scheduled,2020-07-29T05:00,2021-06-13T16:17:31.694,8,11,Spain,La Liga,37,2004/2005,217,Barcelona,male,,214,Spain,"[{'id': 4953, 'name': 'Frank Rijkaard', 'nickname': None, 'dob': '1962-09-30', 'country': {'id': 160, 'name': 'Netherlands'}}]",422,Osasuna,male,,214,Spain,"[{'id': 3196, 'name': 'Javier Aguirre Onaindía', 'nickname': 'Javier Aguirre', 'dob': '1958-12-01', 'country': {'id': 147, 'name': 'Mexico'}}]",1.1.0,2,2,1,Regular Season,342,Spotify Camp Nou,214,Spain,994.0,Vicente José Lizondo Cortés,214.0,Spain
68316,2005-05-01,19:00:00.000,2,0,available,scheduled,2020-07-29T05:00,2021-06-13T16:17:31.694,34,11,Spain,La Liga,37,2004/2005,217,Barcelona,male,,214,Spain,"[{'id': 4953, 'name': 'Frank Rijkaard', 'nickname': None, 'dob': '1962-09-30', 'country': {'id': 160, 'name': 'Netherlands'}}]",608,Albacete,male,,214,Spain,"[{'id': 6233, 'name': 'Martín Monteagudo Monteagudo', 'nickname': None, 'dob': '1963-05-10', 'country': {'id': 214, 'name': 'Spain'}}]",1.1.0,2,2,1,Regular Season,342,Spotify Camp Nou,214,Spain,2535.0,Carlos Velasco Carballo,214.0,Spain
68315,2004-12-21,20:00:00.000,2,1,available,scheduled,2020-07-29T05:00,2021-06-13T16:17:31.694,17,11,Spain,La Liga,37,2004/2005,217,Barcelona,male,,214,Spain,"[{'id': 4953, 'name': 'Frank Rijkaard', 'nickname': None, 'dob': '1962-09-30', 'country': {'id': 160, 'name': 'Netherlands'}}]",221,Levante UD,male,,214,Spain,"[{'id': 4986, 'name': 'Bernd Schuster', 'nickname': None, 'dob': '1959-12-22', 'country': {'id': 85, 'name': 'Germany'}}]",1.1.0,2,2,1,Regular Season,342,Spotify Camp Nou,214,Spain,222.0,David Fernández Borbalan,214.0,Spain
69153,2004-12-11,20:00:00.000,1,2,available,scheduled,2020-07-29T05:00,2021-06-13T16:17:31.694,15,11,Spain,La Liga,37,2004/2005,608,Albacete,male,,214,Spain,"[{'id': 226, 'name': 'José Manuel González López', 'nickname': 'José González', 'dob': '1966-10-14', 'country': {'id': 214, 'name': 'Spain'}}]",217,Barcelona,male,,214,Spain,"[{'id': 4953, 'name': 'Frank Rijkaard', 'nickname': None, 'dob': '1962-09-30', 'country': {'id': 160, 'name': 'Netherlands'}}]",1.1.0,2,2,1,Regular Season,4448,Estadio Carlos Belmonte,214,Spain,1007.0,Alfonso Perez Burrull,214.0,Spain
68352,2005-04-17,21:00:00.000,2,0,available,scheduled,2020-07-29T05:00,2021-06-13T16:17:31.694,32,11,Spain,La Liga,37,2004/2005,217,Barcelona,male,,214,Spain,"[{'id': 4953, 'name': 'Frank Rijkaard', 'nickname': None, 'dob': '1962-09-30', 'country': {'id': 160, 'name': 'Netherlands'}}]",216,Getafe,male,,214,Spain,"[{'id': 236, 'name': 'Enrique Sánchez Flores', 'nickname': 'Quique Sánchez Flores', 'dob': '1965-02-05', 'country': {'id': 214, 'name': 'Spain'}}]",1.1.0,2,2,1,Regular Season,342,Spotify Camp Nou,214,Spain,995.0,Puentes Leira,214.0,Spain
68353,2004-10-16,22:00:00.000,0,1,available,scheduled,2020-07-29T05:00,2021-06-13T16:17:31.694,7,11,Spain,La Liga,37,2004/2005,214,Espanyol,male,,214,Spain,"[{'id': 4519, 'name': 'Miguel Ángel Lotina Oruecheberría', 'nickname': 'Miguel Ángel Lotina', 'dob': '1957-06-18', 'country': {'id': 214, 'name': 'Spain'}}]",217,Barcelona,male,,214,Spain,"[{'id': 4953, 'name': 'Frank Rijkaard', 'nickname': None, 'dob': '1962-09-30', 'country': {'id': 160, 'name': 'Netherlands'}}]",1.1.0,2,2,1,Regular Season,4635,Estadi Olímpic Lluís Companys,214,Spain,996.0,Carlos Megía Dávila,214.0,Spain
3888713,1974-02-17,21:00:00.000,0,5,available,unscheduled,2023-07-06T12:50:48.807820,,22,11,Spain,La Liga,278,1973/1974,220,Real Madrid,male,,214,Spain,,217,Barcelona,male,,214,Spain,,1.1.0,2,2,1,Regular Season,353,Estadio Santiago Bernabéu,214,Spain,,,,
